game,msgs_raw,msgs_nosel,rounds,score,score_anomaly,utterances,pairs,unpaired,first_speaker,drop_reason,kept
0_550_1442_22,128,96,5,28,False,61,30,1,550,,True
1000_543_633_0,93,60,5,26,False,48,24,0,633,below_floor,False
1001_580_1293_35,111,70,5,17,False,47,23,1,580,below_floor,False
1002_257_921_53,105,73,5,30,False,55,27,1,921,,True
1003_875_303_54,103,72,5,28,False,45,22,1,303,below_floor,False
1004_807_419_53,98,68,5,28,False,51,25,1,807,,True
1005_285_179_32,127,97,5,28,False,82,41,0,179,,True
1006_419_221_32,113,83,5,28,False,60,30,0,419,,True
1007_419_420_14,104,73,5,27,False,57,28,1,419,,True
1008_408_420_38,109,79,5,25,False,65,32,1,408,,True
1009_919_627_37,114,80,5,27,False,62,31,0,919,,True
100_1109_1110_38,131,100,5,26,False,72,36,0,1109,,True
1010_284_285_35,121,90,5,27,False,63,31,1,285,,True
1011_92_627_21,105,73,5,28,False,48,24,0,92,below_floor,False
1012_363_1463_24,108,78,5,28,False,68,34,0,363,,True
1013_627_284_51,116,84,5,30,False,57,28,1,627,,True
1014_331_332_30,129,97,5,28,False,70,35,0,332,,True
1015_681_682_10,111,80,5,30,False,56,28,0,682,,True
1016_919_929_24,110,79,5,30,False,47,23,1,929,below_floor,False
1017_364_773_45,112,80,5,25,False,54,27,0,364,,True
1018_92_93_1,111,76,5,30,False,50,25,0,92,,True
1019_975_976_37,117,84,5,21,False,60,30,0,976,,True
101_562_853_38,96,66,5,29,False,47,23,1,562,below_floor,False
1020_929_263_37,120,88,5,28,False,57,28,1,929,,True
1021_929_1271_22,111,81,5,28,False,56,28,0,929,,True
1022_420_238_30,107,76,5,29,False,57,28,1,238,,True
1023_681_929_30,115,85,5,30,False,56,28,0,929,,True
1024_733_734_12,135,104,5,26,False,69,34,1,733,,True
1025_929_40_7,115,85,5,30,False,60,30,0,929,,True
1026_681_1333_7,117,85,5,30,False,55,27,1,1333,,True
1027_382_1418_7,129,94,5,30,False,68,34,0,1418,,True
1028_261_929_40,100,70,5,30,False,48,24,0,929,below_floor,False
1029_267_681_8,89,57,5,28,False,39,19,1,681,below_floor,False
102_506_1506_38,121,90,5,28,False,66,33,0,506,,True
1030_696_1333_18,131,99,5,30,False,80,40,0,1333,,True
1031_733_89_42,117,86,5,30,False,55,27,1,733,,True
1032_906_994_42,107,77,5,30,False,53,26,1,994,,True
1033_760_443_32,108,77,5,30,False,56,28,0,443,,True
1034_34_245_0,119,89,5,27,False,64,32,0,245,,True
1035_733_760_32,113,82,5,27,False,59,29,1,733,,True
1036_1337_712_23,131,100,5,28,False,78,39,0,1337,,True
1037_130_813_19,105,74,5,30,False,60,30,0,130,,True
1038_681_733_23,112,81,5,30,False,56,28,0,681,,True
1039_977_1121_23,110,80,5,30,False,53,26,1,1121,,True
103_752_280_46,110,80,5,30,False,62,31,0,752,,True
1040_902_903_35,116,85,5,30,False,55,27,1,903,,True
1041_101_803_53,116,85,5,30,False,50,25,0,803,,True
1042_233_1333_13,107,77,5,30,False,65,32,1,233,,True
1043_659_902_19,104,71,5,28,False,41,20,1,659,below_floor,False
1044_602_1242_19,141,111,5,30,False,80,40,0,602,,True
1045_444_723_32,102,72,5,28,False,58,29,0,723,,True
1046_529_362_32,135,105,5,29,False,75,37,1,362,,True
1047_990_1410_0,132,99,5,30,False,72,36,0,1410,,True
1048_2_3_35,119,88,5,30,False,63,31,1,2,,True
1049_858_285_18,110,80,5,30,False,66,33,0,858,,True
104_979_1402_40,118,88,5,28,False,64,32,0,979,,True
1050_1098_1126_59,112,80,5,29,False,56,28,0,1126,,True
1051_902_578_23,118,88,5,28,False,56,28,0,578,,True
1052_2_261_23,106,76,5,30,False,52,26,0,2,,True
1053_1098_245_23,113,83,5,27,False,56,28,0,245,,True
1054_578_1237_23,145,114,5,28,False,74,37,0,1237,,True
1055_404_405_51,105,73,5,28,False,48,24,0,404,below_floor,False
1056_578_579_32,115,81,5,28,False,58,29,0,578,,True
1057_1007_128_32,115,85,5,30,False,56,28,0,1007,,True
1058_261_578_46,129,96,5,30,False,63,31,1,261,,True
1059_1007_393_32,120,88,5,30,False,60,30,0,1007,,True
105_734_1039_37,159,128,5,30,False,88,44,0,1039,,True
1060_719_720_19,111,81,5,29,False,62,31,0,719,,True
1061_1016_789_32,117,85,5,28,False,51,25,1,1016,,True
1062_483_173_17,99,69,5,30,False,42,21,0,483,below_floor,False
1063_664_1042_31,119,89,5,29,False,68,34,0,1042,,True
1064_723_144_0,94,64,5,29,False,52,26,0,723,,True
1065_720_1042_19,113,83,5,30,False,70,35,0,1042,,True
1066_1007_318_50,113,83,5,30,False,66,33,0,1007,,True
1067_173_1337_31,136,102,5,29,False,76,38,0,173,,True
1068_483_764_31,109,79,5,29,False,52,26,0,483,,True
1069_1007_1042_6,113,83,5,30,False,63,31,1,1007,,True
106_733_1204_7,134,104,5,29,False,73,36,1,1204,,True
1070_1505_321_28,110,77,5,28,False,58,29,0,1505,,True
1071_529_144_23,110,80,5,27,False,68,34,0,144,,True
1072_1007_1016_28,111,80,5,30,False,53,26,1,1016,,True
1073_720_332_31,105,75,5,30,False,58,29,0,332,,True
1074_546_1522_28,137,107,5,29,False,76,38,0,546,,True
1075_621_622_5,138,106,5,30,False,79,39,1,621,,True
1076_359_360_5,98,68,5,28,False,53,26,1,359,,True
1077_749_1126_35,126,93,5,30,False,58,29,0,1126,,True
1078_1016_902_5,114,84,5,28,False,54,27,0,1016,,True
1079_720_902_53,110,79,5,30,False,56,28,0,902,,True
107_1094_848_12,117,86,5,30,False,50,25,0,848,,True
1080_905_1319_54,106,75,5,30,False,53,26,1,905,,True
1081_789_1036_17,119,88,5,26,False,48,24,0,789,below_floor,False
1082_284_392_30,111,78,5,30,False,49,24,1,284,below_floor,False
1083_584_588_24,113,82,5,30,False,54,27,0,584,,True
1084_392_789_24,95,65,5,30,False,43,21,1,789,below_floor,False
1085_284_1036_24,104,73,5,29,False,46,23,0,284,below_floor,False
1086_686_543_53,98,68,5,28,False,58,29,0,686,,True
1087_773_392_37,110,79,5,29,False,58,29,0,392,,True
1088_241_242_37,98,64,5,26,False,45,22,1,241,below_floor,False
1089_788_789_9,141,108,5,29,False,70,35,0,789,,True
108_503_1310_12,129,95,5,28,False,61,30,1,1310,,True
1090_1036_456_9,107,77,5,30,False,50,25,0,456,,True
1091_686_789_16,110,71,5,29,False,46,23,0,789,below_floor,False
1092_241_1036_37,112,81,5,28,False,56,28,0,1036,,True
1093_1141_953_7,103,73,5,30,False,50,25,0,953,,True
1094_242_686_16,105,74,5,28,False,57,28,1,242,,True
1095_616_312_16,114,84,5,25,False,65,32,1,312,,True
1096_241_457_5,123,93,5,29,False,72,36,0,457,,True
1097_773_391_9,110,79,5,30,False,51,25,1,773,,True
1098_186_187_9,112,82,5,30,False,52,26,0,187,,True
1099_65_1141_55,101,71,5,27,False,53,26,1,1141,,True
109_1264_533_35,109,78,5,28,False,60,30,0,1264,,True
10_703_680_3,105,75,5,30,False,54,27,0,703,,True
1100_953_616_9,120,89,5,28,False,64,32,0,616,,True
1101_242_1141_23,111,78,5,28,False,61,30,1,242,,True
1102_391_559_60,113,81,5,28,False,56,28,0,559,,True
1103_241_987_23,110,80,5,30,False,59,29,1,987,,True
1104_186_953_45,143,113,5,29,False,74,37,0,953,,True
1105_187_616_9,116,84,5,28,False,56,28,0,616,,True
1106_1141_559_8,100,69,5,29,False,44,22,0,559,below_floor,False
1107_242_391_5,117,83,5,26,False,54,27,0,242,,True
1108_605_616_42,108,75,5,28,False,50,25,0,605,,True
1109_187_241_50,120,88,5,29,False,63,31,1,241,,True
110_202_203_4,135,104,5,30,False,77,38,1,203,,True
1110_1030_1231_24,117,87,5,27,False,60,30,0,1231,,True
1111_271_272_25,113,81,5,27,False,57,28,1,271,,True
1112_616_617_24,106,70,5,23,False,51,25,1,616,,True
1113_953_391_24,116,83,5,30,False,53,26,1,953,,True
1114_187_164_24,115,85,5,30,False,56,28,0,187,,True
1115_1412_489_24,154,121,5,28,False,94,47,0,1412,,True
1116_782_980_40,111,81,5,26,False,62,31,0,980,,True
1117_271_509_24,144,109,5,28,False,73,36,1,509,,True
1118_272_40_24,103,71,5,30,False,60,30,0,272,,True
1119_953_187_40,115,83,5,30,False,52,26,0,187,,True
111_764_929_4,123,93,5,29,False,64,32,0,929,,True
1120_683_1254_0,99,69,5,28,False,55,27,1,683,,True
1121_782_509_0,109,79,5,28,False,59,29,1,782,,True
1122_783_488_12,110,80,5,29,False,61,30,1,783,,True
1123_668_548_12,109,77,5,26,False,48,24,0,548,below_floor,False
1124_271_617_30,119,89,5,27,False,64,32,0,271,,True
1125_683_272_30,104,74,5,29,False,48,24,0,272,below_floor,False
1126_324_151_40,100,70,5,29,False,43,21,1,151,below_floor,False
1127_220_221_35,117,86,5,25,False,65,32,1,221,,True
1128_1253_1026_29,100,67,5,30,False,51,25,1,1253,,True
1129_398_399_29,115,83,5,29,False,67,33,1,399,,True
112_373_758_38,120,89,5,30,False,64,32,0,373,,True
1130_260_1040_20,111,81,5,28,False,64,32,0,260,,True
1131_489_92_12,122,91,5,29,False,64,32,0,92,,True
1132_227_228_12,159,129,5,30,False,89,44,1,228,,True
1133_994_488_0,97,67,5,29,False,46,23,0,488,below_floor,False
1134_1040_489_9,111,80,5,30,False,58,29,0,1040,,True
1135_0_1_8,104,71,5,28,False,50,25,0,0,,True
1136_994_303_39,108,78,5,27,False,60,30,0,303,,True
1137_900_1032_39,115,85,5,28,False,72,36,0,1032,,True
1138_488_489_33,123,91,5,29,False,58,29,0,488,,True
1139_1483_934_55,126,96,5,30,False,71,35,1,934,,True
113_1268_644_6,112,82,5,30,False,49,24,1,1268,below_floor,False
1140_319_303_30,100,70,5,30,False,62,31,0,303,,True
1141_848_303_59,97,67,5,28,False,62,31,0,303,,True
1142_934_617_30,113,83,5,30,False,68,34,0,617,,True
1143_303_0_44,108,73,5,22,False,59,29,1,0,,True
1144_994_617_55,118,87,5,30,False,58,29,0,617,,True
1145_303_934_9,110,79,5,30,False,68,34,0,303,,True
1146_848_668_30,95,65,5,28,False,54,27,0,848,,True
1147_934_363_1,115,85,5,30,False,76,38,0,934,,True
1148_994_668_5,101,70,5,28,False,56,28,0,668,,True
1149_9_1548_7,110,80,5,28,False,55,27,1,9,,True
114_1094_373_6,139,109,5,30,False,74,37,0,373,,True
1150_734_492_42,166,135,5,30,False,86,43,0,492,,True
1151_363_488_58,106,76,5,29,False,53,26,1,488,,True
1152_1133_778_46,109,79,5,30,False,48,24,0,778,below_floor,False
1153_934_639_52,110,79,5,30,False,61,30,1,639,,True
1154_363_364_52,114,84,5,27,False,54,27,0,364,,True
1155_1512_1513_2,120,89,5,30,False,61,30,1,1513,,True
1156_1510_1511_2,101,71,5,28,False,48,24,0,1510,below_floor,False
1157_311_668_39,115,85,5,28,False,62,31,0,668,,True
1158_637_777_39,114,81,5,30,False,61,30,1,777,,True
1159_291_1237_35,127,96,5,28,False,61,30,1,1237,,True
115_831_581_22,153,120,5,29,False,88,44,0,581,,True
1160_119_539_57,129,99,5,28,False,71,35,1,539,,True
1161_976_1039_30,113,83,5,23,False,57,28,1,1039,,True
1162_119_291_30,157,125,5,29,False,82,41,0,119,,True
1163_515_1074_35,129,97,5,26,False,70,35,0,515,,True
1164_119_646_35,157,127,5,30,False,86,43,0,119,,True
1165_267_119_42,119,88,5,28,False,62,31,0,119,,True
1166_251_407_29,116,86,5,30,False,62,31,0,407,,True
1167_1210_364_10,98,68,5,28,False,46,23,0,364,below_floor,False
1168_1472_1473_22,94,50,5,22,False,40,20,0,1473,below_floor,False
1169_1218_69_28,101,70,5,28,False,56,28,0,1218,,True
116_533_373_38,133,103,5,30,False,81,40,1,373,,True
1170_1218_342_19,103,73,5,30,False,58,29,0,1218,,True
1171_224_246_58,124,93,5,27,False,66,33,0,246,,True
1172_906_1218_0,104,74,5,30,False,53,26,1,1218,,True
1173_342_1016_58,115,85,5,30,False,58,29,0,342,,True
1174_867_377_0,133,102,5,26,False,61,30,1,377,,True
1175_352_1375_55,97,67,5,27,False,50,25,0,1375,,True
1176_1218_659_0,108,77,5,29,False,58,29,0,1218,,True
1177_69_280_19,142,110,5,29,False,74,37,0,280,,True
1178_246_1030_0,122,89,5,30,False,62,31,0,246,,True
1179_1528_1529_47,83,51,5,13,False,43,21,1,1529,below_floor,False
117_854_3_38,154,122,5,29,False,93,46,1,3,,True
1180_234_787_47,100,68,5,30,False,48,24,0,234,below_floor,False
1181_69_377_47,112,80,5,30,False,56,28,0,377,,True
1182_3_130_23,103,72,5,29,False,53,26,1,3,,True
1183_787_1097_23,112,81,5,29,False,50,25,0,1097,,True
1184_20_840_18,115,73,5,27,False,52,26,0,840,,True
1185_839_1420_3,116,86,5,28,False,54,27,0,1420,,True
1186_245_246_51,115,85,5,30,False,57,28,1,246,,True
1187_787_991_3,103,71,5,30,False,46,23,0,991,below_floor,False
1188_633_867_53,175,109,5,27,True,78,39,0,867,score_anomaly,False
1189_3_522_14,111,81,5,30,False,61,30,1,522,,True
118_854_533_58,125,95,5,30,False,75,37,1,854,,True
1190_787_2_14,100,70,5,30,False,48,24,0,2,below_floor,False
1191_3_579_14,116,86,5,28,False,59,29,1,3,,True
1192_991_839_20,117,85,5,28,False,65,32,1,839,,True
1193_69_867_23,124,93,5,28,False,51,25,1,69,,True
1194_110_1192_23,156,126,5,30,False,82,41,0,110,,True
1195_21_1400_36,115,80,5,29,False,53,26,1,21,,True
1196_442_1178_56,120,88,5,28,False,67,33,1,442,,True
1197_527_1091_56,112,82,5,30,False,59,29,1,1091,,True
1198_787_405_32,98,63,5,29,False,42,21,0,405,below_floor,False
1199_867_291_23,128,94,5,30,False,62,31,0,291,,True
119_1300_1140_58,118,86,5,30,False,71,35,1,1300,,True
11_219_1058_33,106,74,5,30,False,56,28,0,219,,True
1200_1337_1317_0,136,105,5,30,False,82,41,0,1317,,True
1201_1052_1053_53,115,84,5,30,False,60,30,0,1052,,True
1202_405_21_0,104,73,5,26,False,55,27,1,21,,True
1203_1081_527_29,100,70,5,27,False,44,22,0,1081,below_floor,False
1204_688_689_14,115,82,5,29,False,57,28,1,688,,True
1205_1317_21_53,205,162,5,28,False,122,61,0,21,,True
1206_130_51_23,135,91,5,30,False,72,36,0,130,,True
1207_991_442_56,170,123,5,27,False,77,38,1,991,,True
1208_1081_837_56,113,75,5,27,False,54,27,0,1081,,True
1209_1286_449_34,119,77,5,28,False,56,28,0,1286,,True
120_1079_695_58,125,93,5,29,False,62,31,0,1079,,True
1210_127_128_58,126,95,5,28,False,62,31,0,127,,True
1211_436_1283_58,118,86,5,28,False,56,28,0,436,,True
1212_1081_301_10,87,57,5,27,False,46,23,0,1081,below_floor,False
1213_1317_449_10,117,86,5,30,False,72,36,0,1317,,True
1214_216_528_10,143,99,5,30,False,64,32,0,216,,True
1215_991_128_10,154,113,5,30,False,81,40,1,128,,True
1216_159_130_40,165,121,5,29,False,81,40,1,130,,True
1217_143_144_15,109,78,5,27,False,50,25,0,144,,True
1218_226_742_7,147,111,5,30,False,85,42,1,226,,True
1219_529_20_33,107,77,5,30,False,67,33,1,20,,True
121_685_587_8,86,55,5,27,False,29,14,1,587,below_floor,False
1220_709_546_53,105,75,5,27,False,48,24,0,546,below_floor,False
1221_216_217_53,113,79,5,28,False,61,30,1,217,,True
1222_20_21_53,115,84,5,28,False,64,32,0,21,,True
1223_741_742_59,102,72,5,30,False,55,27,1,741,,True
1224_85_130_19,101,71,5,30,False,50,25,0,85,,True
1225_1370_217_17,109,79,5,30,False,54,27,0,217,,True
1226_20_436_10,115,85,5,29,False,62,31,0,20,,True
1227_742_85_16,104,74,5,30,False,49,24,1,85,below_floor,False
1228_1134_1545_46,137,107,5,29,False,80,40,0,1134,,True
1229_217_20_54,124,89,5,28,False,67,33,1,20,,True
122_1438_884_20,116,83,5,24,False,53,26,1,1438,,True
1230_557_1247_42,121,88,5,30,False,66,33,0,1247,,True
1231_1437_1026_23,89,57,5,27,False,43,21,1,1437,below_floor,False
1232_442_1134_10,120,88,5,27,False,65,32,1,442,,True
1233_1346_1549_46,110,78,5,30,False,61,30,1,1549,,True
1234_589_896_5,125,91,5,28,False,64,32,0,589,,True
1235_557_742_48,122,92,5,30,False,75,37,1,742,,True
1236_556_636_56,115,82,5,29,False,64,32,0,556,,True
1237_709_1134_46,106,76,5,28,False,55,27,1,1134,,True
1238_556_557_25,109,78,5,30,False,50,25,0,557,,True
1239_1051_648_25,103,70,5,29,False,49,24,1,1051,below_floor,False
123_1117_723_52,101,71,5,29,False,53,26,1,723,,True
1240_14_15_25,102,72,5,30,False,53,26,1,14,,True
1241_49_1370_8,100,70,5,28,False,48,24,0,49,below_floor,False
1242_37_38_36,100,70,5,30,False,54,27,0,38,,True
1243_556_1370_36,101,71,5,30,False,50,25,0,1370,,True
1244_769_770_36,152,120,5,30,False,80,40,0,769,,True
1245_896_179_46,112,82,5,28,False,46,23,0,179,below_floor,False
1246_1134_38_34,121,89,5,30,False,67,33,1,38,,True
1247_564_1234_34,111,79,5,30,False,57,28,1,564,,True
1248_557_482_36,143,112,5,29,False,72,36,0,557,,True
1249_556_678_34,112,82,5,30,False,54,27,0,556,,True
124_86_87_13,103,73,5,30,False,54,27,0,86,,True
1250_1134_896_34,119,89,5,30,False,58,29,0,1134,,True
1251_81_441_2,106,75,5,30,False,54,27,0,81,,True
1252_1134_557_60,115,84,5,30,False,59,29,1,557,,True
1253_1508_310_31,100,69,5,30,False,44,22,0,1508,below_floor,False
1254_327_328_7,128,98,5,29,False,80,40,0,327,,True
1255_777_525_35,122,92,5,30,False,65,32,1,525,,True
1256_1308_1168_52,132,102,5,28,False,70,35,0,1308,,True
1257_1052_327_44,149,111,5,26,False,85,42,1,327,,True
1258_413_525_58,113,83,5,28,False,60,30,0,413,,True
1259_310_311_8,113,83,5,30,False,62,31,0,311,,True
125_533_723_58,107,77,5,29,False,64,32,0,533,,True
1260_1159_769_2,126,96,5,28,False,64,32,0,1159,,True
1261_525_271_15,106,76,5,29,False,53,26,1,271,,True
1262_1519_1520_42,112,79,5,30,False,48,24,0,1519,below_floor,False
1263_1465_107_42,104,74,5,30,False,58,29,0,107,,True
1264_769_636_42,123,93,5,30,False,61,30,1,636,,True
1265_327_271_51,111,81,5,24,False,54,27,0,271,,True
1266_333_1061_12,125,95,5,29,False,65,32,1,1061,,True
1267_1237_525_56,111,80,5,29,False,60,30,0,525,,True
1268_780_459_43,110,79,5,30,False,60,30,0,780,,True
1269_1106_271_26,120,89,5,28,False,60,30,0,271,,True
126_85_617_58,103,73,5,27,False,48,24,0,85,below_floor,False
1270_459_271_59,118,87,5,23,False,64,32,0,271,,True
1271_327_1317_43,116,85,5,30,False,63,31,1,1317,,True
1272_636_333_43,115,85,5,30,False,59,29,1,636,,True
1273_197_590_51,107,77,5,29,False,52,26,0,590,,True
1274_271_636_19,163,128,5,28,False,83,41,1,636,,True
1275_333_320_51,110,80,5,26,False,58,29,0,333,,True
1276_1405_1406_16,108,76,5,28,False,56,28,0,1406,,True
1277_1177_940_7,123,88,5,30,False,56,28,0,1177,,True
1278_333_143_1,129,90,5,30,False,60,30,0,333,,True
1279_320_257_7,112,80,5,28,False,57,28,1,320,,True
127_721_474_5,140,109,5,29,False,73,36,1,474,,True
1280_327_664_51,153,117,5,30,False,88,44,0,327,,True
1281_454_258_5,116,85,5,27,False,61,30,1,454,,True
1282_143_1304_5,130,100,5,28,False,65,32,1,143,,True
1283_957_983_5,137,106,5,26,False,76,38,0,983,,True
1284_320_321_21,102,72,5,24,False,48,24,0,320,below_floor,False
1285_1044_1045_21,101,71,5,30,False,52,26,0,1044,,True
1286_333_198_5,114,83,5,28,False,62,31,0,333,,True
1287_197_101_16,133,95,5,28,False,70,35,0,197,,True
1288_957_1044_16,122,89,5,29,False,64,32,0,957,,True
1289_983_198_0,124,92,5,28,False,62,31,0,983,,True
128_1204_915_2,138,108,5,28,False,70,35,0,915,,True
1290_243_244_54,152,122,5,30,False,86,43,0,243,,True
1291_64_1332_54,118,87,5,28,False,68,34,0,64,,True
1292_96_242_20,111,79,5,27,False,50,25,0,242,,True
1293_780_783_26,105,74,5,29,False,58,29,0,780,,True
1294_636_637_21,120,85,5,29,False,65,32,1,636,,True
1295_957_197_22,117,85,5,28,False,57,28,1,197,,True
1296_186_96_24,138,104,5,30,False,60,30,0,96,,True
1297_1050_1211_45,149,119,5,30,False,77,38,1,1211,,True
1298_780_64_24,103,73,5,28,False,52,26,0,780,,True
1299_783_668_24,97,67,5,28,False,43,21,1,783,below_floor,False
129_915_1140_2,117,87,5,28,False,57,28,1,915,,True
12_1489_679_13,109,79,5,30,False,64,32,0,1489,,True
1300_197_637_24,129,99,5,28,False,71,35,1,637,,True
1301_1497_780_21,108,77,5,28,False,64,32,0,780,,True
1302_243_783_21,115,85,5,30,False,58,29,0,783,,True
1303_197_198_52,147,107,5,26,False,79,39,1,197,,True
1304_753_1050_35,154,123,5,29,False,80,40,0,1050,,True
1305_647_1211_43,113,82,5,29,False,58,29,0,1211,,True
1306_779_865_43,117,84,5,30,False,55,27,1,865,,True
1307_403_505_48,103,73,5,28,False,57,28,1,505,,True
1308_419_1050_14,137,105,5,29,False,67,33,1,419,,True
1309_74_75_41,131,99,5,28,False,82,41,0,75,,True
130_597_970_42,122,90,5,29,False,58,29,0,970,,True
1310_419_865_35,106,76,5,29,False,55,27,1,419,,True
1311_779_780_41,125,94,5,29,False,66,33,0,780,,True
1312_735_909_44,140,108,5,29,False,83,41,1,909,,True
1313_382_244_49,159,126,5,30,False,94,47,0,244,,True
1314_1048_845_44,149,119,5,29,False,71,35,1,1048,,True
1315_338_779_47,116,86,5,30,False,64,32,0,779,,True
1316_383_865_27,103,73,5,30,False,53,26,1,865,,True
1317_865_244_27,162,116,5,30,False,81,40,1,244,,True
1318_456_1048_16,138,105,5,30,False,74,37,0,1048,,True
1319_252_740_36,140,105,5,29,False,64,32,0,252,,True
131_533_915_53,128,98,5,28,False,72,36,0,915,,True
1320_735_382_27,124,94,5,30,False,67,33,1,382,,True
1321_779_186_27,149,117,5,29,False,79,39,1,186,,True
1322_865_1048_52,110,80,5,30,False,61,30,1,865,,True
1323_252_1141_27,135,99,5,29,False,73,36,1,252,,True
1324_740_957_27,131,98,5,26,False,75,37,1,740,,True
1325_1048_501_21,120,88,5,28,False,66,33,0,1048,,True
1326_272_782_15,117,86,5,27,False,58,29,0,272,,True
1327_735_779_21,115,85,5,28,False,63,31,1,779,,True
1328_988_989_14,121,91,5,29,False,61,30,1,988,,True
1329_740_980_14,112,82,5,25,False,54,27,0,980,,True
132_834_122_30,99,69,5,28,False,47,23,1,834,below_floor,False
1330_1048_957_5,123,88,5,28,False,67,33,1,957,,True
1331_501_782_14,138,103,5,23,False,79,39,1,782,,True
1332_272_735_51,113,82,5,28,False,54,27,0,272,,True
1333_740_1153_54,95,61,5,22,False,45,22,1,740,below_floor,False
1334_735_980_12,114,82,5,30,False,60,30,0,980,,True
1335_740_845_12,123,93,5,30,False,61,30,1,740,,True
1336_460_673_12,133,103,5,27,False,78,39,0,673,,True
1337_252_782_15,140,105,5,28,False,71,35,1,782,,True
1338_1131_461_59,105,75,5,30,False,63,31,1,461,,True
1339_845_980_41,106,76,5,27,False,47,23,1,845,below_floor,False
133_774_775_28,118,87,5,27,False,61,30,1,774,,True
1340_100_673_19,148,103,5,31,True,63,31,1,100,score_anomaly,False
1341_501_845_53,123,88,5,30,False,67,33,1,845,,True
1342_1040_1274_39,114,84,5,28,False,60,30,0,1274,,True
1343_460_461_25,154,115,5,29,False,76,38,0,460,,True
1344_266_398_12,108,78,5,29,False,57,28,1,266,,True
1345_459_1274_51,135,94,5,28,False,60,30,0,1274,,True
1346_637_1346_52,113,82,5,29,False,62,31,0,637,,True
1347_435_646_56,119,89,5,28,False,66,33,0,646,,True
1348_88_118_47,98,68,5,28,False,44,22,0,88,below_floor,False
1349_639_89_32,107,77,5,29,False,54,27,0,89,,True
134_784_785_48,124,90,5,27,False,59,29,1,784,,True
1350_877_1066_32,109,79,5,30,False,50,25,0,1066,,True
1351_906_234_23,114,84,5,30,False,55,27,1,234,,True
1352_444_546_0,100,69,5,30,False,55,27,1,444,,True
1353_66_67_0,98,65,5,25,False,44,22,0,67,below_floor,False
1354_356_50_0,138,105,5,30,False,76,38,0,356,,True
1355_637_812_1,136,105,5,26,False,74,37,0,812,,True
1356_1039_546_31,103,73,5,30,False,57,28,1,1039,,True
1357_421_422_54,131,101,5,30,False,73,36,1,421,,True
1358_1290_332_58,110,79,5,29,False,64,32,0,332,,True
1359_548_364_41,100,70,5,26,False,48,24,0,548,below_floor,False
135_1204_581_2,138,105,5,29,False,76,38,0,581,,True
1360_778_792_50,117,87,5,29,False,57,28,1,778,,True
1361_262_1429_38,107,77,5,27,False,60,30,0,1429,,True
1362_1290_837_9,110,79,5,28,False,59,29,1,1290,,True
1363_777_778_8,108,78,5,30,False,50,25,0,777,,True
1364_903_311_25,106,76,5,29,False,56,28,0,903,,True
1365_1290_1259_25,104,74,5,28,False,56,28,0,1290,,True
1366_177_178_5,89,59,5,26,False,48,24,0,178,below_floor,False
1367_978_1290_44,104,74,5,28,False,54,27,0,1290,,True
1368_933_1239_54,104,73,5,28,False,45,22,1,1239,below_floor,False
1369_118_683_32,108,78,5,28,False,48,24,0,683,below_floor,False
136_1416_299_29,121,91,5,29,False,64,32,0,299,,True
1370_690_691_46,143,112,5,28,False,61,30,1,691,,True
1371_1126_441_7,174,125,5,28,False,81,40,1,1126,,True
1372_159_81_53,117,81,5,30,False,56,28,0,159,,True
1373_1346_443_1,86,55,5,28,False,44,22,0,443,below_floor,False
1374_707_1394_10,108,76,5,29,False,61,30,1,707,,True
1375_413_539_8,120,88,5,30,False,65,32,1,539,,True
1376_1399_1023_8,108,78,5,30,False,49,24,1,1023,below_floor,False
1377_483_81_8,106,75,5,29,False,47,23,1,81,below_floor,False
1378_173_666_0,110,74,5,29,False,55,27,1,173,,True
1379_441_442_0,149,115,5,28,False,81,40,1,441,,True
137_506_1204_46,120,84,5,30,False,69,34,1,1204,,True
1380_157_177_58,92,62,5,25,False,50,25,0,157,,True
1381_1066_483_0,101,70,5,28,False,49,24,1,483,below_floor,False
1382_173_352_12,100,70,5,28,False,54,27,0,173,,True
1383_177_66_4,114,80,5,24,False,59,29,1,66,,True
1384_1066_81_34,112,80,5,28,False,57,28,1,1066,,True
1385_50_869_41,149,119,5,28,False,78,39,0,869,,True
1386_1066_435_6,120,86,5,22,False,62,31,0,1066,,True
1387_1360_1189_42,114,84,5,29,False,54,27,0,1189,,True
1388_1072_1087_6,125,95,5,30,False,73,36,1,1072,,True
1389_407_159_29,112,82,5,30,False,56,28,0,159,,True
138_112_1180_29,104,73,5,30,False,50,25,0,112,,True
1390_177_350_6,121,89,5,28,False,64,32,0,177,,True
1391_425_869_43,164,128,5,28,False,91,45,1,425,,True
1392_901_920_58,106,71,5,30,False,55,27,1,901,,True
1393_50_424_29,149,110,5,30,False,80,40,0,424,,True
1394_80_81_29,121,84,5,30,False,58,29,0,80,,True
1395_1087_177_9,139,99,5,27,False,78,39,0,1087,,True
1396_550_839_15,142,106,5,30,False,78,39,0,550,,True
1397_1408_1409_50,116,85,5,30,False,58,29,0,1409,,True
1398_1352_1353_16,114,83,5,27,False,56,28,0,1352,,True
1399_413_920_20,106,76,5,30,False,51,25,1,920,,True
139_653_1093_51,114,84,5,30,False,60,30,0,653,,True
13_219_191_1,118,88,5,30,False,61,30,1,191,,True
1400_1450_1451_48,107,76,5,30,False,54,27,0,1451,,True
1401_869_920_50,117,83,5,30,False,55,27,1,920,,True
1402_613_171_20,101,71,5,30,False,49,24,1,171,below_floor,False
1403_1352_813_6,109,79,5,30,False,54,27,0,1352,,True
1404_1087_127_16,166,126,5,29,False,93,46,1,127,,True
1405_1475_674_16,125,95,5,30,False,68,34,0,1475,,True
1406_589_571_46,115,84,5,30,False,55,27,1,571,,True
1407_664_1475_4,138,104,5,29,False,73,36,1,664,,True
1408_441_920_34,111,81,5,29,False,56,28,0,920,,True
1409_245_1083_53,112,77,5,30,False,50,25,0,245,,True
140_586_1538_3,124,92,5,29,False,73,36,1,1538,,True
1410_1006_650_53,162,128,5,30,False,84,42,0,1006,,True
1411_158_87_40,139,101,5,29,False,69,34,1,158,,True
1412_1087_1052_53,128,92,5,28,False,71,35,1,1052,,True
1413_920_1052_39,101,71,5,28,False,51,25,1,1052,,True
1414_1052_650_30,121,91,5,28,False,69,34,1,650,,True
1415_1052_1409_30,110,80,5,28,False,66,33,0,1052,,True
1416_650_903_30,123,93,5,30,False,65,32,1,650,,True
1417_1052_50_48,128,97,5,26,False,69,34,1,50,,True
1418_1071_1052_10,123,90,5,29,False,64,32,0,1071,,True
1419_1006_571_39,117,82,5,27,False,60,30,0,571,,True
141_831_586_38,143,112,5,30,False,79,39,1,831,,True
1420_389_390_31,109,77,5,29,False,62,31,0,389,,True
1421_82_83_42,171,138,5,27,False,104,52,0,83,,True
1422_50_51_7,119,84,5,30,False,69,34,1,50,,True
1423_650_99_7,108,77,5,30,False,52,26,0,650,,True
1424_459_458_7,116,84,5,30,False,67,33,1,458,,True
1425_99_436_48,140,105,5,29,False,72,36,0,436,,True
1426_820_821_7,147,111,5,30,False,77,38,1,820,,True
1427_527_528_56,124,81,5,30,False,58,29,0,528,,True
1428_147_148_11,123,92,5,29,False,70,35,0,147,,True
1429_171_1006_8,115,82,5,29,False,63,31,1,171,,True
142_508_1521_5,120,89,5,29,False,72,36,0,508,,True
1430_159_147_43,122,79,5,27,False,59,29,1,159,,True
1431_1314_1315_53,109,79,5,30,False,56,28,0,1314,,True
1432_1005_1006_46,124,91,5,27,False,74,37,0,1006,,True
1433_171_87_49,102,72,5,29,False,46,23,0,87,below_floor,False
1434_304_887_56,110,78,5,29,False,54,27,0,887,,True
1435_1006_1315_57,143,112,5,30,False,80,40,0,1315,,True
1436_1216_604_1,119,88,5,26,False,57,28,1,604,,True
1437_304_148_1,110,75,5,28,False,53,26,1,304,,True
1438_1315_1072_1,127,97,5,29,False,78,39,0,1315,,True
1439_1216_683_46,112,80,5,29,False,57,28,1,683,,True
143_506_508_5,130,99,5,28,False,81,40,1,508,,True
1440_1104_940_40,101,71,5,28,False,49,24,1,940,below_floor,False
1441_148_905_1,109,79,5,30,False,60,30,0,148,,True
1442_147_905_49,95,64,5,28,False,49,24,1,147,below_floor,False
1443_148_401_51,123,93,5,28,False,64,32,0,401,,True
1444_683_912_51,116,83,5,29,False,59,29,1,912,,True
1445_1003_1004_25,96,66,5,30,False,52,26,0,1003,,True
1446_449_450_7,132,99,5,29,False,79,39,1,450,,True
1447_767_891_36,178,144,5,28,False,97,48,1,767,,True
1448_1446_1447_36,125,94,5,24,False,63,31,1,1446,,True
1449_83_1072_46,116,86,5,30,False,70,35,0,83,,True
144_277_547_43,129,99,5,30,False,67,33,1,547,,True
1450_140_147_37,107,75,5,25,False,59,29,1,147,,True
1451_139_254_41,112,82,5,30,False,64,32,0,139,,True
1452_148_140_25,118,87,5,28,False,62,31,0,140,,True
1453_139_74_52,107,77,5,30,False,54,27,0,74,,True
1454_412_240_52,112,79,5,30,False,55,27,1,240,,True
1455_1465_450_59,106,76,5,30,False,56,28,0,450,,True
1456_678_140_58,115,84,5,29,False,60,30,0,678,,True
1457_8_445_33,109,78,5,30,False,52,26,0,8,,True
1458_450_74_52,90,60,5,29,False,52,26,0,74,,True
1459_139_140_21,114,84,5,28,False,55,27,1,140,,True
145_224_567_19,111,81,5,29,False,63,31,1,567,,True
1460_74_1072_59,122,90,5,30,False,73,36,1,1072,,True
1461_538_1386_44,130,99,5,30,False,65,32,1,538,,True
1462_1136_1137_6,105,75,5,29,False,49,24,1,1136,below_floor,False
1463_791_140_40,115,85,5,28,False,58,29,0,140,,True
1464_277_234_43,114,84,5,30,False,66,33,0,234,,True
1465_240_678_41,130,95,5,30,False,70,35,0,678,,True
1466_1072_234_6,127,96,5,30,False,77,38,1,1072,,True
1467_767_74_25,148,116,5,30,False,72,36,0,74,,True
1468_1357_1358_7,96,66,5,30,False,45,22,1,1357,below_floor,False
1469_560_561_15,113,82,5,30,False,62,31,0,561,,True
146_823_424_20,127,96,5,30,False,73,36,1,823,,True
1470_460_277_7,138,107,5,27,False,74,37,0,277,,True
1471_276_1027_7,131,100,5,30,False,67,33,1,1027,,True
1472_725_1221_59,108,77,5,30,False,50,25,0,725,,True
1473_276_277_59,111,80,5,28,False,56,28,0,277,,True
1474_1027_460_59,162,131,5,27,False,88,44,0,1027,,True
1475_560_653_6,131,99,5,30,False,78,39,0,653,,True
1476_675_314_6,135,102,5,27,False,66,33,0,675,,True
1477_276_460_56,122,92,5,29,False,63,31,1,276,,True
1478_1027_277_0,126,94,5,28,False,57,28,1,1027,,True
1479_561_940_6,101,71,5,30,False,48,24,0,561,below_floor,False
147_1210_1224_20,118,87,5,30,False,62,31,0,1210,,True
1480_1454_663_12,170,136,5,27,False,102,51,0,1454,,True
1481_276_501_12,138,106,5,29,False,70,35,0,276,,True
1482_460_183_12,129,98,5,28,False,67,33,1,183,,True
1483_560_909_27,151,118,5,26,False,81,40,1,560,,True
1484_1027_1063_27,136,105,5,28,False,74,37,0,1027,,True
1485_1040_675_12,114,83,5,29,False,60,30,0,675,,True
1486_425_561_50,114,82,5,27,False,65,32,1,561,,True
1487_1027_461_26,140,109,5,30,False,78,39,0,1027,,True
1488_675_276_33,115,85,5,30,False,61,30,1,276,,True
1489_544_430_1,120,88,5,30,False,68,34,0,544,,True
148_586_653_38,121,90,5,29,False,61,30,1,653,,True
1490_604_605_1,105,73,5,28,False,55,27,1,604,,True
1491_1119_1547_1,112,82,5,30,False,68,34,0,1547,,True
1492_183_1026_50,92,62,5,17,False,51,25,1,183,,True
1493_312_254_23,132,102,5,28,False,77,38,1,312,,True
1494_714_283_7,127,96,5,30,False,66,33,0,714,,True
1495_705_568_21,106,75,5,30,False,52,26,0,705,,True
1496_495_638_34,117,87,5,29,False,72,36,0,495,,True
1497_82_905_46,120,90,5,30,False,64,32,0,905,,True
1498_155_1503_30,104,74,5,28,False,55,27,1,155,,True
1499_900_901_30,100,70,5,28,False,56,28,0,900,,True
149_248_1035_51,109,79,5,30,False,61,30,1,1035,,True
14_947_112_1,101,68,5,28,False,48,24,0,112,below_floor,False
1500_1424_1002_30,131,99,5,27,False,70,35,0,1002,,True
1501_41_42_30,169,138,5,29,False,110,55,0,41,,True
1502_151_905_29,98,68,5,29,False,51,25,1,151,,True
1503_900_705_29,102,72,5,28,False,51,25,1,705,,True
1504_1033_1034_59,114,84,5,30,False,70,35,0,1033,,True
1505_151_80_3,102,72,5,30,False,60,30,0,151,,True
1506_1445_1387_6,118,86,5,28,False,58,29,0,1445,,True
1507_900_407_59,107,77,5,30,False,53,26,1,900,,True
1508_357_358_29,118,88,5,30,False,65,32,1,358,,True
1509_546_151_31,103,71,5,27,False,51,25,1,151,,True
150_99_149_51,91,61,5,30,False,45,22,1,99,below_floor,False
1510_1458_949_34,120,90,5,27,False,59,29,1,1458,,True
1511_820_1221_59,107,73,5,28,False,45,22,1,1221,below_floor,False
1512_1167_151_18,105,73,5,30,False,48,24,0,1167,below_floor,False
1513_425_705_59,103,72,5,28,False,58,29,0,705,,True
1514_647_1034_48,134,103,5,27,False,80,40,0,647,,True
1515_1320_575_57,107,77,5,28,False,47,23,1,1320,below_floor,False
1516_362_155_23,112,81,5,27,False,54,27,0,362,,True
1517_151_435_26,103,73,5,28,False,62,31,0,151,,True
1518_1002_227_3,112,80,5,30,False,56,28,0,227,,True
1519_820_949_2,109,78,5,28,False,46,23,0,949,below_floor,False
151_1396_1252_51,120,90,5,29,False,78,39,0,1252,,True
1520_901_575_29,100,70,5,30,False,46,23,0,575,below_floor,False
1521_478_479_30,105,75,5,29,False,50,25,0,479,,True
1522_102_1186_42,99,69,5,27,False,59,29,1,102,,True
1523_435_357_42,116,86,5,26,False,63,31,1,357,,True
1524_568_569_33,106,75,5,27,False,55,27,1,568,,True
1525_638_1002_56,122,92,5,28,False,68,34,0,1002,,True
1526_949_834_23,123,88,5,25,False,63,31,1,949,,True
1527_42_1083_34,152,110,5,28,False,77,38,1,1083,,True
1528_949_1090_16,110,75,5,27,False,54,27,0,949,,True
1529_42_675_50,139,101,5,29,False,72,36,0,675,,True
152_586_587_46,105,74,5,29,False,49,24,1,587,below_floor,False
1530_820_401_23,132,97,5,28,False,67,33,1,820,,True
1531_1247_568_42,120,89,5,27,False,60,30,0,568,,True
1532_820_891_18,125,91,5,28,False,61,30,1,891,,True
1533_949_777_46,122,86,5,28,False,62,31,0,949,,True
1534_698_677_46,132,99,5,30,False,60,30,0,677,,True
1535_568_42_8,157,123,5,28,False,83,41,1,568,,True
1536_1005_1090_42,107,74,5,25,False,52,26,0,1005,,True
1537_638_401_19,126,96,5,28,False,72,36,0,401,,True
1538_105_106_19,141,110,5,28,False,72,36,0,106,,True
1539_712_777_53,113,79,5,30,False,49,24,1,712,below_floor,False
153_297_84_14,115,84,5,30,False,52,26,0,297,,True
1540_447_663_23,124,94,5,26,False,70,35,0,447,,True
1541_569_647_34,104,74,5,28,False,56,28,0,569,,True
1542_568_676_23,118,88,5,30,False,66,33,0,568,,True
1543_638_712_10,184,144,5,27,False,99,49,1,712,,True
1544_105_155_10,102,72,5,28,False,51,25,1,155,,True
1545_106_1005_10,119,86,5,28,False,61,30,1,106,,True
1546_305_1073_16,108,77,5,28,False,61,30,1,1073,,True
1547_676_677_16,137,106,5,30,False,71,35,1,676,,True
1548_580_105_53,122,91,5,24,False,70,35,0,105,,True
1549_950_951_53,102,71,5,27,False,50,25,0,951,,True
154_831_424_41,139,108,5,30,False,75,37,1,831,,True
1550_42_106_23,125,90,5,28,False,64,32,0,106,,True
1551_638_569_27,132,98,5,29,False,72,36,0,569,,True
1552_155_106_16,109,79,5,27,False,54,27,0,106,,True
1553_105_425_26,114,84,5,28,False,65,32,1,105,,True
1554_560_155_50,106,70,5,29,False,63,31,1,560,,True
1555_677_299_16,149,115,5,30,False,75,37,1,299,,True
1556_227_399_33,127,90,5,28,False,69,34,1,399,,True
1557_106_41_30,111,80,5,27,False,58,29,0,106,,True
1558_1022_399_44,125,94,5,29,False,68,34,0,1022,,True
1559_604_495_50,119,86,5,28,False,66,33,0,495,,True
155_586_203_14,120,90,5,29,False,64,32,0,586,,True
1560_1249_1077_31,127,97,5,30,False,74,37,0,1077,,True
1561_1388_1273_46,120,89,5,28,False,58,29,0,1388,,True
1562_495_769_10,114,84,5,30,False,62,31,0,495,,True
1563_1028_753_12,152,120,5,25,False,80,40,0,1028,,True
1564_26_885_12,111,79,5,30,False,60,30,0,26,,True
1565_1216_314_51,121,89,5,27,False,68,34,0,1216,,True
1566_1028_1159_51,129,99,5,22,False,65,32,1,1159,,True
1567_1216_885_45,111,81,5,30,False,62,31,0,885,,True
1568_749_1028_23,104,74,5,27,False,51,25,1,749,,True
1569_917_1343_10,105,75,5,30,False,45,22,1,917,below_floor,False
156_1354_1355_27,158,126,5,26,False,94,47,0,1355,,True
1570_918_1350_10,112,81,5,30,False,67,33,1,918,,True
1571_294_885_41,110,79,5,28,False,56,28,0,885,,True
1572_749_459_20,106,76,5,29,False,54,27,0,459,,True
1573_1028_41_20,124,93,5,27,False,79,39,1,1028,,True
1574_330_576_20,135,103,5,30,False,71,35,1,330,,True
1575_1343_560_20,122,90,5,30,False,61,30,1,560,,True
1576_917_918_44,113,79,5,29,False,56,28,0,917,,True
1577_549_329_49,98,67,5,30,False,53,26,1,329,,True
1578_1012_1518_23,136,106,5,30,False,97,48,1,1012,,True
1579_749_549_29,98,68,5,29,False,54,27,0,549,,True
157_1101_1262_27,97,65,5,28,False,46,23,0,1262,below_floor,False
1580_917_329_22,96,66,5,29,False,40,20,0,917,below_floor,False
1581_1343_918_22,97,67,5,30,False,55,27,1,918,,True
1582_164_549_24,102,72,5,30,False,52,26,0,549,,True
1583_329_330_39,131,101,5,30,False,80,40,0,329,,True
1584_917_605_50,107,77,5,30,False,51,25,1,605,,True
1585_75_918_41,132,101,5,26,False,76,38,0,918,,True
1586_1343_1335_50,105,74,5,30,False,55,27,1,1335,,True
1587_549_550_41,110,80,5,30,False,61,30,1,550,,True
1588_917_647_41,109,78,5,28,False,55,27,1,647,,True
1589_25_790_6,113,83,5,30,False,55,27,1,790,,True
158_127_1014_27,125,95,5,28,False,68,34,0,127,,True
1590_329_550_34,115,83,5,30,False,61,30,1,329,,True
1591_1343_458_48,129,97,5,30,False,78,39,0,1343,,True
1592_626_647_40,117,87,5,28,False,62,31,0,626,,True
1593_25_75_36,127,97,5,29,False,73,36,1,75,,True
1594_790_834_40,137,107,5,30,False,71,35,1,834,,True
1595_329_436_40,116,86,5,30,False,64,32,0,436,,True
1596_1393_1241_16,170,127,5,29,False,88,44,0,1393,,True
1597_550_980_40,113,83,5,30,False,53,26,1,980,,True
1598_790_179_54,135,100,5,29,False,68,34,0,790,,True
1599_1278_757_9,120,75,5,30,False,49,24,1,1278,below_floor,False
159_47_926_23,106,76,5,30,False,56,28,0,47,,True
15_475_440_0,118,86,5,29,False,62,31,0,440,,True
1600_80_25_26,129,90,5,28,False,75,37,1,80,,True
1601_892_283_46,136,105,5,30,False,64,32,0,283,,True
1602_319_790_39,135,99,5,30,False,55,27,1,790,,True
1603_1002_1189_19,108,76,5,28,False,60,30,0,1189,,True
1604_757_283_19,143,101,5,30,False,62,31,0,283,,True
1605_107_108_59,109,79,5,30,False,68,34,0,107,,True
1606_251_252_29,111,81,5,30,False,52,26,0,251,,True
1607_366_795_45,118,86,5,28,False,61,30,1,795,,True
1608_561_342_50,110,78,5,28,False,62,31,0,342,,True
1609_1229_833_7,118,87,5,30,False,56,28,0,833,,True
160_844_247_34,116,86,5,28,False,55,27,1,844,,True
1610_897_256_7,107,77,5,28,False,43,21,1,897,below_floor,False
1611_626_251_60,111,80,5,28,False,59,29,1,251,,True
1612_1485_1197_2,111,80,5,27,False,62,31,0,1485,,True
1613_9_436_58,116,85,5,28,False,62,31,0,436,,True
1614_251_725_2,116,86,5,30,False,62,31,0,251,,True
1615_375_516_49,111,81,5,29,False,63,31,1,516,,True
1616_1399_89_0,168,110,5,30,False,65,32,1,89,,True
1617_521_1348_2,149,118,5,30,False,85,42,1,1348,,True
1618_545_110_57,125,87,5,30,False,65,32,1,110,,True
1619_1205_428_57,113,81,5,28,False,51,25,1,1205,,True
161_248_297_14,93,63,5,30,False,49,24,1,248,below_floor,False
1620_251_516_57,151,114,5,30,False,76,38,0,516,,True
1621_428_1002_2,109,75,5,27,False,53,26,1,1002,,True
1622_1014_107_12,91,59,5,26,False,50,25,0,107,,True
1623_1399_110_12,136,104,5,29,False,71,35,1,110,,True
1624_399_725_10,115,84,5,28,False,58,29,0,725,,True
1625_516_978_12,124,89,5,30,False,59,29,1,516,,True
1626_1448_1449_12,101,71,5,28,False,53,26,1,1448,,True
1627_1054_1307_12,90,59,5,28,False,42,21,0,1307,below_floor,False
1628_516_256_2,119,86,5,30,False,68,34,0,516,,True
1629_184_185_2,119,89,5,30,False,74,37,0,184,,True
162_203_247_23,104,74,5,29,False,53,26,1,203,,True
1630_1213_761_1,113,83,5,30,False,60,30,0,761,,True
1631_257_258_21,116,86,5,30,False,63,31,1,258,,True
1632_626_347_2,135,105,5,24,False,76,38,0,626,,True
1633_1066_207_29,96,66,5,30,False,45,22,1,1066,below_floor,False
1634_428_761_10,104,73,5,28,False,57,28,1,428,,True
1635_1213_790_29,120,90,5,30,False,57,28,1,790,,True
1636_428_184_7,108,72,5,28,False,56,28,0,428,,True
1637_1321_1322_7,104,74,5,30,False,47,23,1,1321,below_floor,False
1638_1213_1097_38,130,100,5,30,False,74,37,0,1213,,True
1639_184_166_38,116,85,5,29,False,66,33,0,184,,True
163_47_1035_42,108,76,5,29,False,56,28,0,1035,,True
1640_428_478_38,103,73,5,27,False,48,24,0,428,below_floor,False
1641_486_487_38,116,83,5,28,False,59,29,1,486,,True
1642_1160_540_32,100,70,5,30,False,59,29,1,1160,,True
1643_712_1164_27,120,87,5,29,False,59,29,1,1164,,True
1644_175_478_38,107,77,5,28,False,60,30,0,175,,True
1645_1213_753_27,117,87,5,30,False,64,32,0,753,,True
1646_254_571_56,120,88,5,28,False,60,30,0,571,,True
1647_575_545_23,101,71,5,30,False,44,22,0,545,below_floor,False
1648_907_649_23,128,97,5,29,False,77,38,1,649,,True
1649_390_480_30,106,76,5,29,False,62,31,0,390,,True
164_1124_1372_42,96,66,5,29,False,49,24,1,1372,below_floor,False
1650_432_1413_30,123,90,5,28,False,72,36,0,432,,True
1651_1331_1067_30,109,79,5,30,False,51,25,1,1067,,True
1652_462_665_51,130,96,5,27,False,66,33,0,665,,True
1653_834_545_40,129,91,5,30,False,56,28,0,834,,True
1654_895_1321_17,130,94,5,30,False,62,31,0,1321,,True
1655_1245_1246_9,117,81,5,30,False,44,22,0,1245,below_floor,False
1656_335_628_34,109,78,5,29,False,50,25,0,628,,True
1657_227_888_20,111,76,5,31,True,46,23,0,227,score_anomaly,False
1658_233_234_6,112,81,5,30,False,71,35,1,233,,True
1659_363_895_14,109,79,5,30,False,50,25,0,895,,True
165_297_247_30,105,75,5,30,False,53,26,1,297,,True
1660_107_432_2,108,76,5,30,False,62,31,0,107,,True
1661_892_824_60,111,78,5,29,False,53,26,1,892,,True
1662_136_1214_60,169,126,5,28,False,77,38,1,1214,,True
1663_182_1328_60,103,73,5,30,False,66,33,0,1328,,True
1664_481_1426_16,106,76,5,30,False,52,26,0,1426,,True
1665_1474_1340_12,126,96,5,30,False,65,32,1,1340,,True
1666_1068_1245_57,113,83,5,30,False,52,26,0,1245,,True
1667_209_462_5,163,131,5,28,False,84,42,0,209,,True
1668_564_1321_58,96,66,5,30,False,46,23,0,1321,below_floor,False
1669_882_826_58,118,86,5,30,False,59,29,1,882,,True
166_1203_1514_30,120,90,5,30,False,62,31,0,1203,,True
1670_432_1245_58,116,86,5,28,False,66,33,0,1245,,True
1671_157_895_4,117,86,5,29,False,51,25,1,895,,True
1672_614_353_4,119,87,5,30,False,53,26,1,614,,True
1673_301_1321_10,100,67,5,27,False,47,23,1,301,below_floor,False
1674_295_296_10,118,87,5,29,False,63,31,1,296,,True
1675_432_445_23,114,83,5,30,False,67,33,1,432,,True
1676_209_175_37,142,112,5,30,False,96,48,0,209,,True
1677_882_366_39,104,74,5,28,False,46,23,0,366,below_floor,False
1678_296_1245_39,121,90,5,30,False,58,29,0,1245,,True
1679_432_614_39,121,91,5,29,False,74,37,0,614,,True
167_203_1035_50,115,85,5,30,False,64,32,0,1035,,True
1680_445_888_39,112,80,5,28,False,65,32,1,445,,True
1681_311_331_32,117,86,5,30,False,57,28,1,311,,True
1682_751_1049_43,109,76,5,30,False,58,29,0,1049,,True
1683_614_1245_14,118,88,5,30,False,55,27,1,614,,True
1684_847_1123_14,111,81,5,25,False,65,32,1,1123,,True
1685_882_576_13,116,84,5,30,False,59,29,1,882,,True
1686_751_120_14,112,82,5,27,False,50,25,0,120,,True
1687_697_365_14,116,86,5,29,False,63,31,1,697,,True
1688_614_813_46,117,87,5,30,False,60,30,0,813,,True
1689_1498_1499_37,103,73,5,28,False,51,25,1,1499,,True
168_247_248_50,108,76,5,30,False,53,26,1,248,,True
1690_707_283_0,122,91,5,30,False,67,33,1,283,,True
1691_614_705_43,109,79,5,28,False,50,25,0,705,,True
1692_1344_222_36,95,62,5,30,False,45,22,1,222,below_floor,False
1693_697_565_46,121,86,5,28,False,58,29,0,565,,True
1694_223_739_36,108,78,5,30,False,52,26,0,223,,True
1695_707_365_39,106,76,5,30,False,51,25,1,365,,True
1696_1031_1021_39,122,92,5,28,False,63,31,1,1021,,True
1697_882_847_30,117,86,5,26,False,59,29,1,882,,True
1698_979_565_53,105,75,5,28,False,49,24,1,979,below_floor,False
1699_312_739_56,114,84,5,30,False,63,31,1,312,,True
169_831_774_23,162,131,5,30,False,89,44,1,774,,True
16_1184_31_42,105,73,5,17,False,49,24,1,1184,below_floor,False
1700_564_565_54,108,77,5,30,False,58,29,0,565,,True
1701_365_366_54,113,83,5,28,False,51,25,1,365,,True
1702_565_443_54,110,79,5,28,False,51,25,1,443,,True
1703_564_847_56,97,67,5,29,False,51,25,1,847,,True
1704_1164_347_9,110,80,5,29,False,62,31,0,1164,,True
1705_421_847_40,122,89,5,26,False,54,27,0,847,,True
1706_365_226_53,120,89,5,30,False,68,34,0,226,,True
1707_809_1495_53,104,73,5,29,False,59,29,1,1495,,True
1708_656_847_27,120,90,5,28,False,66,33,0,847,,True
1709_731_732_51,107,76,5,27,False,58,29,0,732,,True
170_247_112_23,98,68,5,28,False,50,25,0,247,,True
1710_765_766_40,123,93,5,30,False,61,30,1,766,,True
1711_107_365_40,114,83,5,29,False,60,30,0,107,,True
1712_1223_986_4,126,96,5,30,False,72,36,0,986,,True
1713_847_1178_4,102,72,5,28,False,53,26,1,1178,,True
1714_877_589_0,113,83,5,30,False,54,27,0,589,,True
1715_179_100_39,109,79,5,28,False,45,22,1,100,below_floor,False
1716_1435_651_52,114,81,5,28,False,59,29,1,1435,,True
1717_766_762_2,119,89,5,30,False,68,34,0,766,,True
1718_100_847_2,116,84,5,28,False,50,25,0,100,,True
1719_366_548_54,111,79,5,28,False,56,28,0,548,,True
171_248_506_23,111,81,5,27,False,62,31,0,506,,True
1720_60_61_54,137,95,5,27,False,69,34,1,61,,True
1721_846_847_57,114,79,5,27,False,52,26,0,847,,True
1722_1367_1368_52,114,84,5,30,False,61,30,1,1368,,True
1723_239_1178_24,146,103,5,28,False,70,35,0,1178,,True
1724_109_402_58,118,82,5,30,False,54,27,0,109,,True
1725_442_64_34,129,95,5,25,False,72,36,0,64,,True
1726_1004_1104_26,110,79,5,29,False,58,29,0,1104,,True
1727_1151_667_34,145,109,5,30,False,86,43,0,667,,True
1728_239_1068_58,111,81,5,28,False,66,33,0,239,,True
1729_8_9_44,147,104,5,26,True,66,33,0,9,score_anomaly,False
172_822_835_18,107,75,5,28,False,59,29,1,822,,True
1730_1172_1096_28,143,106,5,28,False,87,43,1,1096,,True
1731_1178_448_54,166,131,5,28,False,92,46,0,1178,,True
1732_1164_1137_6,135,101,5,28,False,75,37,1,1137,,True
1733_1077_675_10,194,143,5,30,False,105,52,1,1077,,True
1734_1096_461_30,218,169,5,27,False,125,62,1,1096,,True
1735_184_1178_27,127,91,5,24,False,65,32,1,184,,True
1736_632_312_14,163,132,5,30,False,91,45,1,312,,True
1737_374_375_47,134,99,5,28,False,73,36,1,374,,True
1738_897_1241_2,121,91,5,30,False,68,34,0,1241,,True
1739_711_75_17,139,106,5,28,False,66,33,0,711,,True
173_203_248_35,154,122,5,30,False,88,44,0,248,,True
1740_897_461_24,113,83,5,30,False,58,29,0,897,,True
1741_1241_374_41,124,94,5,27,False,68,34,0,1241,,True
1742_375_403_24,105,74,5,30,False,53,26,1,403,,True
1743_897_375_43,102,72,5,30,False,53,26,1,375,,True
1744_403_1241_42,119,87,5,30,False,59,29,1,403,,True
1745_164_178_41,98,67,5,30,False,49,24,1,178,below_floor,False
1746_1491_111_11,102,71,5,28,False,50,25,0,1491,,True
1747_330_110_7,127,96,5,30,False,70,35,0,110,,True
1748_757_892_16,120,85,5,30,False,55,27,1,892,,True
1749_283_178_39,123,92,5,30,False,61,30,1,178,,True
174_774_1035_35,139,109,5,30,False,84,42,0,1035,,True
1750_26_845_12,114,84,5,30,False,54,27,0,26,,True
1751_1161_1162_22,124,93,5,28,False,70,35,0,1161,,True
1752_330_1014_22,154,115,5,27,False,75,37,1,1014,,True
1753_110_111_11,110,80,5,28,False,50,25,0,110,,True
1754_25_26_11,102,72,5,28,False,49,24,1,26,below_floor,False
1755_757_548_11,129,84,5,30,False,54,27,0,548,,True
1756_25_402_6,128,89,5,28,False,72,36,0,25,,True
1757_809_757_51,122,90,5,28,False,59,29,1,809,,True
1758_900_569_46,107,77,5,28,False,55,27,1,900,,True
1759_1160_809_41,105,74,5,29,False,57,28,1,1160,,True
175_822_831_18,136,104,5,30,False,76,38,0,822,,True
1760_367_1256_6,117,82,5,30,False,55,27,1,1256,,True
1761_402_399_18,120,89,5,30,False,63,31,1,402,,True
1762_319_111_60,132,102,5,27,False,69,34,1,319,,True
1763_495_496_39,140,91,5,25,False,66,33,0,495,,True
1764_1164_263_34,102,72,5,28,False,50,25,0,263,,True
1765_884_375_5,174,127,5,29,False,92,46,0,375,,True
1766_258_1193_10,124,82,5,30,False,55,27,1,1193,,True
1767_519_1129_46,133,93,5,30,False,69,34,1,1129,,True
1768_374_1106_2,128,90,5,28,False,60,30,0,1106,,True
1769_665_519_6,146,100,5,27,False,70,35,0,665,,True
176_972_656_39,169,139,5,30,False,107,53,1,656,,True
1770_304_444_11,100,70,5,29,False,48,24,0,444,below_floor,False
1771_259_1103_57,106,73,5,29,False,60,30,0,1103,,True
1772_674_963_43,109,79,5,30,False,53,26,1,963,,True
1773_12_925_21,108,78,5,30,False,52,26,0,925,,True
1774_1392_126_35,125,94,5,25,False,67,33,1,1392,,True
1775_833_1399_40,117,85,5,30,False,62,31,0,833,,True
1776_674_519_59,130,88,5,30,False,62,31,0,674,,True
1777_544_136_9,100,70,5,30,False,52,26,0,136,,True
1778_665_673_40,130,92,5,28,False,64,32,0,665,,True
1779_544_545_48,100,70,5,30,False,50,25,0,545,,True
177_1227_1068_2,116,85,5,28,False,59,29,1,1068,,True
1780_1096_463_12,131,100,5,30,False,79,39,1,1096,,True
1781_469_1345_2,115,84,5,27,False,52,26,0,1345,,True
1782_673_674_2,103,73,5,30,False,47,23,1,674,below_floor,False
1783_1008_431_37,126,96,5,30,False,67,33,1,431,,True
1784_626_544_38,124,91,5,28,False,66,33,0,626,,True
1785_674_979_47,97,67,5,28,False,49,24,1,674,below_floor,False
1786_1138_1543_47,122,91,5,30,False,60,30,0,1138,,True
1787_1096_9_37,119,89,5,28,False,63,31,1,1096,,True
1788_979_1399_47,101,70,5,30,False,50,25,0,979,,True
1789_1107_1108_13,127,97,5,30,False,67,33,1,1107,,True
178_507_437_46,88,58,5,28,False,48,24,0,507,below_floor,False
1790_812_521_36,145,114,5,27,False,75,37,1,812,,True
1791_1096_858_22,124,91,5,30,False,65,32,1,1096,,True
1792_832_553_11,136,106,5,30,False,74,37,0,832,,True
1793_1075_1492_11,107,77,5,29,False,54,27,0,1492,,True
1794_544_1075_47,91,61,5,28,False,39,19,1,544,below_floor,False
1795_101_102_54,100,68,5,28,False,50,25,0,102,,True
1796_1067_834_9,100,70,5,30,False,52,26,0,834,,True
1797_1197_1075_2,111,80,5,28,False,51,25,1,1075,,True
1798_832_833_54,117,87,5,27,False,58,29,0,833,,True
1799_350_1075_29,123,93,5,28,False,57,28,1,350,,True
179_506_1203_23,115,85,5,28,False,68,34,0,506,,True
17_439_1116_57,116,85,5,28,False,64,32,0,439,,True
1800_1534_1222_29,128,97,5,30,False,76,38,0,1534,,True
1801_1482_135_58,108,78,5,30,False,50,25,0,135,,True
1802_1533_1163_17,96,65,5,29,False,49,24,1,1163,below_floor,False
1803_1197_304_54,126,89,5,28,False,56,28,0,304,,True
1804_135_136_54,125,94,5,29,False,57,28,1,136,,True
1805_1075_925_48,111,81,5,26,False,61,30,1,1075,,True
1806_837_833_25,114,84,5,30,False,62,31,0,833,,True
1807_490_1266_25,126,95,5,28,False,63,31,1,1266,,True
1808_995_996_55,108,78,5,30,False,49,24,1,995,below_floor,False
1809_1313_716_45,116,85,5,26,False,65,32,1,1313,,True
180_830_1097_39,138,107,5,30,False,77,38,1,830,,True
1810_136_895_30,129,98,5,30,False,61,30,1,895,,True
1811_182_183_12,105,75,5,30,False,60,30,0,183,,True
1812_624_1371_57,108,75,5,30,False,56,28,0,1371,,True
1813_481_482_57,98,68,5,30,False,46,23,0,481,below_floor,False
1814_1222_1054_25,105,75,5,28,False,67,33,1,1054,,True
1815_1194_1195_34,116,86,5,29,False,61,30,1,1195,,True
1816_1311_1312_34,119,89,5,30,False,66,33,0,1312,,True
1817_35_36_58,96,66,5,28,False,46,23,0,35,below_floor,False
1818_1185_132_1,111,70,5,28,False,46,23,0,132,below_floor,False
1819_87_132_10,104,74,5,30,False,47,23,1,132,below_floor,False
181_822_774_39,143,111,5,27,False,74,37,0,822,,True
1820_1222_183_58,102,71,5,26,False,54,27,0,183,,True
1821_701_702_57,112,75,5,30,False,49,24,1,702,below_floor,False
1822_1266_132_45,128,97,5,29,False,65,32,1,132,,True
1823_178_1222_11,95,65,5,29,False,52,26,0,178,,True
1824_352_353_36,109,78,5,25,False,59,29,1,352,,True
1825_879_880_32,92,60,5,29,False,47,23,1,880,below_floor,False
1826_1279_1280_32,128,97,5,30,False,65,32,1,1279,,True
1827_1222_447_32,109,79,5,26,False,61,30,1,447,,True
1828_739_1266_54,126,96,5,30,False,72,36,0,739,,True
1829_88_521_32,96,66,5,30,False,42,21,0,88,below_floor,False
182_506_507_50,92,60,5,27,False,47,23,1,507,below_floor,False
1830_986_791_53,115,83,5,30,False,65,32,1,791,,True
1831_1539_1540_35,110,79,5,28,False,54,27,0,1539,,True
1832_447_448_35,132,101,5,30,False,66,33,0,447,,True
1833_132_589_32,129,90,5,30,False,64,32,0,132,,True
1834_826_199_39,107,76,5,25,False,50,25,0,199,,True
1835_288_621_31,100,69,5,28,False,46,23,0,288,below_floor,False
1836_1166_1167_8,107,76,5,30,False,53,26,1,1166,,True
1837_960_667_14,113,80,5,28,False,57,28,1,960,,True
1838_396_397_9,144,109,5,28,False,80,40,0,397,,True
1839_969_528_44,127,87,5,28,False,64,32,0,969,,True
183_1284_631_4,131,100,5,30,False,78,39,0,1284,,True
1840_645_58_23,112,82,5,30,False,61,30,1,645,,True
1841_29_1217_25,112,82,5,28,False,57,28,1,1217,,True
1842_304_305_30,106,75,5,27,False,63,31,1,305,,True
1843_846_645_53,100,67,5,30,False,44,22,0,645,below_floor,False
1844_480_716_40,121,91,5,29,False,71,35,1,716,,True
1845_88_305_35,112,77,5,29,False,55,27,1,305,,True
1846_645_199_43,100,70,5,26,False,46,23,0,199,below_floor,False
1847_1179_754_1,121,85,5,29,False,66,33,0,754,,True
1848_1340_833_10,138,101,5,30,False,68,34,0,833,,True
1849_199_58_10,106,75,5,27,False,52,26,0,199,,True
184_776_1105_4,122,91,5,27,False,69,34,1,776,,True
1850_620_95_34,123,93,5,29,False,64,32,0,620,,True
1851_645_646_10,115,85,5,30,False,60,30,0,646,,True
1852_717_708_36,133,97,5,27,False,66,33,0,717,,True
1853_1054_305_58,119,81,5,24,False,62,31,0,305,,True
1854_58_906_58,127,96,5,30,False,61,30,1,58,,True
1855_199_95_58,113,83,5,26,False,58,29,0,199,,True
1856_765_667_2,119,89,5,30,False,53,26,1,667,,True
1857_922_1207_36,107,76,5,27,False,56,28,0,922,,True
1858_906_1034_36,117,86,5,30,False,66,33,0,906,,True
1859_341_59_42,136,104,5,30,False,63,31,1,341,,True
185_507_822_44,125,93,5,28,False,65,32,1,822,,True
1860_171_310_10,123,92,5,28,False,70,35,0,171,,True
1861_665_1004_2,110,75,5,27,False,54,27,0,665,,True
1862_1054_341_2,106,76,5,28,False,50,25,0,341,,True
1863_1068_709_28,108,78,5,30,False,60,30,0,709,,True
1864_58_59_36,113,83,5,26,False,55,27,1,59,,True
1865_940_1192_12,127,97,5,29,False,60,30,0,940,,True
1866_709_561_2,106,76,5,27,False,60,30,0,709,,True
1867_754_171_36,127,84,5,26,False,53,26,1,171,,True
1868_370_1359_36,123,92,5,29,False,67,33,1,370,,True
1869_58_341_12,145,113,5,30,False,72,36,0,58,,True
186_463_464_7,123,92,5,30,False,70,35,0,464,,True
1870_95_370_2,103,72,5,30,False,50,25,0,370,,True
1871_239_240_28,94,62,5,28,False,48,24,0,239,below_floor,False
1872_711_712_42,139,106,5,25,False,72,36,0,711,,True
1873_370_341_55,111,79,5,30,False,55,27,1,341,,True
1874_762_370_52,131,101,5,26,False,72,36,0,370,,True
1875_240_1168_0,125,95,5,27,False,75,37,1,240,,True
1876_664_665_12,127,94,5,30,False,74,37,0,665,,True
1877_711_341_55,132,100,5,28,False,65,32,1,341,,True
1878_1480_1481_55,113,83,5,30,False,55,27,1,1481,,True
1879_716_717_10,126,95,5,26,False,65,32,1,717,,True
187_438_496_7,109,79,5,28,False,63,31,1,438,,True
1880_1095_814_6,109,77,5,27,False,49,24,1,814,below_floor,False
1881_88_1054_49,93,62,5,27,False,44,22,0,88,below_floor,False
1882_1168_1259_53,115,85,5,28,False,51,25,1,1168,,True
1883_717_1163_53,138,107,5,29,False,79,39,1,717,,True
1884_1073_239_27,112,81,5,26,False,67,33,1,1073,,True
1885_716_120_53,171,124,5,29,True,74,37,0,120,score_anomaly,False
1886_716_495_12,156,122,5,28,False,69,34,1,716,,True
1887_625_948_27,132,101,5,28,False,65,32,1,625,,True
1888_753_948_6,132,102,5,29,False,71,35,1,948,,True
1889_948_624_27,98,68,5,30,False,51,25,1,948,,True
188_437_774_6,98,67,5,27,False,47,23,1,437,below_floor,False
1890_625_163_27,123,93,5,30,False,67,33,1,625,,True
1891_1212_808_14,114,83,5,30,False,56,28,0,1212,,True
1892_729_730_41,115,85,5,28,False,63,31,1,729,,True
1893_948_163_41,118,87,5,29,False,63,31,1,163,,True
1894_624_625_41,118,88,5,30,False,65,32,1,625,,True
1895_738_881_25,100,70,5,30,False,56,28,0,881,,True
1896_1015_44_39,100,69,5,29,False,44,22,0,44,below_floor,False
1897_163_624_12,105,74,5,30,False,56,28,0,163,,True
1898_948_663_39,119,88,5,29,False,68,34,0,948,,True
1899_625_808_49,106,76,5,30,False,51,25,1,625,,True
189_631_438_7,126,96,5,30,False,76,38,0,438,,True
18_219_679_57,106,76,5,30,False,63,31,1,679,,True
1900_738_729_39,106,76,5,29,False,54,27,0,738,,True
1901_163_164_7,99,69,5,30,False,50,25,0,163,,True
1902_624_881_55,119,87,5,30,False,63,31,1,624,,True
1903_1212_44_39,135,100,5,27,False,64,32,0,44,,True
1904_491_724_26,118,86,5,30,False,58,29,0,491,,True
1905_1015_808_55,96,66,5,30,False,46,23,0,808,below_floor,False
1906_625_881_26,114,81,5,29,False,63,31,1,881,,True
1907_294_44_20,145,113,5,30,False,80,40,0,44,,True
1908_43_165_20,96,66,5,28,False,47,23,1,43,below_floor,False
1909_1015_881_20,101,71,5,30,False,47,23,1,1015,below_floor,False
190_318_319_15,108,78,5,29,False,61,30,1,319,,True
1910_1212_881_22,101,71,5,29,False,54,27,0,881,,True
1911_1015_43_52,89,58,5,28,False,42,21,0,43,below_floor,False
1912_165_508_20,107,76,5,28,False,55,27,1,508,,True
1913_663_1160_26,125,92,5,30,False,69,34,1,663,,True
1914_43_1212_56,96,66,5,26,False,47,23,1,1212,below_floor,False
1915_1015_1212_12,97,67,5,27,False,42,21,0,1212,below_floor,False
1916_43_44_12,100,69,5,28,False,55,27,1,44,,True
1917_165_166_12,120,90,5,28,False,67,33,1,166,,True
1918_663_43_53,116,84,5,26,False,60,30,0,43,,True
1919_44_1160_53,110,79,5,27,False,58,29,0,44,,True
191_437_438_38,109,79,5,27,False,56,28,0,438,,True
1920_1009_1010_45,116,86,5,26,False,60,30,0,1010,,True
1921_1219_1020_45,126,95,5,30,False,61,30,1,1219,,True
1922_386_387_45,163,128,5,28,False,87,43,1,386,,True
1923_125_176_40,116,82,5,26,False,58,29,0,125,,True
1924_518_1248_41,178,145,5,27,False,97,48,1,1248,,True
1925_795_165_32,111,80,5,28,False,62,31,0,165,,True
1926_166_1009_41,113,82,5,28,False,57,28,1,1009,,True
1927_1147_131_34,153,117,5,30,False,82,41,0,1147,,True
1928_977_1219_22,99,68,5,25,False,47,23,1,1219,below_floor,False
1929_750_345_11,139,103,5,30,False,69,34,1,750,,True
192_597_822_53,138,104,5,28,False,71,35,1,597,,True
1930_518_165_13,123,90,5,28,False,71,35,1,518,,True
1931_131_132_13,122,85,5,30,False,59,29,1,132,,True
1932_1219_260_22,114,84,5,28,False,53,26,1,1219,,True
1933_518_260_31,123,93,5,30,False,69,34,1,260,,True
1934_518_519_22,123,90,5,29,False,64,32,0,518,,True
1935_263_750_46,131,94,5,27,False,64,32,0,263,,True
1936_1138_334_36,123,86,5,26,False,62,31,0,334,,True
1937_876_374_0,127,89,5,28,True,61,30,1,374,score_anomaly,False
1938_136_750_45,142,108,5,30,False,68,34,0,136,,True
1939_88_89_53,113,76,5,28,False,48,24,0,88,below_floor,False
193_32_1452_34,119,88,5,28,False,64,32,0,1452,,True
1940_387_256_13,125,94,5,28,False,73,36,1,387,,True
1941_101_61_51,115,83,5,28,False,50,25,0,61,,True
1942_603_566_24,98,68,5,30,False,57,28,1,603,,True
1943_388_429_24,135,105,5,30,False,74,37,0,388,,True
1944_1067_717_54,121,89,5,30,False,53,26,1,717,,True
1945_167_168_10,163,132,5,29,False,80,40,0,167,,True
1946_1286_814_32,108,78,5,29,False,54,27,0,814,,True
1947_204_704_32,103,73,5,28,False,56,28,0,204,,True
1948_178_139_32,101,70,5,30,False,50,25,0,178,,True
1949_169_170_32,117,86,5,28,False,54,27,0,169,,True
194_776_774_7,117,87,5,30,False,62,31,0,774,,True
1950_540_262_41,118,87,5,29,False,62,31,0,262,,True
1951_603_1197_35,114,81,5,27,False,57,28,1,603,,True
1952_1253_204_12,127,96,5,24,False,69,34,1,204,,True
1953_694_255_5,209,168,5,30,False,104,52,0,694,,True
1954_702_364_57,121,91,5,29,False,63,31,1,702,,True
1955_646_1073_36,146,115,5,27,False,81,40,1,1073,,True
1956_46_599_50,147,96,5,19,False,60,30,0,599,,True
1957_490_491_45,113,83,5,29,False,64,32,0,491,,True
1958_602_480_9,142,109,5,30,False,73,36,1,480,,True
1959_1127_1128_16,133,100,5,30,False,73,36,1,1127,,True
195_156_157_30,114,84,5,28,False,62,31,0,157,,True
1960_491_662_5,104,74,5,30,False,46,23,0,491,below_floor,False
1961_185_1214_10,119,89,5,30,False,72,36,0,1214,,True
1962_491_754_1,124,83,5,29,False,51,25,1,754,,True
1963_1138_185_41,112,78,5,30,False,63,31,1,1138,,True
1964_602_762_23,128,96,5,29,False,57,28,1,602,,True
1965_526_313_58,98,68,5,30,False,41,20,1,313,below_floor,False
1966_761_366_10,102,72,5,28,False,50,25,0,761,,True
1967_666_515_12,110,78,5,30,False,56,28,0,515,,True
1968_255_30_5,179,133,5,29,False,92,46,0,255,,True
1969_312_313_28,143,109,5,30,False,81,40,1,313,,True
196_656_631_39,159,126,5,30,False,79,39,1,631,,True
1970_628_313_0,150,104,5,27,False,65,32,1,313,,True
1971_762_540_1,155,101,5,30,False,74,37,0,762,,True
1972_269_82_57,125,78,5,29,False,52,26,0,269,,True
1973_82_885_10,120,89,5,30,False,60,30,0,885,,True
1974_1526_825_50,109,77,5,28,False,63,31,1,825,,True
1975_1043_343_7,116,85,5,28,False,61,30,1,343,,True
1976_76_77_7,125,86,5,29,False,56,28,0,76,,True
1977_131_120_22,103,73,5,30,False,48,24,0,120,below_floor,False
1978_825_209_22,116,85,5,28,False,54,27,0,209,,True
1979_955_956_47,98,68,5,30,False,54,27,0,956,,True
197_1035_437_2,116,86,5,30,False,72,36,0,1035,,True
1980_372_373_10,102,72,5,30,False,46,23,0,373,below_floor,False
1981_960_888_25,102,70,5,27,False,49,24,1,960,below_floor,False
1982_766_618_52,109,77,5,28,False,57,28,1,766,,True
1983_120_969_47,97,67,5,28,False,49,24,1,969,below_floor,False
1984_1302_1303_44,106,73,5,28,False,64,32,0,1303,,True
1985_649_397_40,116,86,5,28,False,67,33,1,649,,True
1986_137_138_38,106,75,5,25,False,61,30,1,138,,True
1987_662_209_1,116,84,5,30,False,58,29,0,209,,True
1988_611_1299_1,116,84,5,26,False,57,28,1,611,,True
1989_1401_160_12,109,79,5,30,False,55,27,1,160,,True
198_774_1203_6,120,89,5,29,False,64,32,0,1203,,True
1990_373_1023_44,124,93,5,27,False,63,31,1,1023,,True
1991_648_649_36,130,100,5,26,False,64,32,0,648,,True
1992_109_825_58,114,84,5,29,False,53,26,1,825,,True
1993_541_542_55,111,81,5,28,False,63,31,1,542,,True
1994_825_826_55,108,77,5,30,False,60,30,0,825,,True
1995_584_427_37,108,77,5,27,False,52,26,0,427,,True
1996_255_648_59,126,95,5,27,False,50,25,0,648,,True
1997_1163_825_53,96,66,5,30,False,49,24,1,825,below_floor,False
1998_632_169_28,135,105,5,30,False,56,28,0,632,,True
1999_739_1163_35,102,70,5,30,False,52,26,0,739,,True
199_776_157_51,114,83,5,26,False,66,33,0,157,,True
19_1020_680_18,130,100,5,30,False,70,35,0,1020,,True
1_156_506_22,126,94,5,28,False,71,35,1,156,,True
2000_255_256_23,127,97,5,28,False,63,31,1,255,,True
2001_1163_542_2,127,93,5,29,False,72,36,0,1163,,True
2002_1123_255_14,125,93,5,26,False,62,31,0,255,,True
2003_1060_1507_33,132,100,5,26,False,76,38,0,1060,,True
2004_1073_1060_16,112,82,5,27,False,52,26,0,1060,,True
2005_121_72_16,119,86,5,27,False,61,30,1,121,,True
2006_167_1060_50,116,86,5,30,False,62,31,0,1060,,True
2007_160_651_15,120,87,5,27,False,62,31,0,160,,True
2008_564_72_9,109,79,5,29,False,60,30,0,72,,True
2009_121_122_15,110,79,5,26,False,51,25,1,122,,True
200_985_609_51,102,71,5,30,False,55,27,1,609,,True
2010_651_441_15,122,90,5,29,False,64,32,0,651,,True
2011_1366_250_6,157,127,5,30,False,81,40,1,1366,,True
2012_94_378_43,121,90,5,28,False,67,33,1,94,,True
2013_46_121_56,113,83,5,28,False,54,27,0,121,,True
2014_1167_1350_20,115,81,5,30,False,56,28,0,1167,,True
2015_71_1261_20,122,90,5,30,False,63,31,1,71,,True
2016_1329_145_6,122,91,5,29,False,68,34,0,145,,True
2017_378_397_6,114,84,5,28,False,53,26,1,397,,True
2018_46_118_6,108,76,5,28,False,54,27,0,118,,True
2019_94_823_6,124,92,5,28,False,58,29,0,94,,True
201_475_31_7,112,82,5,30,False,56,28,0,475,,True
2020_46_109_55,108,78,5,29,False,48,24,0,109,below_floor,False
2021_378_379_23,115,85,5,27,False,62,31,0,378,,True
2022_94_305_37,114,82,5,29,False,60,30,0,305,,True
2023_1325_1326_43,104,74,5,30,False,46,23,0,1326,below_floor,False
2024_160_102_51,131,97,5,30,False,69,34,1,160,,True
2025_1484_572_47,106,75,5,28,False,53,26,1,572,,True
2026_131_379_47,112,80,5,28,False,55,27,1,379,,True
2027_94_95_47,104,74,5,30,False,52,26,0,94,,True
2028_667_160_44,112,82,5,28,False,64,32,0,160,,True
2029_396_300_25,139,104,5,30,False,74,37,0,396,,True
202_608_219_7,116,85,5,30,False,72,36,0,219,,True
2030_508_491_12,108,78,5,30,False,55,27,1,508,,True
2031_577_348_30,137,106,5,29,False,83,41,1,577,,True
2032_883_817_3,126,95,5,30,False,58,29,0,817,,True
2033_314_508_37,126,96,5,30,False,65,32,1,508,,True
2034_931_932_37,152,118,5,28,False,73,36,1,932,,True
2035_396_576_37,102,72,5,30,False,53,26,1,396,,True
2036_330_300_6,142,108,5,30,False,79,39,1,300,,True
2037_883_576_46,104,73,5,30,False,49,24,1,576,below_floor,False
2038_346_532_37,114,83,5,30,False,51,25,1,532,,True
2039_576_577_26,120,90,5,30,False,67,33,1,577,,True
203_437_475_7,103,73,5,30,False,63,31,1,475,,True
2040_808_809_55,99,68,5,30,False,48,24,0,808,below_floor,False
2041_1142_1143_33,109,78,5,24,False,54,27,0,1143,,True
2042_883_808_46,118,88,5,30,False,65,32,1,808,,True
2043_817_809_6,99,69,5,29,False,48,24,0,809,below_floor,False
2044_1142_346_18,113,81,5,28,False,60,30,0,1142,,True
2045_1143_532_18,120,90,5,30,False,60,30,0,1143,,True
2046_817_346_35,110,76,5,30,False,51,25,1,817,,True
2047_102_532_44,129,99,5,29,False,66,33,0,102,,True
2048_1219_346_7,111,77,5,30,False,63,31,1,1219,,True
2049_817_818_10,109,79,5,29,False,52,26,0,817,,True
204_219_1203_7,105,75,5,30,False,56,28,0,1203,,True
2050_387_883_10,106,75,5,26,False,53,26,1,387,,True
2051_815_635_10,134,104,5,30,False,72,36,0,815,,True
2052_346_347_46,121,91,5,30,False,72,36,0,346,,True
2053_1219_532_9,136,106,5,29,False,69,34,1,1219,,True
2054_635_818_9,132,102,5,29,False,74,37,0,818,,True
2055_346_815_41,120,89,5,30,False,64,32,0,346,,True
2056_29_30_53,109,79,5,27,False,59,29,1,29,,True
2057_694_532_5,131,100,5,29,False,66,33,0,532,,True
2058_977_815_5,117,87,5,28,False,59,29,1,815,,True
2059_125_126_34,120,89,5,28,False,58,29,0,125,,True
205_507_776_5,86,56,5,28,False,41,20,1,776,below_floor,False
2060_635_111_34,115,85,5,29,False,61,30,1,635,,True
2061_977_126_37,117,87,5,29,False,68,34,0,977,,True
2062_111_694_45,141,107,5,28,False,73,36,1,111,,True
2063_1159_118_45,116,86,5,28,False,65,32,1,1159,,True
2064_600_1057_45,133,100,5,30,False,67,33,1,600,,True
2065_635_649_29,136,104,5,28,False,77,38,1,635,,True
2066_889_268_44,125,94,5,30,False,61,30,1,889,,True
2067_126_600_52,135,105,5,25,False,67,33,1,600,,True
2068_1074_694_35,187,148,5,24,False,97,48,1,694,,True
2069_268_29_0,139,105,5,29,False,64,32,0,268,,True
206_816_1173_1,132,102,5,28,False,72,36,0,816,,True
2070_125_635_6,142,101,5,27,False,72,36,0,125,,True
2071_347_889_0,150,116,5,28,False,77,38,1,889,,True
2072_29_126_37,151,121,5,26,False,78,39,0,29,,True
2073_268_269_11,102,72,5,29,False,50,25,0,268,,True
2074_259_260_40,114,84,5,28,False,55,27,1,260,,True
2075_1208_1209_40,110,78,5,28,False,55,27,1,1209,,True
2076_297_207_50,97,66,5,30,False,48,24,0,207,below_floor,False
2077_268_600_50,127,95,5,29,False,65,32,1,600,,True
2078_890_843_25,98,68,5,30,False,50,25,0,890,,True
2079_260_297_55,102,72,5,30,False,50,25,0,260,,True
207_475_219_40,113,81,5,30,False,66,33,0,219,,True
2080_1060_29_9,156,121,5,29,False,81,40,1,29,,True
2081_268_890_9,115,83,5,28,False,55,27,1,268,,True
2082_256_61_54,167,128,5,28,False,88,44,0,256,,True
2083_1243_1244_54,126,93,5,28,False,65,32,1,1244,,True
2084_890_262_54,122,92,5,28,False,63,31,1,262,,True
2085_388_1197_32,112,82,5,30,False,55,27,1,388,,True
2086_269_12_50,126,93,5,30,False,60,30,0,269,,True
2087_167_388_9,127,95,5,30,False,72,36,0,388,,True
2088_582_725_10,98,68,5,30,False,49,24,1,725,below_floor,False
2089_262_263_60,114,82,5,30,False,57,28,1,263,,True
208_507_656_29,111,81,5,30,False,68,34,0,507,,True
2090_335_170_29,112,82,5,30,False,57,28,1,170,,True
2091_141_142_29,124,94,5,29,False,62,31,0,141,,True
2092_936_706_29,127,97,5,30,False,79,39,1,706,,True
2093_882_1254_56,106,74,5,26,False,56,28,0,1254,,True
2094_516_407_34,117,87,5,26,False,61,30,1,516,,True
2095_335_553_50,115,84,5,30,False,59,29,1,553,,True
2096_1191_520_50,112,81,5,30,False,66,33,0,1191,,True
2097_520_521_59,135,97,5,30,False,57,28,1,520,,True
2098_990_752_23,107,76,5,30,False,54,27,0,752,,True
2099_520_572_23,117,87,5,28,False,66,33,0,572,,True
209_31_32_15,136,106,5,26,False,73,36,1,31,,True
20_1076_1157_32,155,125,5,29,False,94,47,0,1157,,True
2100_515_582_1,104,72,5,30,False,51,25,1,515,,True
2101_1282_842_1,95,65,5,30,False,44,22,0,1282,below_floor,False
2102_1282_872_27,110,78,5,28,False,57,28,1,872,,True
2103_520_427_27,109,79,5,28,False,66,33,0,427,,True
2104_313_167_55,113,80,5,30,False,59,29,1,167,,True
2105_1383_73_55,124,92,5,28,False,56,28,0,1383,,True
2106_4_5_55,120,87,5,25,False,64,32,0,4,,True
2107_648_520_58,119,89,5,28,False,59,29,1,520,,True
2108_1282_752_58,112,82,5,30,False,63,31,1,1282,,True
2109_611_601_36,105,75,5,26,False,60,30,0,601,,True
210_281_218_27,118,87,5,28,False,62,31,0,218,,True
2110_1229_814_2,105,74,5,28,False,50,25,0,814,,True
2111_313_335_56,106,76,5,30,False,49,24,1,313,below_floor,False
2112_601_602_2,115,85,5,28,False,66,33,0,602,,True
2113_24_1397_29,120,89,5,30,False,72,36,0,24,,True
2114_170_601_50,116,83,5,29,False,62,31,0,601,,True
2115_813_814_43,104,74,5,28,False,52,26,0,814,,True
2116_613_109_8,106,76,5,30,False,47,23,1,613,below_floor,False
2117_24_4_28,111,81,5,28,False,56,28,0,4,,True
2118_728_195_49,108,77,5,29,False,56,28,0,195,,True
2119_4_1073_49,120,87,5,29,False,71,35,1,1073,,True
211_475_816_40,120,90,5,30,False,64,32,0,816,,True
2120_170_1311_8,117,86,5,30,False,55,27,1,170,,True
2121_24_539_49,120,88,5,29,False,62,31,0,539,,True
2122_702_990_1,113,83,5,30,False,52,26,0,990,,True
2123_826_444_50,127,95,5,26,False,74,37,0,444,,True
2124_349_1414_50,131,97,5,30,False,73,36,1,349,,True
2125_804_91_50,111,79,5,30,False,60,30,0,804,,True
2126_335_613_28,111,81,5,30,False,51,25,1,613,,True
2127_662_349_12,110,77,5,30,False,58,29,0,662,,True
2128_826_933_54,114,83,5,25,False,66,33,0,933,,True
2129_804_521_23,104,74,5,30,False,51,25,1,804,,True
212_219_816_42,117,87,5,30,False,65,32,1,816,,True
2130_182_1313_57,97,66,5,30,False,50,25,0,1313,,True
2131_629_472_29,103,73,5,30,False,51,25,1,629,,True
2132_804_511_29,126,95,5,29,False,62,31,0,511,,True
2133_1130_1466_29,118,87,5,30,False,58,29,0,1130,,True
2134_490_933_5,115,83,5,30,False,61,30,1,933,,True
2135_1289_572_9,101,71,5,28,False,54,27,0,572,,True
2136_985_472_7,115,84,5,30,False,53,26,1,472,,True
2137_572_379_7,116,81,5,28,False,61,30,1,379,,True
2138_49_300_55,130,100,5,29,False,73,36,1,300,,True
2139_708_922_41,108,78,5,29,False,62,31,0,708,,True
213_475_218_42,112,80,5,25,False,56,28,0,218,,True
2140_62_63_41,165,135,5,30,False,98,49,0,62,,True
2141_708_347_29,119,88,5,28,False,59,29,1,347,,True
2142_922_729_41,110,79,5,27,False,54,27,0,729,,True
2143_708_300_41,121,90,5,30,False,63,31,1,300,,True
2144_1078_406_41,130,98,5,27,False,76,38,0,406,,True
2145_62_600_41,118,87,5,28,False,59,29,1,600,,True
2146_406_724_41,120,87,5,29,False,64,32,0,406,,True
2147_878_1453_41,144,112,5,28,False,67,33,1,1453,,True
2148_1078_605_51,119,86,5,28,False,60,30,0,605,,True
2149_706_724_59,114,83,5,28,False,60,30,0,724,,True
214_535_939_50,107,76,5,27,False,56,28,0,939,,True
2150_406_729_51,103,73,5,28,False,54,27,0,406,,True
2151_62_878_59,103,73,5,28,False,53,26,1,62,,True
2152_13_154_59,107,72,5,25,False,57,28,1,13,,True
2153_348_125_46,112,81,5,28,False,64,32,0,125,,True
2154_604_729_10,115,83,5,28,False,58,29,0,604,,True
2155_469_345_38,127,97,5,29,False,61,30,1,469,,True
2156_62_406_28,109,79,5,30,False,55,27,1,62,,True
2157_977_125_44,110,79,5,28,False,56,28,0,977,,True
2158_348_13_58,135,97,5,26,False,74,37,0,13,,True
2159_62_345_44,118,87,5,30,False,67,33,1,62,,True
215_218_219_0,125,95,5,29,False,60,30,0,218,,True
2160_1387_1078_57,112,81,5,29,False,55,27,1,1387,,True
2161_872_469_58,117,87,5,28,False,68,34,0,872,,True
2162_1423_692_44,146,116,5,28,False,95,47,1,692,,True
2163_13_872_55,121,91,5,28,False,66,33,0,872,,True
2164_176_1387_34,101,70,5,28,False,45,22,1,1387,below_floor,False
2165_1078_891_55,118,87,5,30,False,56,28,0,891,,True
2166_154_9_28,106,74,5,30,False,57,28,1,9,,True
2167_481_348_34,111,81,5,30,False,71,35,1,348,,True
2168_1295_1336_17,131,97,5,29,False,56,28,0,1336,,True
2169_154_406_22,106,76,5,30,False,54,27,0,154,,True
216_1193_828_9,123,93,5,29,False,65,32,1,828,,True
2170_1202_1376_22,105,74,5,29,False,53,26,1,1202,,True
2171_891_13_22,126,94,5,28,False,57,28,1,891,,True
2172_890_176_60,106,76,5,29,False,49,24,1,176,below_floor,False
2173_259_1189_50,97,67,5,28,False,46,23,0,1189,below_floor,False
2174_72_154_60,101,70,5,29,False,46,23,0,72,below_floor,False
2175_891_102_60,127,89,5,30,False,54,27,0,891,,True
2176_12_13_10,131,98,5,27,False,65,32,1,13,,True
2177_706_72_10,110,80,5,30,False,58,29,0,72,,True
2178_396_1202_6,111,81,5,29,False,59,29,1,396,,True
2179_694_673_40,126,95,5,30,False,67,33,1,694,,True
217_536_558_14,103,73,5,28,False,56,28,0,558,,True
2180_534_514_47,111,80,5,29,False,60,30,0,534,,True
2181_61_1023_15,106,75,5,29,False,48,24,0,1023,below_floor,False
2182_706_490_15,130,98,5,30,False,73,36,1,706,,True
2183_348_349_60,112,82,5,27,False,67,33,1,349,,True
2184_936_250_59,129,98,5,30,False,68,34,0,936,,True
2185_1272_1102_42,106,76,5,28,False,50,25,0,1272,,True
2186_427_490_58,105,75,5,28,False,61,30,1,490,,True
2187_349_1102_42,118,87,5,30,False,53,26,1,349,,True
2188_73_1189_36,108,77,5,27,False,54,27,0,1189,,True
2189_804_349_5,121,84,5,27,False,55,27,1,349,,True
218_535_558_0,102,69,5,28,False,50,25,0,535,,True
2190_1102_761_59,120,83,5,30,False,59,29,1,761,,True
2191_90_471_60,126,96,5,29,False,67,33,1,471,,True
2192_1267_772_60,122,90,5,30,False,75,37,1,1267,,True
2193_842_1376_27,95,65,5,28,False,48,24,0,842,below_floor,False
2194_572_1102_33,104,74,5,30,False,60,30,0,572,,True
2195_804_706_27,112,82,5,30,False,64,32,0,804,,True
2196_692_1102_50,118,88,5,30,False,64,32,0,1102,,True
2197_842_843_29,101,69,5,28,False,49,24,1,843,below_floor,False
2198_471_472_6,137,107,5,29,False,63,31,1,472,,True
2199_90_692_6,124,93,5,28,False,70,35,0,90,,True
219_535_536_46,107,77,5,26,False,60,30,0,535,,True
21_679_680_57,106,76,5,30,False,62,31,0,680,,True
2200_1390_1391_6,82,52,5,16,False,44,22,0,1390,below_floor,False
2201_472_1022_41,128,98,5,27,False,64,32,0,1022,,True
2202_471_842_41,117,87,5,26,False,50,25,0,842,,True
2203_648_90_41,116,85,5,28,False,52,26,0,90,,True
2204_316_471_14,139,95,5,27,False,62,31,0,316,,True
2205_946_1363_14,105,74,5,29,False,48,24,0,946,below_floor,False
2206_654_655_1,144,113,5,30,False,87,43,1,654,,True
2207_842_761_41,103,72,5,28,False,42,21,0,761,below_floor,False
2208_90_601_8,117,87,5,28,False,60,30,0,90,,True
2209_945_337_8,111,80,5,30,False,53,26,1,337,,True
220_558_1193_0,106,75,5,30,False,49,24,1,1193,below_floor,False
2210_471_946_41,128,98,5,29,False,59,29,1,471,,True
2211_554_45_57,96,66,5,28,False,46,23,0,554,below_floor,False
2212_945_946_1,108,78,5,28,False,54,27,0,945,,True
2213_1158_981_1,104,74,5,30,False,46,23,0,1158,below_floor,False
2214_472_388_29,106,76,5,30,False,56,28,0,388,,True
2215_810_811_29,116,86,5,28,False,66,33,0,810,,True
2216_553_554_36,114,83,5,30,False,53,26,1,553,,True
2217_90_91_40,111,81,5,28,False,51,25,1,91,,True
2218_45_46_29,119,87,5,28,False,55,27,1,46,,True
2219_692_388_41,123,91,5,28,False,69,34,1,388,,True
221_1156_722_30,113,80,5,30,False,54,27,0,1156,,True
2220_554_337_41,98,68,5,29,False,40,20,0,554,below_floor,False
2221_407_731_50,128,88,5,29,False,64,32,0,731,,True
2222_951_45_27,121,85,5,30,False,54,27,0,951,,True
2223_289_290_50,92,58,5,28,False,41,20,1,289,below_floor,False
2224_981_542_41,128,96,5,28,False,67,33,1,981,,True
2225_731_810_41,129,95,5,26,False,65,32,1,810,,True
2226_337_185_23,111,77,5,29,False,69,34,1,185,,True
2227_1517_1523_23,117,86,5,30,False,66,33,0,1523,,True
2228_1341_1342_23,136,106,5,27,False,74,37,0,1342,,True
2229_45_754_23,121,85,5,27,False,54,27,0,754,,True
222_1193_535_36,117,87,5,30,False,63,31,1,535,,True
2230_990_1021_50,118,88,5,28,False,72,36,0,990,,True
2231_337_401_23,110,79,5,30,False,57,28,1,401,,True
2232_981_522_50,120,90,5,30,False,68,34,0,522,,True
2233_10_11_21,104,74,5,28,False,47,23,1,11,below_floor,False
2234_45_1517_15,119,84,5,29,False,61,30,1,45,,True
2235_135_294_56,117,87,5,29,False,66,33,0,135,,True
2236_936_754_58,127,85,5,29,False,49,24,1,754,below_floor,False
2237_1187_1188_58,112,82,5,28,False,50,25,0,1187,,True
2238_799_693_50,110,78,5,28,False,56,28,0,799,,True
2239_981_799_17,123,93,5,28,False,60,30,0,981,,True
223_558_631_40,113,80,5,28,False,71,35,1,631,,True
2240_758_876_6,104,72,5,28,False,46,23,0,876,below_floor,False
2241_1474_1266_10,139,108,5,28,False,75,37,1,1266,,True
2242_72_73_15,84,52,5,28,False,45,22,1,72,below_floor,False
2243_857_1351_15,137,107,5,28,False,70,35,0,1351,,True
2244_1295_554_44,143,109,5,28,False,75,37,1,1295,,True
2245_1021_981_44,135,105,5,30,False,81,40,1,981,,True
2246_1419_315_50,157,127,5,28,False,77,38,1,315,,True
2247_687_1419_38,104,74,5,30,False,48,24,0,1419,below_floor,False
2248_687_427_36,104,74,5,29,False,58,29,0,427,,True
2249_1022_511_41,133,101,5,28,False,74,37,0,511,,True
224_633_634_40,137,89,5,25,False,67,33,1,633,,True
2250_1427_1428_41,133,95,5,26,False,71,35,1,1428,,True
2251_731_262_50,116,85,5,27,False,63,31,1,262,,True
2252_180_1298_15,133,86,5,28,False,56,28,0,1298,,True
2253_660_1281_15,110,79,5,30,False,56,28,0,1281,,True
2254_687_1021_6,112,82,5,30,False,65,32,1,687,,True
2255_993_1338_21,106,76,5,30,False,50,25,0,993,,True
2256_669_670_56,119,88,5,28,False,66,33,0,669,,True
2257_1014_799_6,107,77,5,26,False,58,29,0,1014,,True
2258_687_514_21,104,74,5,29,False,51,25,1,514,,True
2259_515_12_15,111,81,5,30,False,59,29,1,515,,True
225_558_1156_40,110,77,5,30,False,55,27,1,1156,,True
2260_795_993_22,102,72,5,28,False,52,26,0,993,,True
2261_514_254_6,123,93,5,29,False,61,30,1,254,,True
2262_669_1022_22,128,98,5,29,False,74,37,0,1022,,True
2263_1492_12_11,114,84,5,30,False,54,27,0,12,,True
2264_799_269_11,100,70,5,30,False,48,24,0,269,below_floor,False
2265_1088_1089_16,104,74,5,28,False,55,27,1,1088,,True
2266_212_841_16,128,95,5,28,False,70,35,0,841,,True
2267_430_890_9,113,82,5,30,False,56,28,0,890,,True
2268_314_795_6,116,85,5,28,False,57,28,1,314,,True
2269_993_1139_37,92,62,5,29,False,48,24,0,993,below_floor,False
226_563_684_7,98,67,5,28,False,50,25,0,563,,True
2270_1060_799_54,110,77,5,28,False,56,28,0,1060,,True
2271_952_992_54,117,86,5,30,False,52,26,0,992,,True
2272_259_993_60,108,77,5,26,False,57,28,1,993,,True
2273_430_795_12,109,79,5,28,False,58,29,0,430,,True
2274_514_1088_12,114,84,5,30,False,67,33,1,514,,True
2275_992_993_25,107,76,5,30,False,46,23,0,993,below_floor,False
2276_212_952_9,118,81,5,30,False,60,30,0,952,,True
2277_1065_1479_9,114,84,5,30,False,56,28,0,1065,,True
2278_660_1229_6,100,69,5,29,False,46,23,0,660,below_floor,False
2279_992_765_25,125,95,5,29,False,70,35,0,992,,True
227_215_273_7,111,81,5,30,False,62,31,0,273,,True
2280_1024_181_25,101,71,5,30,False,52,26,0,181,,True
2281_1088_4_25,112,81,5,28,False,60,30,0,1088,,True
2282_514_515_25,111,81,5,28,False,58,29,0,515,,True
2283_188_189_25,127,97,5,30,False,72,36,0,189,,True
2284_1139_121_12,107,75,5,30,False,45,22,1,1139,below_floor,False
2285_1065_367_4,122,90,5,29,False,67,33,1,367,,True
2286_181_212_39,93,62,5,27,False,51,25,1,181,,True
2287_1181_1182_39,111,80,5,30,False,60,30,0,1181,,True
2288_1024_814_4,110,80,5,28,False,61,30,1,814,,True
2289_1088_1130_4,116,86,5,30,False,54,27,0,1088,,True
228_499_500_7,106,76,5,30,False,53,26,1,500,,True
2290_4_353_4,102,72,5,28,False,51,25,1,4,,True
2291_212_1012_17,86,55,5,29,False,42,21,0,1012,below_floor,False
2292_180_181_6,103,73,5,29,False,54,27,0,181,,True
2293_146_575_35,152,111,5,28,False,67,33,1,575,,True
2294_599_1123_17,141,110,5,26,False,71,35,1,1123,,True
2295_27_28_34,143,97,5,29,False,76,38,0,27,,True
2296_180_846_17,107,73,5,29,False,47,23,1,180,below_floor,False
2297_857_146_50,114,84,5,29,False,54,27,0,146,,True
2298_145_181_37,103,73,5,29,False,52,26,0,181,,True
2299_692_693_54,117,82,5,29,False,62,31,0,693,,True
229_800_801_9,99,68,5,30,False,47,23,1,800,below_floor,False
22_679_680_54,114,83,5,30,False,72,36,0,680,,True
2300_660_945_4,105,72,5,29,False,45,22,1,945,below_floor,False
2301_145_146_0,140,99,5,30,False,70,35,0,146,,True
2302_857_181_49,152,111,5,30,False,75,37,1,181,,True
2303_715_612_46,135,99,5,29,False,66,33,0,612,,True
2304_660_661_14,111,75,5,28,False,44,22,0,660,below_floor,False
2305_400_1059_3,103,73,5,30,False,51,25,1,400,,True
2306_1024_1389_58,138,97,5,27,False,66,33,0,1389,,True
2307_693_661_46,102,72,5,30,False,55,27,1,661,,True
2308_314_315_60,150,112,5,28,False,76,38,0,315,,True
2309_400_207_50,102,72,5,29,False,50,25,0,207,,True
230_210_153_55,110,80,5,30,False,65,32,1,210,,True
2310_204_876_50,138,101,5,28,False,69,34,1,204,,True
2311_946_791_35,107,75,5,27,False,56,28,0,791,,True
2312_611_612_2,108,78,5,28,False,47,23,1,612,below_floor,False
2313_143_207_0,110,76,5,30,False,50,25,0,207,,True
2314_1024_693_0,99,69,5,28,False,42,21,0,693,below_floor,False
2315_985_403_33,106,76,5,30,False,52,26,0,985,,True
2316_1069_70_33,126,96,5,30,False,71,35,1,70,,True
2317_577_724_6,119,89,5,28,False,64,32,0,724,,True
2318_868_1251_33,137,106,5,29,False,87,43,1,868,,True
2319_253_254_43,129,96,5,29,False,66,33,0,253,,True
231_292_293_53,126,96,5,30,False,66,33,0,293,,True
2320_468_726_43,97,67,5,30,False,48,24,0,726,below_floor,False
2321_259_403_12,124,94,5,28,False,65,32,1,403,,True
2322_505_71_41,111,81,5,29,False,57,28,1,71,,True
2323_1119_1069_25,116,85,5,30,False,60,30,0,1069,,True
2324_70_577_41,124,94,5,30,False,64,32,0,70,,True
2325_1143_726_35,105,72,5,30,False,54,27,0,726,,True
2326_253_71_35,115,85,5,28,False,60,30,0,253,,True
2327_868_70_50,114,84,5,30,False,64,32,0,70,,True
2328_577_715_35,111,81,5,30,False,54,27,0,715,,True
2329_1230_467_35,109,79,5,29,False,53,26,1,467,,True
232_215_633_36,128,97,5,30,False,76,38,0,215,,True
2330_1069_726_35,109,79,5,30,False,57,28,1,1069,,True
2331_1143_868_8,110,80,5,30,False,61,30,1,1143,,True
2332_70_71_8,127,96,5,30,False,70,35,0,70,,True
2333_1069_1230_36,119,89,5,29,False,63,31,1,1069,,True
2334_467_868_8,112,82,5,30,False,68,34,0,868,,True
2335_551_552_8,123,93,5,30,False,60,30,0,551,,True
2336_70_715_53,109,78,5,29,False,49,24,1,70,below_floor,False
2337_868_715_28,111,81,5,30,False,69,34,1,715,,True
2338_1230_551_53,119,87,5,30,False,65,32,1,551,,True
2339_467_552_53,109,79,5,30,False,57,28,1,467,,True
233_210_500_53,113,82,5,30,False,59,29,1,500,,True
2340_71_467_29,106,76,5,30,False,56,28,0,71,,True
2341_552_1230_29,111,79,5,30,False,64,32,0,1230,,True
2342_551_715_29,117,87,5,30,False,70,35,0,715,,True
2343_467_468_29,108,76,5,29,False,60,30,0,467,,True
2344_551_396_15,139,108,5,29,False,75,37,1,396,,True
2345_308_309_15,124,94,5,28,False,70,35,0,308,,True
2346_551_815_35,116,86,5,30,False,52,26,0,551,,True
2347_309_1475_35,105,75,5,30,False,50,25,0,1475,,True
2348_308_468_35,117,84,5,26,False,60,30,0,308,,True
2349_965_966_38,141,111,5,30,False,62,31,0,966,,True
234_286_211_9,110,79,5,29,False,52,26,0,211,,True
2350_308_889_38,118,88,5,28,False,72,36,0,308,,True
2351_866_873_36,110,80,5,30,False,57,28,1,873,,True
2352_866_549_46,127,94,5,30,False,68,34,0,549,,True
2353_873_889_46,113,82,5,30,False,49,24,1,889,below_floor,False
2354_966_1008_38,118,88,5,30,False,54,27,0,966,,True
2355_1189_873_59,102,71,5,27,False,46,23,0,1189,below_floor,False
2356_889_866_38,121,89,5,28,False,56,28,0,889,,True
2357_154_873_10,101,69,5,30,False,44,22,0,873,below_floor,False
2358_361_1062_53,120,90,5,29,False,71,35,1,1062,,True
2359_866_367_10,116,86,5,30,False,57,28,1,866,,True
235_722_500_30,104,72,5,29,False,51,25,1,722,,True
2360_873_1062_26,138,107,5,29,False,74,37,0,1062,,True
2361_212_361_10,104,73,5,28,False,56,28,0,361,,True
2362_367_1062_35,124,93,5,30,False,68,34,0,1062,,True
2363_583_249_38,117,87,5,28,False,56,28,0,583,,True
2364_1057_1062_34,123,91,5,30,False,71,35,1,1057,,True
2365_1078_887_22,131,89,5,30,False,61,30,1,887,,True
2366_534_343_60,130,96,5,29,False,64,32,0,534,,True
2367_600_249_59,110,79,5,30,False,52,26,0,249,,True
2368_583_1062_11,113,82,5,30,False,60,30,0,1062,,True
2369_361_611_38,124,93,5,28,False,69,34,1,361,,True
236_892_827_28,119,88,5,30,False,65,32,1,827,,True
2370_887_249_19,107,76,5,28,False,51,25,1,249,,True
2371_878_249_28,96,66,5,28,False,51,25,1,249,,True
2372_887_965_6,127,92,5,29,False,67,33,1,965,,True
2373_249_250_46,158,125,5,29,False,101,50,1,249,,True
2374_342_343_2,91,54,5,22,False,33,16,1,343,below_floor,False
2375_670_1119_22,105,74,5,28,False,51,25,1,1119,,True
2376_583_343_37,122,92,5,28,False,57,28,1,583,,True
2377_1269_1270_27,119,87,5,30,False,61,30,1,1270,,True
2378_1214_841_50,121,91,5,28,False,63,31,1,1214,,True
2379_205_1294_50,112,82,5,29,False,58,29,0,1294,,True
237_595_615_14,112,80,5,28,False,53,26,1,615,,True
2380_430_431_37,113,81,5,28,False,59,29,1,430,,True
2381_1486_1487_22,140,109,5,26,False,81,40,1,1487,,True
2382_204_1294_0,120,88,5,28,False,56,28,0,1294,,True
2383_1047_819_0,123,93,5,28,False,66,33,0,1047,,True
2384_752_925_36,115,84,5,28,False,58,29,0,752,,True
2385_958_959_36,105,75,5,30,False,54,27,0,958,,True
2386_786_1255_58,126,94,5,28,False,64,32,0,1255,,True
2387_1417_1436_35,120,90,5,29,False,64,32,0,1436,,True
2388_819_772_58,119,88,5,29,False,62,31,0,819,,True
2389_78_79_28,106,76,5,28,False,53,26,1,79,,True
238_80_294_6,114,83,5,30,False,64,32,0,80,,True
2390_73_938_44,92,62,5,28,False,51,25,1,938,,True
2391_772_169_44,121,89,5,28,False,62,31,0,169,,True
2392_819_205_44,113,83,5,30,False,60,30,0,819,,True
2393_772_316_41,109,74,5,30,False,59,29,1,316,,True
2394_482_1039_34,112,81,5,30,False,55,27,1,1039,,True
2395_1417_819_34,118,88,5,30,False,73,36,1,1417,,True
2396_205_1498_34,107,76,5,28,False,51,25,1,205,,True
2397_431_984_18,106,74,5,29,False,54,27,0,431,,True
2398_1273_167_4,112,82,5,28,False,70,35,0,1273,,True
2399_204_205_36,127,96,5,28,False,67,33,1,205,,True
239_862_1064_6,157,126,5,30,False,94,47,0,862,,True
23_113_954_23,123,93,5,30,False,75,37,1,954,,True
2400_984_147_4,111,76,5,28,False,56,28,0,984,,True
2401_772_1003_34,103,69,5,30,False,54,27,0,772,,True
2402_273_554_12,107,77,5,30,False,49,24,1,554,below_floor,False
2403_417_431_27,150,111,5,26,False,84,42,0,431,,True
2404_222_693_0,95,65,5,28,False,48,24,0,693,below_floor,False
2405_628_649_55,129,94,5,28,False,71,35,1,649,,True
2406_758_222_44,101,71,5,25,False,53,26,1,222,,True
2407_1215_417_21,120,89,5,29,False,52,26,0,417,,True
2408_194_1471_56,130,97,5,30,False,70,35,0,194,,True
2409_1148_1149_56,129,85,5,30,False,59,29,1,1149,,True
240_210_211_9,111,81,5,30,False,50,25,0,210,,True
2410_746_747_35,106,75,5,27,False,49,24,1,746,below_floor,False
2411_859_1196_35,144,114,5,28,False,82,41,0,859,,True
2412_1148_87_35,116,86,5,30,False,57,28,1,87,,True
2413_222_223_35,86,56,5,28,False,43,21,1,223,below_floor,False
2414_858_859_11,106,75,5,30,False,49,24,1,858,below_floor,False
2415_194_195_42,135,95,5,29,False,63,31,1,195,,True
2416_583_841_0,127,87,5,30,False,63,31,1,583,,True
2417_870_871_2,126,94,5,30,False,59,29,1,870,,True
2418_628_629_4,128,96,5,28,False,61,30,1,629,,True
2419_180_859_22,117,80,5,30,False,54,27,0,859,,True
241_595_215_9,102,72,5,30,False,62,31,0,595,,True
2420_629_870_9,112,81,5,30,False,56,28,0,629,,True
2421_955_907_14,104,73,5,30,False,56,28,0,955,,True
2422_1101_182_19,96,63,5,28,False,45,22,1,1101,below_floor,False
2423_194_841_36,131,100,5,27,False,65,32,1,841,,True
2424_1185_629_1,110,79,5,28,False,57,28,1,629,,True
2425_1101_538_6,124,85,5,28,False,64,32,0,1101,,True
2426_1113_1114_2,156,119,5,30,False,88,44,0,1113,,True
2427_537_606_14,97,67,5,29,False,45,22,1,537,below_floor,False
2428_907_986_1,111,81,5,30,False,56,28,0,986,,True
2429_1455_1456_1,129,94,5,30,False,70,35,0,1456,,True
242_836_837_29,103,71,5,29,False,50,25,0,836,,True
2430_537_538_40,113,83,5,28,False,59,29,1,537,,True
2431_907_908_58,113,82,5,30,False,65,32,1,907,,True
2432_194_837_1,109,79,5,30,False,47,23,1,837,below_floor,False
2433_244_1239_52,144,110,5,29,False,71,35,1,244,,True
2434_498_465_52,105,74,5,26,False,53,26,1,465,,True
2435_1430_1356_47,120,90,5,28,False,70,35,0,1356,,True
2436_498_505_47,103,71,5,30,False,52,26,0,498,,True
2437_465_289_47,94,61,5,27,False,41,20,1,465,below_floor,False
2438_64_498_53,105,75,5,27,False,55,27,1,498,,True
2439_465_1430_5,114,83,5,28,False,59,29,1,465,,True
243_211_80_29,96,66,5,29,False,49,24,1,211,below_floor,False
2440_1381_466_5,139,107,5,27,False,82,41,0,1381,,True
2441_498_1430_38,103,73,5,30,False,52,26,0,498,,True
2442_64_65_5,106,76,5,26,False,54,27,0,65,,True
2443_465_65_28,102,72,5,27,False,53,26,1,65,,True
2444_465_466_16,121,90,5,26,False,64,32,0,465,,True
2445_512_513_4,142,112,5,28,False,87,43,1,513,,True
2446_200_201_39,81,51,5,24,False,47,23,1,200,below_floor,False
2447_513_466_39,131,101,5,30,False,70,35,0,466,,True
2448_1356_253_12,104,74,5,28,False,56,28,0,253,,True
2449_971_886_12,144,112,5,28,False,84,42,0,886,,True
244_1263_596_29,116,85,5,30,False,65,32,1,596,,True
2450_513_1356_26,146,114,5,28,False,79,39,1,513,,True
2451_710_1080_22,120,87,5,29,False,70,35,0,1080,,True
2452_513_468_22,101,71,5,25,False,49,24,1,513,below_floor,False
2453_103_104_22,124,93,5,28,False,68,34,0,104,,True
2454_710_886_22,115,85,5,29,False,60,30,0,710,,True
2455_971_1253_60,133,102,5,24,False,71,35,1,1253,,True
2456_513_104_43,107,77,5,29,False,49,24,1,513,below_floor,False
2457_103_1356_53,118,88,5,28,False,62,31,0,1356,,True
2458_710_512_53,116,86,5,30,False,56,28,0,512,,True
2459_886_887_53,112,82,5,30,False,49,24,1,886,below_floor,False
245_595_210_42,102,72,5,26,False,44,22,0,595,below_floor,False
2460_104_367_38,110,80,5,29,False,58,29,0,104,,True
2461_530_531_38,142,111,5,25,False,64,32,0,530,,True
2462_353_1356_38,115,85,5,29,False,61,30,1,1356,,True
2463_1131_886_19,117,87,5,28,False,62,31,0,886,,True
2464_971_710_5,149,119,5,29,False,84,42,0,710,,True
2465_104_786_19,107,77,5,30,False,54,27,0,104,,True
2466_653_468_6,117,87,5,29,False,67,33,1,653,,True
2467_886_530_28,128,96,5,29,False,78,39,0,530,,True
2468_1057_876_22,112,82,5,29,False,50,25,0,1057,,True
2469_786_309_22,117,83,5,30,False,60,30,0,786,,True
246_827_836_9,125,92,5,26,False,68,34,0,836,,True
2470_339_340_22,94,63,5,28,False,51,25,1,340,,True
2471_104_530_44,123,92,5,30,False,55,27,1,530,,True
2472_418_843_17,97,67,5,29,False,51,25,1,843,,True
2473_710_309_44,114,84,5,30,False,56,28,0,710,,True
2474_530_339_2,113,82,5,30,False,63,31,1,530,,True
2475_737_893_31,93,63,5,28,False,43,21,1,893,below_floor,False
2476_340_418_31,99,69,5,28,False,49,24,1,418,below_floor,False
2477_339_802_31,116,83,5,27,False,49,24,1,339,below_floor,False
2478_530_417_31,128,98,5,29,False,76,38,0,417,,True
2479_309_737_55,106,76,5,28,False,56,28,0,737,,True
247_1064_596_48,120,90,5,27,False,64,32,0,596,,True
2480_1335_1171_34,160,112,5,30,False,89,44,1,1335,,True
2481_802_340_19,110,79,5,30,False,58,29,0,802,,True
2482_417_418_54,122,89,5,28,False,65,32,1,417,,True
2483_661_339_53,113,81,5,28,False,53,26,1,661,,True
2484_973_974_52,116,86,5,28,False,63,31,1,974,,True
2485_1305_1306_22,112,82,5,30,False,61,30,1,1305,,True
2486_802_737_19,106,74,5,28,False,58,29,0,802,,True
2487_731_340_21,112,82,5,29,False,63,31,1,340,,True
2488_512_812_38,148,117,5,28,False,87,43,1,812,,True
2489_493_494_16,108,76,5,28,False,50,25,0,494,,True
248_210_862_26,119,87,5,29,False,64,32,0,210,,True
2490_941_942_36,120,88,5,28,False,70,35,0,941,,True
2491_1305_362_36,116,86,5,26,False,64,32,0,362,,True
2492_1361_1292_59,114,83,5,30,False,52,26,0,1292,,True
2493_1171_974_16,121,91,5,29,False,65,32,1,1171,,True
2494_493_841_16,111,81,5,29,False,66,33,0,493,,True
2495_250_512_50,156,126,5,28,False,101,50,1,512,,True
2496_362_1292_50,114,83,5,28,False,57,28,1,1292,,True
2497_1084_1496_50,117,86,5,27,False,65,32,1,1496,,True
2498_361_362_34,123,91,5,26,False,65,32,1,361,,True
2499_1323_1324_31,104,74,5,28,False,53,26,1,1323,,True
249_235_236_26,130,98,5,30,False,59,29,1,236,,True
24_1135_829_8,99,69,5,29,False,52,26,0,1135,,True
2500_512_1084_31,156,125,5,28,False,95,47,1,1084,,True
2501_1535_1536_14,81,51,5,28,False,34,17,0,1535,below_floor,False
250_595_596_48,129,99,5,29,False,66,33,0,596,,True
251_836_1064_14,108,77,5,28,False,48,24,0,836,below_floor,False
252_596_211_14,111,81,5,29,False,62,31,0,596,,True
253_596_836_34,108,76,5,29,False,56,28,0,596,,True
254_862_595_21,114,82,5,27,False,53,26,1,862,,True
255_827_828_26,115,85,5,27,False,55,27,1,828,,True
256_211_215_14,112,82,5,29,False,66,33,0,211,,True
257_862_828_21,120,90,5,30,False,60,30,0,828,,True
258_49_350_7,111,80,5,28,False,62,31,0,49,,True
259_836_828_34,121,88,5,28,False,56,28,0,828,,True
25_679_680_54,111,81,5,30,False,69,34,1,679,,True
260_862_827_7,128,97,5,29,False,72,36,0,862,,True
261_1275_1276_48,90,55,5,30,False,35,17,1,1276,below_floor,False
262_827_685_7,120,88,5,28,False,64,32,0,827,,True
263_292_684_14,120,89,5,29,False,65,32,1,684,,True
264_722_684_6,108,78,5,30,False,54,27,0,722,,True
265_1176_838_42,117,87,5,30,False,58,29,0,1176,,True
266_292_722_42,113,83,5,30,False,54,27,0,722,,True
267_684_685_42,112,80,5,27,False,45,22,1,685,below_floor,False
268_722_838_10,113,83,5,29,False,60,30,0,722,,True
269_1070_1071_4,101,70,5,27,False,44,22,0,1071,below_floor,False
26_475_113_0,113,83,5,30,False,63,31,1,475,,True
270_123_124_4,111,81,5,28,False,65,32,1,123,,True
271_684_597_10,122,92,5,30,False,59,29,1,597,,True
272_1064_292_42,113,83,5,30,False,51,25,1,1064,,True
273_124_685_42,129,90,5,28,False,57,28,1,685,,True
274_1064_124_34,105,73,5,29,False,54,27,0,1064,,True
275_685_281_9,116,86,5,28,False,50,25,0,685,,True
276_1046_768_36,159,86,5,24,False,48,24,0,1046,below_floor,False
277_914_454_25,122,90,5,29,False,63,31,1,914,,True
278_455_1076_4,120,86,5,30,False,64,32,0,455,,True
279_631_292_57,136,104,5,30,False,84,42,0,292,,True
27_1100_1101_6,99,69,5,28,False,47,23,1,1100,below_floor,False
280_1076_454_57,123,91,5,28,False,64,32,0,454,,True
281_914_828_4,149,119,5,28,False,79,39,1,914,,True
282_454_768_57,109,78,5,30,False,49,24,1,768,below_floor,False
283_1076_609_7,118,84,5,28,False,53,26,1,609,,True
284_454_455_29,112,82,5,28,False,63,31,1,455,,True
285_1457_117_5,103,71,5,19,False,48,24,0,1457,below_floor,False
286_914_915_57,121,90,5,27,False,50,25,0,915,,True
287_1156_455_40,120,85,5,30,False,56,28,0,455,,True
288_695_1224_8,114,82,5,29,False,43,21,1,695,below_floor,False
289_473_736_23,130,100,5,29,False,69,34,1,473,,True
28_112_113_11,106,75,5,30,False,60,30,0,112,,True
290_1378_270_10,110,79,5,28,False,59,29,1,270,,True
291_838_848_16,100,70,5,28,False,46,23,0,848,below_floor,False
292_734_562_25,108,78,5,30,False,55,27,1,562,,True
293_823_503_38,112,82,5,30,False,55,27,1,823,,True
294_302_303_45,159,128,5,29,False,99,49,1,303,,True
295_196_40_19,130,98,5,30,False,67,33,1,40,,True
296_854_303_19,144,105,5,29,False,90,45,0,303,,True
297_355_1271_32,106,73,5,29,False,55,27,1,355,,True
298_473_474_23,108,76,5,30,False,54,27,0,473,,True
299_303_838_32,110,80,5,27,False,60,30,0,303,,True
29_475_113_11,105,75,5,30,False,58,29,0,113,,True
2_618_619_22,124,94,5,28,False,70,35,0,618,,True
300_570_571_22,124,92,5,28,False,62,31,0,571,,True
301_1025_969_45,102,70,5,29,False,51,25,1,969,,True
302_288_1056_2,138,107,5,27,False,75,37,1,1056,,True
303_1180_473_29,107,77,5,30,False,49,24,1,1180,below_floor,False
304_1056_473_46,135,104,5,29,False,65,32,1,1056,,True
305_1082_1201_23,115,85,5,29,False,57,28,1,1082,,True
306_1056_474_23,107,77,5,29,False,60,30,0,1056,,True
307_273_1082_36,101,71,5,29,False,54,27,0,1082,,True
308_1099_482_49,138,108,5,30,False,83,41,1,1099,,True
309_1389_1464_37,143,108,5,29,False,72,36,0,1389,,True
30_793_794_18,117,85,5,30,False,61,30,1,794,,True
310_1056_939_49,100,69,5,26,False,48,24,0,939,below_floor,False
311_984_1291_49,109,75,5,30,False,56,28,0,1291,,True
312_1082_1140_49,107,77,5,30,False,58,29,0,1082,,True
313_696_522_31,128,98,5,28,False,64,32,0,696,,True
314_1056_1082_27,127,96,5,30,False,58,29,0,1082,,True
315_570_1180_45,102,71,5,28,False,50,25,0,570,,True
316_587_1140_14,106,76,5,27,False,50,25,0,1140,,True
317_1082_473_14,133,102,5,28,False,66,33,0,1082,,True
318_1099_1140_49,111,80,5,30,False,58,29,0,1140,,True
319_964_510_49,129,99,5,30,False,75,37,1,964,,True
31_1237_1238_6,147,117,5,30,False,75,37,1,1238,,True
320_1180_1140_14,106,75,5,30,False,57,28,1,1180,,True
321_237_238_4,118,87,5,28,False,67,33,1,237,,True
322_86_1099_58,98,68,5,28,False,43,21,1,1099,below_floor,False
323_237_939_58,95,65,5,28,False,42,21,0,237,below_floor,False
324_114_433_55,116,86,5,29,False,60,30,0,433,,True
325_237_1099_37,128,98,5,30,False,71,35,1,1099,,True
326_500_1099_6,120,89,5,30,False,62,31,0,1099,,True
327_238_112_58,114,82,5,30,False,63,31,1,238,,True
328_237_124_37,118,83,5,27,False,62,31,0,237,,True
329_500_86_37,110,78,5,28,False,56,28,0,86,,True
32_113_1238_18,124,94,5,30,False,76,38,0,1238,,True
330_939_1180_55,106,75,5,29,False,56,28,0,939,,True
331_237_500_22,116,86,5,29,False,56,28,0,237,,True
332_451_579_46,117,87,5,30,False,60,30,0,579,,True
333_68_69_35,128,96,5,29,False,64,32,0,68,,True
334_479_582_19,148,118,5,30,False,77,38,1,582,,True
335_939_838_22,99,69,5,27,False,44,22,0,939,below_floor,False
336_84_433_23,102,72,5,30,False,47,23,1,433,below_floor,False
337_238_695_55,109,79,5,30,False,60,30,0,238,,True
338_1210_1291_38,148,117,5,30,False,79,39,1,1291,,True
339_1339_51_44,113,83,5,29,False,59,29,1,1339,,True
33_1135_829_46,100,70,5,30,False,51,25,1,829,,True
340_1509_1081_6,88,58,5,27,False,39,19,1,1509,below_floor,False
341_479_914_6,146,100,5,27,False,65,32,1,914,,True
342_300_301_30,119,88,5,30,False,74,37,0,301,,True
343_610_144_30,105,75,5,30,False,51,25,1,610,,True
344_1531_1532_40,112,82,5,27,False,51,25,1,1531,,True
345_1440_1441_40,103,71,5,25,False,50,25,0,1440,,True
346_479_238_40,140,109,5,30,False,86,43,0,238,,True
347_816_112_42,99,68,5,28,False,46,23,0,112,below_floor,False
348_448_718_26,125,95,5,30,False,77,38,1,448,,True
349_914_127_40,141,110,5,25,False,76,38,0,914,,True
34_1135_829_58,109,79,5,27,False,62,31,0,1135,,True
350_816_215_7,104,74,5,30,False,64,32,0,816,,True
351_626_627_25,109,77,5,28,False,56,28,0,627,,True
352_474_563_49,128,97,5,29,False,67,33,1,474,,True
353_51_718_40,110,80,5,28,False,69,34,1,718,,True
354_864_1301_40,109,79,5,30,False,50,25,0,864,,True
355_1291_563_30,115,85,5,30,False,66,33,0,563,,True
356_47_1301_57,112,79,5,28,False,53,26,1,1301,,True
357_119_120_0,141,111,5,30,False,73,36,1,119,,True
358_846_1404_0,127,95,5,28,False,71,35,1,846,,True
359_718_972_0,136,101,5,30,False,76,38,0,718,,True
35_84_85_3,120,83,5,28,False,55,27,1,85,,True
360_474_149_40,113,80,5,28,False,60,30,0,474,,True
361_1291_112_57,109,79,5,27,False,66,33,0,112,,True
362_851_961_57,108,78,5,30,False,64,32,0,851,,True
363_852_709_57,102,72,5,30,False,49,24,1,852,below_floor,False
364_474_852_57,106,76,5,30,False,55,27,1,852,,True
365_208_209_0,120,89,5,28,False,61,30,1,209,,True
366_718_775_29,109,79,5,30,False,69,34,1,718,,True
367_415_416_29,111,81,5,30,False,63,31,1,416,,True
368_851_224_58,125,94,5,26,False,76,38,0,851,,True
369_850_1537_29,94,62,5,29,False,49,24,1,850,below_floor,False
36_506_723_3,97,66,5,29,False,52,26,0,723,,True
370_852_853_29,119,86,5,26,False,58,29,0,853,,True
371_721_156_20,130,99,5,27,False,64,32,0,156,,True
372_718_964_14,146,111,5,30,False,83,41,1,964,,True
373_1164_860_50,130,100,5,28,False,80,40,0,860,,True
374_1301_852_0,120,86,5,30,False,60,30,0,852,,True
375_1206_1104_24,96,65,5,30,False,54,27,0,1206,,True
376_853_581_24,114,82,5,29,False,54,27,0,853,,True
377_850_851_46,99,69,5,28,False,59,29,1,851,,True
378_31_721_40,122,92,5,30,False,64,32,0,721,,True
379_415_853_5,97,67,5,29,False,47,23,1,853,below_floor,False
37_1468_636_3,108,77,5,28,False,52,26,0,636,,True
380_852_149_46,111,80,5,30,False,60,30,0,852,,True
381_1301_850_7,100,69,5,27,False,50,25,0,850,,True
382_851_31_46,115,85,5,30,False,59,29,1,31,,True
383_850_1068_54,118,86,5,27,False,66,33,0,1068,,True
384_910_703_31,104,74,5,28,False,44,22,0,910,below_floor,False
385_371_1488_31,113,83,5,29,False,72,36,0,1488,,True
386_31_47_57,117,86,5,30,False,58,29,0,47,,True
387_853_850_30,92,61,5,29,False,44,22,0,853,below_floor,False
388_776_47_40,103,73,5,29,False,54,27,0,47,,True
389_1411_48_18,123,92,5,30,False,63,31,1,1411,,True
38_435_1407_16,103,72,5,28,False,53,26,1,435,,True
390_910_1173_40,131,100,5,30,False,63,31,1,1173,,True
391_511_264_40,149,114,5,22,False,72,36,0,511,,True
392_380_381_12,125,94,5,28,False,60,30,0,380,,True
393_703_1124_40,103,73,5,26,False,50,25,0,703,,True
394_1301_910_24,122,90,5,30,False,61,30,1,910,,True
395_381_264_24,115,84,5,29,False,53,26,1,264,,True
396_1309_1174_24,101,71,5,28,False,52,26,0,1174,,True
397_1173_864_40,116,86,5,27,False,67,33,1,864,,True
398_627_703_17,103,73,5,28,False,48,24,0,703,below_floor,False
399_381_910_16,133,103,5,30,False,58,29,0,381,,True
39_855_856_10,188,152,5,29,False,107,53,1,856,,True
3_653_1240_24,117,85,5,28,False,58,29,0,1240,,True
400_601_1215_16,94,63,5,28,False,46,23,0,1215,below_floor,False
401_703_381_16,111,81,5,27,False,58,29,0,381,,True
402_1115_39_21,111,78,5,28,False,53,26,1,39,,True
403_1309_381_1,128,98,5,29,False,64,32,0,381,,True
404_1115_864_1,119,89,5,29,False,70,35,0,1115,,True
405_910_265_21,124,92,5,27,False,61,30,1,265,,True
406_703_48_21,104,73,5,30,False,45,22,1,48,below_floor,False
407_1527_344_21,128,98,5,30,False,71,35,1,344,,True
408_1174_775_38,108,77,5,28,False,55,27,1,1174,,True
409_1115_264_37,120,90,5,29,False,71,35,1,1115,,True
40_967_968_18,121,91,5,30,False,70,35,0,967,,True
410_615_1173_9,113,83,5,28,False,60,30,0,615,,True
411_265_415_9,114,84,5,29,False,64,32,0,415,,True
412_1173_1174_2,118,88,5,27,False,59,29,1,1173,,True
413_998_470_2,111,81,5,28,False,60,30,0,470,,True
414_264_265_53,116,81,5,26,False,57,28,1,264,,True
415_1173_1115_53,130,95,5,28,False,73,36,1,1173,,True
416_963_1125_18,120,90,5,29,False,60,30,0,1125,,True
417_998_264_17,115,85,5,28,False,62,31,0,264,,True
418_1309_1125_21,115,85,5,27,False,63,31,1,1309,,True
419_1115_265_21,135,103,5,25,False,66,33,0,265,,True
41_369_894_11,100,70,5,30,False,49,24,1,369,below_floor,False
420_581_582_40,109,79,5,30,False,61,30,1,581,,True
421_998_499_40,120,87,5,30,False,60,30,0,998,,True
422_1309_265_4,125,93,5,26,False,61,30,1,1309,,True
423_581_1174_4,114,83,5,28,False,66,33,0,1174,,True
424_351_1036_49,106,74,5,29,False,53,26,1,351,,True
425_998_265_31,139,107,5,26,False,67,33,1,998,,True
426_32_1309_49,127,97,5,28,False,72,36,0,32,,True
427_122_499_30,100,70,5,28,False,45,22,1,122,below_floor,False
428_1304_1501_49,143,111,5,28,False,69,34,1,1304,,True
429_351_1174_27,103,72,5,30,False,51,25,1,1174,,True
42_793_855_6,117,86,5,30,False,56,28,0,855,,True
430_499_351_7,109,78,5,29,False,62,31,0,499,,True
431_1200_861_7,94,59,5,23,False,46,23,0,861,below_floor,False
432_678_1013_7,144,113,5,30,False,86,43,0,678,,True
433_354_1042_7,105,74,5,28,False,47,23,1,354,below_floor,False
434_1018_904_13,135,104,5,27,False,74,37,0,904,,True
435_351_270_13,128,96,5,30,False,71,35,1,351,,True
436_664_1055_38,146,113,5,30,False,78,39,0,1055,,True
437_499_861_13,81,50,5,24,False,27,13,1,861,below_floor,False
438_608_354_7,115,81,5,30,False,53,26,1,608,,True
439_904_499_7,93,63,5,25,False,38,19,0,499,below_floor,False
43_967_968_21,116,86,5,30,False,73,36,1,967,,True
440_1199_143_7,108,78,5,29,False,53,26,1,1199,,True
441_350_351_24,124,93,5,30,False,75,37,1,351,,True
442_274_275_31,100,70,5,28,False,54,27,0,275,,True
443_354_904_31,119,84,5,27,False,56,28,0,904,,True
444_608_1055_45,149,115,5,30,False,83,41,1,608,,True
445_1117_1199_13,111,81,5,27,False,55,27,1,1199,,True
446_642_643_13,130,100,5,30,False,75,37,1,643,,True
447_1055_904_11,103,73,5,28,False,53,26,1,904,,True
448_608_609_13,119,86,5,28,False,56,28,0,608,,True
449_1117_1055_53,115,82,5,30,False,68,34,0,1055,,True
44_653_793_52,122,92,5,29,False,67,33,1,653,,True
450_1055_1076_53,136,102,5,28,False,74,37,0,1055,,True
451_1117_608_29,112,82,5,29,False,70,35,0,608,,True
452_1117_1076_33,114,84,5,30,False,67,33,1,1076,,True
453_455_1199_40,115,84,5,28,False,59,29,1,1199,,True
454_115_524_28,124,90,5,30,False,58,29,0,115,,True
455_1296_1500_28,111,80,5,29,False,56,28,0,1500,,True
456_140_1432_28,136,105,5,29,False,80,40,0,140,,True
457_1155_1218_28,121,91,5,30,False,66,33,0,1218,,True
458_455_768_28,110,80,5,30,False,55,27,1,768,,True
459_455_634_55,177,136,5,28,False,100,50,0,455,,True
45_967_968_39,114,84,5,30,False,68,34,0,967,,True
460_115_1076_55,184,144,5,29,False,95,47,1,115,,True
461_1086_1349_0,111,74,5,29,False,57,28,1,1086,,True
462_768_114_28,164,123,5,30,False,81,40,1,768,,True
463_1092_392_28,115,83,5,30,False,72,36,0,392,,True
464_755_497_28,138,108,5,29,False,81,40,1,497,,True
465_140_524_28,121,89,5,28,False,66,33,0,140,,True
466_1155_1199_9,111,81,5,29,False,62,31,0,1199,,True
467_455_392_19,105,75,5,30,False,47,23,1,455,below_floor,False
468_497_634_30,218,182,5,30,False,128,64,0,497,,True
469_455_140_35,118,87,5,28,False,58,29,0,140,,True
46_671_672_34,120,90,5,30,False,59,29,1,671,,True
470_1156_524_59,119,85,5,27,False,51,25,1,524,,True
471_114_115_38,126,93,5,29,False,64,32,0,115,,True
472_1019_198_37,139,108,5,28,False,68,34,0,198,,True
473_1155_1125_35,132,102,5,27,False,72,36,0,1125,,True
474_115_1019_35,134,103,5,30,False,73,36,1,115,,True
475_1155_634_7,141,109,5,30,False,70,35,0,1155,,True
476_1019_1125_24,110,80,5,30,False,62,31,0,1019,,True
477_34_1132_37,132,98,5,29,False,67,33,1,34,,True
478_1125_115_37,116,85,5,28,False,58,29,0,1125,,True
479_1155_1156_37,122,90,5,30,False,58,29,0,1156,,True
47_937_756_34,97,66,5,30,False,38,19,0,937,below_floor,False
480_1019_114_15,118,88,5,30,False,56,28,0,1019,,True
481_1132_1296_37,126,95,5,30,False,66,33,0,1296,,True
482_634_156_37,183,130,5,23,False,87,43,1,156,,True
483_1019_755_9,114,81,5,30,False,50,25,0,1019,,True
484_1515_1516_32,125,95,5,30,False,69,34,1,1515,,True
485_1132_535_32,108,76,5,29,False,60,30,0,535,,True
486_1296_609_32,125,95,5,29,False,61,30,1,1296,,True
487_1132_84_58,114,82,5,30,False,61,30,1,84,,True
488_775_156_9,99,69,5,26,False,48,24,0,156,below_floor,False
489_34_1296_49,162,132,5,29,False,92,46,0,34,,True
48_855_967_43,107,77,5,29,False,63,31,1,967,,True
490_1132_634_49,134,88,5,30,False,55,27,1,634,,True
491_133_134_11,109,79,5,30,False,48,24,0,134,below_floor,False
492_588_589_10,122,90,5,29,False,63,31,1,588,,True
493_775_634_50,116,69,5,28,False,45,22,1,634,below_floor,False
494_1111_876_48,132,98,5,28,False,64,32,0,876,,True
495_1433_756_48,116,81,5,28,False,58,29,0,756,,True
496_695_134_5,110,79,5,29,False,41,20,1,134,below_floor,False
497_755_756_32,117,84,5,30,False,64,32,0,756,,True
498_749_559_14,102,72,5,29,False,55,27,1,749,,True
499_972_587_29,124,92,5,27,False,68,34,0,587,,True
49_968_937_34,107,75,5,29,False,40,20,0,937,below_floor,False
4_968_475_24,117,87,5,30,False,65,32,1,968,,True
500_618_199_57,81,51,5,26,False,41,20,1,618,below_floor,False
501_849_563_54,112,81,5,28,False,57,28,1,563,,True
502_372_888_44,105,75,5,28,False,58,29,0,372,,True
503_1252_1124_14,115,85,5,28,False,70,35,0,1124,,True
504_457_480_14,125,94,5,30,False,75,37,1,457,,True
505_1210_849_30,130,100,5,30,False,82,41,0,849,,True
506_741_138_10,109,73,5,26,False,48,24,0,741,below_floor,False
507_662_1327_10,131,99,5,30,False,66,33,0,662,,True
508_970_1224_53,121,89,5,28,False,68,34,0,970,,True
509_324_325_26,113,83,5,30,False,55,27,1,325,,True
50_831_652_49,113,82,5,26,False,64,32,0,652,,True
510_174_175_26,100,69,5,30,False,56,28,0,174,,True
511_293_970_14,98,68,5,28,False,52,26,0,970,,True
512_1284_970_14,110,80,5,29,False,56,28,0,970,,True
513_48_124_38,116,76,5,30,False,58,29,0,48,,True
514_379_163_44,127,93,5,25,False,76,38,0,163,,True
515_963_324_17,113,81,5,29,False,53,26,1,324,,True
516_1284_293_44,138,108,5,25,False,82,41,0,293,,True
517_48_49_44,117,87,5,30,False,61,30,1,48,,True
518_124_1327_44,135,104,5,28,False,55,27,1,1327,,True
519_1094_270_21,124,93,5,30,False,77,38,1,270,,True
51_793_937_49,134,102,5,26,False,70,35,0,937,,True
520_324_293_44,130,99,5,28,False,66,33,0,293,,True
521_578_137_14,118,88,5,29,False,64,32,0,578,,True
522_615_998_2,102,72,5,29,False,53,26,1,998,,True
523_368_369_2,119,89,5,30,False,55,27,1,368,,True
524_226_1265_20,124,93,5,30,False,72,36,0,226,,True
525_1327_1284_20,131,99,5,29,False,64,32,0,1284,,True
526_124_633_20,121,83,5,28,False,57,28,1,633,,True
527_293_1327_7,128,97,5,30,False,68,34,0,1327,,True
528_742_1382_49,124,93,5,28,False,78,39,0,1382,,True
529_1175_924_9,103,73,5,30,False,54,27,0,1175,,True
52_1433_1434_49,114,83,5,30,False,59,29,1,1434,,True
530_1327_1224_49,130,99,5,30,False,64,32,0,1327,,True
531_935_2_43,99,68,5,30,False,52,26,0,935,,True
532_124_354_9,114,80,5,27,False,60,30,0,354,,True
533_1224_124_57,113,82,5,28,False,58,29,0,124,,True
534_935_756_57,91,61,5,28,False,49,24,1,935,below_floor,False
535_924_2_23,95,65,5,29,False,49,24,1,2,below_floor,False
536_146_446_44,159,127,5,22,False,79,39,1,446,,True
537_49_344_14,102,71,5,28,False,54,27,0,49,,True
538_1029_913_58,130,100,5,27,False,71,35,1,913,,True
539_562_563_19,107,77,5,30,False,53,26,1,562,,True
53_652_671_33,106,76,5,27,False,55,27,1,671,,True
540_734_355_19,103,71,5,29,False,45,22,1,734,below_floor,False
541_193_1063_46,134,104,5,29,False,77,38,1,193,,True
542_354_355_42,112,81,5,27,False,60,30,0,354,,True
543_307_192_42,98,68,5,29,False,48,24,0,192,below_floor,False
544_849_354_7,113,82,5,28,False,61,30,1,354,,True
545_911_923_31,121,91,5,28,False,61,30,1,911,,True
546_355_192_42,102,70,5,28,False,54,27,0,192,,True
547_192_193_48,108,78,5,27,False,65,32,1,193,,True
548_355_911_16,121,91,5,27,False,62,31,0,911,,True
549_306_245_16,108,78,5,28,False,56,28,0,245,,True
54_937_793_12,107,74,5,30,False,50,25,0,937,,True
550_923_193_16,123,92,5,29,False,62,31,0,193,,True
551_93_1333_30,120,88,5,28,False,63,31,1,93,,True
552_306_503_19,103,72,5,30,False,45,22,1,503,below_floor,False
553_584_585_9,128,98,5,29,False,69,34,1,584,,True
554_306_307_9,111,81,5,26,False,53,26,1,306,,True
555_233_1504_57,119,88,5,30,False,63,31,1,1504,,True
556_193_86_56,109,79,5,30,False,56,28,0,86,,True
557_923_32_56,125,95,5,30,False,74,37,0,32,,True
558_101_1403_14,98,68,5,30,False,46,23,0,1403,below_floor,False
559_1524_1525_14,132,101,5,26,False,80,40,0,1524,,True
55_672_652_12,117,86,5,29,False,61,30,1,652,,True
560_1259_962_14,116,86,5,28,False,62,31,0,962,,True
561_172_173_58,121,91,5,28,False,65,32,1,173,,True
562_1228_483_58,130,94,5,27,False,53,26,1,483,,True
563_480_273_53,107,77,5,30,False,59,29,1,273,,True
564_923_1259_43,126,93,5,28,False,74,37,0,923,,True
565_930_912_45,125,92,5,29,False,62,31,0,930,,True
566_908_803_45,118,88,5,29,False,68,34,0,803,,True
567_854_99_32,113,82,5,30,False,58,29,0,854,,True
568_172_582_32,112,78,5,25,False,63,31,1,582,,True
569_849_433_42,120,88,5,30,False,72,36,0,849,,True
56_671_831_12,114,83,5,27,False,54,27,0,831,,True
570_849_911_10,111,81,5,30,False,65,32,1,911,,True
571_278_1395_10,106,75,5,28,False,60,30,0,278,,True
572_172_911_10,119,88,5,28,False,67,33,1,911,,True
573_1029_756_38,108,78,5,29,False,58,29,0,1029,,True
574_763_605_14,102,71,5,27,False,52,26,0,605,,True
575_82_214_24,108,77,5,29,False,56,28,0,214,,True
576_1235_1236_35,104,74,5,24,False,52,26,0,1235,,True
577_213_40_42,132,100,5,28,False,73,36,1,40,,True
578_1216_129_42,151,120,5,27,False,71,35,1,129,,True
579_1146_607_42,122,92,5,30,False,69,34,1,1146,,True
57_1238_855_18,131,100,5,28,False,66,33,0,1238,,True
580_763_214_47,99,67,5,30,False,54,27,0,214,,True
581_543_285_47,94,62,5,28,False,48,24,0,285,below_floor,False
582_566_1421_29,108,77,5,30,False,53,26,1,1421,,True
583_1029_763_47,108,77,5,30,False,61,30,1,763,,True
584_214_1235_29,110,75,5,28,False,50,25,0,214,,True
585_484_485_45,107,76,5,30,False,55,27,1,484,,True
586_604_517_29,111,78,5,26,False,57,28,1,604,,True
587_1150_1017_29,106,74,5,30,False,47,23,1,1150,below_floor,False
588_607_1029_26,112,82,5,30,False,59,29,1,607,,True
589_566_214_26,106,76,5,30,False,58,29,0,214,,True
58_54_55_13,117,87,5,30,False,64,32,0,55,,True
590_420_1369_26,114,84,5,29,False,54,27,0,420,,True
591_307_607_14,137,105,5,27,False,64,32,0,307,,True
592_213_214_26,105,74,5,28,False,48,24,0,214,below_floor,False
593_566_1017_14,111,80,5,28,False,70,35,0,566,,True
594_485_517_1,107,74,5,30,False,53,26,1,517,,True
595_213_607_14,113,83,5,28,False,61,30,1,607,,True
596_1287_1288_48,53,21,5,13,False,15,7,1,1288,below_floor,False
597_485_129_14,120,88,5,30,False,57,28,1,129,,True
598_213_307_1,119,88,5,28,False,65,32,1,213,,True
599_23_425_8,118,86,5,27,False,64,32,0,23,,True
59_652_671_46,121,91,5,28,False,60,30,0,671,,True
5_440_1020_1,134,104,5,30,False,70,35,0,1020,,True
600_1490_326_8,131,100,5,30,False,74,37,0,326,,True
601_129_117_34,144,113,5,27,False,74,37,0,129,,True
602_213_485_28,118,88,5,28,False,68,34,0,213,,True
603_116_630_43,111,81,5,30,False,58,29,0,630,,True
604_607_116_14,116,86,5,28,False,56,28,0,607,,True
605_485_607_43,103,73,5,30,False,50,25,0,607,,True
606_116_129_19,114,80,5,30,False,56,28,0,116,,True
607_166_863_19,111,81,5,28,False,61,30,1,863,,True
608_326_302_14,115,84,5,30,False,58,29,0,302,,True
609_1459_1460_36,100,70,5,28,False,55,27,1,1459,,True
60_652_653_0,132,100,5,28,False,72,36,0,653,,True
610_116_117_36,114,84,5,27,False,59,29,1,117,,True
611_129_326_17,95,65,5,30,False,45,22,1,326,below_floor,False
612_540_938_35,116,85,5,28,False,59,29,1,540,,True
613_863_326_11,112,82,5,29,False,60,30,0,326,,True
614_972_380_30,129,90,5,25,False,65,32,1,380,,True
615_117_326_25,111,81,5,30,False,57,28,1,117,,True
616_863_116_47,109,79,5,30,False,64,32,0,116,,True
617_938_630_25,116,86,5,28,False,58,29,0,630,,True
618_863_864_25,106,76,5,29,False,55,27,1,863,,True
619_117_972_18,133,102,5,27,False,68,34,0,117,,True
61_671_855_0,119,87,5,30,False,61,30,1,671,,True
620_863_1063_18,109,79,5,28,False,54,27,0,1063,,True
621_999_1362_23,106,74,5,30,False,52,26,0,999,,True
622_1000_1476_51,134,104,5,30,False,58,29,0,1000,,True
623_1285_1398_55,95,65,5,30,False,46,23,0,1398,below_floor,False
624_307_1285_13,109,77,5,30,False,54,27,0,1285,,True
625_999_1000_34,122,91,5,28,False,59,29,1,1000,,True
626_1000_1285_17,110,80,5,30,False,49,24,1,1000,below_floor,False
627_1120_603_33,103,72,5,29,False,60,30,0,603,,True
628_217_453_33,104,73,5,30,False,53,26,1,217,,True
629_768_1285_59,108,77,5,30,False,51,25,1,1285,,True
62_774_21_0,120,89,5,27,False,71,35,1,774,,True
630_1284_1285_24,116,84,5,30,False,66,33,0,1285,,True
631_85_278_5,108,78,5,25,False,56,28,0,278,,True
632_453_999_5,109,78,5,28,False,50,25,0,999,,True
633_217_1094_5,135,103,5,26,False,79,39,1,1094,,True
634_578_1000_38,132,101,5,27,False,68,34,0,1000,,True
635_999_1124_38,119,86,5,28,False,57,28,1,999,,True
636_453_278_39,106,74,5,28,False,52,26,0,278,,True
637_630_217_18,121,91,5,27,False,59,29,1,630,,True
638_453_379_18,113,83,5,30,False,68,34,0,453,,True
639_316_317_29,103,71,5,29,False,53,26,1,316,,True
63_774_672_0,119,89,5,28,False,64,32,0,774,,True
640_1000_85_11,114,83,5,29,False,58,29,0,1000,,True
641_269_545_40,128,91,5,30,False,61,30,1,269,,True
642_1005_22_57,129,97,5,28,False,61,30,1,22,,True
643_913_970_38,114,80,5,28,False,59,29,1,970,,True
644_423_1220_44,51,20,5,28,False,19,9,1,1220,below_floor,False
645_875_1011_49,112,82,5,28,False,51,25,1,1011,,True
646_763_913_25,116,86,5,28,False,64,32,0,913,,True
647_1152_1001_25,103,73,5,29,False,47,23,1,1152,below_floor,False
648_1225_1226_47,100,65,5,17,False,54,27,0,1225,,True
649_1111_1001_42,115,84,5,28,False,48,24,0,1001,below_floor,False
64_191_440_5,120,90,5,30,False,69,34,1,191,,True
650_647_796_42,111,81,5,28,False,53,26,1,647,,True
651_632_727_42,118,87,5,30,False,58,29,0,727,,True
652_1334_1335_1,104,74,5,30,False,47,23,1,1335,below_floor,False
653_23_438_43,116,79,5,30,False,54,27,0,438,,True
654_913_904_56,100,67,5,24,False,37,18,1,904,below_floor,False
655_543_1029_46,109,75,5,28,False,62,31,0,1029,,True
656_435_753_38,119,89,5,27,False,56,28,0,435,,True
657_413_414_46,98,67,5,27,False,49,24,1,413,below_floor,False
658_919_30_46,110,78,5,29,False,58,29,0,919,,True
659_408_686_46,129,97,5,30,False,84,42,0,686,,True
65_1085_1086_3,94,64,5,30,False,47,23,1,1085,below_floor,False
660_23_423_1,114,69,5,21,False,42,21,0,423,below_floor,False
661_763_924_35,105,75,5,29,False,50,25,0,763,,True
662_1274_1370_17,113,82,5,30,False,52,26,0,1274,,True
663_919_763_19,102,70,5,30,False,57,28,1,919,,True
664_924_686_17,107,77,5,28,False,65,32,1,686,,True
665_1297_100_17,130,98,5,26,False,64,32,0,100,,True
666_763_764_37,108,73,5,30,False,52,26,0,763,,True
667_342_263_10,106,75,5,30,False,55,27,1,342,,True
668_764_644_37,115,84,5,30,False,58,29,0,764,,True
669_7_385_21,95,64,5,30,False,44,22,0,385,below_floor,False
66_703_672_19,109,78,5,29,False,48,24,0,672,below_floor,False
670_924_764_21,100,70,5,29,False,61,30,1,764,,True
671_644_562_21,96,66,5,30,False,48,24,0,562,below_floor,False
672_640_641_31,121,91,5,25,False,68,34,0,641,,True
673_644_451_31,99,69,5,30,False,44,22,0,451,below_floor,False
674_153_7_53,88,57,5,25,False,45,22,1,153,below_floor,False
675_492_781_53,156,125,5,30,False,88,44,0,492,,True
676_6_334_42,117,87,5,27,False,63,31,1,334,,True
677_385_644_34,100,69,5,28,False,42,21,0,644,below_floor,False
678_781_153_27,106,76,5,29,False,56,28,0,781,,True
679_451_6_34,116,85,5,27,False,57,28,1,6,,True
67_439_440_57,102,71,5,29,False,52,26,0,439,,True
680_225_639_51,95,65,5,28,False,47,23,1,639,below_floor,False
681_644_781_59,110,80,5,30,False,59,29,1,644,,True
682_848_6_16,124,92,5,25,False,71,35,1,6,,True
683_384_267_16,108,77,5,28,False,59,29,1,384,,True
684_451_385_51,123,91,5,28,False,59,29,1,385,,True
685_938_571_18,104,72,5,28,False,49,24,1,938,below_floor,False
686_781_7_59,95,65,5,28,False,46,23,0,781,below_floor,False
687_911_6_51,127,97,5,27,False,59,29,1,911,,True
688_385_540_49,115,82,5,29,False,62,31,0,385,,True
689_6_7_48,112,81,5,25,False,51,25,1,7,,True
68_1257_1258_30,140,108,5,30,False,82,41,0,1257,,True
690_152_287_3,123,89,5,26,False,71,35,1,287,,True
691_781_451_29,108,78,5,30,False,49,24,1,451,below_floor,False
692_384_385_29,98,68,5,30,False,40,20,0,385,below_floor,False
693_6_380_29,125,94,5,28,False,55,27,1,380,,True
694_325_524_14,119,82,5,26,False,56,28,0,325,,True
695_573_574_16,108,78,5,29,False,58,29,0,573,,True
696_221_748_0,130,94,5,28,False,63,31,1,221,,True
697_510_433_56,119,89,5,30,False,74,37,0,510,,True
698_523_1198_56,117,86,5,30,False,60,30,0,523,,True
699_316_39_27,98,68,5,26,False,53,26,1,39,,True
69_703_440_56,108,73,5,28,False,51,25,1,703,,True
6_512_967_18,130,100,5,29,False,74,37,0,512,,True
700_696_153_14,101,71,5,29,False,50,25,0,153,,True
701_433_384_14,114,84,5,30,False,66,33,0,433,,True
702_152_153_39,100,69,5,30,False,59,29,1,153,,True
703_18_19_30,121,91,5,26,False,66,33,0,18,,True
704_523_574_14,95,64,5,27,False,48,24,0,523,below_floor,False
705_384_573_14,105,70,5,29,False,53,26,1,573,,True
706_279_311_14,133,103,5,30,False,81,40,1,279,,True
707_962_225_31,106,75,5,30,False,60,30,0,225,,True
708_979_384_37,103,73,5,26,False,52,26,0,979,,True
709_748_7_14,135,90,5,29,False,67,33,1,748,,True
70_322_323_56,154,115,5,30,False,83,41,1,323,,True
710_574_1124_14,112,82,5,30,False,52,26,0,1124,,True
711_523_152_6,107,75,5,25,False,60,30,0,152,,True
712_1541_1542_39,112,82,5,29,False,59,29,1,1542,,True
713_225_287_49,112,82,5,30,False,57,28,1,287,,True
714_504_824_47,114,84,5,30,False,53,26,1,824,,True
715_523_278_47,94,63,5,28,False,48,24,0,278,below_floor,False
716_574_279_34,123,93,5,30,False,72,36,0,279,,True
717_19_523_34,109,79,5,30,False,54,27,0,523,,True
718_278_279_58,111,80,5,28,False,57,28,1,278,,True
719_503_504_9,104,74,5,30,False,50,25,0,503,,True
71_597_598_56,126,96,5,28,False,67,33,1,598,,True
720_426_427_9,110,80,5,28,False,61,30,1,426,,True
721_748_287_34,124,85,5,30,False,68,34,0,287,,True
722_574_415_34,112,82,5,30,False,60,30,0,415,,True
723_279_748_9,122,85,5,30,False,55,27,1,748,,True
724_287_573_31,121,90,5,24,False,63,31,1,573,,True
725_458_623_47,102,72,5,29,False,44,22,0,623,below_floor,False
726_279_504_31,107,77,5,30,False,48,24,0,504,below_floor,False
727_415_380_34,104,74,5,30,False,55,27,1,380,,True
728_504_573_34,114,82,5,28,False,56,28,0,573,,True
729_86_748_31,120,84,5,30,False,63,31,1,748,,True
72_54_672_0,136,99,5,30,False,72,36,0,672,,True
730_504_623_17,117,86,5,30,False,65,32,1,623,,True
731_798_713_15,85,54,5,27,False,43,21,1,713,below_floor,False
732_476_477_15,93,63,5,30,False,48,24,0,477,below_floor,False
733_287_288_31,91,60,5,30,False,35,17,1,287,below_floor,False
734_1379_1122_31,92,60,5,26,False,36,18,0,1379,below_floor,False
735_225_458_34,107,77,5,30,False,58,29,0,225,,True
736_713_476_7,96,63,5,28,False,49,24,1,713,below_floor,False
737_1347_1502_32,105,75,5,28,False,53,26,1,1347,,True
738_713_573_17,103,73,5,25,False,51,25,1,713,,True
739_713_1001_47,99,68,5,30,False,46,23,0,1001,below_floor,False
73_299_1249_20,135,102,5,27,False,79,39,1,299,,True
740_393_916_8,122,92,5,30,False,63,31,1,916,,True
741_164_336_8,116,84,5,30,False,58,29,0,336,,True
742_713_393_33,114,84,5,30,False,60,30,0,393,,True
743_158_159_48,119,88,5,30,False,66,33,0,158,,True
744_457_458_53,133,103,5,30,False,83,41,1,457,,True
745_771_65_40,107,77,5,30,False,49,24,1,65,below_floor,False
746_916_1001_56,110,80,5,30,False,54,27,0,1001,,True
747_393_149_53,118,87,5,27,False,49,24,1,149,below_floor,False
748_157_426_7,110,79,5,30,False,53,26,1,426,,True
749_239_997_58,104,74,5,28,False,54,27,0,997,,True
74_831_54_18,125,93,5,26,False,65,32,1,54,,True
750_224_225_24,114,83,5,27,False,61,30,1,224,,True
751_1347_916_47,106,76,5,29,False,57,28,1,916,,True
752_1097_623_7,112,82,5,30,False,56,28,0,623,,True
753_1318_555_30,127,97,5,30,False,72,36,0,555,,True
754_393_721_58,116,85,5,29,False,52,26,0,721,,True
755_916_639_58,100,69,5,27,False,45,22,1,639,below_floor,False
756_555_639_37,114,83,5,28,False,70,35,0,639,,True
757_762_183_37,124,92,5,29,False,65,32,1,762,,True
758_721_997_35,102,72,5,29,False,42,21,0,997,below_floor,False
759_411_867_52,130,100,5,29,False,74,37,0,867,,True
75_207_830_54,125,92,5,30,False,60,30,0,207,,True
760_615_1001_38,105,73,5,30,False,47,23,1,1001,below_floor,False
761_555_476_52,106,76,5,30,False,60,30,0,555,,True
762_982_410_11,100,70,5,30,False,46,23,0,982,below_floor,False
763_51_336_0,116,80,5,30,False,58,29,0,336,,True
764_476_824_0,105,75,5,28,False,57,28,1,824,,True
765_476_174_24,103,72,5,30,False,60,30,0,174,,True
766_1122_623_7,109,78,5,29,False,49,24,1,623,below_floor,False
767_179_338_60,106,75,5,28,False,51,25,1,338,,True
768_133_174_35,100,70,5,30,False,45,22,1,133,below_floor,False
769_555_410_30,102,72,5,30,False,63,31,1,410,,True
76_439_54_51,114,82,5,24,False,64,32,0,439,,True
770_338_410_24,102,72,5,29,False,58,29,0,338,,True
771_152_623_47,107,76,5,30,False,63,31,1,623,,True
772_338_174_25,100,70,5,30,False,55,27,1,174,,True
773_1347_152_58,100,70,5,28,False,56,28,0,1347,,True
774_961_962_58,104,74,5,30,False,61,30,1,962,,True
775_282_1041_22,128,97,5,27,False,72,36,0,282,,True
776_410_411_25,107,77,5,27,False,49,24,1,410,below_floor,False
777_824_338_22,126,96,5,28,False,66,33,0,338,,True
778_282_18_9,116,84,5,24,False,57,28,1,282,,True
779_1014_448_14,136,105,5,24,False,80,40,0,448,,True
77_631_54_18,159,128,5,27,False,88,44,0,54,,True
780_190_191_47,123,91,5,29,False,71,35,1,190,,True
781_962_282_47,132,98,5,29,False,76,38,0,282,,True
782_18_410_11,107,76,5,30,False,69,34,1,18,,True
783_18_830_37,114,83,5,30,False,64,32,0,18,,True
784_282_741_12,121,87,5,29,False,65,32,1,282,,True
785_927_928_37,138,101,5,27,False,75,37,1,928,,True
786_1422_1028_12,139,109,5,30,False,88,44,0,1422,,True
787_226_18_49,117,87,5,28,False,74,37,0,18,,True
788_830_273_12,121,91,5,30,False,62,31,0,830,,True
789_281_282_36,151,119,5,25,False,75,37,1,282,,True
78_229_230_18,109,79,5,30,False,54,27,0,230,,True
790_962_927_12,121,88,5,26,False,64,32,0,962,,True
791_744_1165_39,111,81,5,30,False,56,28,0,1165,,True
792_805_806_12,132,102,5,29,False,76,38,0,805,,True
793_771_281_12,104,74,5,28,False,53,26,1,771,,True
794_1380_699_11,104,73,5,28,False,45,22,1,1380,below_floor,False
795_1330_874_11,100,70,5,26,False,52,26,0,1330,,True
796_744_281_46,104,73,5,28,False,51,25,1,744,,True
797_741_835_12,98,67,5,28,False,49,24,1,835,below_floor,False
798_700_1250_59,106,76,5,29,False,53,26,1,1250,,True
799_898_899_22,122,92,5,29,False,66,33,0,899,,True
79_229_230_57,107,77,5,30,False,57,28,1,230,,True
7_723_191_18,120,88,5,29,False,70,35,0,723,,True
800_591_592_22,137,107,5,30,False,87,43,1,591,,True
801_699_744_48,104,74,5,27,False,47,23,1,699,below_floor,False
802_744_700_54,123,92,5,27,False,67,33,1,700,,True
803_699_306_48,127,96,5,28,False,63,31,1,306,,True
804_1112_298_34,106,75,5,28,False,49,24,1,298,below_floor,False
805_592_39_34,108,78,5,30,False,53,26,1,592,,True
806_744_306_52,104,72,5,28,False,49,24,1,744,below_floor,False
807_592_699_50,97,67,5,29,False,51,25,1,592,,True
808_699_700_50,105,74,5,28,False,54,27,0,699,,True
809_306_298_50,91,60,5,28,False,41,20,1,298,below_floor,False
80_759_229_57,131,101,5,30,False,62,31,0,229,,True
810_700_306_47,102,71,5,28,False,47,23,1,306,below_floor,False
811_32_133_43,121,88,5,30,False,58,29,0,133,,True
812_19_318_58,111,81,5,28,False,59,29,1,318,,True
813_19_298_50,108,77,5,27,False,42,21,0,298,below_floor,False
814_19_133_50,110,79,5,30,False,58,29,0,133,,True
815_298_299_35,122,89,5,24,False,56,28,0,298,,True
816_161_231_54,135,105,5,30,False,84,42,0,231,,True
817_525_788_54,156,126,5,30,False,89,44,1,788,,True
818_497_298_7,107,75,5,28,False,48,24,0,298,below_floor,False
819_1170_1171_27,124,92,5,28,False,56,28,0,1170,,True
81_230_1135_57,102,68,5,30,False,50,25,0,1135,,True
820_161_497_42,118,88,5,30,False,63,31,1,497,,True
821_1374_1237_7,113,79,5,28,False,56,28,0,1237,,True
822_497_368_7,120,89,5,29,False,66,33,0,497,,True
823_745_232_22,98,68,5,28,False,51,25,1,232,,True
824_161_232_22,109,79,5,30,False,59,29,1,232,,True
825_457_927_12,121,88,5,30,False,72,36,0,927,,True
826_232_368_12,120,90,5,29,False,67,33,1,232,,True
827_33_1377_49,108,74,5,29,False,51,25,1,1377,,True
828_584_788_11,127,96,5,30,False,63,31,1,584,,True
829_33_34_12,169,129,5,28,False,84,42,0,34,,True
82_829_830_3,115,82,5,30,False,65,32,1,830,,True
830_368_1039_12,156,113,5,30,False,79,39,1,1039,,True
831_232_584_29,104,72,5,30,False,57,28,1,584,,True
832_56_57_40,152,111,5,29,False,68,34,0,57,,True
833_244_1183_40,168,134,5,28,False,91,45,1,244,,True
834_231_232_7,234,186,5,29,False,131,65,1,232,,True
835_456_374_37,154,105,5,28,False,71,35,1,374,,True
836_788_426_12,163,130,5,30,False,89,44,1,788,,True
837_39_40_34,100,69,5,28,False,43,21,1,40,below_floor,False
838_317_618_27,115,83,5,26,False,55,27,1,618,,True
839_646_1544_27,128,95,5,30,False,63,31,1,646,,True
83_229_597_20,136,106,5,30,False,66,33,0,597,,True
840_510_641_31,124,93,5,28,False,72,36,0,510,,True
841_696_482_12,112,82,5,28,False,68,34,0,696,,True
842_266_1277_6,111,81,5,30,False,55,27,1,266,,True
843_266_700_6,116,84,5,30,False,53,26,1,266,,True
844_978_854_54,112,82,5,30,False,62,31,0,854,,True
845_570_771_14,98,68,5,28,False,50,25,0,771,,True
846_270_198_14,129,98,5,29,False,82,41,0,270,,True
847_266_267_14,115,84,5,30,False,66,33,0,266,,True
848_33_336_44,117,87,5,28,False,56,28,0,336,,True
849_791_1190_16,176,146,5,29,False,95,47,1,1190,,True
84_229_829_20,101,71,5,30,False,57,28,1,829,,True
850_266_192_15,106,76,5,30,False,54,27,0,192,,True
851_1022_1546_12,143,113,5,30,False,75,37,1,1546,,True
852_547_336_43,120,86,5,30,False,58,29,0,336,,True
853_641_912_1,110,80,5,29,False,58,29,0,641,,True
854_984_413_31,93,63,5,28,False,44,22,0,413,below_floor,False
855_261_162_57,111,80,5,28,False,63,31,1,261,,True
856_547_1122_27,121,87,5,28,False,55,27,1,547,,True
857_641_723_58,99,69,5,25,False,59,29,1,723,,True
858_452_417_58,150,117,5,30,False,82,41,0,452,,True
859_659_1469_23,111,81,5,26,False,54,27,0,659,,True
85_1135_229_35,112,80,5,27,False,55,27,1,1135,,True
860_912_191_31,132,102,5,29,False,69,34,1,191,,True
861_745_641_22,109,77,5,28,False,53,26,1,641,,True
862_1461_1462_27,131,99,5,28,False,67,33,1,1462,,True
863_547_503_31,119,89,5,30,False,57,28,1,547,,True
864_1122_93_31,108,76,5,29,False,47,23,1,1122,below_floor,False
865_547_452_35,139,107,5,30,False,85,42,1,547,,True
866_33_997_52,107,75,5,28,False,49,24,1,33,below_floor,False
867_411_771_47,125,95,5,28,False,63,31,1,411,,True
868_1240_812_47,112,82,5,28,False,53,26,1,812,,True
869_299_997_54,121,83,5,27,False,60,30,0,997,,True
86_829_759_20,115,82,5,30,False,56,28,0,759,,True
870_452_812_47,143,110,5,27,False,83,41,1,812,,True
871_3_162_58,121,89,5,30,False,65,32,1,162,,True
872_771_149_33,107,76,5,28,False,52,26,0,771,,True
873_226_1097_36,144,114,5,30,False,88,44,0,226,,True
874_1265_1122_49,122,90,5,27,False,65,32,1,1122,,True
875_65_452_12,121,89,5,26,False,74,37,0,65,,True
876_376_377_56,113,83,5,30,False,64,32,0,376,,True
877_221_162_14,108,75,5,29,False,51,25,1,221,,True
878_797_960_55,114,82,5,30,False,59,29,1,797,,True
879_89_246_55,117,86,5,28,False,54,27,0,89,,True
87_229_759_25,116,84,5,27,False,59,29,1,759,,True
880_1210_745_7,93,63,5,28,False,44,22,0,745,below_floor,False
881_377_191_55,110,80,5,30,False,59,29,1,191,,True
882_376_463_55,143,110,5,28,False,68,34,0,376,,True
883_452_33_55,148,106,5,26,False,86,43,0,452,,True
884_874_875_14,135,99,5,26,False,67,33,1,874,,True
885_221_745_6,114,79,5,29,False,56,28,0,745,,True
886_1081_246_30,166,129,5,25,False,88,44,0,1081,,True
887_1470_1166_30,128,93,5,28,False,64,32,0,1166,,True
888_156_371_10,104,74,5,27,False,59,29,1,156,,True
889_376_318_10,109,79,5,30,False,64,32,0,376,,True
88_829_1135_39,98,65,5,28,False,44,22,0,829,below_floor,False
890_261_791_52,109,78,5,30,False,54,27,0,791,,True
891_657_658_32,108,77,5,24,False,54,27,0,658,,True
892_324_376_20,120,90,5,30,False,60,30,0,376,,True
893_302_562_36,115,85,5,29,False,60,30,0,562,,True
894_206_207_51,96,65,5,30,False,44,22,0,206,below_floor,False
895_510_191_1,126,96,5,30,False,70,35,0,510,,True
896_233_270_16,117,87,5,30,False,69,34,1,270,,True
897_1415_1289_13,112,80,5,27,False,55,27,1,1289,,True
898_98_539_9,119,88,5,27,False,62,31,0,98,,True
899_98_294_13,113,83,5,30,False,72,36,0,98,,True
89_759_829_23,115,82,5,30,False,55,27,1,829,,True
8_1384_1385_18,111,78,5,30,False,54,27,0,1385,,True
900_858_1169_41,115,85,5,30,False,65,32,1,858,,True
901_943_944_41,120,87,5,30,False,58,29,0,943,,True
902_98_696_41,110,79,5,29,False,65,32,1,98,,True
903_1443_1444_18,115,83,5,28,False,46,23,0,1443,below_floor,False
904_98_1079_18,113,83,5,30,False,66,33,0,98,,True
905_127_610_30,133,103,5,28,False,74,37,0,610,,True
906_98_99_58,113,82,5,30,False,58,29,0,98,,True
907_22_23_57,109,75,5,30,False,53,26,1,23,,True
908_22_1079_14,144,114,5,28,False,84,42,0,22,,True
909_969_172_2,104,73,5,28,False,55,27,1,172,,True
90_1135_1238_39,111,79,5,28,False,53,26,1,1135,,True
910_93_22_44,132,101,5,25,False,61,30,1,22,,True
911_1079_172_2,131,99,5,30,False,70,35,0,1079,,True
912_587_22_30,137,105,5,24,False,69,34,1,22,,True
913_824_172_47,106,75,5,28,False,47,23,1,824,below_floor,False
914_161_162_7,107,77,5,30,False,51,25,1,161,,True
915_92_1116_40,111,81,5,28,False,57,28,1,1116,,True
916_16_17_40,99,66,5,25,False,52,26,0,17,,True
917_1153_1154_40,62,28,5,11,False,20,10,0,1153,below_floor,False
918_543_34_46,113,75,5,28,False,58,29,0,34,,True
919_1439_383_22,112,78,5,30,False,45,22,1,383,below_floor,False
91_914_763_20,122,90,5,30,False,53,26,1,914,,True
920_501_502_22,127,94,5,28,False,74,37,0,501,,True
921_860_861_46,132,100,5,23,False,76,38,0,861,,True
922_1497_382_0,127,96,5,27,False,73,36,1,1497,,True
923_943_92_18,128,97,5,28,False,66,33,0,92,,True
924_17_1042_0,112,81,5,30,False,67,33,1,17,,True
925_318_875_32,120,89,5,30,False,64,32,0,875,,True
926_162_383_42,106,76,5,29,False,51,25,1,383,,True
927_502_943_45,142,111,5,26,False,77,38,1,943,,True
928_1497_17_13,113,81,5,30,False,66,33,0,17,,True
929_409_1425_25,119,88,5,30,False,67,33,1,409,,True
92_1037_1038_3,112,81,5,27,False,53,26,1,1038,,True
930_382_383_36,123,93,5,28,False,68,34,0,383,,True
931_861_17_21,104,72,5,29,False,57,28,1,17,,True
932_798_860_7,102,71,5,26,False,62,31,0,860,,True
933_96_97_7,111,81,5,28,False,52,26,0,96,,True
934_559_17_35,99,68,5,30,False,57,28,1,17,,True
935_502_383_23,121,90,5,30,False,71,35,1,383,,True
936_409_861_32,103,73,5,30,False,46,23,0,861,below_floor,False
937_409_97_27,104,74,5,27,False,55,27,1,409,,True
938_798_409_27,94,63,5,25,False,54,27,0,409,,True
939_632_456_43,166,136,5,28,False,89,44,1,632,,True
93_885_1431_13,138,108,5,30,False,85,42,1,1431,,True
940_711_676_17,130,98,5,30,False,64,32,0,711,,True
941_408_409_37,116,85,5,29,False,66,33,0,409,,True
942_1106_408_39,122,87,5,28,False,63,31,1,408,,True
943_258_96_39,118,87,5,29,False,55,27,1,258,,True
944_1232_1233_27,179,139,5,29,False,92,46,0,1232,,True
945_96_100_45,149,108,5,29,False,67,33,1,100,,True
946_1493_1494_45,175,142,5,28,False,97,48,1,1493,,True
947_438_798_21,102,72,5,28,False,60,30,0,438,,True
948_653_632_20,160,129,5,28,False,78,39,0,632,,True
949_52_53_20,151,119,5,30,False,81,40,1,52,,True
94_550_1238_24,130,95,5,30,False,64,32,0,1238,,True
950_797_798_14,99,68,5,28,False,57,28,1,797,,True
951_1233_797_17,107,77,5,28,False,48,24,0,797,below_floor,False
952_823_676_19,136,106,5,30,False,70,35,0,823,,True
953_418_1139_53,92,62,5,30,False,45,22,1,418,below_floor,False
954_285_492_1,152,121,5,27,False,78,39,0,492,,True
955_502_559_17,103,72,5,30,False,49,24,1,559,below_floor,False
956_550_1118_17,125,94,5,30,False,64,32,0,550,,True
957_1530_823_60,129,99,5,28,False,68,34,0,1530,,True
958_1260_1160_60,104,74,5,26,False,53,26,1,1260,,True
959_1144_1145_15,102,70,5,21,False,47,23,1,1145,below_floor,False
95_1373_1225_39,105,73,5,28,False,49,24,1,1225,below_floor,False
960_676_1118_32,115,85,5,30,False,62,31,0,1118,,True
961_150_151_48,111,78,5,28,False,54,27,0,151,,True
962_1118_267_48,127,95,5,28,False,64,32,0,267,,True
963_302_150_1,116,85,5,30,False,70,35,0,302,,True
964_743_434_54,92,62,5,27,False,39,19,1,743,below_floor,False
965_1467_760_20,117,87,5,30,False,58,29,0,760,,True
966_150_743_1,111,80,5,30,False,63,31,1,150,,True
967_434_150_12,114,84,5,29,False,56,28,0,434,,True
968_659_1101_49,130,76,5,22,False,43,21,1,659,below_floor,False
969_443_444_49,114,84,5,29,False,60,30,0,443,,True
96_391_392_58,134,104,5,30,False,76,38,0,392,,True
970_492_1118_32,130,100,5,28,False,66,33,0,492,,True
971_792_478_32,127,97,5,28,False,77,38,1,792,,True
972_1118_760_57,108,78,5,30,False,52,26,0,1118,,True
973_509_291_57,112,82,5,29,False,54,27,0,291,,True
974_539_492_13,146,116,5,28,False,96,48,0,492,,True
975_1101_792_13,109,75,5,28,False,53,26,1,1101,,True
976_150_470_32,128,98,5,26,False,71,35,1,150,,True
977_743_302_35,113,83,5,29,False,52,26,0,302,,True
978_434_380_32,118,87,5,29,False,59,29,1,380,,True
979_803_760_58,109,79,5,28,False,53,26,1,760,,True
97_915_1094_36,127,97,5,28,False,70,35,0,915,,True
980_659_509_13,132,95,5,25,False,58,29,0,509,,True
981_860_943_27,120,90,5,28,False,57,28,1,860,,True
982_394_395_19,94,64,5,27,False,51,25,1,394,,True
983_478_434_57,117,85,5,30,False,62,31,0,434,,True
984_792_803_19,107,76,5,28,False,54,27,0,803,,True
985_1364_1365_19,122,85,5,28,False,61,30,1,1364,,True
986_434_394_35,139,103,5,30,False,76,38,0,434,,True
987_478_943_19,175,129,5,30,False,83,41,1,478,,True
988_470_860_35,129,94,5,28,False,66,33,0,860,,True
989_1316_1317_21,138,105,5,30,False,73,36,1,1317,,True
98_978_849_12,123,93,5,30,False,66,33,0,849,,True
990_593_594_21,128,93,5,30,False,69,34,1,594,,True
991_803_394_21,132,99,5,30,False,61,30,1,394,,True
992_792_509_21,112,80,5,28,False,45,22,1,509,below_floor,False
993_1333_743_30,124,94,5,30,False,69,34,1,1333,,True
994_913_408_32,136,101,5,30,False,81,40,1,408,,True
995_456_875_37,114,84,5,28,False,51,25,1,875,,True
996_1193_257_18,100,67,5,30,False,55,27,1,1193,,True
997_284_220_54,111,81,5,27,False,51,25,1,284,,True
998_987_391_38,110,80,5,30,False,54,27,0,987,,True
999_1477_1478_0,106,75,5,30,False,46,23,0,1477,below_floor,False
99_1100_848_54,102,72,5,28,False,51,25,1,1100,,True
9_191_1020_18,134,103,5,29,False,76,38,0,1020,,True
