corpus,record,side,N,k,eps,I,room,resid,cells,npc,symbol_ok,cell_ok,room_ok,saturated,screen,q95_global,clear_global,strat_cover,q95_strat,clear_strat,q95_local,clear_local,q95_circ,clear_circ
C3,0_550_1442_22,model,29,2,0.2833976760243282,0.2708922217869747,0.9558731235457274,0.6849809017587527,7,4.14,True,True,True,False,PASS,0.15063,True,1.0,0.14411,True,0.18066,True,0.25851,True
C3,0_550_1442_22,user,29,2,-0.044171770262818176,-0.04222260801366429,0.9558731235457274,0.9980957315593917,8,3.62,True,True,True,False,PASS,0.17321,False,1.0,0.1756,False,0.16335,False,0.13935,False
C3,1002_257_921_53,model,26,2,0.26356846840795267,0.2595895179451809,0.9849035414334423,0.7253140234882614,7,3.71,True,True,True,False,PASS,0.17186,True,1.0,0.17186,True,0.16558,True,0.13158,True
C3,1002_257_921_53,user,26,2,0.01144510972022839,0.012031279288086338,1.0512157228883474,1.039184443600261,7,3.71,True,True,True,False,PASS,0.16145,False,1.0,0.12108,False,0.15701,False,0.14811,False
C3,1004_807_419_53,model,24,2,-0.0424057338712297,-0.029188150905651633,0.6883067038595557,0.7174948547652074,6,4.0,True,True,True,False,PASS,0.19458,False,1.0,0.24454,False,0.19988,False,0.01973,False
C3,1004_807_419_53,user,24,2,0.04091966723397328,0.04145879136335551,1.0131751836176865,0.971716392254331,7,3.43,True,True,True,False,PASS,0.18954,False,1.0,0.20531,False,0.18954,False,0.20531,False
C3,1005_285_179_32,model,40,2,0.18098570486458318,0.1596930783642294,0.8823518878671368,0.7226588095029074,6,6.67,True,True,True,False,PASS,0.11298,True,1.0,0.12588,True,0.17836,True,0.08324,True
C3,1005_285_179_32,user,40,2,0.25602198746213684,0.24791094477572972,0.9683189605439391,0.7204080157682093,7,5.71,True,True,True,False,PASS,0.10825,True,1.0,0.08891,True,0.09089,True,0.07742,True
C3,1006_419_221_32,model,29,2,-0.014457911155739444,-0.014543141728098563,1.005895082037856,1.0204382237659546,6,4.83,True,True,True,False,PASS,0.14887,False,1.0,0.04989,False,0.13317,False,0.10124,False
C3,1006_419_221_32,user,29,2,0.5345821598535351,0.5038561383292667,0.9425232942066627,0.438667155877396,5,5.8,True,True,True,False,PASS,0.17747,True,1.0,0.13104,True,0.1615,True,0.10064,True
C3,1007_419_420_14,model,27,2,-0.01866904012485134,-0.019466273549263002,1.0427035037195311,1.0621697772687941,8,3.38,True,True,True,False,PASS,0.13459,False,1.0,0.14668,False,0.12763,False,0.14149,False
C3,1007_419_420_14,user,27,2,-0.01305345153322175,-0.013103138927775593,1.0038064564324145,1.01690959536019,8,3.38,True,True,True,False,PASS,0.1563,False,1.0,0.14675,False,0.18068,False,0.21422,False
C3,1008_408_420_38,model,31,2,0.47770235387110394,0.4540387711132736,0.9504637509820282,0.49642497986875456,7,4.43,True,True,True,False,PASS,0.16721,True,1.0,0.12281,True,0.22829,True,0.41955,True
C3,1008_408_420_38,user,31,2,0.15315156476258146,0.15273892964273839,0.9973057074507679,0.8445667778080295,6,5.17,True,True,True,False,PASS,0.11454,True,1.0,0.14534,True,0.16781,False,0.29322,False
C3,1009_919_627_37,model,30,2,0.3721265822057806,0.3533703049289927,0.9495970506444069,0.5962267457154142,6,5.0,True,True,True,False,PASS,0.16314,True,1.0,0.16857,True,0.16156,True,0.15136,True
C3,1009_919_627_37,user,30,2,0.006062843990085007,0.00617498109959147,1.0184957933421754,1.012320812242584,6,5.0,True,True,True,False,PASS,0.15175,False,1.0,0.08619,False,0.06935,False,0.14942,False
C3,100_1109_1110_38,model,35,2,-0.02074066741178446,-0.020276179488087243,0.9776049673583163,0.9978811468464035,6,5.83,True,True,True,False,PASS,0.12249,False,1.0,0.05753,False,0.07426,False,0.06479,False
C3,100_1109_1110_38,user,35,2,0.45765880003088844,0.37561373027717226,0.8207287399517309,0.44511500967455864,5,7.0,True,True,True,False,PASS,0.15199,True,1.0,0.16881,True,0.15159,True,0.04566,True
C3,1010_284_285_35,model,30,2,0.33465851729648843,0.2747511418900288,0.8209895391564617,0.5462383972664329,6,5.0,True,True,True,False,PASS,0.15306,True,1.0,0.13316,True,0.17485,True,0.06176,True
C3,1010_284_285_35,user,30,2,0.017648284312822535,0.018440365197131214,1.0448814666779356,1.0264411014808044,6,5.0,True,True,True,False,PASS,0.13612,False,1.0,0.05418,False,0.1148,False,0.30579,False
C3,1012_363_1463_24,model,33,2,-0.0181029325276224,-0.017184977835435822,0.9492924866849106,0.9664774645203464,8,4.12,True,True,True,False,PASS,0.13054,False,1.0,0.11032,False,0.12026,False,0.24391,False
C3,1012_363_1463_24,user,33,2,-0.029455227734042775,-0.02974954971226418,1.0099921813838582,1.0397417310961223,8,4.12,True,True,True,False,PASS,0.13342,False,1.0,0.14531,False,0.12317,False,0.13429,False
C3,1013_627_284_51,model,27,2,0.26955310731965254,0.18065031953761046,0.6701845188650869,0.48953419932747644,5,5.4,True,True,True,False,PASS,0.19891,True,0.852,0.1026,True,0.19891,True,0.4075,False
C3,1013_627_284_51,user,27,2,0.00020739585136114627,0.00020828613598578016,1.004292682899831,1.0040843967638453,6,4.5,True,True,True,False,PASS,0.15535,False,1.0,0.15993,False,0.15993,False,0.3408,False
C3,1014_331_332_30,model,34,2,0.049481220361093946,0.04812559941260619,0.9726033242794947,0.9244777248668885,7,4.86,True,True,True,False,PASS,0.12272,False,1.0,0.10118,False,0.14564,False,0.08604,False
C3,1014_331_332_30,user,34,2,0.10349250414632952,0.10324062181557658,0.9975661780258327,0.8943255562102561,8,4.25,True,True,True,False,PASS,0.11278,False,1.0,0.12476,False,0.13487,False,0.14251,False
C3,1015_681_682_10,model,27,2,0.18803209746075547,0.16422511298376852,0.8733887203382616,0.7091636073544931,7,3.86,True,True,True,False,PASS,0.23759,False,1.0,0.15569,True,0.4804,False,0.20304,False
C3,1015_681_682_10,user,27,2,0.32942943632665855,0.3281081142867365,0.9959890589782879,0.6678809446915515,6,4.5,True,True,True,False,PASS,0.20263,True,1.0,0.1778,True,0.20372,True,0.20263,True
C3,1017_364_773_45,model,26,2,-0.0057693098976599405,-0.005989944734077879,1.0382428471223966,1.0442327918564744,8,3.25,True,True,True,False,PASS,0.16618,False,1.0,0.12241,False,0.16618,False,0.01325,False
C3,1017_364_773_45,user,26,2,0.12468295716641509,0.12605315127536487,1.0109894258212129,0.884936274545848,8,3.25,True,True,True,False,PASS,0.17184,False,1.0,0.17545,False,0.17545,False,-0.00416,True
C3,1018_92_93_1,model,24,2,0.1344269395900377,0.13633711421136407,1.0142097605372244,0.8778726463258604,8,3.0,True,True,True,False,PASS,0.20199,False,1.0,0.18148,False,0.22276,False,0.20778,False
C3,1018_92_93_1,user,24,2,0.022445088931032683,0.022490725349815,1.0020332474031421,0.9795425220533271,7,3.43,True,True,True,False,PASS,0.18085,False,1.0,0.21877,False,0.18715,False,0.16154,False
C3,1019_975_976_37,model,29,2,0.6185903651951151,0.5225067684277326,0.8446733053511496,0.322166536923417,6,4.83,True,True,True,False,PASS,0.20551,True,1.0,0.19253,True,0.1992,True,0.29123,True
C3,1019_975_976_37,user,29,2,-0.024613015002363348,-0.0228733113896904,0.9293177364696725,0.9521910478593629,6,4.83,True,True,True,False,PASS,0.17613,False,1.0,0.10437,False,0.15583,False,0.19557,False
C3,1020_929_263_37,model,27,2,-0.005720933474955379,-0.0059652373788823265,1.0427035037195311,1.0486687410984135,8,3.38,True,True,True,False,PASS,0.12763,False,1.0,0.13636,False,0.13291,False,0.03851,False
C3,1020_929_263_37,user,27,2,-0.028420796885314046,-0.027560899133820538,0.96974406611597,0.9973049652497905,8,3.38,True,True,True,False,PASS,0.19023,False,1.0,0.19945,False,0.17542,False,0.02543,False
C3,1021_929_1271_22,model,27,2,0.037467033218219856,0.03910496122338891,1.0437165119434262,1.0046115507200373,7,3.86,True,True,True,False,PASS,0.16284,False,1.0,0.17673,False,0.145,False,0.40968,False
C3,1021_929_1271_22,user,27,2,0.3821327413517232,0.37807985689107104,0.9893940402847559,0.6113141833936848,7,3.86,True,True,True,False,PASS,0.17875,True,1.0,0.18336,True,0.16205,True,0.38213,False
C3,1022_420_238_30,model,27,2,0.11219251865366706,0.10536737968708842,0.9391658280919113,0.8337984484048229,7,3.86,True,True,True,False,PASS,0.18713,False,1.0,0.19198,False,0.20812,False,0.25135,False
C3,1022_420_238_30,user,27,2,0.12574742121708124,0.1312446598585728,1.0437165119434262,0.9124718520848534,8,3.38,True,True,True,False,PASS,0.15134,False,1.0,0.13841,False,0.15992,False,0.0748,True
C3,1023_681_929_30,model,27,2,-0.0059585034516048884,-0.005895307804034022,0.9893940402847556,0.9952893480887897,6,4.5,True,True,True,False,PASS,0.16203,False,1.0,0.08196,False,0.12781,False,0.13745,False
C3,1023_681_929_30,user,27,2,0.4405855859174053,0.41894717728080433,0.9508871617042473,0.5319399844234429,6,4.5,True,True,True,False,PASS,0.15355,True,1.0,0.15007,True,0.13282,True,0.0654,True
C3,1024_733_734_12,model,33,2,0.016778399291002864,0.01687257749635962,1.0056130625885902,0.9887404850922306,7,4.71,True,True,True,False,PASS,0.1335,False,1.0,0.09609,False,0.11276,False,0.13492,False
C3,1024_733_734_12,user,33,2,0.2093269655468628,0.19339259555841137,0.9238780825641685,0.7304854870057571,7,4.71,True,True,True,False,PASS,0.16711,True,1.0,0.13381,True,0.1234,True,0.04719,True
C3,1025_929_40_7,model,29,2,-0.0021310749628267013,-0.0021867740192649254,1.0261366012035278,1.0283233752227927,6,4.83,True,True,True,False,PASS,0.14341,False,1.0,0.09045,False,0.15848,False,0.26023,False
C3,1025_929_40_7,user,29,2,0.45226042536486,0.39534234088356424,0.8741475457743683,0.478805204890804,5,5.8,True,True,True,False,PASS,0.16498,True,1.0,0.15867,True,0.17964,True,0.32214,True
C3,1026_681_1333_7,model,26,2,0.8149924737734947,0.8239487731088753,1.0109894258212129,0.1870406527123376,5,5.2,True,True,True,False,PASS,0.18111,True,1.0,0.18271,True,0.18271,True,0.43841,True
C3,1026_681_1333_7,user,26,2,0.03468031616600855,0.0359358587017895,1.0362033186136739,1.0002674599118844,5,5.2,True,True,True,False,PASS,0.17461,False,1.0,0.04546,False,0.18257,False,0.46465,False
C3,1027_382_1418_7,model,33,2,0.06236011657531727,0.05306508867318427,0.8509459505113872,0.797880861838203,8,4.12,True,True,True,False,PASS,0.17393,False,1.0,0.16062,False,0.16466,False,0.15531,False
C3,1027_382_1418_7,user,33,2,0.3583561851426963,0.33238192950942835,0.9275183275463068,0.5951363980368785,6,5.5,True,True,True,False,PASS,0.14821,True,1.0,0.1465,True,0.14853,True,0.27006,True
C3,102_506_1506_38,model,32,2,0.13384298502942435,0.1398771916156658,1.0450842200277801,0.9052070284121143,7,4.57,True,True,True,False,PASS,0.12736,True,1.0,0.13384,False,0.17799,False,0.07849,True
C3,102_506_1506_38,user,32,2,0.15684128874920641,0.14996499622803727,0.9561576382341227,0.8061926420060854,8,4.0,True,True,True,False,PASS,0.13911,True,1.0,0.11832,True,0.13774,True,0.14313,True
C3,1030_696_1333_18,model,39,2,0.4356411872920432,0.3922099495131235,0.9003050238456805,0.508095074332557,7,5.57,True,True,True,False,PASS,0.10928,True,1.0,0.12802,True,0.12446,True,0.0282,True
C3,1030_696_1333_18,user,39,2,0.00022014931514180726,0.00019405330849964209,0.881462240182961,0.8812681868744614,7,5.57,True,True,True,False,PASS,0.12574,False,1.0,0.11882,False,0.11939,False,0.11178,False
C3,1031_733_89_42,model,26,2,0.12096560978455465,0.11870989066599469,0.9813523932746051,0.8626425026086104,7,3.71,True,True,True,False,PASS,0.15638,False,1.0,0.16484,False,0.14869,False,0.12097,False
C3,1031_733_89_42,user,26,2,0.024948013060890714,0.025258385961486107,1.0124407863599343,0.9871824003984482,7,3.71,True,True,True,False,PASS,0.1656,False,1.0,0.15202,False,0.14796,False,0.1851,False
C3,1032_906_994_42,model,25,2,-0.00414121337466588,-0.003039181087070242,0.7338866202023333,0.7369258012894035,6,4.17,True,True,True,False,PASS,0.16687,False,1.0,0.13735,False,0.12835,False,0.12835,False
C3,1032_906_994_42,user,25,2,0.07684777135798786,0.06897229182380482,0.8975184394418431,0.8285461476180382,7,3.57,True,True,True,False,PASS,0.18815,False,1.0,0.19748,False,0.18815,False,0.14199,False
C3,1033_760_443_32,model,27,2,0.0691831358752005,0.06101283591201201,0.8819033011465843,0.8208904652345723,7,3.86,True,True,True,False,PASS,0.14916,False,1.0,0.24445,False,0.18488,False,0.08138,False
C3,1033_760_443_32,user,27,2,0.1181137374590489,0.11207471014196924,0.9488710843717612,0.8367963742297919,7,3.86,True,True,True,False,PASS,0.16451,False,1.0,0.12528,False,0.12528,False,0.14701,False
C3,1034_34_245_0,model,31,2,0.27676993909288894,0.2528727348474745,0.9136567926280675,0.660784057780593,7,4.43,True,True,True,False,PASS,0.14909,True,1.0,0.14074,True,0.14826,True,0.21368,True
C3,1034_34_245_0,user,31,2,0.055568342958915544,0.04831795408130768,0.8695230325120826,0.821205078430775,7,4.43,True,True,True,False,PASS,0.17564,False,1.0,0.22414,False,0.16388,False,0.27705,False
C3,1035_733_760_32,model,28,2,0.0034431602622279145,0.0029467865169020557,0.855837745697995,0.8528909591810929,7,4.0,True,True,True,False,PASS,0.20482,False,1.0,0.12991,False,0.17461,False,0.07637,False
C3,1035_733_760_32,user,28,2,0.42373124331141393,0.40276080139346726,0.9505100408597088,0.5477492394662415,6,4.67,True,True,True,False,PASS,0.17697,True,1.0,0.16899,True,0.15341,True,0.03501,True
C3,1036_1337_712_23,model,38,2,0.04944416291482966,0.049530576055112574,1.0017476914399737,0.9522171153848611,8,4.75,True,True,True,False,PASS,0.09409,False,1.0,0.0913,False,0.09785,False,0.07991,False
C3,1036_1337_712_23,user,38,2,0.12038254073758996,0.12383571133955695,1.0286849785758736,0.9048492672363166,7,5.43,True,True,True,False,PASS,0.07844,True,1.0,0.11979,True,0.10304,True,0.07101,True
C3,1037_130_813_19,model,29,2,0.016029104725911843,0.015027701114690872,0.9375259174891937,0.9224982163745028,6,4.83,True,True,True,False,PASS,0.18638,False,1.0,0.08836,False,0.1468,False,0.43174,False
C3,1037_130_813_19,user,29,2,0.5837403750135699,0.5247970989551751,0.8990248429243488,0.3742277439691737,6,4.83,True,True,True,False,PASS,0.18216,True,1.0,0.205,True,0.18344,True,0.3752,True
C3,1038_681_733_23,model,27,2,0.050972435868085066,0.05201294439364035,1.0204131607178453,0.9684002163242049,6,4.5,True,True,True,False,PASS,0.14392,False,1.0,0.05097,False,0.12808,False,0.37455,False
C3,1038_681_733_23,user,27,2,0.33391099095599586,0.30379536677327523,0.9098094252707921,0.6060140584975169,6,4.5,True,True,True,False,PASS,0.18898,True,1.0,0.1277,True,0.19362,True,0.32609,True
C3,1039_977_1121_23,model,25,2,0.12968367459260471,0.13075993763078597,1.0082991405168176,0.8775392028860316,7,3.57,True,True,True,False,PASS,0.17512,False,1.0,0.17512,False,0.19446,False,0.18368,False
C3,1039_977_1121_23,user,25,2,0.06497227697037018,0.0643006074588377,0.9896622137494306,0.9253616062905929,8,3.12,True,True,True,False,PASS,0.18501,False,1.0,0.18397,False,0.15854,False,0.08976,False
C3,103_752_280_46,model,30,2,-0.04416860431852271,-0.045340710704675935,1.0265370935812361,1.071877804285912,8,3.75,True,True,True,False,PASS,0.13082,False,1.0,0.10637,False,0.1508,False,0.16572,False
C3,103_752_280_46,user,30,2,0.19132465070623536,0.17650265138147891,0.9225295889994096,0.7460269376179307,7,4.29,True,True,True,False,PASS,0.15207,True,1.0,0.18938,True,0.17191,True,0.27768,False
C3,1040_902_903_35,model,26,2,0.13013535297907303,0.10851967524201378,0.833898496893959,0.7253788216519452,6,4.33,True,True,True,False,PASS,0.1925,False,1.0,0.19062,False,0.1925,False,0.33689,False
C3,1040_902_903_35,user,26,2,0.19803586318641256,0.19434296829218822,0.9813523932746051,0.7870094249824169,6,4.33,True,True,True,False,PASS,0.17888,True,1.0,0.16908,True,0.18341,True,0.22943,False
C3,1041_101_803_53,model,24,2,0.06258233555994172,0.054369313775835315,0.8687645369796094,0.8143952232037741,6,4.0,True,True,True,False,PASS,0.19465,False,1.0,0.25282,False,0.17613,False,0.19465,False
C3,1041_101_803_53,user,24,2,0.35102065499779234,0.32609472597996325,0.9289901358711047,0.6028954098911414,7,3.43,True,True,True,False,PASS,0.21293,True,1.0,0.21293,True,0.16812,True,0.06888,True
C3,1042_233_1333_13,model,31,2,0.728822789359198,0.6884334080212533,0.9445827134831277,0.2561493054618744,5,6.2,True,True,True,False,PASS,0.14151,True,1.0,0.16776,True,0.18095,True,0.44799,True
C3,1042_233_1333_13,user,31,2,0.12919155819326794,0.11751256858129788,0.909599436872659,0.7920868682913611,5,6.2,True,True,True,False,PASS,0.15483,False,1.0,0.12919,False,0.1478,False,0.39023,False
C3,1044_602_1242_19,model,39,2,-0.032106974783988815,-0.03142678291983558,0.9788148254785924,1.010241608398428,8,4.88,True,True,True,False,PASS,0.11087,False,1.0,0.12048,False,0.10019,False,0.05572,False
C3,1044_602_1242_19,user,39,2,0.43034519409937855,0.3949034686222036,0.9176434965159842,0.5227400278937806,7,5.57,True,True,True,False,PASS,0.11969,True,1.0,0.12624,True,0.11884,True,0.15481,True
C3,1045_444_723_32,model,28,2,0.15090507609415338,0.1536161387059347,1.017965350682371,0.8643492119764362,7,4.0,True,True,True,False,PASS,0.15091,False,1.0,0.15091,False,0.16005,False,0.05136,True
C3,1045_444_723_32,user,28,2,0.022735819892090333,0.02063735813158296,0.9077023933833407,0.8870650352517577,7,4.0,True,True,True,False,PASS,0.15217,False,1.0,0.23337,False,0.18086,False,0.18836,False
C3,1046_529_362_32,model,36,2,-0.02653967475060555,-0.024586864683348364,0.9264192163013366,0.951006080984685,8,4.5,True,True,True,False,PASS,0.1332,False,1.0,0.1332,False,0.12296,False,0.11723,False
C3,1046_529_362_32,user,36,2,-0.037480111196222694,-0.03763578960011715,1.0041536270551445,1.0417894166552617,8,4.5,True,True,True,False,PASS,0.11654,False,1.0,0.13489,False,0.12752,False,0.14221,False
C3,1047_990_1410_0,model,35,2,0.09522147366570863,0.09308898565477586,0.9776049673583163,0.8845159817035404,8,4.38,True,True,True,False,PASS,0.11458,False,1.0,0.11251,False,0.09969,False,0.17878,False
C3,1047_990_1410_0,user,35,2,0.11647211287659957,0.11710997612723717,1.0054765319773447,0.8883665558501075,7,5.0,True,True,True,False,PASS,0.11647,False,1.0,0.11647,False,0.12737,False,0.23775,False
C3,1048_2_3_35,model,30,2,-0.023094984181733492,-0.02298883685857489,0.9954038798068303,1.0183927166654052,6,5.0,True,True,True,False,PASS,0.14577,False,1.0,0.08359,False,0.10408,False,0.27726,False
C3,1048_2_3_35,user,30,2,0.6947588669325843,0.6340314643591367,0.9125921158206101,0.27856065146147335,5,6.0,True,True,True,False,PASS,0.19375,True,1.0,0.1559,True,0.1559,True,0.24263,True
C3,1049_858_285_18,model,32,2,0.11115628443144836,0.08207420031751889,0.7383676122076138,0.6562934118900949,6,5.33,True,True,True,False,PASS,0.11116,False,1.0,0.11116,False,0.08385,True,0.04737,True
C3,1049_858_285_18,user,32,2,0.029889008970060006,0.03047096371845104,1.0194705267402469,0.9889995630217958,7,4.57,True,True,True,False,PASS,0.13038,False,1.0,0.11434,False,0.14391,False,0.26017,False
C3,104_979_1402_40,model,31,2,-0.02016611868528968,-0.02082116233115361,1.0324823857325482,1.0533035480637019,8,3.88,True,True,True,False,PASS,0.13728,False,1.0,0.12241,False,0.12372,False,0.17773,False
C3,104_979_1402_40,user,31,2,0.095689439914978,0.08575387075317342,0.8961685932049291,0.8104147224517557,8,3.88,True,True,True,False,PASS,0.15055,False,1.0,0.18052,False,0.18221,False,0.20026,False
C3,1050_1098_1126_59,model,27,2,0.28018951861656716,0.24471436511671707,0.8733887203382614,0.6286743552215444,7,3.86,True,True,True,False,PASS,0.23929,True,1.0,0.24125,True,0.2379,True,0.07391,True
C3,1050_1098_1126_59,user,27,2,0.19968413680142277,0.205366288570342,1.0284556993857248,0.8230894108153828,6,4.5,True,True,True,False,PASS,0.15339,True,1.0,0.17994,True,0.12713,True,0.15037,True
C3,1051_902_578_23,model,27,2,0.02365472853021818,0.02487001379134024,1.0513759969627032,1.026505983171363,7,3.86,True,True,True,False,PASS,0.17627,False,1.0,0.08388,False,0.15819,False,0.20153,False
C3,1051_902_578_23,user,27,2,0.3666315707172563,0.3427422433889452,0.9348410523360674,0.5920988089471222,6,4.5,True,True,True,False,PASS,0.20713,True,1.0,0.18685,True,0.18685,True,0.24393,True
C3,1052_2_261_23,model,25,2,0.007007703017238418,0.0070081269990263095,1.00006050224829,0.9930523752492637,8,3.12,True,True,True,False,PASS,0.17907,False,1.0,0.18654,False,0.18933,False,0.04425,False
C3,1052_2_261_23,user,25,2,-0.039860227414740025,-0.037759729287699884,0.9473034083527734,0.9850631376404733,8,3.12,True,True,True,False,PASS,0.17845,False,1.0,0.22661,False,0.23759,False,0.1269,False
C3,1053_1098_245_23,model,27,2,0.03681126642646648,0.03333203667837037,0.9054846495149479,0.8721526128365775,7,3.86,True,True,True,False,PASS,0.14068,False,1.0,0.1305,False,0.14541,False,0.02604,True
C3,1053_1098_245_23,user,27,2,0.12496295214022782,0.12484982656531884,0.9990947270933386,0.8742449005280197,7,3.86,True,True,True,False,PASS,0.15403,False,1.0,0.12496,False,0.15403,False,0.00715,True
C3,1054_578_1237_23,model,36,2,0.23199415170971588,0.15989132305544962,0.6892041108670474,0.5293127878115977,6,6.0,True,True,True,False,PASS,0.20543,True,1.0,0.12401,True,0.20506,True,0.1504,True
C3,1054_578_1237_23,user,36,2,-0.010120151237104621,-0.01043426236153544,1.0310381848128078,1.0414724471743433,6,6.0,True,True,True,False,PASS,0.12995,False,1.0,0.08487,False,0.08096,False,0.09001,False
C3,1056_578_579_32,model,28,2,0.41513284541373424,0.3552863585840845,0.855837745697995,0.5005513871139105,7,4.0,True,True,True,False,PASS,0.20482,True,1.0,0.20482,True,0.21435,True,0.32649,True
C3,1056_578_579_32,user,28,2,0.12969137862706573,0.12368845127959716,0.953713751746519,0.8300253004669218,6,4.67,True,True,True,False,PASS,0.17619,False,1.0,0.15975,False,0.16788,False,0.21966,False
C3,1057_1007_128_32,model,27,2,0.2808809419199876,0.28468886079539035,1.0135570567706496,0.7288681959752592,6,4.5,True,True,True,False,PASS,0.16424,True,1.0,0.07712,True,0.14242,True,0.1943,True
C3,1057_1007_128_32,user,27,2,0.24398969286549027,0.19937863865497485,0.8171600870242123,0.6177814483692374,6,4.5,True,True,True,False,PASS,0.23688,True,1.0,0.12121,True,0.25845,False,0.25459,False
C3,1058_261_578_46,model,30,2,0.15344983103999418,0.1210749561583746,0.7890198075670634,0.6679448514086888,7,4.29,True,True,True,False,PASS,0.21301,False,1.0,0.17953,False,0.21564,False,0.20378,False
C3,1058_261_578_46,user,30,2,0.01164005945655216,0.011630991715217531,0.9992209884005769,0.9875899966853594,7,4.29,True,True,True,False,PASS,0.15573,False,1.0,0.11989,False,0.11454,False,0.05056,False
C3,1059_1007_393_32,model,29,2,0.1724248935227535,0.17146333873221598,0.9944233412537347,0.8229600025215187,8,3.62,True,True,True,False,PASS,0.15061,True,1.0,0.14971,True,0.14363,True,0.16008,True
C3,1059_1007_393_32,user,29,2,-0.040532222226200426,-0.04077116300140049,1.005895082037856,1.0466662450392565,8,3.62,True,True,True,False,PASS,0.12188,False,1.0,0.15572,False,0.15285,False,0.11673,False
C3,105_734_1039_37,model,43,2,-0.034125846445031575,-0.03298510844586766,0.9665726093856348,0.9995577178315025,8,5.38,True,True,True,False,PASS,0.07872,False,1.0,0.06783,False,0.07063,False,0.03491,False
C3,105_734_1039_37,user,43,2,-0.023061117487316474,-0.023740514792852663,1.0294607278207508,1.0532012426136035,8,5.38,True,True,True,False,PASS,0.07203,False,1.0,0.06001,False,0.05959,False,0.09967,False
C3,1060_719_720_19,model,30,2,-0.007598528701047725,-0.007009867559577776,0.9225295889994096,0.9295394565589874,8,3.75,True,True,True,False,PASS,0.17244,False,1.0,0.163,False,0.17521,False,0.14727,False
C3,1060_719_720_19,user,30,2,0.13986367338835018,0.1295397401069509,0.9261857419350521,0.7966460018281012,7,4.29,True,True,True,False,PASS,0.17165,False,1.0,0.14819,False,0.16666,False,0.14881,False
C3,1061_1016_789_32,model,24,2,0.09868849896777365,0.09925109368735452,1.0057007120937627,0.9064496184064081,8,3.0,True,True,True,False,PASS,0.19553,False,1.0,0.17333,False,0.19698,False,0.0302,True
C3,1061_1016_789_32,user,24,2,-0.019580522202346903,-0.020336524937739853,1.0386099373438742,1.058946462281614,8,3.0,True,True,True,False,PASS,0.18473,False,1.0,0.20412,False,0.19871,False,-0.0193,False
C3,1063_664_1042_31,model,33,2,0.25239313156686805,0.24124685064274753,0.9558376218285977,0.7145907711858501,6,5.5,True,True,True,False,PASS,0.13296,True,1.0,0.16822,True,0.11187,True,0.09914,True
C3,1063_664_1042_31,user,33,2,0.2694112126345299,0.23638118610138947,0.8773992136030829,0.6410180275016935,7,4.71,True,True,True,False,PASS,0.14653,True,1.0,0.1342,True,0.17448,True,0.09426,True
C3,1064_723_144_0,model,25,2,0.025041816414508155,0.02621399506443356,1.0468088508646,1.0205948558001665,7,3.57,True,True,True,False,PASS,0.16479,False,1.0,0.13572,False,0.14777,False,0.12274,False
C3,1064_723_144_0,user,25,2,0.23576286813811476,0.22333896855026159,0.9473034083527734,0.7239644398025118,7,3.57,True,True,True,False,PASS,0.20371,True,1.0,0.23302,True,0.20371,True,0.15748,True
C3,1065_720_1042_19,model,34,2,0.32551170044310357,0.32966827244208163,1.0127693474407216,0.6831010749986399,7,4.86,True,True,True,False,PASS,0.10549,True,1.0,0.09126,True,0.12691,True,0.07937,True
C3,1065_720_1042_19,user,34,2,-0.024443925874632334,-0.023166887728711894,0.9477564220874299,0.9709233098161418,8,4.25,True,True,True,False,PASS,0.132,False,1.0,0.12606,False,0.14928,False,0.06886,False
C3,1066_1007_318_50,model,32,2,0.03390929121277686,0.03389295449458185,0.9995182229527448,0.965625268458163,7,4.57,True,True,True,False,PASS,0.12257,False,1.0,0.09332,False,0.12642,False,0.10696,False
C3,1066_1007_318_50,user,32,2,0.23900237182290232,0.2221969319320395,0.9296850497227892,0.7074881177907497,7,4.57,True,True,True,False,PASS,0.15988,True,1.0,0.12898,True,0.15349,True,0.15978,True
C3,1067_173_1337_31,model,37,2,0.017011603279101284,0.017388272460163723,1.0221418977907377,1.004753625330574,8,4.62,True,True,True,False,PASS,0.08132,False,1.0,0.07759,False,0.09643,False,0.16498,False
C3,1067_173_1337_31,user,37,2,0.0616265871513407,0.06367112862504354,1.0331762891344594,0.9695051605094158,8,4.62,True,True,True,False,PASS,0.081,False,1.0,0.0942,False,0.08636,False,0.05236,True
C3,1068_483_764_31,model,25,2,0.18080185697237977,0.1622730005180376,0.8975184394418431,0.7352454389238054,6,4.17,True,True,True,False,PASS,0.18815,False,1.0,0.21264,False,0.18815,False,0.14199,True
C3,1068_483_764_31,user,25,2,0.022260530455771782,0.019979236555811908,0.8975184394418431,0.8775392028860312,7,3.57,True,True,True,False,PASS,0.20497,False,1.0,0.16383,False,0.19748,False,0.39095,False
C3,1069_1007_1042_6,model,30,2,0.2831101607331083,0.2353957827843116,0.8314635623629996,0.596067779578688,8,3.75,True,True,True,False,PASS,0.14846,True,1.0,0.14159,True,0.14999,True,0.30997,False
C3,1069_1007_1042_6,user,30,2,0.0025320161267178,0.0021701848172546168,0.8570975494013864,0.8549273645841318,7,4.29,True,True,True,False,PASS,0.15837,False,1.0,0.15679,False,0.17097,False,0.23435,False
C3,106_733_1204_7,model,35,2,0.22228474508200338,0.20648126797821753,0.9289043559963786,0.722423088018161,6,5.83,True,True,True,False,PASS,0.11625,True,1.0,0.14432,True,0.11603,True,0.06706,True
C3,106_733_1204_7,user,35,2,0.02095779062804031,0.018338351435689182,0.8750135814007765,0.8566752299650873,6,5.83,True,True,True,False,PASS,0.15745,False,1.0,0.10798,False,0.11447,False,0.06323,False
C3,1070_1505_321_28,model,28,2,0.28702300584243057,0.2967757486138267,1.0339789583861796,0.7372032097723529,6,4.67,True,True,True,False,PASS,0.15002,True,1.0,0.13808,True,0.14078,True,0.15757,True
C3,1070_1505_321_28,user,28,2,0.0026676483776889226,0.00244549591279275,0.9167234832168433,0.9142779873040505,6,4.67,True,True,True,False,PASS,0.19324,False,1.0,0.17403,False,0.15994,False,0.27173,False
C3,1071_529_144_23,model,33,2,0.005234274376206859,0.004922423021044731,0.9404212823501013,0.9354988593290565,8,4.12,True,True,True,False,PASS,0.13563,False,1.0,0.15733,False,0.1528,False,0.00436,True
C3,1071_529_144_23,user,33,2,0.16769228981237058,0.1673055534508916,0.9976937737452825,0.8303882202943909,8,4.12,True,True,True,False,PASS,0.11734,True,1.0,0.09696,True,0.13656,True,0.16389,True
C3,1072_1007_1016_28,model,25,2,0.279918704547471,0.27945203428281773,0.998332836437609,0.7188808021547912,6,4.17,True,True,True,False,PASS,0.20837,True,1.0,0.25031,True,0.20837,True,0.33241,False
C3,1072_1007_1016_28,user,25,2,0.17508090652753103,0.16585473949102347,0.9473034083527734,0.7814486688617499,6,4.17,True,True,True,False,PASS,0.20371,False,1.0,0.15137,True,0.20371,False,0.42542,False
C3,1073_720_332_31,model,28,2,0.09186769491765003,0.08648727927452826,0.9414329961370561,0.8549457168625278,7,4.0,True,True,True,False,PASS,0.19388,False,1.0,0.19388,False,0.16903,False,0.12983,False
C3,1073_720_332_31,user,28,2,0.11444511557006666,0.10878123147669816,0.9505100408597088,0.8417288093830106,7,4.0,True,True,True,False,PASS,0.16899,False,1.0,0.22588,False,0.15352,False,0.13494,False
C3,1074_546_1522_28,model,37,2,-0.004555424187279341,-0.004604036118023291,1.0106712193520189,1.0152752554700422,8,4.62,True,True,True,False,PASS,0.1096,False,1.0,0.113,False,0.09667,False,0.09436,False
C3,1074_546_1522_28,user,37,2,-0.04769931723487482,-0.029642284005792163,0.6214404256528758,0.651082709658668,8,4.62,True,True,True,False,PASS,0.20535,False,1.0,0.2199,False,0.19703,False,0.34648,False
C3,1075_621_622_5,model,38,2,0.05876353111597148,0.060178725970955416,1.0240828763709078,0.9639041503999524,8,4.75,True,True,True,False,PASS,0.09246,False,1.0,0.0944,False,0.09726,False,0.05876,False
C3,1075_621_622_5,user,38,2,-0.02781321462173242,-0.028645820180474235,1.0299356104666608,1.058581430647135,8,4.75,True,True,True,False,PASS,0.08303,False,1.0,0.08223,False,0.08543,False,0.25485,False
C3,1076_359_360_5,model,25,2,-0.04383858274131569,-0.045847401621511796,1.0458230799122732,1.091670481533785,8,3.12,True,True,True,False,PASS,0.15993,False,1.0,0.14222,False,0.18023,False,0.29355,False
C3,1076_359_360_5,user,25,2,-0.05307819218678463,-0.05551039842895866,1.0458230799122732,1.1013334783412319,8,3.12,True,True,True,False,PASS,0.15135,False,1.0,0.1326,False,0.14954,False,0.22878,False
C3,1077_749_1126_35,model,28,2,0.4083499023233805,0.37349535626139274,0.9146453914555226,0.5411500351941299,6,4.67,True,True,True,False,PASS,0.18007,True,1.0,0.18007,True,0.24082,True,0.24082,True
C3,1077_749_1126_35,user,28,2,-0.01927855316518285,-0.02012948712016671,1.0441388909060174,1.0642683780261841,6,4.67,True,True,True,False,PASS,0.15076,False,1.0,0.05255,False,0.09879,False,0.11333,False
C3,1078_1016_902_5,model,26,2,-0.05150806021063617,-0.054146082748900426,1.0512157228883474,1.1053618056372478,8,3.25,True,True,True,False,PASS,0.14234,False,1.0,0.1452,False,0.14523,False,0.07568,False
C3,1078_1016_902_5,user,26,2,0.007619590907437745,0.005686180855431711,0.7462580241520885,0.7405718432966568,6,4.33,True,True,True,False,PASS,0.12866,False,1.0,0.12866,False,0.12866,False,0.08306,False
C3,1079_720_902_53,model,27,2,0.2922849137132133,0.2811619391051078,0.9619447529234463,0.6807828138183385,6,4.5,True,True,True,False,PASS,0.18185,True,1.0,0.19328,True,0.15663,True,0.03449,True
C3,1079_720_902_53,user,27,2,0.01964325150828286,0.01724975878698498,0.8781519077791867,0.8609021489922017,7,3.86,True,True,True,False,PASS,0.20736,False,1.0,0.2003,False,0.2183,False,0.13761,False
C3,107_1094_848_12,model,24,2,0.03773261860240344,0.039544100283101624,1.0480083743931516,1.00846427411005,7,3.43,True,True,True,False,PASS,0.18049,False,1.0,0.11328,False,0.18049,False,-0.00871,True
C3,107_1094_848_12,user,24,2,0.08262404948825257,0.07121546803455592,0.861921782769571,0.7907063147350151,7,3.43,True,True,True,False,PASS,0.20902,False,1.0,0.14876,False,0.20496,False,0.06669,True
C3,1080_905_1319_54,model,25,2,0.02306061892882338,0.022563169395358074,0.9784286130827327,0.9558654436873746,7,3.57,True,True,True,False,PASS,0.20373,False,1.0,0.17942,False,0.17942,False,0.24352,False
C3,1080_905_1319_54,user,25,2,0.06271176094779685,0.04706125287400986,0.7504374325126201,0.7033761796386102,6,4.17,True,True,True,False,PASS,0.11504,False,1.0,0.06271,False,0.11504,False,0.11504,False
C3,1083_584_588_24,model,26,2,0.045126482668834046,0.04444523259296951,0.9849035414334423,0.9404583088404728,7,3.71,True,True,True,False,PASS,0.17072,False,1.0,0.17387,False,0.18533,False,0.17072,False
C3,1083_584_588_24,user,26,2,0.38855915508029903,0.3432568572100253,0.883409521361267,0.5401526641512417,6,4.33,True,True,True,False,PASS,0.21672,True,1.0,0.23593,True,0.21646,True,0.21672,True
C3,1086_686_543_53,model,28,2,0.7475100998467128,0.7150998841488813,0.9566424377349848,0.24154255358610355,5,5.6,True,True,True,False,PASS,0.18481,True,1.0,0.14851,True,0.18415,True,0.06284,True
C3,1086_686_543_53,user,28,2,0.06385511667956055,0.06280089570763692,0.9834904229019898,0.9206895271943529,5,5.6,True,True,True,False,PASS,0.15296,False,1.0,0.10696,False,0.17723,False,0.07798,False
C3,1087_773_392_37,model,28,2,0.048930391601368736,0.05109012481825026,1.0441388909060174,0.9930487660877672,7,4.0,True,True,True,False,PASS,0.15774,False,1.0,0.12782,False,0.10937,False,0.15631,False
C3,1087_773_392_37,user,28,2,0.1789044483992566,0.15953368040628768,0.8917256213230671,0.7321919409167794,7,4.0,True,True,True,False,PASS,0.20486,False,1.0,0.2351,False,0.20089,False,0.10305,True
C3,1089_788_789_9,model,34,2,-0.010428555997188933,-0.010208797014000126,0.9789271896082214,0.9891359866222216,8,4.25,True,True,True,False,PASS,0.14057,False,1.0,0.1571,False,0.16043,False,0.24264,False
C3,1089_788_789_9,user,34,2,0.3218163637421739,0.28621198851386764,0.889364310707236,0.6031523221933683,6,5.67,True,True,True,False,PASS,0.1519,True,1.0,0.1739,True,0.13397,True,0.05079,True
C3,108_503_1310_12,model,29,2,0.5214804768494229,0.5045557009993942,0.9675447565126858,0.4629890555132916,6,4.83,True,True,True,False,PASS,0.15628,True,1.0,0.17788,True,0.16583,True,0.04986,True
C3,108_503_1310_12,user,29,2,-0.01584570644240941,-0.016205292493065793,1.0226929643031875,1.0388982567962532,6,4.83,True,True,True,False,PASS,0.14117,False,1.0,0.11029,False,0.09323,False,0.01235,False
C3,1090_1036_456_9,model,24,2,0.12544630687623187,0.12124892473109372,0.9665404088039087,0.845291484072815,7,3.43,True,True,True,False,PASS,0.18379,False,1.0,0.18071,False,0.17131,False,0.01985,True
C3,1090_1036_456_9,user,24,2,0.012092198676300212,0.012251515614202013,1.0131751836176865,1.0009236680034845,7,3.43,True,True,True,False,PASS,0.20114,False,1.0,0.11717,False,0.22541,False,0.03903,False
C3,1092_241_1036_37,model,27,2,0.049167408540598645,0.04681041911588124,0.9520619553749475,0.9052515362590663,7,3.86,True,True,True,False,PASS,0.17907,False,1.0,0.15503,False,0.17181,False,0.11848,False
C3,1092_241_1036_37,user,27,2,0.4223388724055348,0.39481971592201826,0.9348410523360674,0.5400213364140491,7,3.86,True,True,True,False,PASS,0.17059,True,1.0,0.16315,True,0.17883,True,0.11423,True
C3,1093_1141_953_7,model,24,2,0.073439383024458,0.06822446241418134,0.9289901358711047,0.8607656734569233,7,3.43,True,True,True,False,PASS,0.24795,False,1.0,0.24777,False,0.22131,False,0.08872,False
C3,1093_1141_953_7,user,24,2,0.2834705651030761,0.2805426752264846,0.9896712737157494,0.7091285984892648,6,4.0,True,True,True,False,PASS,0.22253,True,1.0,0.22587,True,0.21663,True,0.0646,True
C3,1094_242_686_16,model,27,2,0.15971420663630054,0.1581854183683511,0.9904279756939169,0.8322425573255658,7,3.86,True,True,True,False,PASS,0.16841,False,1.0,0.19941,False,0.17073,False,0.06973,True
C3,1094_242_686_16,user,27,2,0.4214716005107888,0.4170014896946519,0.9893940402847559,0.572392550590104,6,4.5,True,True,True,False,PASS,0.17091,True,1.0,0.1683,True,0.17866,True,0.0234,True
C3,1095_616_312_16,model,31,2,0.4927715841324519,0.41421630318482805,0.8405847993732751,0.4263684961884471,5,6.2,True,True,True,False,PASS,0.19804,True,1.0,0.20715,True,0.17897,True,0.40049,True
C3,1095_616_312_16,user,31,2,0.0018749587166965163,0.0019152106671578295,1.0214681795939662,1.0195529689268084,6,5.17,True,True,True,False,PASS,0.12884,False,1.0,0.08102,False,0.08755,False,0.35617,False
C3,1096_241_457_5,model,35,2,-0.039347552076109224,-0.03776416234898372,0.9597588758745961,0.9975230382235798,8,4.38,True,True,True,False,PASS,0.13673,False,1.0,0.11551,False,0.10892,False,0.15245,False
C3,1096_241_457_5,user,35,2,0.09717418427001169,0.09646147438486874,0.9926656458142978,0.8962041714294291,7,5.0,True,True,True,False,PASS,0.12485,False,1.0,0.10292,False,0.12541,False,0.18082,False
C3,1097_773_391_9,model,24,2,-0.028342881654573302,-0.029761348547656885,1.0500466716959496,1.0798080202436064,6,4.0,True,True,True,False,PASS,0.19334,False,1.0,0.13038,False,0.13038,False,0.18145,False
C3,1097_773_391_9,user,24,2,0.41339355148686385,0.3995615722510131,0.9665404088039087,0.5669788365528956,6,4.0,True,True,True,False,PASS,0.21097,True,1.0,0.23099,True,0.19564,True,0.28635,True
C3,1098_186_187_9,model,25,2,-0.008833893184191182,-0.009019951963991968,1.021061923199813,1.030081875163805,8,3.12,True,True,True,False,PASS,0.16686,False,1.0,0.1904,False,0.17076,False,0.21935,False
C3,1098_186_187_9,user,25,2,0.06219660587462844,0.06050619069359564,0.9728214239786618,0.9123152332850661,7,3.57,True,True,True,False,PASS,0.17042,False,1.0,0.17042,False,0.20032,False,0.03415,True
C3,1099_65_1141_55,model,25,2,0.3798055655994943,0.3597911068037538,0.9473034083527734,0.5875123015490196,6,4.17,True,True,True,False,PASS,0.20115,True,1.0,0.23576,True,0.20371,True,0.178,True
C3,1099_65_1141_55,user,25,2,-0.021983863457007306,-0.022545025574587374,1.025526091839021,1.0480711174136084,6,4.17,True,True,True,False,PASS,0.17808,False,1.0,0.05992,False,0.11266,False,0.20872,False
C3,109_1264_533_35,model,29,2,0.004391177987031178,0.004392741618310048,1.0003560846960629,0.9959633430777528,7,4.14,True,True,True,False,PASS,0.14645,False,1.0,0.14861,False,0.15971,False,0.09007,False
C3,109_1264_533_35,user,29,2,0.13303433441698312,0.11964951894858256,0.8993882629844475,0.779738744035865,7,4.14,True,True,True,False,PASS,0.15875,False,1.0,0.14008,False,0.18077,False,0.18077,False
C3,10_703_680_3,model,26,2,0.14056993048906938,0.13671149028101237,0.9725514539657752,0.8358399636847629,7,3.71,True,True,True,False,PASS,0.16002,False,1.0,0.15333,False,0.16499,False,0.07211,True
C3,10_703_680_3,user,26,2,-0.042670163473424484,-0.04485110420594962,1.051111609494617,1.0959627137005665,8,3.25,True,True,True,False,PASS,0.16681,False,1.0,0.15687,False,0.16093,False,0.0102,False
C3,1100_953_616_9,model,31,2,0.03295713412681422,0.03346986562685861,1.0155575268793542,0.9820876612524956,7,4.43,True,True,True,False,PASS,0.16216,False,1.0,0.09966,False,0.1434,False,0.12585,False
C3,1100_953_616_9,user,31,2,0.1982453256950482,0.16127472472819038,0.8135108566255528,0.6522361318973624,7,4.43,True,True,True,False,PASS,0.17445,True,1.0,0.19825,False,0.20215,False,0.18655,True
C3,1101_242_1141_23,model,29,2,0.17241827317591155,0.17359771023140258,1.0068405571739354,0.8332428469425328,7,4.14,True,True,True,False,PASS,0.14314,True,1.0,0.16137,True,0.16317,True,0.04667,True
C3,1101_242_1141_23,user,29,2,0.11565215223460151,0.1211841213653686,1.0478328247583792,0.9266487033930106,7,4.14,True,True,True,False,PASS,0.13631,False,1.0,0.11565,False,0.13792,False,0.28483,False
C3,1102_391_559_60,model,27,2,0.21164000567267813,0.20515989032169857,0.9693814251687288,0.7642215348470303,7,3.86,True,True,True,False,PASS,0.17207,True,1.0,0.17517,True,0.16811,True,0.05782,True
C3,1102_391_559_60,user,27,2,0.3982999232881817,0.4121485298943235,1.034769292677272,0.6226207627829485,6,4.5,True,True,True,False,PASS,0.17827,True,1.0,0.12978,True,0.12978,True,0.20104,True
C3,1103_241_987_23,model,28,2,0.4359305714843153,0.4200099285063609,0.9634789482101572,0.5434690197037964,6,4.67,True,True,True,False,PASS,0.1489,True,1.0,0.14889,True,0.13072,True,0.12616,True
C3,1103_241_987_23,user,28,2,-0.011551557714517945,-0.011918998483570364,1.0318087636432463,1.0437277621268166,6,4.67,True,True,True,False,PASS,0.14823,False,1.0,0.06258,False,0.12981,False,0.11425,False
C3,1104_186_953_45,model,36,2,-0.002802693071444383,-0.002756855428252103,0.9836451434303303,0.9864019988585824,8,4.5,True,True,True,False,PASS,0.1142,False,1.0,0.13564,False,0.09265,False,0.18902,False
C3,1104_186_953_45,user,36,2,0.0624154567107776,0.05988913926321604,0.9595241694814783,0.8996350302182623,7,5.14,True,True,True,False,PASS,0.12966,False,1.0,0.12966,False,0.12831,False,0.12062,False
C3,1105_187_616_9,model,27,2,0.07375775052220307,0.07650851566294548,1.037294591026259,0.9607860753633135,6,4.5,True,True,True,False,PASS,0.17279,False,1.0,0.07376,False,0.12136,False,0.26298,False
C3,1105_187_616_9,user,27,2,0.3339109909559952,0.30379536677327457,0.9098094252707919,0.6060140584975173,6,4.5,True,True,True,False,PASS,0.21989,True,1.0,0.1277,True,0.18913,True,0.35387,False
C3,1107_242_391_5,model,26,2,0.09178682989536857,0.09602709944163212,1.0461969277193384,0.9501698282777062,8,3.25,True,True,True,False,PASS,0.1329,False,1.0,0.16164,False,0.17599,False,0.02193,True
C3,1107_242_391_5,user,26,2,0.10312660547938239,0.10037318167626408,0.9733005484829151,0.8729273668066511,7,3.71,True,True,True,False,PASS,0.17656,False,1.0,0.16775,False,0.17079,False,0.03609,True
C3,1108_605_616_42,model,24,2,0.5113509509181504,0.466014460209767,0.9113397743233292,0.44532531411356224,6,4.0,True,True,True,False,PASS,0.19473,True,1.0,0.11909,True,0.16021,True,0.40781,True
C3,1108_605_616_42,user,24,2,-0.026997317370653032,-0.028483839434905178,1.0550618435099794,1.0835456829448846,6,4.0,True,True,True,False,PASS,0.17781,False,1.0,0.19321,False,0.14405,False,0.17781,False
C3,1109_187_241_50,model,30,2,0.6111554290994887,0.6294150052241705,1.0298771396853768,0.40046213446120627,6,5.0,True,True,True,False,PASS,0.1132,True,1.0,0.11667,True,0.12627,True,0.16047,True
C3,1109_187_241_50,user,30,2,-0.019368856148716553,-0.020050045569868002,1.0351693159328146,1.0552193615026826,6,5.0,True,True,True,False,PASS,0.11997,False,1.0,0.13662,False,0.16256,False,0.16033,False
C3,110_202_203_4,model,37,2,0.2809544750636215,0.27901774110023303,0.9931065915111341,0.7140888504109011,7,5.29,True,True,True,False,PASS,0.0962,True,1.0,0.10366,True,0.15049,True,0.12163,True
C3,110_202_203_4,user,37,2,-0.02411409566086405,-0.022884234998919784,0.9489982672690369,0.9718825022679567,8,4.62,True,True,True,False,PASS,0.11271,False,1.0,0.11874,False,0.0816,False,0.04268,False
C3,1110_1030_1231_24,model,29,2,0.018325668852105112,0.019076239859101563,1.0409573594859667,1.0218811196268651,6,4.83,True,True,True,False,PASS,0.15057,False,1.0,0.05941,False,0.11437,False,0.16681,False
C3,1110_1030_1231_24,user,29,2,0.3393294681466676,0.3051889409358678,0.8993882629844475,0.5941993220485797,6,4.83,True,True,True,False,PASS,0.18077,True,1.0,0.23165,True,0.15909,True,0.12632,True
C3,1111_271_272_25,model,27,2,0.05080452227290627,0.04510692691679197,0.8878525945877697,0.8427456676709777,7,3.86,True,True,True,False,PASS,0.13598,False,1.0,0.13598,False,0.13598,False,0.0508,False
C3,1111_271_272_25,user,27,2,-0.037170369538061646,-0.03822405182181754,1.0283473717601044,1.066571423581922,8,3.38,True,True,True,False,PASS,0.17991,False,1.0,0.11371,False,0.17991,False,0.12737,False
C3,1112_616_617_24,model,24,2,0.21132277159948745,0.2125274618792321,1.0057007120937627,0.7931732502145306,6,4.0,True,True,True,False,PASS,0.19778,True,1.0,0.23325,False,0.18628,True,0.07279,True
C3,1112_616_617_24,user,24,2,0.438321124051382,0.42365507842801153,0.9665404088039087,0.5428853303758971,6,4.0,True,True,True,False,PASS,0.18442,True,1.0,0.21696,True,0.16808,True,0.15025,True
C3,1113_953_391_24,model,25,2,0.07110876191394526,0.07169890352104602,1.0082991405168176,0.9366002369957716,7,3.57,True,True,True,False,PASS,0.18808,False,1.0,0.19256,False,0.20271,False,0.11218,False
C3,1113_953_391_24,user,25,2,0.12832772526979636,0.126012810831428,0.9819609173816377,0.8559481065502097,8,3.12,True,True,True,False,PASS,0.17891,False,1.0,0.19324,False,0.13709,False,0.07246,True
C3,1114_187_164_24,model,27,2,0.0318267131292646,0.033218066013900094,1.0437165119434262,1.010498445929526,7,3.86,True,True,True,False,PASS,0.15053,False,1.0,0.1338,False,0.12585,False,0.12641,False
C3,1114_187_164_24,user,27,2,0.2758491046185466,0.2657333992300066,0.9633288445778052,0.6975954453477986,7,3.86,True,True,True,False,PASS,0.17069,True,1.0,0.19957,True,0.19028,True,0.15903,True
C3,1115_1412_489_24,model,46,2,0.08245105025529198,0.06683295911315301,0.8105774141896204,0.7437444550764674,7,6.57,True,True,True,False,PASS,0.09845,False,1.0,0.08265,False,0.10624,False,0.12547,False
C3,1115_1412_489_24,user,46,2,0.10139507094104468,0.08662957998742371,0.8543766396474417,0.767747059660018,7,6.57,True,True,True,False,PASS,0.11124,False,1.0,0.08903,True,0.0643,True,0.11714,False
C3,1116_782_980_40,model,30,2,0.022093895007191645,0.02012011691479043,0.9106640955902641,0.8905439786754736,8,3.75,True,True,True,False,PASS,0.15592,False,1.0,0.14484,False,0.14555,False,0.25309,False
C3,1116_782_980_40,user,30,2,-0.031084116148981922,-0.0308931175344751,0.9938554272030322,1.0247485447375073,8,3.75,True,True,True,False,PASS,0.15293,False,1.0,0.1409,False,0.15613,False,0.07689,False
C3,1117_271_509_24,model,35,2,0.006118528103684153,0.00613122346062811,1.0020749037560706,0.9959436802954424,8,4.38,True,True,True,False,PASS,0.11789,False,1.0,0.10619,False,0.13159,False,0.13657,False
C3,1117_271_509_24,user,35,2,0.20715665852050114,0.1991887660728089,0.9615368750172049,0.762348108944396,7,5.0,True,True,True,False,PASS,0.12079,True,1.0,0.12453,True,0.11121,True,0.03177,True
C3,1118_272_40_24,model,29,2,0.07246164830067316,0.06821594669773101,0.9414076038496255,0.8731916571518945,6,4.83,True,True,True,False,PASS,0.17311,False,1.0,0.11589,False,0.11589,False,0.14889,False
C3,1118_272_40_24,user,29,2,0.3000460981822856,0.23560004829249126,0.785212838026503,0.5496127897340117,6,4.83,True,True,True,False,PASS,0.21596,True,1.0,0.13696,True,0.29929,True,0.2669,True
C3,1119_953_187_40,model,25,2,0.005373016137351561,0.005619224285183355,1.0458230799122732,1.0402038556270898,6,4.17,True,True,True,False,PASS,0.17966,False,1.0,0.12567,False,0.06223,False,0.16003,False
C3,1119_953_187_40,user,25,2,0.467487906535275,0.4490476410000326,0.9605545613534476,0.511506920353415,6,4.17,True,True,True,False,PASS,0.18326,True,1.0,0.26532,True,0.19765,True,0.2557,True
C3,111_764_929_4,model,31,2,0.01433065348526206,0.014712562853636424,1.0266498222685467,1.0119372594149103,6,5.17,True,True,True,False,PASS,0.14064,False,1.0,0.06491,False,0.09216,False,0.06766,False
C3,111_764_929_4,user,31,2,0.3678303353791914,0.3181890156318038,0.8650428880581232,0.5468538724263194,6,5.17,True,True,True,False,PASS,0.19349,True,1.0,0.1621,True,0.25115,True,0.06602,True
C3,1120_683_1254_0,model,26,2,-0.01395661495702177,-0.014339691340296667,1.0274476572187847,1.0417873485590814,6,4.33,True,True,True,False,PASS,0.13601,False,1.0,0.14817,False,0.13241,False,0.1067,False
C3,1120_683_1254_0,user,26,2,0.5651769389463148,0.534302419130649,0.9453719398508605,0.4110695207202115,6,4.33,True,True,True,False,PASS,0.17811,True,1.0,0.16877,True,0.20877,True,0.09669,True
C3,1121_782_509_0,model,28,2,0.5680328167860423,0.5570274040090409,0.9806253926678558,0.4235979886588148,5,5.6,True,True,True,False,PASS,0.18466,True,1.0,0.16725,True,0.16239,True,0.26657,True
C3,1121_782_509_0,user,28,2,0.05816918971923419,0.051870956844243477,0.8917256213230671,0.8398546644788236,6,4.67,True,True,True,False,PASS,0.20272,False,1.0,0.05817,False,0.15272,False,0.24919,False
C3,1122_783_488_12,model,29,2,0.3092930184452632,0.20667410069368408,0.6682145679607703,0.4615404672670862,6,4.83,True,True,True,False,PASS,0.12651,True,1.0,0.11138,True,0.11138,True,0.12651,True
C3,1122_783_488_12,user,29,2,0.043815038413852404,0.04244112257556032,0.96864282474627,0.9262017021707096,7,4.14,True,True,True,False,PASS,0.1539,False,1.0,0.17679,False,0.12303,False,0.22493,False
C3,1124_271_617_30,model,31,2,0.21680993870347176,0.20281614048537955,0.935455919125408,0.7326397786400285,8,3.88,True,True,True,False,PASS,0.17107,True,1.0,0.16474,True,0.15228,True,0.14414,True
C3,1124_271_617_30,user,31,2,0.140810881137767,0.1415341695707304,1.005136594751195,0.8636024251804646,7,4.43,True,True,True,False,PASS,0.132,True,1.0,0.1425,False,0.12573,True,0.05144,True
C3,1127_220_221_35,model,31,2,0.47474108803153003,0.4055996696682631,0.8543597339552904,0.4487600642870273,6,5.17,True,True,True,False,PASS,0.18186,True,1.0,0.16039,True,0.16039,True,0.22461,True
C3,1127_220_221_35,user,31,2,-0.007863412523000516,-0.006943486201762883,0.8830118197987394,0.8899553060005023,8,3.88,True,True,True,False,PASS,0.17161,False,1.0,0.17345,False,0.18225,False,0.27658,False
C3,1128_1253_1026_29,model,24,2,0.033156033175908046,0.032851145161769235,0.9908044483934118,0.9579533032316425,6,4.0,True,True,True,False,PASS,0.15403,False,1.0,0.03316,False,0.20827,False,0.1238,False
C3,1128_1253_1026_29,user,24,2,0.7272964777821295,0.5135594983038556,0.7061212504011309,0.19256175209727533,5,4.8,True,True,True,False,PASS,0.22007,True,0.833,0.18066,True,0.22007,True,0.07204,True
C3,1129_398_399_29,model,32,2,0.5247928722023212,0.49265612529130054,0.9387629889557053,0.4461068636644048,6,5.33,True,True,True,False,PASS,0.14887,True,1.0,0.14559,True,0.12191,True,0.14887,True
C3,1129_398_399_29,user,32,2,-0.007900818968670557,-0.007342029664468952,0.9292745085772253,0.9366165382416942,7,4.57,True,True,True,False,PASS,0.14037,False,1.0,0.15262,False,0.13556,False,0.05066,False
C3,112_373_758_38,model,31,2,-0.02127386131263144,-0.022230889653675145,1.044986113568178,1.067217003221853,6,5.17,True,True,True,False,PASS,0.15512,False,1.0,0.06377,False,0.08479,False,0.20955,False
C3,112_373_758_38,user,31,2,0.44797608643001896,0.4184978175340087,0.9341967801653733,0.5156989626313646,6,5.17,True,True,True,False,PASS,0.15538,True,1.0,0.12113,True,0.16016,True,0.1039,True
C3,1130_260_1040_20,model,31,2,-0.00805324380251473,-0.007723436226414249,0.9590466172156003,0.9667700534420145,8,3.88,True,True,True,False,PASS,0.14457,False,1.0,0.14739,False,0.14515,False,0.18309,False
C3,1130_260_1040_20,user,31,2,0.16340471774356743,0.14863283924188475,0.9095994368726592,0.7609665976307745,7,4.43,True,True,True,False,PASS,0.15607,True,1.0,0.1634,False,0.15025,True,0.0796,True
C3,1131_489_92_12,model,31,2,-0.01889455451078206,-0.019117656859178433,1.0118077591228236,1.030925415982002,8,3.88,True,True,True,False,PASS,0.11209,False,1.0,0.14325,False,0.12611,False,0.04168,False
C3,1131_489_92_12,user,31,2,0.03719740180104873,0.03724098645789353,1.0011717123974926,0.963930725939599,8,3.88,True,True,True,False,PASS,0.12902,False,1.0,0.11743,False,0.1393,False,0.04721,False
C3,1132_227_228_12,model,43,2,0.8094739456385024,0.5509480338582374,0.680624789502838,0.12967675564460057,5,8.6,True,True,True,False,PASS,0.13719,True,1.0,0.15224,True,0.2817,True,0.1247,True
C3,1132_227_228_12,user,43,2,0.10251955357407676,0.07486699881101433,0.7302704333073228,0.6554034344963084,5,8.6,True,True,True,False,PASS,0.13082,False,1.0,0.10252,False,0.13374,False,0.12432,False
C3,1134_1040_489_9,model,28,2,0.10529742056071817,0.1032573243842666,0.9806253926678558,0.8773680682835892,7,4.0,True,True,True,False,PASS,0.16835,False,1.0,0.16392,False,0.173,False,0.16392,False
C3,1134_1040_489_9,user,28,2,0.012637443467710004,0.011700765690665027,0.9258807543283348,0.9141799886376698,7,4.0,True,True,True,False,PASS,0.1585,False,1.0,0.13557,False,0.16647,False,0.04917,False
C3,1135_0_1_8,model,24,2,0.04894150194215904,0.04949539018008142,1.011317352674975,0.9618219624948936,7,3.43,True,True,True,False,PASS,0.18054,False,1.0,0.13307,False,0.22594,False,0.17709,False
C3,1135_0_1_8,user,24,2,0.18410504472722575,0.17956290104974926,0.9753285213655811,0.7957656203158319,7,3.43,True,True,True,False,PASS,0.18411,False,1.0,0.18005,True,0.21705,False,0.13628,True
C3,1136_994_303_39,model,29,2,-0.01692872881700222,-0.017742807755999568,1.048088604159087,1.0658314119150865,6,4.83,True,True,True,False,PASS,0.13755,False,1.0,0.03932,False,0.11225,False,0.00568,False
C3,1136_994_303_39,user,29,2,0.3789808561461831,0.3408509339136744,0.8993882629844475,0.5585373290707731,6,4.83,True,True,True,False,PASS,0.18094,True,1.0,0.18077,True,0.15909,True,0.10026,True
C3,1137_900_1032_39,model,35,2,0.01510121378476208,0.015500610601549614,1.0264479943453648,1.0109473837438152,6,5.83,True,True,True,False,PASS,0.11899,False,1.0,0.07194,False,0.0804,False,0.13381,False
C3,1137_900_1032_39,user,35,2,0.517988168619842,0.4532466825472772,0.8750135814007765,0.4217668988534993,6,5.83,True,True,True,False,PASS,0.15747,True,1.0,0.15231,True,0.16622,True,0.19309,True
C3,1138_488_489_33,model,28,2,-0.011331349127014239,-0.011620152471774281,1.0254871102745857,1.03710726274636,8,3.5,True,True,True,False,PASS,0.15242,False,1.0,0.13493,False,0.13493,False,0.17058,False
C3,1138_488_489_33,user,28,2,0.01989268851854645,0.019436334785688403,0.9770592229183813,0.9576228881326929,8,3.5,True,True,True,False,PASS,0.15707,False,1.0,0.15934,False,0.16028,False,0.09402,False
C3,1139_1483_934_55,model,34,2,0.2822452271486047,0.28280188823848285,1.0019722604187211,0.7191703721802383,7,4.86,True,True,True,False,PASS,0.09981,True,1.0,0.09981,True,0.14704,True,0.10862,True
C3,1139_1483_934_55,user,34,2,0.056554974480555055,0.05360034026493676,0.9477564220874299,0.8941560818224932,7,4.86,True,True,True,False,PASS,0.13316,False,1.0,0.14476,False,0.13841,False,0.11643,False
C3,1140_319_303_30,model,30,2,0.03351236282741756,0.023008867248614395,0.686578483501918,0.6635696162533036,5,6.0,True,True,True,False,PASS,0.11215,False,1.0,0.18712,False,0.08218,False,0.11215,False
C3,1140_319_303_30,user,30,2,0.538835535503549,0.49872360668154947,0.925558122694127,0.4268345160125775,5,6.0,True,True,True,False,PASS,0.14058,True,1.0,0.15271,True,0.18178,True,0.05849,True
C3,1141_848_303_59,model,30,2,0.06605664170562386,0.061351195305184625,0.9287664907124906,0.867415295407306,5,6.0,True,True,True,False,PASS,0.16378,False,1.0,0.06606,False,0.13612,False,0.27481,False
C3,1141_848_303_59,user,30,2,0.6016353897679715,0.6078622641091076,1.0103499136637184,0.4024876495546108,6,5.0,True,True,True,False,PASS,0.13109,True,1.0,0.13867,True,0.11491,True,0.1512,True
C3,1142_934_617_30,model,33,2,-0.01799303523586545,-0.01709351824375971,0.9500074901030184,0.9671010083467781,6,5.5,True,True,True,False,PASS,0.13887,False,1.0,0.09082,False,0.11541,False,0.19815,False
C3,1142_934_617_30,user,33,2,0.503192452320374,0.48130493601465874,0.9565026935424304,0.4751977575277717,6,5.5,True,True,True,False,PASS,0.13504,True,1.0,0.11253,True,0.30731,True,0.25027,True
C3,1143_303_0_44,model,28,2,-0.01894765925637292,-0.019619712608536455,1.0354689380398,1.0550886506483363,6,4.67,True,True,True,False,PASS,0.14541,False,1.0,0.03746,False,0.11761,False,0.07932,False
C3,1143_303_0_44,user,28,2,0.5950469429410685,0.5474044952702103,0.9199349761627519,0.3725304808925416,5,5.6,True,True,True,False,PASS,0.18798,True,1.0,0.185,True,0.20333,True,0.10976,True
C3,1144_994_617_55,model,28,2,0.28643431574698086,0.2588520164462579,0.9037046269096908,0.6448526104634329,6,4.67,True,True,True,False,PASS,0.16505,True,1.0,0.19826,True,0.15379,True,0.16505,True
C3,1144_994_617_55,user,28,2,0.012132569453071371,0.01200218706929801,0.9892535225718114,0.9772513355025134,6,4.67,True,True,True,False,PASS,0.16866,False,1.0,0.10355,False,0.10355,False,0.19298,False
C3,1145_303_934_9,model,33,2,0.1396542019996183,0.1226113688669237,0.8779640505715596,0.7553526817046359,5,6.6,True,True,True,False,PASS,0.13967,False,1.0,0.13965,False,0.18798,False,0.32194,False
C3,1145_303_934_9,user,33,2,0.5366507882397533,0.4638912755305046,0.86441925679844,0.40052798126793543,5,6.6,True,True,True,False,PASS,0.16198,True,1.0,0.16075,True,0.25886,True,0.30914,True
C3,1146_848_668_30,model,26,2,0.002285398766603317,0.002242781549192996,0.9813523932746051,0.9791096117254121,6,4.33,True,True,True,False,PASS,0.20138,False,1.0,0.18341,False,0.24462,False,0.3854,False
C3,1146_848_668_30,user,26,2,0.3914893433037243,0.3634422240995413,0.9283578986659068,0.5649156745663655,6,4.33,True,True,True,False,PASS,0.20876,True,1.0,0.24747,True,0.21206,True,0.37532,True
C3,1147_934_363_1,model,37,2,0.2026788106005419,0.15700338719292317,0.7746413486822751,0.6176379614893519,6,6.17,True,True,True,False,PASS,0.16079,True,1.0,0.20268,False,0.14293,True,0.24671,False
C3,1147_934_363_1,user,37,2,0.09291505912491876,0.07518084066934205,0.8091351539502966,0.7339543132809545,5,7.4,True,True,True,False,PASS,0.13155,False,1.0,0.09292,False,0.14595,False,0.13155,False
C3,1148_994_668_5,model,27,2,-0.03215305186941512,-0.032809397284794706,1.0204131607178453,1.05322255800264,8,3.38,True,True,True,False,PASS,0.13377,False,1.0,0.17146,False,0.12961,False,0.17622,False
C3,1148_994_668_5,user,27,2,-0.035076331769844885,-0.03660974664659289,1.0437165119434262,1.080326258590019,8,3.38,True,True,True,False,PASS,0.14607,False,1.0,0.09301,False,0.15228,False,0.07926,False
C3,1149_9_1548_7,model,26,2,0.14485475099879466,0.10500230889739959,0.7248799792439898,0.6198776703465902,6,4.33,True,True,True,False,PASS,0.18896,False,1.0,0.11825,True,0.14485,False,0.18896,False
C3,1149_9_1548_7,user,26,2,0.28832020499337946,0.26766433965057723,0.9283578986659068,0.6606935590153296,6,4.33,True,True,True,False,PASS,0.16843,True,1.0,0.21183,True,0.19024,True,0.21183,True
C3,114_1094_373_6,model,36,2,0.008994672212272868,0.0093350343872316,1.0378404200760447,1.0285053856888131,6,6.0,True,True,True,False,PASS,0.12759,False,1.0,0.07677,False,0.07677,False,0.12229,False
C3,114_1094_373_6,user,36,2,0.3885491539931486,0.3345397558319392,0.8609972570879365,0.5264575012559973,6,6.0,True,True,True,False,PASS,0.14829,True,1.0,0.14782,True,0.13392,True,0.08918,True
C3,1150_734_492_42,model,42,2,-0.027406733110038016,-0.02705248472599253,0.9870744031175414,1.0141268878435339,8,5.25,True,True,True,False,PASS,0.08335,False,1.0,0.08321,False,0.07723,False,0.06042,False
C3,1150_734_492_42,user,42,2,-0.018138961845105134,-0.017646556878740505,0.9728537404417383,0.9905002973204788,8,5.25,True,True,True,False,PASS,0.09781,False,1.0,0.07618,False,0.0742,False,0.16925,False
C3,1151_363_488_58,model,25,2,-0.012661185391026841,-0.011374464079655144,0.8983727611884103,0.9097472252680654,8,3.12,True,True,True,False,PASS,0.21752,False,1.0,0.21752,False,0.21752,False,0.18391,False
C3,1151_363_488_58,user,25,2,-0.04179274789433068,-0.04018562678540172,0.9615454548958489,1.0017310816812506,8,3.12,True,True,True,False,PASS,0.20327,False,1.0,0.20327,False,0.1945,False,0.21551,False
C3,1153_934_639_52,model,29,2,0.06158879395617221,0.05798015894226838,0.9414076038496255,0.8834274449073571,5,5.8,True,True,True,False,PASS,0.15319,False,1.0,0.06159,False,0.08696,False,0.01462,True
C3,1153_934_639_52,user,29,2,0.5822845674937513,0.5804042377061374,0.996770771728148,0.4163665340220106,6,4.83,True,True,True,False,PASS,0.15186,True,1.0,0.1557,True,0.41395,True,0.01288,True
C3,1154_363_364_52,model,26,2,-0.04975968461775418,-0.049044386224990966,0.9856249411896796,1.0346693274146705,8,3.25,True,True,True,False,PASS,0.18759,False,1.0,0.15762,False,0.18347,False,0.15751,False
C3,1154_363_364_52,user,26,2,0.033007709459954834,0.03483925018106948,1.055488270803422,1.0206490206223524,8,3.25,True,True,True,False,PASS,0.15574,False,1.0,0.08802,False,0.11469,False,0.26007,False
C3,1155_1512_1513_2,model,29,2,0.06253733321964679,0.06218858385337933,0.9944233412537347,0.9322347574003553,7,4.14,True,True,True,False,PASS,0.14322,False,1.0,0.14027,False,0.13372,False,0.15717,False
C3,1155_1512_1513_2,user,29,2,0.0738900001185008,0.07437866597228915,1.0066134233726438,0.9322347574003547,7,4.14,True,True,True,False,PASS,0.13676,False,1.0,0.15604,False,0.14022,False,0.16826,False
C3,1157_311_668_39,model,30,2,-0.01063061350381802,-0.010622332132589563,0.9992209884005769,1.0098433205331665,8,3.75,True,True,True,False,PASS,0.13593,False,1.0,0.17485,False,0.15105,False,0.10697,False
C3,1157_311_668_39,user,30,2,0.06727829840978157,0.0654349459953194,0.9726010844799522,0.9071661384846328,8,3.75,True,True,True,False,PASS,0.13967,False,1.0,0.12838,False,0.15662,False,0.12589,False
C3,1158_637_777_39,model,29,2,-0.032641595059687244,-0.03397850860274221,1.0409573594859667,1.074935868088709,8,3.62,True,True,True,False,PASS,0.13694,False,1.0,0.14823,False,0.15211,False,0.14988,False
C3,1158_637_777_39,user,29,2,0.09925239835103632,0.09685792691343753,0.9758749261742774,0.8790169992608399,8,3.62,True,True,True,False,PASS,0.13298,False,1.0,0.14616,False,0.14616,False,0.19149,False
C3,1159_291_1237_35,model,29,2,0.11707785384885135,0.11521198189647275,0.984062981246757,0.8688509993502842,7,4.14,True,True,True,False,PASS,0.14719,False,1.0,0.17976,False,0.17976,False,0.13238,False
C3,1159_291_1237_35,user,29,2,0.26972262043891715,0.24728860023534927,0.9168255885729525,0.6695369883376032,7,4.14,True,True,True,False,PASS,0.17275,True,1.0,0.18204,True,0.16568,True,0.01473,True
C3,115_831_581_22,model,43,2,-0.022744933393577114,-0.020399118203330513,0.8968642752363905,0.917263393439721,8,5.38,True,True,True,False,PASS,0.11591,False,1.0,0.12019,False,0.11852,False,0.1023,False
C3,115_831_581_22,user,43,2,-0.018799166403550314,-0.017434553243816042,0.9274109750166073,0.9448455282604233,8,5.38,True,True,True,False,PASS,0.10365,False,1.0,0.10677,False,0.10363,False,0.06837,False
C3,1160_119_539_57,model,34,2,-0.0166686201270355,-0.016243435262669914,0.9744918978820591,0.9907353331447291,6,5.67,True,True,True,False,PASS,0.12945,False,1.0,0.02519,False,0.08903,False,0.05612,False
C3,1160_119_539_57,user,34,2,0.37066297958375666,0.26478884748727305,0.7143655074068171,0.4495766599195441,5,6.8,True,True,True,False,PASS,0.0865,True,1.0,0.095,True,0.095,True,0.0294,True
C3,1161_976_1039_30,model,27,2,0.01864902889912275,0.01620970933435928,0.8691985744695684,0.8529888651352091,7,3.86,True,True,True,False,PASS,0.1583,False,1.0,0.1583,False,0.1583,False,0.1583,False
C3,1161_976_1039_30,user,27,2,-0.04414411384306969,-0.04641206170179246,1.0513759969627032,1.0977880586644957,8,3.38,True,True,True,False,PASS,0.15696,False,1.0,0.16399,False,0.16343,False,0.15696,False
C3,1162_119_291_30,model,40,2,0.34145044337259384,0.28772984222861053,0.8426694058049211,0.5549395635763106,6,6.67,True,True,True,False,PASS,0.13943,True,1.0,0.10539,True,0.17526,True,0.12384,True
C3,1162_119_291_30,user,40,2,0.15828628225285038,0.1496831948672206,0.9456485599182436,0.795965365051023,7,5.71,True,True,True,False,PASS,0.10895,True,1.0,0.13447,True,0.10861,True,0.07317,True
C3,1163_515_1074_35,model,34,2,0.1469861537244084,0.13961395100151774,0.949844236779519,0.8102302857780013,8,4.25,True,True,True,False,PASS,0.14604,True,1.0,0.14397,True,0.14397,True,0.18021,False
C3,1163_515_1074_35,user,34,2,-0.0021545625885727817,-0.002221192086256485,1.0309248373832758,1.0331460294695323,8,4.25,True,True,True,False,PASS,0.1191,False,1.0,0.12148,False,0.15523,False,0.21002,False
C3,1164_119_646_35,model,42,2,0.07503273384717209,0.06816988722300399,0.9085352982320162,0.8403654110090122,5,8.4,True,True,True,False,PASS,0.10631,False,1.0,0.07503,False,0.08993,False,0.10631,False
C3,1164_119_646_35,user,42,2,0.12239659382494589,0.07305843971105508,0.5968992880271223,0.5238408483160673,5,8.4,True,True,True,False,PASS,0.20002,False,1.0,0.1224,False,0.21004,False,0.224,False
C3,1165_267_119_42,model,30,2,0.464675151403884,0.48381804749746693,1.0411962981789495,0.5573782506814826,4,7.5,True,True,True,False,PASS,0.13042,True,1.0,0.04918,True,0.08274,True,0.20139,True
C3,1165_267_119_42,user,30,2,0.4087081739300169,0.3361121588014364,0.8223768944219572,0.48626473562052075,5,6.0,True,True,True,False,PASS,0.2231,True,1.0,0.13709,True,0.22117,True,0.23075,True
C3,1166_251_407_29,model,30,2,0.00270749249959288,0.0025749865724762344,0.9510595404653679,0.9484845538928917,7,4.29,True,True,True,False,PASS,0.1442,False,1.0,0.11441,False,0.09868,False,0.17269,False
C3,1166_251_407_29,user,30,2,0.34188198037503637,0.32465012023260353,0.9495970506444069,0.6249469304118034,6,5.0,True,True,True,False,PASS,0.16108,True,1.0,0.16108,True,0.16314,True,0.02391,True
C3,1169_1218_69_28,model,27,2,0.008603775715879712,0.00828826531938498,0.963328844577805,0.95504057925842,8,3.38,True,True,True,False,PASS,0.16126,False,1.0,0.17326,False,0.17326,False,0.25278,False
C3,1169_1218_69_28,user,27,2,0.24306520045825056,0.24998179073362148,1.0284556993857248,0.7784739086521033,7,3.86,True,True,True,False,PASS,0.15198,True,1.0,0.15819,True,0.16151,True,0.05705,True
C3,116_533_373_38,model,39,2,0.07649603902729436,0.07503063098640017,0.9808433474526528,0.9058127164662526,8,4.88,True,True,True,False,PASS,0.09163,False,1.0,0.07759,False,0.09698,False,0.09638,False
C3,116_533_373_38,user,39,2,-0.0248744251096563,-0.023379739110703124,0.9399107319118327,0.9632904710225358,8,4.88,True,True,True,False,PASS,0.10909,False,1.0,0.10836,False,0.10362,False,0.10158,False
C3,1170_1218_342_19,model,28,2,0.056489851618171175,0.059035699075542736,1.04506734191089,0.9860316428353473,7,4.0,True,True,True,False,PASS,0.15446,False,1.0,0.21793,False,0.18104,False,0.11357,False
C3,1170_1218_342_19,user,28,2,0.45179533868779015,0.4430419814062211,0.9806253926678558,0.5375834112616347,6,4.67,True,True,True,False,PASS,0.1745,True,1.0,0.16776,True,0.15523,True,0.1496,True
C3,1171_224_246_58,model,32,2,0.010222498582433733,0.010392712646128732,1.016650925634511,1.0062582129883824,8,4.0,True,True,True,False,PASS,0.1127,False,1.0,0.11122,False,0.13749,False,0.10918,False
C3,1171_224_246_58,user,32,2,-0.021934396210675968,-0.020960496791222027,0.9555994425330969,0.976559939324319,8,4.0,True,True,True,False,PASS,0.15115,False,1.0,0.13497,False,0.13783,False,0.01803,False
C3,1172_906_1218_0,model,25,2,-0.0021733513108235284,-0.0019506228768492173,0.8975184394418431,0.8994690623186923,7,3.57,True,True,True,False,PASS,0.17423,False,1.0,0.16689,False,0.18098,False,0.07517,False
C3,1172_906_1218_0,user,25,2,0.11436644074172216,0.11755587366061127,1.0278878392840074,0.9103319656233961,7,3.57,True,True,True,False,PASS,0.17475,False,1.0,0.17475,False,0.17475,False,0.26314,False
C3,1173_342_1016_58,model,28,2,0.0030224183948187096,0.0030655841821485286,1.014281870241333,1.0112162860591845,8,3.5,True,True,True,False,PASS,0.13403,False,1.0,0.1208,False,0.13051,False,0.3151,False
C3,1173_342_1016_58,user,28,2,-0.04565787461318464,-0.04784134244785365,1.0478223713470554,1.095663713794909,8,3.5,True,True,True,False,PASS,0.11967,False,1.0,0.11981,False,0.10124,False,0.3523,False
C3,1174_867_377_0,model,29,2,0.03528693174628699,0.03442304731714385,0.9755182900186825,0.9410952427015387,8,3.62,True,True,True,False,PASS,0.15086,False,1.0,0.12684,False,0.15086,False,0.15086,False
C3,1174_867_377_0,user,29,2,-0.03365369383205624,-0.0352720529932371,1.048088604159087,1.083360657152324,8,3.62,True,True,True,False,PASS,0.1059,False,1.0,0.12279,False,0.1144,False,0.11417,False
C3,1175_352_1375_55,model,24,2,0.14683504373458023,0.14393739486842305,0.9802659583675748,0.8363285634991517,6,4.0,True,True,True,False,PASS,0.18982,False,1.0,0.14684,False,0.20142,False,-0.01689,True
C3,1175_352_1375_55,user,24,2,0.2770663901515096,0.2923221763679069,1.0550618435099794,0.7627396671420725,7,3.43,True,True,True,False,PASS,0.17883,True,1.0,0.22789,True,0.17805,True,0.15947,True
C3,1176_1218_659_0,model,28,2,0.08006836427734405,0.07323416038765473,0.9146453914555226,0.8414112310678679,8,3.5,True,True,True,False,PASS,0.18994,False,1.0,0.18633,False,0.17899,False,0.25279,False
C3,1176_1218_659_0,user,28,2,0.16156315210952854,0.15408499994237201,0.9537137517465192,0.7996287518041472,7,4.0,True,True,True,False,PASS,0.16838,False,1.0,0.16156,False,0.20477,False,0.16156,False
C3,1177_69_280_19,model,36,2,0.047359367928447416,0.04604230030445022,0.972189923945204,0.9261476236407538,6,6.0,True,True,True,False,PASS,0.13957,False,1.0,0.06171,False,0.16153,False,0.09566,False
C3,1177_69_280_19,user,36,2,0.23506359433273197,0.18744280045786244,0.797413146812252,0.6099703463543895,6,6.0,True,True,True,False,PASS,0.16046,True,1.0,0.1796,True,0.15844,True,0.16046,True
C3,1178_246_1030_0,model,30,2,0.08224224923231147,0.08499258031960077,1.033441827199064,0.9484492468794632,6,5.0,True,True,True,False,PASS,0.15802,False,1.0,0.15668,False,0.12264,False,0.22492,False
C3,1178_246_1030_0,user,30,2,0.17354930227145304,0.09590962915560142,0.5526362128819546,0.4567265837263532,5,6.0,True,True,True,False,PASS,0.22764,False,1.0,0.17355,False,0.19954,False,0.29182,False
C3,117_854_3_38,model,45,2,0.5998737736864487,0.3571903493970032,0.5954425165179917,0.2382521671209885,5,9.0,True,True,True,False,PASS,0.15164,True,1.0,0.22163,True,0.28254,True,0.2453,True
C3,117_854_3_38,user,45,2,-0.004060934256703516,-0.0033676260177389894,0.829273710151781,0.83264133616952,6,7.5,True,True,True,False,PASS,0.09415,False,1.0,0.07244,False,0.0815,False,0.09415,False
C3,1181_69_377_47,model,27,2,0.21819835941777388,0.17830299037036845,0.8171600870242123,0.6388570966538438,5,5.4,True,True,True,False,PASS,0.18,True,1.0,0.0356,True,0.2319,False,0.2194,False
C3,1181_69_377_47,user,27,2,0.6090000494613668,0.5540739849903301,0.9098094252707921,0.355735440280462,5,5.4,True,True,True,False,PASS,0.16002,True,1.0,0.20433,True,0.19185,True,0.16062,True
C3,1182_3_130_23,model,25,2,0.6032557971473124,0.5863736320026227,0.9720149143621621,0.38564128235953943,5,5.0,True,True,True,False,PASS,0.18628,True,1.0,0.09858,True,0.21476,True,0.11421,True
C3,1182_3_130_23,user,25,2,-0.015038056232388963,-0.015602747817105467,1.0375508360914538,1.0531535839085593,6,4.17,True,True,True,False,PASS,0.1861,False,1.0,0.13788,False,0.12601,False,0.17016,False
C3,1183_787_1097_23,model,24,2,0.08361601775075879,0.08438483264464836,1.0091945887231946,0.9248097560785462,8,3.0,True,True,True,False,PASS,0.20797,False,1.0,0.20797,False,0.19799,False,0.02425,True
C3,1183_787_1097_23,user,24,2,-0.039455152009909865,-0.04142975104926361,1.0500466716959496,1.0914764227452132,8,3.0,True,True,True,False,PASS,0.15909,False,1.0,0.19988,False,0.19821,False,0.04581,False
C3,1184_20_840_18,model,25,2,0.03137872625747806,0.03203962258002102,1.021061923199813,0.989022300619792,7,3.57,True,True,True,False,PASS,0.20134,False,1.0,0.23062,False,0.18274,False,0.14742,False
C3,1184_20_840_18,user,25,2,0.3858583223254394,0.35113853454123933,0.9100193366960302,0.5588808021547909,6,4.17,True,True,True,False,PASS,0.24258,True,1.0,0.148,True,0.19371,True,0.28821,True
C3,1185_839_1420_3,model,26,2,0.214125014766747,0.2041269269787892,0.953307240637676,0.7491803136588868,6,4.33,True,True,True,False,PASS,0.16512,True,1.0,0.21413,False,0.21413,False,0.34442,False
C3,1185_839_1420_3,user,26,2,0.459705889795896,0.44591572794870704,0.9700022075999252,0.5240864796512181,6,4.33,True,True,True,False,PASS,0.18132,True,1.0,0.20236,True,0.23465,True,0.43104,True
C3,1186_245_246_51,model,27,2,0.032380963969835065,0.028556879019306147,0.8819033011465843,0.8533464221272782,7,3.86,True,True,True,False,PASS,0.1369,False,1.0,0.14916,False,0.1369,False,0.05115,False
C3,1186_245_246_51,user,27,2,0.09479391452543494,0.09893797382195024,1.0437165119434262,0.9447785381214759,7,3.86,True,True,True,False,PASS,0.17147,False,1.0,0.16259,False,0.16261,False,0.11702,False
C3,1189_3_522_14,model,29,2,0.07121968780838725,0.07301355244225283,1.025187763230469,0.9521742107882161,7,4.14,True,True,True,False,PASS,0.14326,False,1.0,0.14854,False,0.1507,False,0.2152,False
C3,1189_3_522_14,user,29,2,0.44950799372868383,0.4514372450327404,1.0042919176765988,0.5528546726438583,6,4.83,True,True,True,False,PASS,0.15294,True,1.0,0.15294,True,0.12907,True,0.15507,True
C3,118_854_533_58,model,36,2,0.050056268396873035,0.04997735563666361,0.9984235189170763,0.9484461632804126,7,5.14,True,True,True,False,PASS,0.1058,False,1.0,0.06084,False,0.11823,False,0.09733,False
C3,118_854_533_58,user,36,2,0.32196247233038655,0.3156604796209702,0.9804263128438476,0.6647658332228774,7,5.14,True,True,True,False,PASS,0.09504,True,1.0,0.13543,True,0.12192,True,0.08618,True
C3,1191_3_579_14,model,28,2,0.15638014130439373,0.1338360276058862,0.8558377456979948,0.7220017180921086,7,4.0,True,True,True,False,PASS,0.23776,False,1.0,0.18787,False,0.15842,False,0.24652,False
C3,1191_3_579_14,user,28,2,0.17495944776194172,0.18332642344348904,1.0478223713470554,0.8644959479035663,7,4.0,True,True,True,False,PASS,0.14827,True,1.0,0.11724,True,0.14079,True,0.0851,True
C3,1192_991_839_20,model,31,2,0.24575013373680035,0.18978117586547283,0.7722525842802976,0.5824714084148248,7,4.43,True,True,True,False,PASS,0.18597,True,1.0,0.17275,True,0.18798,True,0.16235,True
C3,1192_991_839_20,user,31,2,0.27739557444243673,0.23995906885022766,0.8650428880581235,0.6250838192078958,6,5.17,True,True,True,False,PASS,0.18668,True,1.0,0.12063,True,0.28575,False,0.15882,True
C3,1193_69_867_23,model,24,2,0.4332106051388026,0.31911179105950693,0.7366204503633103,0.4175086593038033,5,4.8,True,True,True,False,PASS,0.10938,True,1.0,0.10938,True,0.10938,True,0.02743,True
C3,1193_69_867_23,user,24,2,-0.033335982748441316,-0.02981236061334025,0.8942997372631585,0.9241120978764987,6,4.0,True,True,True,False,PASS,0.2357,False,1.0,0.17782,False,0.17782,False,0.01768,False
C3,1194_110_1192_23,model,40,2,0.08625760852271272,0.0835248778237192,0.9683189605439391,0.8847940827202199,7,5.71,True,True,True,False,PASS,0.09878,False,1.0,0.09462,False,0.10966,False,0.10829,False
C3,1194_110_1192_23,user,40,2,0.07287690874212063,0.07537357864274563,1.034258723973318,0.9588851453305725,8,5.0,True,True,True,False,PASS,0.08962,False,1.0,0.10951,False,0.08964,False,0.02357,True
C3,1195_21_1400_36,model,25,2,-0.008927633229652343,-0.00802034251540018,0.8983727611884103,0.9063931037038104,8,3.12,True,True,True,False,PASS,0.22312,False,1.0,0.20863,False,0.19756,False,0.18235,False
C3,1195_21_1400_36,user,25,2,-0.042053228011205514,-0.04312668257154684,1.025526091839021,1.0686527744105678,8,3.12,True,True,True,False,PASS,0.17711,False,1.0,0.16122,False,0.17628,False,0.20099,False
C3,1196_442_1178_56,model,32,2,0.0362834998574116,0.035227324622838174,0.9708910320469629,0.9356637074241247,8,4.0,True,True,True,False,PASS,0.13794,False,1.0,0.13919,False,0.13119,False,0.10014,False
C3,1196_442_1178_56,user,32,2,0.04602100820107699,0.039700461704656465,0.8626595386871031,0.8229590769824466,7,4.57,True,True,True,False,PASS,0.11737,False,1.0,0.10517,False,0.09285,False,0.06179,False
C3,1197_527_1091_56,model,28,2,0.0951265687743925,0.0761894849264525,0.8009275001513799,0.7247380152249274,7,4.0,True,True,True,False,PASS,0.20397,False,1.0,0.272,False,0.19882,False,0.23227,False
C3,1197_527_1091_56,user,28,2,0.2895970568407759,0.29057934016996256,1.0033918967958528,0.7128125566258903,6,4.67,True,True,True,False,PASS,0.18414,True,1.0,0.17322,True,0.18141,True,0.19068,True
C3,1199_867_291_23,model,30,2,0.029382764594367783,0.027354506268487455,0.9309711542164036,0.9036166479479162,7,4.29,True,True,True,False,PASS,0.136,False,1.0,0.14557,False,0.16313,False,0.11378,False
C3,1199_867_291_23,user,30,2,0.09639747491776054,0.09834694824442947,1.0202232820759265,0.921876333831497,8,3.75,True,True,True,False,PASS,0.14061,False,1.0,0.12706,False,0.12305,False,-0.0264,True
C3,119_1300_1140_58,model,34,2,0.08967352269990574,0.08832763109078634,0.9849912039964857,0.8966635729056993,7,4.86,True,True,True,False,PASS,0.13518,False,1.0,0.11096,False,0.08967,False,0.09689,False
C3,119_1300_1140_58,user,34,2,0.10231371142613205,0.08687950080197782,0.8491481697905432,0.7622686689885654,7,4.86,True,True,True,False,PASS,0.15476,False,1.0,0.10231,False,0.13534,False,0.04057,True
C3,11_219_1058_33,model,27,2,0.10350593939006004,0.09676160130243694,0.9348410523360674,0.8380794510336305,8,3.38,True,True,True,False,PASS,0.17059,False,1.0,0.17883,False,0.16315,False,0.18899,False
C3,11_219_1058_33,user,27,2,0.3144645029429172,0.3234128103061422,1.0284556993857248,0.7050428890795826,6,4.5,True,True,True,False,PASS,0.15641,True,1.0,0.15397,True,0.17994,True,0.15819,True
C3,1200_1337_1317_0,model,40,2,0.18417816075829055,0.17735682201250125,0.9629633680904144,0.7856065460779131,6,6.67,True,True,True,False,PASS,0.10009,True,1.0,0.10009,True,0.24081,False,0.05793,True
C3,1200_1337_1317_0,user,40,2,-0.022401548831332194,-0.016869145874874314,0.7530348013830223,0.7699039472578966,6,6.67,True,True,True,False,PASS,0.15614,False,1.0,0.04871,False,0.14586,False,0.16287,False
C3,1201_1052_1053_53,model,29,2,-0.027040957505559148,-0.028148483722959083,1.0409573594859667,1.0691058432089258,8,3.62,True,True,True,False,PASS,0.12587,False,1.0,0.14229,False,0.12605,False,0.26057,False
C3,1201_1052_1053_53,user,29,2,0.03502765468944084,0.03398355980707546,0.9701922697473626,0.9362087099402872,8,3.62,True,True,True,False,PASS,0.1592,False,1.0,0.14999,False,0.1622,False,0.10929,False
C3,1202_405_21_0,model,26,2,0.08947327988011962,0.05620429916803393,0.6281685352692895,0.5719642361012556,7,3.71,True,True,True,False,PASS,0.27805,False,1.0,0.27707,False,0.26539,False,0.13276,False
C3,1202_405_21_0,user,26,2,0.08717320801310283,0.0817904955080977,0.9382526738697505,0.8564621783616528,7,3.71,True,True,True,False,PASS,0.1612,False,1.0,0.21966,False,0.1865,False,0.16958,False
C3,1204_688_689_14,model,27,2,-0.00350344607376349,-0.0032099671124612428,0.9162313461879592,0.9194413133004204,6,4.5,True,True,True,False,PASS,0.19834,False,1.0,0.17157,False,0.18759,False,0.25714,False
C3,1204_688_689_14,user,27,2,0.5665696904175015,0.5642972128045473,0.9959890589782879,0.4316918461737407,5,5.4,True,True,True,False,PASS,0.17381,True,1.0,0.18365,True,0.21172,True,0.09998,True
C3,1205_1317_21_53,model,60,2,0.10558955321676164,0.0908397243190826,0.8603097707270382,0.7694700464079556,8,7.5,True,True,True,False,PASS,0.07567,True,1.0,0.07726,True,0.07891,True,0.038,True
C3,1205_1317_21_53,user,60,2,-0.002363623721538919,-0.002013463915759184,0.8518546744184174,0.8538681383341766,8,7.5,True,True,True,False,PASS,0.07354,False,1.0,0.07837,False,0.07059,False,0.03649,False
C3,1206_130_51_23,model,35,2,0.13103963300800694,0.12949756965845927,0.9882320843385339,0.8587345146800747,5,7.0,True,True,True,False,PASS,0.11187,True,1.0,0.13104,False,0.14742,False,0.04788,True
C3,1206_130_51_23,user,35,2,0.7159737832382967,0.6866848705153372,0.9590921994510917,0.2724073289357545,5,7.0,True,True,True,False,PASS,0.12633,True,1.0,0.14647,True,0.13871,True,0.08744,True
C3,1207_991_442_56,model,37,2,-0.015731718741623203,-0.01586931862905039,1.0087466531589535,1.024615971788004,8,4.62,True,True,True,False,PASS,0.0945,False,1.0,0.1019,False,0.08241,False,0.08741,False
C3,1207_991_442_56,user,37,2,-0.01619721270085144,-0.015764531894157274,0.9732867120605622,0.9890512439547194,8,4.62,True,True,True,False,PASS,0.11179,False,1.0,0.11427,False,0.10833,False,0.04902,False
C3,1208_1081_837_56,model,26,2,0.1169937595323234,0.11348420502176848,0.9700022075999252,0.8565180025781567,8,3.25,True,True,True,False,PASS,0.19893,False,1.0,0.1956,False,0.20942,False,0.23282,False
C3,1208_1081_837_56,user,26,2,0.013836988005581701,0.013456368697507326,0.9724926184859857,0.9590362497884783,7,3.71,True,True,True,False,PASS,0.17662,False,1.0,0.1904,False,0.15071,False,0.08705,False
C3,1209_1286_449_34,model,27,2,0.12533403463941795,0.09349157421797571,0.7459392373902908,0.6524476631723151,6,4.5,True,True,True,False,PASS,0.12863,False,1.0,0.12533,False,0.12604,False,0.12604,False
C3,1209_1286_449_34,user,27,2,0.04478533796480662,0.04186717247224625,0.9348410523360674,0.8929738798638212,7,3.86,True,True,True,False,PASS,0.19269,False,1.0,0.23184,False,0.22078,False,0.08282,False
C3,120_1079_695_58,model,30,2,0.07884183270902692,0.07477749718510895,0.9484495047328774,0.8736720075477684,7,4.29,True,True,True,False,PASS,0.13002,False,1.0,0.12071,False,0.17036,False,0.39044,False
C3,120_1079_695_58,user,30,2,0.03618121294747311,0.03598048210221738,0.9944520697648489,0.9584715876626315,8,3.75,True,True,True,False,PASS,0.14257,False,1.0,0.14257,False,0.18368,False,0.31622,False
C3,1210_127_128_58,model,30,2,0.03170622709658005,0.03167665581237489,0.9990673351289925,0.9673906793166176,7,4.29,True,True,True,False,PASS,0.16612,False,1.0,0.13627,False,0.12705,False,0.11427,False
C3,1210_127_128_58,user,30,2,0.2169805806928639,0.1797913641037827,0.8286057836589416,0.6488144195551588,7,4.29,True,True,True,False,PASS,0.24397,False,1.0,0.15311,True,0.20343,True,0.26352,False
C3,1211_436_1283_58,model,27,2,0.0463065729487189,0.04306572512748652,0.9300132224247867,0.8869474972973002,7,3.86,True,True,True,False,PASS,0.18828,False,1.0,0.24061,False,0.14923,False,0.14267,False
C3,1211_436_1283_58,user,27,2,0.012629539193043762,0.012987553435707788,1.0283473717601048,1.015359818324397,8,3.38,True,True,True,False,PASS,0.15189,False,1.0,0.14293,False,0.16058,False,0.11694,False
C3,1213_1317_449_10,model,35,2,0.10873942584532774,0.08846171705104311,0.8135201778320231,0.72505846078098,7,5.0,True,True,True,False,PASS,0.17844,False,1.0,0.14347,False,0.15568,False,0.1753,False
C3,1213_1317_449_10,user,35,2,0.3741586335236726,0.35574761948041855,0.9507935608224065,0.595045941341988,6,5.83,True,True,True,False,PASS,0.13571,True,1.0,0.12981,True,0.12624,True,0.21371,True
C3,1214_216_528_10,model,31,2,0.2852425863431785,0.2796164392633994,0.9802759217972795,0.7006594825338801,6,5.17,True,True,True,False,PASS,0.13534,True,1.0,0.14382,True,0.16638,True,0.07279,True
C3,1214_216_528_10,user,31,2,0.09472259885336681,0.08577137706405102,0.9055006735702794,0.8197292965062284,8,3.88,True,True,True,False,PASS,0.15123,False,1.0,0.14902,False,0.1679,False,0.32154,False
C3,1215_991_128_10,model,39,2,0.24399014891626125,0.24275748989319657,0.99494791478861,0.7521904248954134,7,5.57,True,True,True,False,PASS,0.10312,True,1.0,0.10952,True,0.10952,True,0.10065,True
C3,1215_991_128_10,user,39,2,0.01528920582964121,0.014760875995802558,0.9654442591900766,0.950683383194274,7,5.57,True,True,True,False,PASS,0.10713,False,1.0,0.08853,False,0.09544,False,0.03263,False
C3,1216_159_130_40,model,39,2,-0.01909630956561002,-0.01894963601616284,0.9923192725304727,1.0112689085466355,8,4.88,True,True,True,False,PASS,0.09222,False,1.0,0.11923,False,0.0895,False,0.09077,False
C3,1216_159_130_40,user,39,2,0.05842240081777789,0.05872914093773196,1.005250385394308,0.946521244456576,8,4.88,True,True,True,False,PASS,0.08808,False,1.0,0.07981,False,0.08203,False,0.07125,False
C3,1217_143_144_15,model,24,2,0.15415889264962584,0.1339277789940415,0.8687645369796094,0.7348367579855679,6,4.0,True,True,True,False,PASS,0.20471,False,1.0,0.19374,False,0.20366,False,0.14756,True
C3,1217_143_144_15,user,24,2,0.2691248936998339,0.2825936989000368,1.0500466716959496,0.7674529727959127,6,4.0,True,True,True,False,PASS,0.17795,True,1.0,0.17267,True,0.14254,True,0.08263,True
C3,1218_226_742_7,model,41,2,0.4166480767184083,0.37737693320013554,0.9057450502890136,0.5283681170888781,6,6.83,True,True,True,False,PASS,0.1107,True,1.0,0.09013,True,0.10141,True,0.08209,True
C3,1218_226_742_7,user,41,2,0.04594478292702804,0.039642300741268954,0.8628248566160597,0.8231825558747907,6,6.83,True,True,True,False,PASS,0.10696,False,1.0,0.06759,False,0.13739,False,0.0572,False
C3,1219_529_20_33,model,32,2,-0.010308800069093751,-0.00921293741894158,0.893696391160246,0.9029093285791876,6,5.33,True,True,True,False,PASS,0.14469,False,1.0,0.12839,False,0.17735,False,0.47366,False
C3,1219_529_20_33,user,32,2,0.4134635282437844,0.3638890938297449,0.8800996193676128,0.516210525537868,6,5.33,True,True,True,False,PASS,0.17163,True,1.0,0.17875,True,0.17745,True,0.50389,False
C3,1221_216_217_53,model,29,2,0.3007390560040403,0.2628903077244321,0.8741475457743683,0.6112572380499361,6,4.83,True,True,True,False,PASS,0.18604,True,1.0,0.22898,True,0.20983,True,0.2929,True
C3,1221_216_217_53,user,29,2,0.07716302576164573,0.07241918276708414,0.9385218121278036,0.8661026293607195,7,4.14,True,True,True,False,PASS,0.1874,False,1.0,0.18124,False,0.16333,False,0.38011,False
C3,1222_20_21_53,model,31,2,-0.023223143701308426,-0.02093543069526793,0.9014899517711893,0.9224253824664572,6,5.17,True,True,True,False,PASS,0.16612,False,1.0,0.04544,False,0.15008,False,0.18579,False
C3,1222_20_21_53,user,31,2,0.2575414427480007,0.22278439342938638,0.8650428880581235,0.6422584946287371,6,5.17,True,True,True,False,PASS,0.17536,True,1.0,0.15304,True,0.16734,True,0.20612,True
C3,1223_741_742_59,model,26,2,0.15514848098134199,0.14097025365572347,0.9086151070513956,0.7676448533956721,7,3.71,True,True,True,False,PASS,0.20227,False,1.0,0.15515,False,0.19339,False,0.15515,False
C3,1223_741_742_59,user,26,2,0.02521012625930057,0.022270865572185827,0.883409521361267,0.8611386557890812,7,3.71,True,True,True,False,PASS,0.19582,False,1.0,0.18525,False,0.18216,False,0.24959,False
C3,1224_85_130_19,model,24,2,0.07361126768477441,0.04649750626081017,0.6316628924246555,0.5851653861638453,6,4.0,True,True,True,False,PASS,0.22553,False,0.833,0.22553,False,0.1888,False,0.1888,False
C3,1224_85_130_19,user,24,2,0.02254268236789997,0.022671191709900507,1.0057007120937627,0.9830295203838622,7,3.43,True,True,True,False,PASS,0.17219,False,1.0,0.21132,False,0.18928,False,0.13678,False
C3,1225_1370_217_17,model,26,2,0.2962137781425526,0.202021605942851,0.6820128597989399,0.4799912538560889,5,5.2,True,True,True,False,PASS,0.09104,True,0.846,0.09104,True,0.12879,True,0.09104,True
C3,1225_1370_217_17,user,26,2,-0.028042018640006758,-0.027519102104621718,0.9813523932746051,1.0088714953792268,6,4.33,True,True,True,False,PASS,0.16692,False,1.0,0.14958,False,0.14958,False,0.08656,False
C3,1226_20_436_10,model,30,2,0.26839751146896956,0.24876457584812894,0.9268512755077818,0.6780866996596528,6,5.0,True,True,True,False,PASS,0.18526,True,1.0,0.11831,True,0.1539,True,0.38133,False
C3,1226_20_436_10,user,30,2,0.45563981975359696,0.4537814549166119,0.9959214169692412,0.5421399620526293,6,5.0,True,True,True,False,PASS,0.14404,True,1.0,0.15962,True,0.16772,True,0.27381,True
C3,1228_1134_1545_46,model,39,2,-0.030743440888115932,-0.031152235539032125,1.0132969712923128,1.044449206831345,8,4.88,True,True,True,False,PASS,0.09709,False,1.0,0.08723,False,0.09321,False,0.12182,False
C3,1228_1134_1545_46,user,39,2,-0.014313587311890344,-0.014241273849110003,0.99494791478861,1.00918918863772,8,4.88,True,True,True,False,PASS,0.08879,False,1.0,0.08166,False,0.096,False,0.09592,False
C3,1229_217_20_54,model,32,2,0.3106352040803733,0.2860416586545752,0.9208282090930208,0.6347865504384456,7,4.57,True,True,True,False,PASS,0.13911,True,1.0,0.14284,True,0.13087,True,0.04181,True
C3,1229_217_20_54,user,32,2,0.10466298695739827,0.10296968155931585,0.9838213541643747,0.8808516726050588,7,4.57,True,True,True,False,PASS,0.1364,False,1.0,0.10949,False,0.12539,False,0.09438,True
C3,122_1438_884_20,model,25,2,0.12199971540065999,0.12053079637126618,0.9879596519994353,0.8674288556281691,7,3.57,True,True,True,False,PASS,0.18604,False,1.0,0.18717,False,0.18143,False,0.25328,False
C3,122_1438_884_20,user,25,2,-0.007466947107792441,-0.006807047549448608,0.9116239141890845,0.9184309617385331,7,3.57,True,True,True,False,PASS,0.24391,False,1.0,0.17356,False,0.17997,False,0.23815,False
C3,1230_557_1247_42,model,32,2,-0.022561837482557807,-0.022542110013890282,0.9991256266834305,1.0216677366973208,6,5.33,True,True,True,False,PASS,0.13982,False,1.0,0.07378,False,0.07378,False,0.14275,False
C3,1230_557_1247_42,user,32,2,0.3234100888109571,0.2972104481513007,0.9189894144737987,0.621778966322498,6,5.33,True,True,True,False,PASS,0.1563,True,1.0,0.15465,True,0.15628,True,0.04146,True
C3,1232_442_1134_10,model,31,2,0.056208021086788726,0.05136491658575704,0.9138360609857865,0.8624711444000295,8,3.88,True,True,True,False,PASS,0.1416,False,1.0,0.11981,False,0.14658,False,0.28122,False
C3,1232_442_1134_10,user,31,2,-0.038695648512775266,-0.03807381361270801,0.983930107803673,1.022003921416381,8,3.88,True,True,True,False,PASS,0.13757,False,1.0,0.1215,False,0.11452,False,0.07541,False
C3,1233_1346_1549_46,model,29,2,0.880203736228772,0.6894867772154302,0.7833263468859294,0.09383956967049922,5,5.8,True,True,True,False,PASS,0.17575,True,1.0,0.17302,True,0.26825,True,0.3142,True
C3,1233_1346_1549_46,user,29,2,0.020399650308590908,0.018347206056533727,0.8993882629844475,0.8810410569279138,5,5.8,True,True,True,False,PASS,0.16491,False,1.0,0.08211,False,0.18363,False,0.18465,False
C3,1234_589_896_5,model,31,2,-0.023956862188141505,-0.022597278120504494,0.9432486584862522,0.9658459366067567,6,5.17,True,True,True,False,PASS,0.1564,False,1.0,0.13815,False,0.15508,False,0.05275,False
C3,1234_589_896_5,user,31,2,0.36444718572354184,0.356173664846991,0.9772984366441867,0.6211247717971957,6,5.17,True,True,True,False,PASS,0.15452,True,1.0,0.14397,True,0.15741,True,0.12173,True
C3,1235_557_742_48,model,36,2,0.4632957333215152,0.3735605754105473,0.8063112792608129,0.4327507038502656,5,7.2,True,True,True,False,PASS,0.15278,True,1.0,0.17745,True,0.19768,True,0.22886,True
C3,1235_557_742_48,user,36,2,-0.0025829647789386624,-0.0025599177042719967,0.9910772787710501,0.9936371964753221,6,6.0,True,True,True,False,PASS,0.11346,False,1.0,0.057,False,0.15125,False,0.14954,False
C3,1236_556_636_56,model,31,2,0.04876173454806507,0.045553055410081034,0.9341967801653733,0.8886437247552923,7,4.43,True,True,True,False,PASS,0.1622,False,1.0,0.18963,False,0.13405,False,0.1622,False
C3,1236_556_636_56,user,31,2,0.3671567161607578,0.3086263545925412,0.8405847993732753,0.5319584447807342,7,4.43,True,True,True,False,PASS,0.18578,True,1.0,0.21537,True,0.21453,True,0.18578,True
C3,1237_709_1134_46,model,26,2,0.052670392397361813,0.046953694945599644,0.8914627897845601,0.8445090948389604,6,4.33,True,True,True,False,PASS,0.18773,False,1.0,0.13209,False,0.16091,False,0.35033,False
C3,1237_709_1134_46,user,26,2,0.15238689857989712,0.13462003713619486,0.883409521361267,0.7487894842250722,6,4.33,True,True,True,False,PASS,0.19426,False,1.0,0.15957,False,0.17015,False,0.36807,False
C3,1238_556_557_25,model,24,2,0.20049153025185926,0.18625465392968044,0.9289901358711047,0.7427354819414242,7,3.43,True,True,True,False,PASS,0.25126,False,1.0,0.25126,False,0.22131,False,0.09535,True
C3,1238_556_557_25,user,24,2,0.1806432789259002,0.17877746394278504,0.9896712737157494,0.8108938097729643,6,4.0,True,True,True,False,PASS,0.2227,False,1.0,0.18064,False,0.22587,False,0.12799,True
C3,123_1117_723_52,model,25,2,0.4943892061489622,0.48843658805920576,0.9879596519994353,0.4995230639402295,6,4.17,True,True,True,False,PASS,0.17459,True,1.0,0.15878,True,0.1887,True,0.17055,True
C3,123_1117_723_52,user,25,2,0.1527904751877415,0.15265786279829208,0.9991320637671525,0.8464742009688604,6,4.17,True,True,True,False,PASS,0.17096,False,1.0,0.15279,False,0.19041,False,0.21631,False
C3,1240_14_15_25,model,25,2,-0.008095627967039198,-0.008321397538687103,1.0278878392840074,1.0362092368226945,6,4.17,True,True,True,False,PASS,0.1754,False,1.0,0.16044,False,0.11462,False,0.03461,False
C3,1240_14_15_25,user,25,2,0.28072020960797456,0.194824012964133,0.6940149169744654,0.4991909040103324,5,5.0,True,True,True,False,PASS,0.11655,True,0.84,0.12476,True,0.16262,True,0.047,True
C3,1242_37_38_36,model,26,2,0.10722532285926745,0.10522582720758433,0.9813523932746051,0.8761265660670208,6,4.33,True,True,True,False,PASS,0.17521,False,1.0,0.17132,False,0.17469,False,0.22174,False
C3,1242_37_38_36,user,26,2,0.4046043974916216,0.41834892993501027,1.033970299207322,0.6156213692723118,7,3.71,True,True,True,False,PASS,0.14746,True,1.0,0.13204,True,0.12892,True,0.18297,True
C3,1243_556_1370_36,model,24,2,0.3335124171772176,0.3098297457481639,0.9289901358711047,0.6191603901229408,7,3.43,True,True,True,False,PASS,0.24724,True,1.0,0.25418,True,0.22131,True,0.30953,True
C3,1243_556_1370_36,user,24,2,0.06730067417007439,0.06768433593723411,1.0057007120937627,0.9380163761565286,7,3.43,True,True,True,False,PASS,0.19778,False,1.0,0.21242,False,0.21132,False,0.32563,False
C3,1244_769_770_36,model,39,2,0.003744001348347097,0.0037636587983427283,1.005250385394308,1.0014867265959653,8,4.88,True,True,True,False,PASS,0.08775,False,1.0,0.08242,False,0.09957,False,0.114,False
C3,1244_769_770_36,user,39,2,0.1180562796417974,0.12101922974634793,1.0250977763617541,0.9040785466154062,7,5.57,True,True,True,False,PASS,0.09571,True,1.0,0.10519,True,0.09736,True,0.1423,False
C3,1246_1134_38_34,model,32,2,-0.04232628376838787,-0.043379299287113815,1.024878525232409,1.068257824519523,8,4.0,True,True,True,False,PASS,0.11351,False,1.0,0.14767,False,0.13877,False,0.1211,False
C3,1246_1134_38_34,user,32,2,0.028503972286554033,0.029404227868127242,1.031583513081013,1.0021792852128857,8,4.0,True,True,True,False,PASS,0.11462,False,1.0,0.09338,False,0.09654,False,0.10456,False
C3,1247_564_1234_34,model,27,2,-0.048853007055054354,-0.044760656419382316,0.9162313461879592,0.9609920026073415,8,3.38,True,True,True,False,PASS,0.18087,False,1.0,0.16351,False,0.16509,False,0.10341,False
C3,1247_564_1234_34,user,27,2,0.036849657481501756,0.03714600045033367,1.0080419463594927,0.9708959459091591,8,3.38,True,True,True,False,PASS,0.15728,False,1.0,0.12621,False,0.12026,False,-0.01698,True
C3,1248_557_482_36,model,35,2,-0.03095802656967561,-0.031139714459984535,1.005868845997015,1.0370085604569996,8,4.38,True,True,True,False,PASS,0.09678,False,1.0,0.09638,False,0.09684,False,0.11228,False
C3,1248_557_482_36,user,35,2,0.026983803689549002,0.027039792485177516,1.0020749037560706,0.975035111270893,8,4.38,True,True,True,False,PASS,0.10577,False,1.0,0.09633,False,0.11456,False,0.18965,False
C3,1249_556_678_34,model,26,2,0.036484694175187404,0.03548324236757516,0.9725514539657752,0.9370682115982001,7,3.71,True,True,True,False,PASS,0.15333,False,1.0,0.15333,False,0.16002,False,0.13148,False
C3,1249_556_678_34,user,26,2,0.060755714842557894,0.06281960465431435,1.0339702992073225,0.9711506945530082,8,3.25,True,True,True,False,PASS,0.18022,False,1.0,0.16941,False,0.17087,False,0.15671,False
C3,124_86_87_13,model,26,2,-0.027305935760112796,-0.02779139859196844,1.0177786557516475,1.045570054343616,8,3.25,True,True,True,False,PASS,0.16616,False,1.0,0.16616,False,0.13636,False,0.21325,False
C3,124_86_87_13,user,26,2,0.0034418919596994214,0.003573519707726014,1.038242847122397,1.034669327414671,8,3.25,True,True,True,False,PASS,0.16207,False,1.0,0.17863,False,0.12482,False,0.21707,False
C3,1250_1134_896_34,model,28,2,-0.02403180310662678,-0.02509254024222507,1.0441388909060174,1.0692314311482425,6,4.67,True,True,True,False,PASS,0.15972,False,1.0,0.0884,False,0.1349,False,0.04211,False
C3,1250_1134_896_34,user,28,2,0.5901687126690711,0.5513944796847617,0.9342997482720649,0.3829052685873031,5,5.6,True,True,True,False,PASS,0.18741,True,1.0,0.18741,True,0.18741,True,-0.0118,True
C3,1251_81_441_2,model,26,2,0.09404817128256458,0.0641420622552824,0.6820128597989399,0.6178707975436575,5,5.2,True,True,True,False,PASS,0.15082,False,0.846,0.09405,False,0.15082,False,0.12143,False
C3,1251_81_441_2,user,26,2,0.028637727666226395,0.02137113406440372,0.7462580241520888,0.724886890087685,5,5.2,True,True,True,False,PASS,0.17204,False,1.0,0.19221,False,0.14751,False,0.18149,False
C3,1252_1134_557_60,model,28,2,-0.01978341764572571,-0.019619712608536344,0.9917251386933775,1.0113448513019139,6,4.67,True,True,True,False,PASS,0.16277,False,1.0,0.03911,False,0.12688,False,0.06673,False
C3,1252_1134_557_60,user,28,2,0.3799936673368788,0.37961394582466756,0.9990007162096347,0.6193867703849671,6,4.67,True,True,True,False,PASS,0.18065,True,1.0,0.18065,True,0.19533,True,0.06164,True
C3,1254_327_328_7,model,39,2,-0.019439084588707918,-0.01849609026780752,0.9514897773813804,0.9699858676491879,6,6.5,True,True,True,False,PASS,0.10865,False,1.0,0.05968,False,0.05271,False,0.25338,False
C3,1254_327_328_7,user,39,2,0.3829697599252849,0.2983718317958104,0.7791002398048894,0.480728408009079,6,6.5,True,True,True,False,PASS,0.16742,True,1.0,0.1779,True,0.17118,True,0.26709,True
C3,1255_777_525_35,model,31,2,0.11221269521652823,0.11425511739663197,1.0182013467920241,0.9039462293953922,7,4.43,True,True,True,False,PASS,0.15623,False,1.0,0.11794,False,0.11221,False,0.0482,True
C3,1255_777_525_35,user,31,2,0.1849426228445299,0.1554599575193365,0.8405847993732753,0.6851248418539388,7,4.43,True,True,True,False,PASS,0.19804,False,1.0,0.18494,False,0.20638,False,0.01277,True
C3,1256_1308_1168_52,model,34,2,0.014550841392064532,0.014834937543641624,1.0195243796507896,1.004689442107148,8,4.25,True,True,True,False,PASS,0.109,False,1.0,0.0957,False,0.13107,False,0.08751,False
C3,1256_1308_1168_52,user,34,2,0.04129317885308243,0.038842986432219284,0.9406635069297833,0.901820520497564,7,4.86,True,True,True,False,PASS,0.13229,False,1.0,0.10488,False,0.10127,False,0.11678,False
C3,1257_1052_327_44,model,41,2,-0.03265371487308844,-0.03366026264354072,1.030824908417444,1.0644851710609846,8,5.12,True,True,True,False,PASS,0.07465,False,1.0,0.08446,False,0.08747,False,0.1151,False
C3,1257_1052_327_44,user,41,2,0.13631033115544713,0.14051208462966525,1.030824908417444,0.8903128237877787,8,5.12,True,True,True,False,PASS,0.0723,True,1.0,0.08372,True,0.07144,True,0.12571,True
C3,1258_413_525_58,model,29,2,0.11866823189852257,0.11580535204320275,0.9758749261742774,0.8600695741310747,7,4.14,True,True,True,False,PASS,0.1693,False,1.0,0.11867,False,0.1808,False,0.05163,True
C3,1258_413_525_58,user,29,2,-0.010641342567874487,-0.009895390997528342,0.9299006149282212,0.9397960059257495,8,3.62,True,True,True,False,PASS,0.16164,False,1.0,0.15462,False,0.15012,False,0.09938,False
C3,1259_310_311_8,model,30,2,0.2485274645458885,0.21301228082122092,0.8570975494013862,0.6440852685801652,7,4.29,True,True,True,False,PASS,0.19391,True,1.0,0.22097,True,0.19666,True,0.16901,True
C3,1259_310_311_8,user,30,2,0.19836323583191381,0.19169538831499433,0.9663856687507881,0.7746902804357938,6,5.0,True,True,True,False,PASS,0.15016,True,1.0,0.15089,True,0.19415,True,0.14561,True
C3,125_533_723_58,model,31,2,0.2669290499103271,0.26830015626703796,1.005136594751195,0.736836438484157,7,4.43,True,True,True,False,PASS,0.13965,True,1.0,0.15108,True,0.35166,False,0.19265,True
C3,125_533_723_58,user,31,2,0.12240821820016252,0.11084546069231582,0.905539369187294,0.7946939084949782,7,4.43,True,True,True,False,PASS,0.17717,False,1.0,0.12241,False,0.40516,False,0.24634,False
C3,1260_1159_769_2,model,31,2,0.21506470709992803,0.20507467234880006,0.9535487022215775,0.7484740298727774,7,4.43,True,True,True,False,PASS,0.14696,True,1.0,0.1861,True,0.13963,True,0.1047,True
C3,1260_1159_769_2,user,31,2,0.056476620957706454,0.05465997821236879,0.9678337210241722,0.9131737428118034,8,3.88,True,True,True,False,PASS,0.15012,False,1.0,0.18868,False,0.12392,False,0.144,False
C3,1261_525_271_15,model,25,2,0.027363732183371896,0.02685449230457393,0.9813899699286117,0.9545354776240378,7,3.57,True,True,True,False,PASS,0.18734,False,1.0,0.21573,False,0.18733,False,0.234,False
C3,1261_525_271_15,user,25,2,0.225024548627782,0.20196368172051204,0.8975184394418431,0.695554757721331,7,3.57,True,True,True,False,PASS,0.19645,True,1.0,0.09966,True,0.16689,True,0.20787,True
C3,1263_1465_107_42,model,28,2,0.2974785011295142,0.28471727656973633,0.9571020275034197,0.6723847509336833,6,4.67,True,True,True,False,PASS,0.14999,True,1.0,0.17483,True,0.17483,True,0.11757,True
C3,1263_1465_107_42,user,28,2,0.2526873474203665,0.21605264713846684,0.8550196491597389,0.6389670020212721,6,4.67,True,True,True,False,PASS,0.16941,True,1.0,0.20835,True,0.13587,True,0.11539,True
C3,1264_769_636_42,model,29,2,0.07392250413203993,0.07699753360755013,1.0415980155382398,0.9646004819306897,7,4.14,True,True,True,False,PASS,0.15565,False,1.0,0.11184,False,0.11184,False,0.16342,False
C3,1264_769_636_42,user,29,2,0.3212359074624939,0.2945172999300675,0.9168255885729525,0.622308288642885,7,4.14,True,True,True,False,PASS,0.17432,True,1.0,0.16362,True,0.22136,True,0.36518,False
C3,1265_327_271_51,model,26,2,0.0763939009181825,0.07152242626743299,0.9362321521456689,0.8647097258782359,7,3.71,True,True,True,False,PASS,0.16819,False,1.0,0.16266,False,0.22794,False,0.16266,False
C3,1265_327_271_51,user,26,2,-0.0007534660505244603,-0.0006716869474084897,0.8914627897845601,0.8921344767319686,7,3.71,True,True,True,False,PASS,0.24289,False,1.0,0.15749,False,0.25655,False,0.19436,False
C3,1266_333_1061_12,model,31,2,-0.044689605718481885,-0.046215969022467274,1.0341547722215447,1.080370741244012,8,3.88,True,True,True,False,PASS,0.11694,False,1.0,0.15721,False,0.1443,False,0.0869,False
C3,1266_333_1061_12,user,31,2,0.03240970511633526,0.03365740791532601,1.0384978139884982,1.0048404060731722,8,3.88,True,True,True,False,PASS,0.12636,False,1.0,0.12238,False,0.13266,False,0.04647,False
C3,1267_1237_525_56,model,29,2,0.42275817876180194,0.2943566434749191,0.6962766381884024,0.4019199947134833,5,5.8,True,True,True,False,PASS,0.10029,True,1.0,0.13514,True,0.13514,True,0.10029,True
C3,1267_1237_525_56,user,29,2,-0.022296231219699186,-0.02322371019242042,1.0415980155382398,1.0648217257306603,6,4.83,True,True,True,False,PASS,0.13171,False,1.0,0.07552,False,0.10423,False,0.11089,False
C3,1268_780_459_43,model,29,2,0.18124175598755965,0.17009934126266968,0.9385218121278036,0.7684224708651339,7,4.14,True,True,True,False,PASS,0.18953,False,1.0,0.18124,False,0.18297,False,0.21062,False
C3,1268_780_459_43,user,29,2,0.23162077569918357,0.2173811501356453,0.9385218121278036,0.7211406619921583,7,4.14,True,True,True,False,PASS,0.18933,True,1.0,0.11823,True,0.1952,True,0.23017,True
C3,1269_1106_271_26,model,29,2,0.06742549207839829,0.06782297088564326,1.005895082037856,0.9380721111522128,7,4.14,True,True,True,False,PASS,0.15647,False,1.0,0.14733,False,0.15775,False,0.15647,False
C3,1269_1106_271_26,user,29,2,0.08227892446202408,0.06460646778659418,0.785212838026503,0.7206063702399088,7,4.14,True,True,True,False,PASS,0.21596,False,1.0,0.24537,False,0.21596,False,0.29929,False
C3,1270_459_271_59,model,31,2,0.06870139665777708,0.07141958070268517,1.0395651933897094,0.9681456126870243,7,4.43,True,True,True,False,PASS,0.1465,False,1.0,0.12045,False,0.12351,False,0.11605,False
C3,1270_459_271_59,user,31,2,0.1364096518343773,0.1281593421964643,0.9395181387316333,0.811358796535169,7,4.43,True,True,True,False,PASS,0.13641,False,1.0,0.13641,False,0.12847,True,0.10535,True
C3,1271_327_1317_43,model,30,2,-0.005331870259897035,-0.005185782797082261,0.9726010844799522,0.9777868672770345,8,3.75,True,True,True,False,PASS,0.15217,False,1.0,0.15217,False,0.15219,False,0.22279,False
C3,1271_327_1317_43,user,30,2,0.11905814294116897,0.11483937773352548,0.9645655046901904,0.8497261269566649,7,4.29,True,True,True,False,PASS,0.1529,False,1.0,0.16698,False,0.16839,False,0.32055,False
C3,1272_636_333_43,model,28,2,0.41830051322012407,0.41019610502964976,0.9806253926678558,0.570429287638206,6,4.67,True,True,True,False,PASS,0.16776,True,1.0,0.18561,True,0.16779,True,0.04864,True
C3,1272_636_333_43,user,28,2,0.012072559065099792,0.012605428432630683,1.0441388909060174,1.0315334624733867,7,4.0,True,True,True,False,PASS,0.15824,False,1.0,0.1245,False,0.12762,False,0.09839,False
C3,1273_197_590_51,model,25,2,0.28559796079694355,0.27760547740604924,0.9720149143621621,0.6944094369561129,7,3.57,True,True,True,False,PASS,0.18628,True,1.0,0.18628,True,0.20585,True,0.2074,True
C3,1273_197_590_51,user,25,2,0.035825479723065594,0.035765752788666116,0.998332836437609,0.9625670836489428,7,3.57,True,True,True,False,PASS,0.16921,False,1.0,0.16752,False,0.16752,False,0.44019,False
C3,1274_271_636_19,model,40,2,0.07697964483046195,0.0790860055412912,1.0273625672795483,0.9482765617382571,7,5.71,True,True,True,False,PASS,0.07807,False,1.0,0.09489,False,0.10112,False,0.07123,True
C3,1274_271_636_19,user,40,2,0.2464072807434254,0.22627925906154855,0.918314014013103,0.6920347549515544,7,5.71,True,True,True,False,PASS,0.09741,True,1.0,0.1324,True,0.11926,True,0.06283,True
C3,1275_333_320_51,model,28,2,0.5165398818937584,0.4543502327388754,0.8796033930102726,0.42525316027139715,6,4.67,True,True,True,False,PASS,0.15168,True,1.0,0.13688,True,0.12679,True,0.28409,True
C3,1275_333_320_51,user,28,2,0.02191329909961312,0.022961245026593913,1.0478223713470554,1.0248611263204614,7,4.0,True,True,True,False,PASS,0.15637,False,1.0,0.09832,False,0.12581,False,0.12581,False
C3,1276_1405_1406_16,model,27,2,0.14894096508426427,0.14204958385087996,0.9537307870303817,0.8116812031795018,7,3.86,True,True,True,False,PASS,0.18213,False,1.0,0.19467,False,0.18213,False,0.20415,False
C3,1276_1405_1406_16,user,27,2,0.033922452265930776,0.03134996200095941,0.9241655572302185,0.8928155952292591,7,3.86,True,True,True,False,PASS,0.17463,False,1.0,0.1314,False,0.15661,False,0.16901,False
C3,1277_1177_940_7,model,27,2,0.005458284176466409,0.005532282444917103,1.0135570567706496,1.0080247743257325,8,3.38,True,True,True,False,PASS,0.18433,False,1.0,0.2032,False,0.12799,False,0.06918,False
C3,1277_1177_940_7,user,27,2,0.03689719943291058,0.03554413649786259,0.963328844577805,0.9277847080799424,8,3.38,True,True,True,False,PASS,0.17688,False,1.0,0.14402,False,0.16165,False,0.20279,False
C3,1278_333_143_1,model,29,2,0.07869025673506597,0.07527007288239085,0.9565361202951698,0.8812660474127789,7,4.14,True,True,True,False,PASS,0.14271,False,1.0,0.13103,False,0.13703,False,0.12353,False
C3,1278_333_143_1,user,29,2,0.23695754478736283,0.23619235478450684,0.996770771728148,0.7605784169436411,8,3.62,True,True,True,False,PASS,0.1443,True,1.0,0.12194,True,0.13304,True,0.10181,True
C3,1279_320_257_7,model,27,2,-0.02458168494137848,-0.02584459351226487,1.0513759969627032,1.077220590474968,8,3.38,True,True,True,False,PASS,0.12917,False,1.0,0.12917,False,0.1254,False,0.00553,False
C3,1279_320_257_7,user,27,2,0.3938906972695048,0.3451347737959327,0.8762196624303298,0.5310848886343971,6,4.5,True,True,True,False,PASS,0.18833,True,1.0,0.19678,True,0.2074,True,0.17959,True
C3,127_721_474_5,model,35,2,0.010375169480203896,0.010497363988949404,1.0117775915833143,1.0012802275943649,7,5.0,True,True,True,False,PASS,0.12538,False,1.0,0.07939,False,0.09888,False,0.10422,False
C3,127_721_474_5,user,35,2,0.2769372611675464,0.2600451997541564,0.9390040136088067,0.6789588138546503,7,5.0,True,True,True,False,PASS,0.12667,True,1.0,0.15123,True,0.12038,True,0.10295,True
C3,1280_327_664_51,model,43,2,-0.014865760941923266,-0.014973322640831732,1.0072355326665539,1.0222088553073856,6,7.17,True,True,True,False,PASS,0.10559,False,1.0,0.06243,False,0.06462,False,0.09208,False
C3,1280_327_664_51,user,43,2,0.28433487245647643,0.22910544952644052,0.8057592357459075,0.576653786219467,6,7.17,True,True,True,False,PASS,0.13154,True,1.0,0.08914,True,0.12536,True,0.09664,True
C3,1281_454_258_5,model,29,2,-0.04668787891492075,-0.04347107875615552,0.931099886447461,0.9745709652036165,8,3.62,True,True,True,False,PASS,0.15416,False,1.0,0.13401,False,0.13401,False,0.13106,False
C3,1281_454_258_5,user,29,2,-0.044784868269368255,-0.0438291529617274,0.9786598611412118,1.0224890141029392,8,3.62,True,True,True,False,PASS,0.14089,False,1.0,0.1307,False,0.16938,False,0.12861,False
C3,1282_143_1304_5,model,31,2,0.005096316892596365,0.00514200257952524,1.0089644517583365,1.0038224491788112,7,4.43,True,True,True,False,PASS,0.14122,False,1.0,0.09235,False,0.11629,False,0.07374,False
C3,1282_143_1304_5,user,31,2,0.2023387045843353,0.19280800690484068,0.9528973080109732,0.7600893011061325,7,4.43,True,True,True,False,PASS,0.14785,True,1.0,0.13038,True,0.13151,True,0.27004,False
C3,1283_957_983_5,model,37,2,-0.003084207532153139,-0.0031147195583249854,1.0098929873731763,1.0130077069315013,6,6.17,True,True,True,False,PASS,0.11213,False,1.0,0.04734,False,0.05927,False,0.08612,False
C3,1283_957_983_5,user,37,2,0.43269138952154357,0.355601172862831,0.8218355656581091,0.4662343927952781,5,7.4,True,True,True,False,PASS,0.13499,True,1.0,0.13499,True,0.15733,True,0.16691,True
C3,1285_1044_1045_21,model,25,2,0.11835218572830043,0.08881591039020253,0.7504374325126201,0.6616215221224175,5,5.0,True,True,True,False,PASS,0.17133,False,1.0,0.11835,False,0.1696,False,0.07587,True
C3,1285_1044_1045_21,user,25,2,0.09575693182377401,0.07109269095321236,0.7424286639012994,0.671335972948087,5,5.0,True,True,True,False,PASS,0.218,False,1.0,0.13868,False,0.15557,False,0.07863,True
C3,1286_333_198_5,model,30,2,0.05767727569088312,0.060265916417877596,1.0448814666779356,0.984615550260058,6,5.0,True,True,True,False,PASS,0.1431,False,1.0,0.05768,False,0.08455,False,0.12875,False
C3,1286_333_198_5,user,30,2,0.517130881541109,0.4719295653417779,0.9125921158206101,0.4406625504788322,6,5.0,True,True,True,False,PASS,0.18388,True,1.0,0.17016,True,0.1823,True,0.24653,True
C3,1287_197_101_16,model,34,2,0.03831039298498896,0.039838962244240994,1.039899597476094,1.000060635231853,8,4.25,True,True,True,False,PASS,0.10034,False,1.0,0.11876,False,0.10842,False,0.00616,True
C3,1287_197_101_16,user,34,2,0.055574770186267726,0.052410772401098704,0.9430677306525177,0.890656958251419,8,4.25,True,True,True,False,PASS,0.12179,False,1.0,0.14027,False,0.12678,False,0.10104,False
C3,1288_957_1044_16,model,31,2,0.04224474919673098,0.04257277069801635,1.0077647875185103,0.9651920168204939,8,3.88,True,True,True,False,PASS,0.11874,False,1.0,0.11694,False,0.11927,False,0.10996,False
C3,1288_957_1044_16,user,31,2,-0.016059152771368147,-0.01667739504757315,1.0384978139884982,1.0551752090360713,8,3.88,True,True,True,False,PASS,0.12319,False,1.0,0.14964,False,0.13723,False,0.13729,False
C3,1289_983_198_0,model,30,2,-0.007246249244194905,-0.007118753610059203,0.9824052927467488,0.989524046356808,6,5.0,True,True,True,False,PASS,0.14325,False,1.0,0.09379,False,0.13319,False,0.08073,False
C3,1289_983_198_0,user,30,2,0.3074123321260578,0.2877480657414224,0.9360329292951988,0.6482848635537763,6,5.0,True,True,True,False,PASS,0.14275,True,1.0,0.15077,True,0.13679,True,0.15127,True
C3,128_1204_915_2,model,34,2,0.14321994338613342,0.13064668950977532,0.9122101742320934,0.7815634847223181,7,4.86,True,True,True,False,PASS,0.14364,False,1.0,0.12079,True,0.1088,True,0.14322,False
C3,128_1204_915_2,user,34,2,0.07787336306684504,0.07283184320563074,0.9352600213645998,0.8624281781589691,7,4.86,True,True,True,False,PASS,0.12809,False,1.0,0.13418,False,0.13081,False,0.04932,True
C3,1290_243_244_54,model,42,2,-0.01132587992130396,-0.011491545967456496,1.0146272119520636,1.0261187579195201,8,5.25,True,True,True,False,PASS,0.08614,False,1.0,0.08194,False,0.0734,False,0.06978,False
C3,1290_243_244_54,user,42,2,-0.019290222384748416,-0.0179634275859184,0.9312193103652848,0.9491827379512032,8,5.25,True,True,True,False,PASS,0.09048,False,1.0,0.08213,False,0.07052,False,0.05787,False
C3,1291_64_1332_54,model,33,2,-0.012817560128401215,-0.011380783772487635,0.8879056277855905,0.8992864115580781,8,4.12,True,True,True,False,PASS,0.14491,False,1.0,0.17067,False,0.16619,False,0.07157,False
C3,1291_64_1332_54,user,33,2,0.06190146557954628,0.06114213079088415,0.9877331694564428,0.9265910386655587,8,4.12,True,True,True,False,PASS,0.12153,False,1.0,0.13682,False,0.11625,False,0.10591,False
C3,1292_96_242_20,model,24,2,0.26056139560611186,0.24344191514489277,0.9342977096764618,0.690855794531569,7,3.43,True,True,True,False,PASS,0.19851,True,1.0,0.25841,True,0.21626,True,0.19851,True
C3,1292_96_242_20,user,24,2,0.07594083153881562,0.070548283409409,0.9289901358711047,0.8584418524616957,7,3.43,True,True,True,False,PASS,0.25126,False,1.0,0.15559,False,0.24886,False,0.2285,False
C3,1293_780_783_26,model,28,2,0.027015725649173074,0.02543349554071772,0.9414329961370561,0.9159995005963384,7,4.0,True,True,True,False,PASS,0.15391,False,1.0,0.14663,False,0.15391,False,0.13373,False
C3,1293_780_783_26,user,28,2,0.010071469189582096,0.010413687222062595,1.0339789583861796,1.023565271164117,8,3.5,True,True,True,False,PASS,0.14708,False,1.0,0.1697,False,0.14353,False,0.2176,False
C3,1294_636_637_21,model,31,2,0.13327125409629653,0.12466938349364687,0.935455919125408,0.8107865356317612,8,3.88,True,True,True,False,PASS,0.1458,False,1.0,0.12185,True,0.13827,False,0.24972,False
C3,1294_636_637_21,user,31,2,0.17859430395554968,0.1695085575468548,0.9491263371369546,0.7796177795900998,7,4.43,True,True,True,False,PASS,0.15308,True,1.0,0.14684,True,0.14684,True,0.18895,False
C3,1295_957_197_22,model,27,2,-0.048619332126321885,-0.04685905815428826,0.9637947726747846,1.010653830829073,8,3.38,True,True,True,False,PASS,0.17256,False,1.0,0.16182,False,0.17522,False,0.12882,False
C3,1295_957_197_22,user,27,2,0.06914419864436837,0.06660860098933763,0.9633288445778052,0.8967202435884676,8,3.38,True,True,True,False,PASS,0.19957,False,1.0,0.19028,False,0.19484,False,0.0235,True
C3,1296_186_96_24,model,29,2,0.03434990321893072,0.030893899789757984,0.8993882629844475,0.8684943631946895,7,4.14,True,True,True,False,PASS,0.20461,False,1.0,0.14319,False,0.16901,False,0.25778,False
C3,1296_186_96_24,user,29,2,0.04277939485725446,0.036367473354105395,0.8501165917717103,0.8137491184176049,7,4.14,True,True,True,False,PASS,0.18231,False,1.0,0.24004,False,0.19722,False,0.0633,False
C3,1297_1050_1211_45,model,37,2,0.2278183626605103,0.2345886933375414,1.0297181078731572,0.7951294145356158,6,6.17,True,True,True,False,PASS,0.11043,True,1.0,0.08401,True,0.08587,True,0.10057,True
C3,1297_1050_1211_45,user,37,2,0.11492827174628283,0.09089480982560194,0.7908829432871185,0.6999881334615166,6,6.17,True,True,True,False,PASS,0.12857,False,1.0,0.11493,False,0.15352,False,0.08271,True
C3,1298_780_64_24,model,25,2,-0.007076095514793085,-0.006461276852058884,0.9131132894618397,0.9195745663138986,8,3.12,True,True,True,False,PASS,0.21417,False,1.0,0.18751,False,0.18929,False,0.45946,False
C3,1298_780_64_24,user,25,2,0.3846658193596913,0.39276762130463827,1.021061923199813,0.6282943018951748,6,4.17,True,True,True,False,PASS,0.18321,True,1.0,0.21008,True,0.20946,True,0.21008,True
C3,129_915_1140_2,model,27,2,0.2246464518300774,0.19811644745981238,0.8819033011465843,0.683786853686772,6,4.5,True,True,True,False,PASS,0.19635,True,1.0,0.20934,True,0.19714,True,0.06918,True
C3,129_915_1140_2,user,27,2,0.12198109383244106,0.11097954887359573,0.9098094252707919,0.7988298763971962,7,3.86,True,True,True,False,PASS,0.1606,False,1.0,0.24843,False,0.22554,False,0.12912,False
C3,12_1489_679_13,model,31,2,0.14401112033636532,0.13099243396135862,0.909599436872659,0.7786070029113004,5,6.2,True,True,True,False,PASS,0.15052,False,1.0,0.14401,False,0.14401,False,0.28141,False
C3,12_1489_679_13,user,31,2,0.3062620200624629,0.24899473507880043,0.8130121228483289,0.5640173877695285,5,6.2,True,True,True,False,PASS,0.19029,True,1.0,0.18072,True,0.20183,True,0.30626,False
C3,1300_197_637_24,model,34,2,-0.021880202150350383,-0.015630461711298782,0.7143655074068171,0.7299959691181159,6,5.67,True,True,True,False,PASS,0.095,False,1.0,0.095,False,0.095,False,0.22166,False
C3,1300_197_637_24,user,34,2,-0.027903520376801456,-0.02901685960800182,1.039899597476094,1.0689164570840959,8,4.25,True,True,True,False,PASS,0.11717,False,1.0,0.10518,False,0.12907,False,0.14837,False
C3,1301_1497_780_21,model,31,2,0.07258924575634804,0.07506851491088984,1.0341547722215447,0.9590862573106549,7,4.43,True,True,True,False,PASS,0.1453,False,1.0,0.12591,False,0.12591,False,0.15207,False
C3,1301_1497_780_21,user,31,2,0.1884154034265498,0.17966326341594152,0.9535487022215775,0.773885438805636,7,4.43,True,True,True,False,PASS,0.1592,True,1.0,0.17143,True,0.16846,True,0.14609,True
C3,1302_243_783_21,model,28,2,0.02895574704987588,0.030019956431788897,1.0367529589231432,1.0067330024913543,8,3.5,True,True,True,False,PASS,0.15318,False,1.0,0.1756,False,0.1756,False,0.13471,False
C3,1302_243_783_21,user,28,2,0.0050176223484024824,0.004517691989345152,0.9003650884135393,0.8958473964241942,7,4.0,True,True,True,False,PASS,0.14468,False,1.0,0.14579,False,0.14468,False,0.0392,False
C3,1303_197_198_52,model,38,2,-0.02170519934696606,-0.022311566525648585,1.0279364943389604,1.050248060864609,8,4.75,True,True,True,False,PASS,0.08493,False,1.0,0.09069,False,0.10063,False,0.13996,False
C3,1303_197_198_52,user,38,2,0.01661827644061683,0.016405350196032176,0.9871872245388673,0.9707818743428351,8,4.75,True,True,True,False,PASS,0.09415,False,1.0,0.08319,False,0.09895,False,0.15008,False
C3,1304_753_1050_35,model,39,2,-0.03290188558692847,-0.03253598003325098,0.9888788880287498,1.0214148680620008,8,4.88,True,True,True,False,PASS,0.08599,False,1.0,0.10511,False,0.10782,False,0.03931,False
C3,1304_753_1050_35,user,39,2,0.09276357849962473,0.09098653885725883,0.9808433474526526,0.8898568085953937,8,4.88,True,True,True,False,PASS,0.08247,True,1.0,0.09163,True,0.07431,True,0.03566,True
C3,1305_647_1211_43,model,28,2,0.005298268634153503,0.004770376107228302,0.9003650884135396,0.8955947123063113,7,4.0,True,True,True,False,PASS,0.1439,False,1.0,0.10701,False,0.1439,False,0.11585,False
C3,1305_647_1211_43,user,28,2,0.33654782015549384,0.3329311166026866,0.989253522571811,0.6563224059691244,6,4.67,True,True,True,False,PASS,0.16213,True,1.0,0.12987,True,0.15581,True,0.10784,True
C3,1306_779_865_43,model,26,2,0.34434733531779793,0.3196775686268353,0.9283578986659068,0.6086803300390715,7,3.71,True,True,True,False,PASS,0.17462,True,1.0,0.19372,True,0.19373,True,0.09809,True
C3,1306_779_865_43,user,26,2,0.07761944646966279,0.07609336666952848,0.9803389502303297,0.9042455835608012,7,3.71,True,True,True,False,PASS,0.17345,False,1.0,0.18047,False,0.14639,False,0.05272,True
C3,1307_403_505_48,model,27,2,0.005952981249846884,0.006114365426521884,1.027109807657995,1.020995442231473,6,4.5,True,True,True,False,PASS,0.17395,False,1.0,0.13762,False,0.15957,False,0.2005,False
C3,1307_403_505_48,user,27,2,0.33428849445441716,0.27316721521956444,0.8171600870242123,0.5439928718046478,6,4.5,True,True,True,False,PASS,0.20463,True,1.0,0.25459,True,0.24402,True,0.35651,False
C3,1308_419_1050_14,model,32,2,-0.041409628159922836,-0.04218042419978163,1.0186139328970065,1.0607943570967882,8,4.0,True,True,True,False,PASS,0.11712,False,1.0,0.13276,False,0.11331,False,0.16479,False
C3,1308_419_1050_14,user,32,2,0.023269015090471596,0.024055126847573938,1.0337836283162773,1.0097285014687034,8,4.0,True,True,True,False,PASS,0.11121,False,1.0,0.10479,False,0.11835,False,0.02458,False
C3,1309_74_75_41,model,40,2,0.02500539803807386,0.019999633662992844,0.7998126497543006,0.7798130160913077,6,6.67,True,True,True,False,PASS,0.12517,False,1.0,0.11666,False,0.09761,False,0.13101,False
C3,1309_74_75_41,user,40,2,0.3466622905346211,0.26104876909972197,0.7530348013830223,0.4919860322833003,6,6.67,True,True,True,False,PASS,0.15256,True,1.0,0.17782,True,0.15043,True,0.14944,True
C3,130_597_970_42,model,28,2,-0.01900996184109624,-0.019201036115295,1.0100512707913853,1.0292523069066803,6,4.67,True,True,True,False,PASS,0.16199,False,1.0,0.03437,False,0.09884,False,0.13623,False
C3,130_597_970_42,user,28,2,0.4850673690507813,0.44467264815106244,0.9167234832168437,0.47205083506578127,5,5.6,True,True,True,False,PASS,0.17603,True,1.0,0.17601,True,0.17601,True,0.02238,True
C3,1310_419_865_35,model,26,2,0.16626286396946033,0.17394369747866767,1.0461969277193384,0.8722532302406707,8,3.25,True,True,True,False,PASS,0.13335,True,1.0,0.16626,False,0.1257,True,0.13335,True
C3,1310_419_865_35,user,26,2,-0.052526127003512765,-0.05431045525402389,1.033970299207322,1.088280754461346,8,3.25,True,True,True,False,PASS,0.15586,False,1.0,0.18297,False,0.15989,False,0.20734,False
C3,1311_779_780_41,model,32,2,0.3626262169682846,0.3498720283647394,0.9648282776954853,0.6149562493307459,6,5.33,True,True,True,False,PASS,0.13598,True,1.0,0.14924,True,0.12938,True,0.14619,True
C3,1311_779_780_41,user,32,2,0.055116188934748435,0.04952299675732519,0.8985199759721236,0.8489969792147984,7,4.57,True,True,True,False,PASS,0.15029,False,1.0,0.15093,False,0.14972,False,0.16533,False
C3,1312_735_909_44,model,40,2,0.2803960835657233,0.22999519480320918,0.8202510958014132,0.590255900998204,6,6.67,True,True,True,False,PASS,0.13432,True,1.0,0.14845,True,0.15459,True,0.34817,False
C3,1312_735_909_44,user,40,2,-0.006626032694243179,-0.006727058058284996,1.0152467349171985,1.0219737929754835,6,6.67,True,True,True,False,PASS,0.11296,False,1.0,0.04056,False,0.06721,False,0.21871,False
C3,1313_382_244_49,model,46,2,0.014770811464317595,0.014908175112392064,1.0092996683632651,0.9943914932508731,8,5.75,True,True,True,False,PASS,0.08146,False,1.0,0.08056,False,0.0714,False,0.05492,False
C3,1313_382_244_49,user,46,2,-0.030620202494332206,-0.02853369685807927,0.931858529131571,0.9603922259896502,8,5.75,True,True,True,False,PASS,0.08876,False,1.0,0.10354,False,0.08926,False,0.05229,False
C3,1314_1048_845_44,model,34,2,-0.03620655502577076,-0.037368762041082304,1.0320993536801366,1.069468115721219,8,4.25,True,True,True,False,PASS,0.11102,False,1.0,0.10168,False,0.11492,False,0.06353,False
C3,1314_1048_845_44,user,34,2,0.015408393333906542,0.014734359447745815,0.956255407585066,0.9415210481373202,8,4.25,True,True,True,False,PASS,0.12054,False,1.0,0.11028,False,0.11175,False,0.10912,False
C3,1315_338_779_47,model,31,2,0.2592640774714208,0.2594237035516771,1.0006156891529792,0.7411919856013021,7,4.43,True,True,True,False,PASS,0.13982,True,1.0,0.14873,True,0.13306,True,0.101,True
C3,1315_338_779_47,user,31,2,0.05890407513121042,0.05393344680678869,0.9156148651286091,0.8616814183218204,7,4.43,True,True,True,False,PASS,0.15906,False,1.0,0.14331,False,0.15863,False,0.05996,False
C3,1316_383_865_27,model,25,2,0.15212908362967906,0.13635216267978234,0.8962925393785861,0.7599403766988038,7,3.57,True,True,True,False,PASS,0.16232,False,1.0,0.15328,False,0.16709,False,0.05461,True
C3,1316_383_865_27,user,25,2,0.1391169365401621,0.1454917030403926,1.0458230799122732,0.9003313768718806,7,3.57,True,True,True,False,PASS,0.17645,False,1.0,0.13912,False,0.18017,False,0.05202,True
C3,1317_865_244_27,model,39,2,0.09546685993198231,0.09341957175181914,0.9785549856607643,0.8851354139089451,7,5.57,True,True,True,False,PASS,0.08244,True,1.0,0.09547,False,0.12875,False,0.18191,False
C3,1317_865_244_27,user,39,2,0.36479103279542413,0.3779301682024392,1.036018252165709,0.6580880839632699,7,5.57,True,True,True,False,PASS,0.07787,True,1.0,0.08179,True,0.10158,True,0.03129,True
C3,1318_456_1048_16,model,36,2,0.021167954599327053,0.02077131288844325,0.9812621616782751,0.9604908487898318,7,5.14,True,True,True,False,PASS,0.11672,False,1.0,0.10726,False,0.09858,False,0.04589,False
C3,1318_456_1048_16,user,36,2,0.2043431042955449,0.18732317668686738,0.9167090679797968,0.7293858912929294,7,5.14,True,True,True,False,PASS,0.12413,True,1.0,0.14777,True,0.12491,True,0.1497,True
C3,1319_252_740_36,model,31,2,0.3008442843264955,0.2748684238982323,0.9136567926280675,0.6387883687298352,7,4.43,True,True,True,False,PASS,0.1486,True,1.0,0.191,True,0.16497,True,0.27872,True
C3,1319_252_740_36,user,31,2,0.016238645727294176,0.015716308918640398,0.9678337210241722,0.9521174121055318,8,3.88,True,True,True,False,PASS,0.13739,False,1.0,0.15986,False,0.16581,False,0.33405,False
C3,131_533_915_53,model,35,2,0.08210831045010511,0.0732775003525512,0.8924492533198556,0.8191717529673044,8,4.38,True,True,True,False,PASS,0.14748,False,1.0,0.15441,False,0.12213,False,0.14495,False
C3,131_533_915_53,user,35,2,-0.011769278259758998,-0.011794811079496759,1.002169446517809,1.0139642575973058,8,4.38,True,True,True,False,PASS,0.11367,False,1.0,0.11427,False,0.11933,False,0.09123,False
C3,1320_735_382_27,model,32,2,0.16552293551186414,0.15538680568184005,0.9387629889557053,0.7833761832738653,7,4.57,True,True,True,False,PASS,0.14757,True,1.0,0.18178,False,0.15589,True,0.14757,True
C3,1320_735_382_27,user,32,2,0.06386944383128497,0.05110738157109529,0.8001851668866659,0.7490777853155706,7,4.57,True,True,True,False,PASS,0.19506,False,1.0,0.19302,False,0.20726,False,0.16445,False
C3,1321_779_186_27,model,38,2,-0.00492703585139547,-0.004945486954383238,1.0037448688307276,1.0086903557851108,8,4.75,True,True,True,False,PASS,0.09152,False,1.0,0.11886,False,0.11503,False,0.08504,False
C3,1321_779_186_27,user,38,2,0.02891216952478977,0.02947088946663068,1.0193247324923802,0.9898538430257495,8,4.75,True,True,True,False,PASS,0.09922,False,1.0,0.09163,False,0.0878,False,0.07622,False
C3,1322_865_1048_52,model,29,2,0.1894032389873743,0.1678974316810351,0.8864549126967529,0.7185574810157178,7,4.14,True,True,True,False,PASS,0.1771,True,1.0,0.1894,False,0.17707,True,0.11847,True
C3,1322_865_1048_52,user,29,2,0.18124175598755965,0.17009934126266968,0.9385218121278036,0.7684224708651339,7,4.14,True,True,True,False,PASS,0.18953,False,1.0,0.15432,True,0.17662,True,0.07095,True
C3,1323_252_1141_27,model,35,2,-0.027979989914184822,-0.02480482703020548,0.8865202277156772,0.9113250547458827,8,4.38,True,True,True,False,PASS,0.15284,False,1.0,0.11565,False,0.22486,False,0.3317,False
C3,1323_252_1141_27,user,35,2,0.23105663714793298,0.20832517301865305,0.9016195145490402,0.6932943415303872,8,4.38,True,True,True,False,PASS,0.13982,True,1.0,0.14645,True,0.14779,True,0.18582,True
C3,1324_740_957_27,model,36,2,0.0013104547391787937,0.001329657235186854,1.014653307309258,1.0133236500740712,7,5.14,True,True,True,False,PASS,0.12444,False,1.0,0.08624,False,0.13266,False,0.03549,False
C3,1324_740_957_27,user,36,2,0.2903106095679368,0.2580480185875347,0.8888687153789596,0.6308206967914249,7,5.14,True,True,True,False,PASS,0.13881,True,1.0,0.14764,True,0.1121,True,0.05514,True
C3,1325_1048_501_21,model,32,2,-0.03840274643462101,-0.03799620521890312,0.9894137463212429,1.027409951540146,8,4.0,True,True,True,False,PASS,0.14078,False,1.0,0.13936,False,0.1354,False,0.14458,False
C3,1325_1048_501_21,user,32,2,0.38994340697007146,0.35835386324934415,0.9189894144737987,0.5606355512244545,6,5.33,True,True,True,False,PASS,0.15589,True,1.0,0.15622,True,0.16544,True,0.10749,True
C3,1326_272_782_15,model,28,2,0.23536779643087263,0.21191694684318263,0.9003650884135396,0.6884481415703569,7,4.0,True,True,True,False,PASS,0.13338,True,1.0,0.13338,True,0.16332,True,0.19315,True
C3,1326_272_782_15,user,28,2,0.03968588266687003,0.03964472393262297,0.9989628872666749,0.959318163334052,7,4.0,True,True,True,False,PASS,0.14871,False,1.0,0.12654,False,0.13967,False,0.18816,False
C3,1327_735_779_21,model,30,2,0.2842027815427521,0.27537840857198725,0.968950434183427,0.6935720256114397,7,4.29,True,True,True,False,PASS,0.1636,True,1.0,0.1636,True,0.152,True,0.18071,True
C3,1327_735_779_21,user,30,2,0.08804354242641063,0.09199506574202898,1.0448814666779356,0.9528864009359066,7,4.29,True,True,True,False,PASS,0.12389,False,1.0,0.09464,False,0.08469,True,0.26174,False
C3,1328_988_989_14,model,29,2,0.2559915105421226,0.22692493212872722,0.8864549126967529,0.6595299805680257,6,4.83,True,True,True,False,PASS,0.14049,True,1.0,0.18648,True,0.15818,True,0.11363,True
C3,1328_988_989_14,user,29,2,0.716778452289895,0.5628236427587928,0.785212838026503,0.22238919526771017,5,5.8,True,True,True,False,PASS,0.17501,True,1.0,0.25577,True,0.19841,True,0.15583,True
C3,1329_740_980_14,model,26,2,0.07338241665106324,0.07612407269371602,1.0373612122327542,0.9612371395390382,8,3.25,True,True,True,False,PASS,0.16076,False,1.0,0.15336,False,0.15336,False,0.09026,False
C3,1329_740_980_14,user,26,2,-0.05597649484565757,-0.054932667183909656,0.9813523932746051,1.0362850604585148,8,3.25,True,True,True,False,PASS,0.1785,False,1.0,0.22275,False,0.14245,False,0.07964,False
C3,1330_1048_957_5,model,32,2,0.0066479393652175995,0.006740609051295587,1.013939610605181,1.0071990015538854,8,4.0,True,True,True,False,PASS,0.12177,False,1.0,0.12177,False,0.11486,False,0.05822,False
C3,1330_1048_957_5,user,32,2,-0.03651309216121804,-0.03718551123257541,1.0184158347473942,1.0556013459799696,8,4.0,True,True,True,False,PASS,0.11109,False,1.0,0.14888,False,0.1329,False,0.12696,False
C3,1331_501_782_14,model,38,2,0.2058325902421203,0.19237925403109668,0.9346394261705666,0.7422601721394699,7,5.43,True,True,True,False,PASS,0.12199,True,1.0,0.10306,True,0.10308,True,0.09757,True
C3,1331_501_782_14,user,38,2,0.05092450810565695,0.052448964343514204,1.0299356104666608,0.9774866461231466,7,5.43,True,True,True,False,PASS,0.09057,False,1.0,0.08126,False,0.10576,False,0.08359,False
C3,1332_272_735_51,model,26,2,0.00821013016460083,0.008086186274744889,0.9849035414334423,0.9768173551586974,7,3.71,True,True,True,False,PASS,0.15982,False,1.0,0.16744,False,0.18533,False,0.20354,False
C3,1332_272_735_51,user,26,2,0.5110424178820194,0.5166584806248271,1.0109894258212129,0.49433094519638576,6,4.33,True,True,True,False,PASS,0.18169,True,1.0,0.17644,True,0.18111,True,0.27954,True
C3,1334_735_980_12,model,29,2,0.14978946608949084,0.13733081540952574,0.9168255885729525,0.7794947731634267,7,4.14,True,True,True,False,PASS,0.17472,False,1.0,0.14979,False,0.1698,False,0.11021,True
C3,1334_735_980_12,user,29,2,0.07396850966780455,0.07605294996980838,1.028180104092473,0.9521271541226646,7,4.14,True,True,True,False,PASS,0.13983,False,1.0,0.13769,False,0.13381,False,0.13983,False
C3,1335_740_845_12,model,29,2,0.06943508553259059,0.07118400002687286,1.0251877632304693,0.9540037632035965,8,3.62,True,True,True,False,PASS,0.1548,False,1.0,0.13825,False,0.19332,False,0.21606,False
C3,1335_740_845_12,user,29,2,0.14067893637075715,0.1265249842209949,0.8993882629844475,0.7728632787634526,7,4.14,True,True,True,False,PASS,0.16292,False,1.0,0.23189,False,0.14082,False,0.29847,False
C3,1336_460_673_12,model,38,2,0.33010742069416726,0.25143211722265524,0.7616675707984102,0.510235453575755,6,6.33,True,True,True,False,PASS,0.16698,True,1.0,0.17247,True,0.15369,True,0.06416,True
C3,1336_460_673_12,user,38,2,-0.015869062436910344,-0.01609172537444592,1.0140312597811498,1.0301229851555957,6,6.33,True,True,True,False,PASS,0.11534,False,1.0,0.08107,False,0.07222,False,0.12636,False
C3,1337_252_782_15,model,34,2,0.5329938590393852,0.5428473754387086,1.0184871105589892,0.47563973512028057,6,5.67,True,True,True,False,PASS,0.11953,True,1.0,0.09356,True,0.18235,True,0.07895,True
C3,1337_252_782_15,user,34,2,0.010420478712354924,0.01020451345200235,0.9792749194817205,0.9690704060297182,7,4.86,True,True,True,False,PASS,0.13239,False,1.0,0.08646,False,0.12956,False,0.14442,False
C3,1338_1131_461_59,model,30,2,0.3370772927667566,0.2980866713562871,0.8843273568194658,0.5862406854631788,7,4.29,True,True,True,False,PASS,0.17239,True,1.0,0.18757,True,0.16242,True,0.18757,True
C3,1338_1131_461_59,user,30,2,-0.032897881981546064,-0.029009003476941686,0.8817893958405643,0.910798399317506,8,3.75,True,True,True,False,PASS,0.16619,False,1.0,0.12383,False,0.19565,False,0.16406,False
C3,133_774_775_28,model,29,2,0.0819848008768184,0.06437551817152432,0.785212838026503,0.7208373198549787,7,4.14,True,True,True,False,PASS,0.20003,False,1.0,0.11514,False,0.21923,False,0.16128,False
C3,133_774_775_28,user,29,2,0.06043207658291932,0.0607883286320936,1.0058950820378556,0.945106753405762,7,4.14,True,True,True,False,PASS,0.17035,False,1.0,0.15775,False,0.14129,False,0.14105,False
C3,1341_501_845_53,model,32,2,0.05937623790033669,0.051464380304037105,0.8667504396358072,0.8152860593317701,6,5.33,True,True,True,False,PASS,0.17092,False,1.0,0.13012,False,0.14979,False,0.46571,False
C3,1341_501_845_53,user,32,2,0.6387296104590181,0.5869857507228107,0.9189894144737989,0.3320036637509882,6,5.33,True,True,True,False,PASS,0.15996,True,1.0,0.15918,True,0.23084,True,0.44993,True
C3,1342_1040_1274_39,model,29,2,0.013705855217548427,0.014361444988333139,1.0478328247583792,1.033471379770046,7,4.14,True,True,True,False,PASS,0.13792,False,1.0,0.10437,False,0.10956,False,0.19089,False
C3,1342_1040_1274_39,user,29,2,0.43386609326588194,0.3977795363203397,0.9168255885729525,0.5190460522526128,6,4.83,True,True,True,False,PASS,0.19149,True,1.0,0.20946,True,0.27229,True,0.32726,True
C3,1343_460_461_25,model,37,2,-0.034315022864146234,-0.03139223180815509,0.9148247382039486,0.9462169700121037,8,4.62,True,True,True,False,PASS,0.13763,False,1.0,0.12316,False,0.10112,False,0.12851,False
C3,1343_460_461_25,user,37,2,0.035655214275797355,0.03433147058052477,0.962873769737204,0.9285422991566792,8,4.62,True,True,True,False,PASS,0.12117,False,1.0,0.12345,False,0.11581,False,0.16047,False
C3,1344_266_398_12,model,27,2,0.14448814847683233,0.15088960438460752,1.0443043666574605,0.893414762272853,7,3.86,True,True,True,False,PASS,0.13664,True,1.0,0.14449,False,0.17731,False,0.04362,True
C3,1344_266_398_12,user,27,2,0.13690577478728114,0.13970045437121503,1.0204131607178453,0.8807127063466302,8,3.38,True,True,True,False,PASS,0.15004,False,1.0,0.14681,False,0.16408,False,0.08107,True
C3,1345_459_1274_51,model,29,2,0.023240452763340035,0.022511697813063947,0.96864282474627,0.946131126933206,8,3.62,True,True,True,False,PASS,0.16444,False,1.0,0.14906,False,0.12449,False,0.01007,True
C3,1345_459_1274_51,user,29,2,0.06906486547562994,0.06759101165611647,0.9786598611412118,0.9110688494850954,8,3.62,True,True,True,False,PASS,0.15568,False,1.0,0.1728,False,0.13164,False,0.10824,False
C3,1346_637_1346_52,model,30,2,0.14107809809373648,0.14376428562524346,1.0190404291509672,0.8752761435257237,8,3.75,True,True,True,False,PASS,0.1405,True,1.0,0.14108,False,0.1405,True,0.12056,True
C3,1346_637_1346_52,user,30,2,-0.020578084265950248,-0.019517273830391924,0.9484495047328771,0.9679667785632691,8,3.75,True,True,True,False,PASS,0.14535,False,1.0,0.14535,False,0.12254,False,0.16366,False
C3,1347_435_646_56,model,32,2,0.015264813688700574,0.01595301590772502,1.0450842200277801,1.029131204120055,7,4.57,True,True,True,False,PASS,0.13384,False,1.0,0.06041,False,0.10006,False,0.18511,False
C3,1347_435_646_56,user,32,2,0.30518999479275927,0.2956990933991176,0.9689016627164121,0.6732025693172945,7,4.57,True,True,True,False,PASS,0.13575,True,1.0,0.17836,True,0.1406,True,0.12534,True
C3,1349_639_89_32,model,26,2,0.2948508240699118,0.290399620821025,0.9849035414334423,0.6945039206124173,7,3.71,True,True,True,False,PASS,0.20386,True,1.0,0.21544,True,0.20386,True,0.12153,True
C3,1349_639_89_32,user,26,2,-0.017887626871083424,-0.016606119694158816,0.9283578986659068,0.9449640183600656,8,3.25,True,True,True,False,PASS,0.16162,False,1.0,0.22001,False,0.19672,False,0.29222,False
C3,134_784_785_48,model,28,2,-0.032904144809278627,-0.034477699041205234,1.0478223713470554,1.0823000703882606,8,3.5,True,True,True,False,PASS,0.13224,False,1.0,0.10343,False,0.14597,False,0.09472,False
C3,134_784_785_48,user,28,2,0.05031346900266847,0.051217368117348006,1.017965350682371,0.9667479825650229,8,3.5,True,True,True,False,PASS,0.14697,False,1.0,0.11176,False,0.14635,False,0.06751,False
C3,1350_877_1066_32,model,24,2,0.060979833400090416,0.05913115372698574,0.9696837532996289,0.9105525995726431,7,3.43,True,True,True,False,PASS,0.17569,False,1.0,0.22148,False,0.20135,False,0.09405,False
C3,1350_877_1066_32,user,24,2,0.2230243586358583,0.2259627455121025,1.0131751836176865,0.7872124381055841,7,3.43,True,True,True,False,PASS,0.19609,True,1.0,0.19853,True,0.20191,True,-0.00629,True
C3,1351_906_234_23,model,26,2,0.30145169904685654,0.27985506587640707,0.9283578986659068,0.6485028327894997,7,3.71,True,True,True,False,PASS,0.19372,True,1.0,0.21183,True,0.21183,True,0.12489,True
C3,1351_906_234_23,user,26,2,0.16154366959439223,0.1499703416474295,0.9283578986659068,0.7783875570184773,7,3.71,True,True,True,False,PASS,0.20165,False,1.0,0.23512,False,0.19672,False,0.16154,False
C3,1352_444_546_0,model,26,2,0.26897911184648887,0.2705460690906307,1.0058255722289549,0.7352795031383241,5,5.2,True,True,True,False,PASS,0.19117,True,1.0,0.10337,True,0.10647,True,0.07031,True
C3,1352_444_546_0,user,26,2,0.3505775137304439,0.31252680842587643,0.8914627897845601,0.5789359813586836,6,4.33,True,True,True,False,PASS,0.23982,True,1.0,0.12964,True,0.14283,True,0.12964,True
C3,1354_356_50_0,model,37,2,0.05772877017167182,0.049230265216658076,0.8527856226671522,0.8035553574504941,8,4.62,True,True,True,False,PASS,0.14631,False,1.0,0.09902,False,0.09818,False,0.16721,False
C3,1354_356_50_0,user,37,2,0.17970429807338464,0.14475419575307324,0.805513264318035,0.6607590685649618,6,6.17,True,True,True,False,PASS,0.1133,True,1.0,0.12415,True,0.14807,True,0.1133,True
C3,1355_637_812_1,model,36,2,-0.02569907369646636,-0.02649672629537525,1.0310381848128078,1.057534911108183,8,4.5,True,True,True,False,PASS,0.12476,False,1.0,0.11238,False,0.13389,False,0.11817,False
C3,1355_637_812_1,user,36,2,0.09478862880471454,0.08423516673026965,0.8886632056236687,0.8044280388933991,7,5.14,True,True,True,False,PASS,0.12285,False,1.0,0.11735,False,0.11807,False,0.12061,False
C3,1356_1039_546_31,model,27,2,0.03276711284523397,0.032858795806290475,1.002798017679786,0.9699392218734955,8,3.38,True,True,True,False,PASS,0.14713,False,1.0,0.19881,False,0.19216,False,0.14713,False
C3,1356_1039_546_31,user,27,2,0.012576991382725916,0.01219190183092167,0.9693814251687288,0.9571895233378072,8,3.38,True,True,True,False,PASS,0.17031,False,1.0,0.19219,False,0.177,False,0.27744,False
C3,1357_421_422_54,model,35,2,-0.006311560711951305,-0.006536984161943593,1.035715960010562,1.0422529441725057,8,4.38,True,True,True,False,PASS,0.09557,False,1.0,0.09673,False,0.09557,False,0.15348,False
C3,1357_421_422_54,user,35,2,0.0820497706174253,0.08498025694367306,1.035715960010562,0.950735703066889,8,4.38,True,True,True,False,PASS,0.09751,False,1.0,0.0955,False,0.08141,True,0.20796,False
C3,1358_1290_332_58,model,31,2,0.03723452062996501,0.03850625720085987,1.0341547722215447,0.9956485150206849,8,3.88,True,True,True,False,PASS,0.11961,False,1.0,0.12317,False,0.10102,False,0.10522,False
C3,1358_1290_332_58,user,31,2,0.005519403287601459,0.005707917249688332,1.0341547722215447,1.0284468549718564,8,3.88,True,True,True,False,PASS,0.10704,False,1.0,0.15721,False,0.12957,False,0.07385,False
C3,135_1204_581_2,model,37,2,-0.022049903549000764,-0.019396477892951958,0.8796627091745691,0.8990591870675211,6,6.17,True,True,True,False,PASS,0.12859,False,1.0,0.13065,False,0.13065,False,0.06431,False
C3,135_1204_581_2,user,37,2,0.1591588506034545,0.1308024040151845,0.8218355656581091,0.6910331616429246,6,6.17,True,True,True,False,PASS,0.14611,True,1.0,0.15916,False,0.12648,True,0.22822,False
C3,1360_778_792_50,model,27,2,0.058238137678549594,0.0563613748968963,0.9677743338564113,0.911412958959515,7,3.86,True,True,True,False,PASS,0.16412,False,1.0,0.19266,False,0.12628,False,0.20795,False
C3,1360_778_792_50,user,27,2,0.14955553634187532,0.15260843754146558,1.0204131607178453,0.8678047231763797,8,3.38,True,True,True,False,PASS,0.152,False,1.0,0.1474,True,0.14958,False,0.19097,False
C3,1361_262_1429_38,model,29,2,0.0732875245460703,0.07583225430097928,1.0347225502658273,0.958890295964848,8,3.62,True,True,True,False,PASS,0.11145,False,1.0,0.11145,False,0.11564,False,0.07329,False
C3,1361_262_1429_38,user,29,2,0.029318801790434747,0.029530822170598103,1.0072315499684754,0.9777007277978773,8,3.62,True,True,True,False,PASS,0.14171,False,1.0,0.16679,False,0.14784,False,0.13269,False
C3,1362_1290_837_9,model,28,2,-0.01852595644653323,-0.019201036115294556,1.0364396661899555,1.05564070230525,6,4.67,True,True,True,False,PASS,0.16269,False,1.0,0.0335,False,0.09274,False,0.0464,False
C3,1362_1290_837_9,user,28,2,0.37718141471647915,0.34577106030354765,0.9167234832168437,0.5709524229132961,6,4.67,True,True,True,False,PASS,0.19324,True,1.0,0.19324,True,0.19635,True,0.00261,True
C3,1363_777_778_8,model,24,2,0.3150942731674791,0.3324439447275176,1.0550618435099794,0.7226178987824619,6,4.0,True,True,True,False,PASS,0.16341,True,1.0,0.17781,True,0.17786,True,0.13258,True
C3,1363_777_778_8,user,24,2,0.0281991362970583,0.02845841575765906,1.0091945887231946,0.9807361729655355,8,3.0,True,True,True,False,PASS,0.20797,False,1.0,0.2039,False,0.22397,False,0.06038,False
C3,1364_903_311_25,model,27,2,0.16295194349829173,0.16229835286354677,0.9959890589782882,0.8336907061147414,7,3.86,True,True,True,False,PASS,0.17381,False,1.0,0.16295,False,0.17209,False,0.14402,True
C3,1364_903_311_25,user,27,2,0.029017350013343657,0.02870959316805899,0.9893940402847556,0.9606844471166966,7,3.86,True,True,True,False,PASS,0.16517,False,1.0,0.12781,False,0.15737,False,0.32627,False
C3,1365_1290_1259_25,model,27,2,0.15714460267333066,0.1527019650523742,0.9717289837170435,0.8190270186646693,5,5.4,True,True,True,False,PASS,0.18828,False,1.0,0.15714,False,0.18041,False,0.28871,False
C3,1365_1290_1259_25,user,27,2,0.5635493168435134,0.5127224800691444,0.9098094252707921,0.39708694520164767,5,5.4,True,True,True,False,PASS,0.22984,True,1.0,0.22984,True,0.25198,True,0.26975,True
C3,1367_978_1290_44,model,26,2,0.09861518042691222,0.10229956311221344,1.0373612122327542,0.9350616491205408,7,3.71,True,True,True,False,PASS,0.1554,False,1.0,0.20076,False,0.17491,False,0.04565,True
C3,1367_978_1290_44,user,26,2,0.23688333510087806,0.2457335836579846,1.0373612122327542,0.7916276285747696,7,3.71,True,True,True,False,PASS,0.16076,True,1.0,0.17625,True,0.1815,True,0.12076,True
C3,136_1416_299_29,model,31,2,0.0848400337651436,0.08355386967501088,0.9848401275547214,0.9012862578797105,8,3.88,True,True,True,False,PASS,0.12477,False,1.0,0.12368,False,0.14125,False,0.15822,False
C3,136_1416_299_29,user,31,2,0.2941869968174573,0.3074213264665686,1.044986113568178,0.7375647871016093,6,5.17,True,True,True,False,PASS,0.11091,True,1.0,0.15532,True,0.1363,True,0.06164,True
C3,1370_690_691_46,model,29,2,-0.026765928866926064,-0.024874052429119997,0.9293177364696725,0.9541917888987925,6,4.83,True,True,True,False,PASS,0.15301,False,1.0,0.01943,False,0.15583,False,0.1375,False
C3,1370_690_691_46,user,29,2,0.480349346572137,0.377176473666084,0.785212838026503,0.408036364360419,6,4.83,True,True,True,False,PASS,0.21076,True,1.0,0.21922,True,0.22882,True,0.21863,True
C3,1371_1126_441_7,model,39,2,0.10595634972007516,0.1057636242211959,0.9981810858963298,0.8924174616751339,8,4.88,True,True,True,False,PASS,0.08997,True,1.0,0.09573,True,0.09322,True,0.09246,True
C3,1371_1126_441_7,user,39,2,0.2480938622869355,0.254169356995966,1.0244886941298201,0.7703193371338541,7,5.57,True,True,True,False,PASS,0.07618,True,1.0,0.1146,True,0.1184,True,0.04722,True
C3,1372_159_81_53,model,27,2,0.06646981528310167,0.06937564375680272,1.0437165119434262,0.9743408681866235,8,3.38,True,True,True,False,PASS,0.14679,False,1.0,0.16304,False,0.14497,False,0.14874,False
C3,1372_159_81_53,user,27,2,0.25809446721287643,0.26952917912053764,1.0443043666574605,0.7747751875369229,7,3.86,True,True,True,False,PASS,0.14367,True,1.0,0.14449,True,0.16978,True,0.13481,True
C3,1374_707_1394_10,model,29,2,-0.025816511009947064,-0.025987246527260366,1.0066134233726438,1.0326006698999042,8,3.62,True,True,True,False,PASS,0.14068,False,1.0,0.1285,False,0.18001,False,0.05923,False
C3,1374_707_1394_10,user,29,2,0.07288217690354183,0.07340922800763106,1.0072315499684754,0.9338223219608444,8,3.62,True,True,True,False,PASS,0.1529,False,1.0,0.13932,False,0.1666,False,0.14898,False
C3,1375_413_539_8,model,31,2,0.0592032888891872,0.06112635295552127,1.0324823857325482,0.971356032777027,7,4.43,True,True,True,False,PASS,0.12454,False,1.0,0.1352,False,0.15947,False,0.28475,False
C3,1375_413_539_8,user,31,2,0.39118072952192384,0.37180310349329404,0.9504637509820284,0.5786606474887344,7,4.43,True,True,True,False,PASS,0.14752,True,1.0,0.17351,True,0.14246,True,0.34387,True
C3,1378_173_666_0,model,26,2,0.12475925211658911,0.11794389618780243,0.9453719398508605,0.8274280436630581,7,3.71,True,True,True,False,PASS,0.19748,False,1.0,0.21741,False,0.21741,False,0.13152,False
C3,1378_173_666_0,user,26,2,0.12862191865797148,0.13022207646920014,1.0124407863599343,0.8822187098907341,7,3.71,True,True,True,False,PASS,0.17031,False,1.0,0.18977,False,0.19145,False,0.09225,True
C3,1379_441_442_0,model,39,2,-0.014612031531921803,-0.015008728682400552,1.0271486650991764,1.042157393781577,8,4.88,True,True,True,False,PASS,0.0973,False,1.0,0.08808,False,0.09556,False,0.11752,False
C3,1379_441_442_0,user,39,2,0.37428024316107533,0.3477589119236818,0.9291404456366675,0.5813815337129857,6,6.5,True,True,True,False,PASS,0.09632,True,1.0,0.10975,True,0.16746,True,0.09551,True
C3,137_506_1204_46,model,33,2,0.45733699807043227,0.44806581200869866,0.9797278897162267,0.531662077707528,7,4.71,True,True,True,False,PASS,0.13589,True,1.0,0.10626,True,0.15667,True,0.14973,True
C3,137_506_1204_46,user,33,2,0.007415385135777828,0.0067030914461017055,0.9039438037763621,0.8972407123302604,7,4.71,True,True,True,False,PASS,0.14913,False,1.0,0.09415,False,0.15464,False,0.01674,False
C3,1380_157_177_58,model,24,2,0.02966633475793495,0.02828783229111298,0.9535331048452739,0.9252452725541609,7,3.43,True,True,True,False,PASS,0.17867,False,1.0,0.20009,False,0.20009,False,0.53297,False
C3,1380_157_177_58,user,24,2,-0.03194987811818301,-0.033709097307289326,1.0550618435099794,1.0887709408172688,8,3.0,True,True,True,False,PASS,0.19552,False,1.0,0.1689,False,0.19973,False,0.4328,False
C3,1382_173_352_12,model,26,2,0.04897429168819377,0.049793380620667405,1.0167248755262976,0.9669314949056302,7,3.71,True,True,True,False,PASS,0.16534,False,1.0,0.1394,False,0.15794,False,0.10822,False
C3,1382_173_352_12,user,26,2,0.3588685672789959,0.36281232677867337,1.0109894258212129,0.6481770990425395,6,4.33,True,True,True,False,PASS,0.17011,True,1.0,0.17545,True,0.17545,True,0.17545,True
C3,1383_177_66_4,model,28,2,-0.04586292384748117,-0.04805619762277713,1.0478223713470554,1.0958785689698325,8,3.5,True,True,True,False,PASS,0.15294,False,1.0,0.14079,False,0.11724,False,0.24258,False
C3,1383_177_66_4,user,28,2,0.21120057628519803,0.21191694684318207,1.0033918967958528,0.7914749499526708,7,4.0,True,True,True,False,PASS,0.13852,True,1.0,0.13852,True,0.16472,True,0.13852,True
C3,1384_1066_81_34,model,27,2,0.2188228235444739,0.16322853011835503,0.7459392373902908,0.5827107072719357,6,4.5,True,True,True,False,PASS,0.12533,True,1.0,0.12863,True,0.12533,True,0.08001,True
C3,1384_1066_81_34,user,27,2,0.03003904005179435,0.0301066560550991,1.00225093755287,0.972144281497771,7,3.86,True,True,True,False,PASS,0.17887,False,1.0,0.14431,False,0.21476,False,0.111,False
C3,1385_50_869_41,model,38,2,0.12151146803283636,0.12097789063422171,0.9956088309420271,0.8746309403078054,7,5.43,True,True,True,False,PASS,0.09955,True,1.0,0.12151,False,0.10019,True,0.12482,False
C3,1385_50_869_41,user,38,2,0.0951328128596159,0.09559869664210918,1.0048971933919453,0.9092984967498361,7,5.43,True,True,True,False,PASS,0.1013,False,1.0,0.10737,False,0.10279,False,0.04732,True
C3,1386_1066_435_6,model,30,2,-0.02167903934469346,-0.021980100253828683,1.0138871886502165,1.0358672889040452,8,3.75,True,True,True,False,PASS,0.14504,False,1.0,0.14714,False,0.12405,False,0.11171,False
C3,1386_1066_435_6,user,30,2,0.0026202426083381603,0.0022824628519397816,0.8710883658927258,0.868805903040786,7,4.29,True,True,True,False,PASS,0.12298,False,1.0,0.12298,False,0.1373,False,0.05436,False
C3,1387_1360_1189_42,model,26,2,-0.0054623574365004115,-0.005612286351023954,1.0274476572187847,1.0330599435698087,8,3.25,True,True,True,False,PASS,0.16299,False,1.0,0.20327,False,0.16854,False,0.38592,False
C3,1387_1360_1189_42,user,26,2,0.034250801761714994,0.03556064993730779,1.038242847122397,1.0026821971850892,8,3.25,True,True,True,False,PASS,0.15768,False,1.0,0.15602,False,0.1561,False,0.54289,False
C3,1388_1072_1087_6,model,35,2,0.07484520135582974,0.0765849917680832,1.0232451831344822,0.946660191366399,7,5.0,True,True,True,False,PASS,0.10455,False,1.0,0.11357,False,0.10258,False,0.15127,False
C3,1388_1072_1087_6,user,35,2,0.14362997326857932,0.1396099242275004,0.9720110715779242,0.8324011473504238,8,4.38,True,True,True,False,PASS,0.10886,True,1.0,0.14837,False,0.12799,True,0.15717,False
C3,1389_407_159_29,model,27,2,0.16198427871209978,0.16234889520802742,1.00225093755287,0.8399020423448427,7,3.86,True,True,True,False,PASS,0.17278,False,1.0,0.17726,False,0.18619,False,0.13627,True
C3,1389_407_159_29,user,27,2,0.02620609517632401,0.024232987637331727,0.9247080678858675,0.9004750802485357,7,3.86,True,True,True,False,PASS,0.16214,False,1.0,0.11795,False,0.14721,False,0.24009,False
C3,138_112_1180_29,model,24,2,0.2833797503396087,0.20874331931900492,0.73662045036331,0.5278771310443051,6,4.0,True,True,True,False,PASS,0.10938,True,1.0,0.08379,True,0.16223,True,0.07814,True
C3,138_112_1180_29,user,24,2,-0.004004253663459765,-0.00404107112903862,1.0091945887231941,1.0132356598522327,7,3.43,True,True,True,False,PASS,0.17095,False,1.0,0.16114,False,0.2067,False,0.04593,False
C3,1390_177_350_6,model,31,2,0.36096129599724314,0.34395904725192505,0.9528973080109732,0.6089382607590481,7,4.43,True,True,True,False,PASS,0.13821,True,1.0,0.14253,True,0.16442,True,0.13087,True
C3,1390_177_350_6,user,31,2,0.01983219129035868,0.020727991109586785,1.0451689783601268,1.02444098725054,7,4.43,True,True,True,False,PASS,0.14192,False,1.0,0.07848,False,0.10178,False,0.0343,False
C3,1391_425_869_43,model,44,2,0.4386839474269794,0.43648016676299517,0.9949763817962565,0.5584962150332613,6,7.33,True,True,True,False,PASS,0.07994,True,1.0,0.09135,True,0.08283,True,0.05602,True
C3,1391_425_869_43,user,44,2,-0.023806944796187612,-0.02008262714746678,0.8435617135837927,0.8636443407312595,8,5.5,True,True,True,False,PASS,0.11407,False,1.0,0.10541,False,0.13612,False,0.02021,False
C3,1392_901_920_58,model,26,2,0.05273022832009771,0.046582385761527845,0.883409521361267,0.8368271355997392,7,3.71,True,True,True,False,PASS,0.21282,False,1.0,0.19538,False,0.21602,False,0.05273,False
C3,1392_901_920_58,user,26,2,0.03886725203838676,0.03532521906143449,0.9088684485989896,0.8735432295375551,7,3.71,True,True,True,False,PASS,0.18745,False,1.0,0.20249,False,0.17613,False,0.23867,False
C3,1393_50_424_29,model,39,2,0.06794272298581219,0.0703899011151401,1.036018252165709,0.965628351050569,7,5.57,True,True,True,False,PASS,0.11532,False,1.0,0.07639,False,0.0854,False,0.10696,False
C3,1393_50_424_29,user,39,2,0.08576502192698295,0.07041577124300968,0.8210313442577905,0.7506155730147808,8,4.88,True,True,True,False,PASS,0.15561,False,1.0,0.14406,False,0.14334,False,0.13499,False
C3,1394_80_81_29,model,28,2,0.33726321003043336,0.29954534287492596,0.8881648930753405,0.5886195502004146,6,4.67,True,True,True,False,PASS,0.19179,True,1.0,0.19341,True,0.16305,True,0.21026,True
C3,1394_80_81_29,user,28,2,0.2166434702172504,0.21244608805071807,0.9806253926678558,0.7681793046171377,7,4.0,True,True,True,False,PASS,0.16225,True,1.0,0.16725,True,0.16987,True,0.24444,False
C3,1395_1087_177_9,model,38,2,0.15273429150952428,0.15516276910844073,1.0159000154773037,0.860737246368863,7,5.43,True,True,True,False,PASS,0.11988,True,1.0,0.12884,True,0.09082,True,0.14731,True
C3,1395_1087_177_9,user,38,2,0.008009212270001141,0.006542652543885641,0.8168908905550469,0.8103482380111613,7,5.43,True,True,True,False,PASS,0.14396,False,1.0,0.18764,False,0.13478,False,0.15984,False
C3,1396_550_839_15,model,38,2,-0.0033907657470522803,-0.002983713550755107,0.879952722581606,0.8829364361323611,7,5.43,True,True,True,False,PASS,0.11853,False,1.0,0.11853,False,0.11089,False,0.20909,False
C3,1396_550_839_15,user,38,2,0.0981529377276168,0.09390111458913775,0.9566816517476202,0.8627805371584825,7,5.43,True,True,True,False,PASS,0.11807,False,1.0,0.12862,False,0.12415,False,0.09815,False
C3,1397_1408_1409_50,model,28,2,0.4092454272787877,0.39429935383438275,0.9634789482101572,0.5691795943757745,6,4.67,True,True,True,False,PASS,0.1544,True,1.0,0.1544,True,0.20516,True,0.13205,True
C3,1397_1408_1409_50,user,28,2,-0.051869693946074796,-0.04846184199676673,0.9342997482720649,0.9827615902688316,8,3.5,True,True,True,False,PASS,0.17758,False,1.0,0.16587,False,0.18024,False,0.16304,False
C3,1398_1352_1353_16,model,27,2,0.48427013933492963,0.4658411195307418,0.9619447529234463,0.49610363339270447,6,4.5,True,True,True,False,PASS,0.17185,True,1.0,0.23392,True,0.15844,True,0.01318,True
C3,1398_1352_1353_16,user,27,2,-0.006034215190175017,-0.005804581640199813,0.9619447529234463,0.9677493345636461,7,3.86,True,True,True,False,PASS,0.17324,False,1.0,0.14523,False,0.18185,False,0.13388,False
C3,1399_413_920_20,model,24,2,0.30024069610377946,0.26175852749868433,0.8718289388997632,0.6100704114010789,6,4.0,True,True,True,False,PASS,0.23189,True,1.0,0.24751,True,0.22165,True,0.08725,True
C3,1399_413_920_20,user,24,2,-0.026665431281533942,-0.02577321685178635,0.9665404088039087,0.992313625655695,6,4.0,True,True,True,False,PASS,0.18379,False,1.0,0.06928,False,0.1573,False,0.15025,False
C3,139_653_1093_51,model,29,2,0.3071852752846773,0.26852525448812437,0.8741475457743683,0.6056222912862439,5,5.8,True,True,True,False,PASS,0.17936,True,1.0,0.06229,True,0.13601,True,0.10225,True
C3,139_653_1093_51,user,29,2,0.5491553703618441,0.5103398257548337,0.9293177364696725,0.4189779107148388,5,5.8,True,True,True,False,PASS,0.18595,True,1.0,0.19072,True,0.22347,True,0.07312,True
C3,13_219_191_1,model,29,2,-0.021915566479990673,-0.022625004277181615,1.0323714104236672,1.0549964147008488,8,3.62,True,True,True,False,PASS,0.13826,False,1.0,0.13826,False,0.12946,False,0.24814,False
C3,13_219_191_1,user,29,2,0.028397279142698812,0.026249354883398412,0.9243616175864282,0.8981122627030298,7,4.14,True,True,True,False,PASS,0.13385,False,1.0,0.129,False,0.14885,False,0.22674,False
C3,1400_1450_1451_48,model,26,2,0.07610346219090723,0.07065125024075092,0.9283578986659068,0.8577066484251559,6,4.33,True,True,True,False,PASS,0.2045,False,1.0,0.21815,False,0.23512,False,0.26041,False
C3,1400_1450_1451_48,user,26,2,0.5155664228938011,0.5014148742012999,0.9725514539657752,0.4711365797644753,6,4.33,True,True,True,False,PASS,0.179,True,1.0,0.15683,True,0.2311,True,0.26004,True
C3,1401_869_920_50,model,26,2,-0.03356916875358235,-0.03306239318838011,0.9849035414334423,1.0179659346218224,8,3.25,True,True,True,False,PASS,0.17687,False,1.0,0.22059,False,0.20968,False,0.16885,False
C3,1401_869_920_50,user,26,2,0.18531886029210712,0.16371244566986587,0.883409521361267,0.7196970756914012,7,3.71,True,True,True,False,PASS,0.21672,False,1.0,0.21672,False,0.18525,True,0.06772,True
C3,1403_1352_813_6,model,26,2,-0.027091561471480573,-0.027472014043990578,1.0140432131573704,1.041515227201361,6,4.33,True,True,True,False,PASS,0.17107,False,1.0,0.12462,False,0.13394,False,0.15018,False
C3,1403_1352_813_6,user,26,2,0.4894508986974852,0.454385607814937,0.9283578986659068,0.4739722908509698,6,4.33,True,True,True,False,PASS,0.21801,True,1.0,0.24417,True,0.21206,True,0.21206,True
C3,1404_1087_127_16,model,45,2,0.006200933249825117,0.0063284220018509085,1.020559607221927,1.014231185220076,6,7.5,True,True,True,False,PASS,0.09419,False,1.0,0.04925,False,0.06042,False,0.13164,False
C3,1404_1087_127_16,user,45,2,0.35380537943426255,0.30733549738138655,0.8686569375310752,0.5613214401496887,6,7.5,True,True,True,False,PASS,0.10332,True,1.0,0.11226,True,0.10178,True,0.07248,True
C3,1405_1475_674_16,model,33,2,0.005654473738553202,0.00522981096915176,0.9248979146359781,0.9196681036668264,8,4.12,True,True,True,False,PASS,0.14291,False,1.0,0.14362,False,0.14043,False,0.1494,False
C3,1405_1475_674_16,user,33,2,0.008435477504639964,0.008747188557126417,1.0369523897509056,1.0282052011937792,8,4.12,True,True,True,False,PASS,0.10504,False,1.0,0.11223,False,0.10694,False,0.0749,False
C3,1406_589_571_46,model,26,2,0.03407435982338151,0.034272862467688014,1.0058255722289549,0.9715527097612668,7,3.71,True,True,True,False,PASS,0.17691,False,1.0,0.11597,False,0.14619,False,0.13506,False
C3,1406_589_571_46,user,26,2,0.17006181277026555,0.17193069444672537,1.0109894258212129,0.8390587313744875,7,3.71,True,True,True,False,PASS,0.17006,False,1.0,0.17104,False,0.1644,True,0.23387,False
C3,1407_664_1475_4,model,35,2,0.03774249857666078,0.038062219939524855,1.0084711233999166,0.9704089034603918,6,5.83,True,True,True,False,PASS,0.11335,False,1.0,0.05577,False,0.10075,False,0.0767,False
C3,1407_664_1475_4,user,35,2,0.2615231520347521,0.22394192626758058,0.8562986661992449,0.6323567399316643,6,5.83,True,True,True,False,PASS,0.148,True,1.0,0.13193,True,0.26519,False,0.12623,True
C3,1408_441_920_34,model,27,2,-0.01848828558994449,-0.01781029879558571,0.9633288445778052,0.9811391433733909,8,3.38,True,True,True,False,PASS,0.18822,False,1.0,0.1582,False,0.16889,False,0.01832,False
C3,1408_441_920_34,user,27,2,0.13840942139593096,0.1444601985194689,1.0437165119434262,0.8992563134239573,7,3.86,True,True,True,False,PASS,0.14047,False,1.0,0.1386,False,0.16768,False,0.21349,False
C3,1409_245_1083_53,model,24,2,-0.05003389258588903,-0.04957380334453698,0.9908044483934115,1.0403782517379485,8,3.0,True,True,True,False,PASS,0.16795,False,1.0,0.15403,False,0.20798,False,0.03971,False
C3,1409_245_1083_53,user,24,2,0.4150249735884465,0.421062049824229,1.0145462962953384,0.5934842464711094,7,3.43,True,True,True,False,PASS,0.18054,True,1.0,0.18054,True,0.20698,True,0.04205,True
C3,140_586_1538_3,model,35,2,0.016287274302458875,0.016714820150213194,1.026250300683508,1.0095354805332948,7,5.0,True,True,True,False,PASS,0.11866,False,1.0,0.09769,False,0.10081,False,0.04112,False
C3,140_586_1538_3,user,35,2,0.4163707002348248,0.34737692551861277,0.8342972387891345,0.48692031327052177,6,5.83,True,True,True,False,PASS,0.17228,True,1.0,0.15782,True,0.1852,True,0.18818,True
C3,1410_1006_650_53,model,41,2,-0.0026306986098722325,-0.002528831024222855,0.9612773636375149,0.9638061946617378,7,5.86,True,True,True,False,PASS,0.11357,False,1.0,0.07266,False,0.07553,False,0.08895,False
C3,1410_1006_650_53,user,41,2,0.08835428759541605,0.0767286756640122,0.8684205119208386,0.7916918362568264,7,5.86,True,True,True,False,PASS,0.10565,False,1.0,0.11988,False,0.12989,False,0.13171,False
C3,1411_158_87_40,model,33,2,0.20983586924101988,0.17811326450151865,0.848821820338713,0.6707085558371944,7,4.71,True,True,True,False,PASS,0.11607,True,1.0,0.10002,True,0.12908,True,0.17218,True
C3,1411_158_87_40,user,33,2,-0.0021125136471226375,-0.002089275009859115,0.9889995327153627,0.9910888077252218,7,4.71,True,True,True,False,PASS,0.1214,False,1.0,0.12723,False,0.10547,False,0.18624,False
C3,1412_1087_1052_53,model,34,2,0.04635545982508675,0.04774113526401025,1.0298923890336127,0.9821512537696024,7,4.86,True,True,True,False,PASS,0.12796,False,1.0,0.12106,False,0.08617,False,0.11172,False
C3,1412_1087_1052_53,user,34,2,0.23214285450432112,0.2204995524604758,0.949844236779519,0.7293446843190432,7,4.86,True,True,True,False,PASS,0.13409,True,1.0,0.13036,True,0.14817,True,0.1979,True
C3,1413_920_1052_39,model,24,2,-0.05474512921395702,-0.05654582258408114,1.0328923028583343,1.0894381254424155,8,3.0,True,True,True,False,PASS,0.17464,False,1.0,0.18997,False,0.18659,False,0.17188,False
C3,1413_920_1052_39,user,24,2,-0.05194228542707754,-0.05480232341881397,1.0550618435099794,1.1098641669287934,8,3.0,True,True,True,False,PASS,0.1689,False,1.0,0.13978,False,0.13493,False,0.16598,False
C3,1414_1052_650_30,model,33,2,-0.03250384557251104,-0.03306401020435734,1.0172337956318633,1.0502978058362207,8,4.12,True,True,True,False,PASS,0.11409,False,1.0,0.11409,False,0.12588,False,0.07436,False
C3,1414_1052_650_30,user,33,2,-0.04421797142813453,-0.04367555706564574,0.9877331694564426,1.0314087265220884,8,4.12,True,True,True,False,PASS,0.13123,False,1.0,0.14695,False,0.11536,False,0.14109,False
C3,1415_1052_1409_30,model,32,2,0.09511971348358188,0.09491252922167326,0.9978218578008609,0.9029093285791876,7,4.57,True,True,True,False,PASS,0.12679,False,1.0,0.14634,False,0.19923,False,0.13887,False
C3,1415_1052_1409_30,user,32,2,0.2364357541784457,0.21971371927426075,0.9292745085772253,0.7095607893029645,8,4.0,True,True,True,False,PASS,0.1428,True,1.0,0.1503,True,0.1468,True,0.11747,True
C3,1416_650_903_30,model,31,2,0.5656518314049096,0.5393765697454102,0.9535487022215775,0.41417213247616735,6,5.17,True,True,True,False,PASS,0.14992,True,1.0,0.1665,True,0.16291,True,0.17916,True
C3,1416_650_903_30,user,31,2,0.05840213427694667,0.05707631452554385,0.9772984366441867,0.9202221221186428,7,4.43,True,True,True,False,PASS,0.13725,False,1.0,0.17977,False,0.13725,False,0.39873,False
C3,1417_1052_50_48,model,33,2,0.10928540281332656,0.08483625966927766,0.776281712702188,0.6914454530329104,7,4.71,True,True,True,False,PASS,0.21647,False,1.0,0.19453,False,0.21277,False,0.13755,False
C3,1417_1052_50_48,user,33,2,0.050227895266033606,0.048253257485977974,0.9606864319200137,0.9124331744340357,7,4.71,True,True,True,False,PASS,0.15019,False,1.0,0.15737,False,0.12832,False,0.14825,False
C3,1418_1071_1052_10,model,31,2,0.02917600508129062,0.029953540431213233,1.0266498222685467,0.9966962818373335,7,4.43,True,True,True,False,PASS,0.13069,False,1.0,0.11969,False,0.11969,False,0.16267,False
C3,1418_1071_1052_10,user,31,2,0.07313436196541012,0.06359201219699973,0.8695230325120826,0.8059310203150829,7,4.43,True,True,True,False,PASS,0.15088,False,1.0,0.15088,False,0.15088,False,0.28615,False
C3,1419_1006_571_39,model,29,2,-0.009609294521942816,-0.009942953734000115,1.0347225502658273,1.0446655039998274,8,3.62,True,True,True,False,PASS,0.1435,False,1.0,0.13035,False,0.13177,False,0.16388,False
C3,1419_1006_571_39,user,29,2,-0.018199051107249006,-0.018830968574110818,1.0347225502658273,1.053553518839938,8,3.62,True,True,True,False,PASS,0.13775,False,1.0,0.13775,False,0.14527,False,0.08962,False
C3,141_831_586_38,model,38,2,0.16234418070667134,0.16539300052275108,1.0187799759918001,0.8533869754690491,7,5.43,True,True,True,False,PASS,0.09338,True,1.0,0.09288,True,0.12014,True,0.15703,True
C3,141_831_586_38,user,38,2,0.14799440117198048,0.15081362309654134,1.0190495174292757,0.8682358943327344,7,5.43,True,True,True,False,PASS,0.08221,True,1.0,0.10603,True,0.08811,True,0.25104,False
C3,1420_389_390_31,model,30,2,0.22716255852941786,0.1680533598738123,0.7397933927216671,0.5717400328478548,6,5.0,True,True,True,False,PASS,0.11757,True,1.0,0.07991,True,0.08122,True,0.02334,True
C3,1420_389_390_31,user,30,2,0.12519341834880102,0.13121394914225948,1.048089834696299,0.9168758855540395,7,4.29,True,True,True,False,PASS,0.14874,False,1.0,0.12519,False,0.14203,False,0.20357,False
C3,1421_82_83_42,model,51,2,0.03320340206891276,0.033852958287044155,1.0195629416763758,0.9857099833893317,8,6.38,True,True,True,False,PASS,0.06563,False,1.0,0.05473,False,0.07755,False,0.09359,False
C3,1421_82_83_42,user,51,2,0.0008271481407876107,0.0007581906682554429,0.9166322583201281,0.9158740676518726,8,6.38,True,True,True,False,PASS,0.07167,False,1.0,0.07167,False,0.07007,False,0.10455,False
C3,1422_50_51_7,model,33,2,0.08612518329418374,0.0893077146346386,1.0369523897509056,0.947644675116267,7,4.71,True,True,True,False,PASS,0.1259,False,1.0,0.13392,False,0.17648,False,0.13392,False
C3,1422_50_51_7,user,33,2,0.04230671495981467,0.03557306896632084,0.840837417892412,0.8052643489260911,7,4.71,True,True,True,False,PASS,0.14421,False,1.0,0.13836,False,0.18908,False,0.30676,False
C3,1423_650_99_7,model,25,2,0.05090447784356966,0.05200611343505468,1.0216412315409729,0.9696351181059182,7,3.57,True,True,True,False,PASS,0.19182,False,1.0,0.19182,False,0.18419,False,0.09411,False
C3,1423_650_99_7,user,25,2,-0.042565135475121765,-0.028853900817779055,0.6778764003850857,0.7067303012028647,6,4.17,True,True,True,False,PASS,0.22007,False,1.0,0.14979,False,0.2636,False,0.10327,False
C3,1424_459_458_7,model,32,2,0.04670702778024278,0.03737427081911371,0.8001851668866659,0.7628108960675521,7,4.57,True,True,True,False,PASS,0.18083,False,1.0,0.1714,False,0.19793,False,0.12255,False
C3,1424_459_458_7,user,32,2,-0.014568876194488063,-0.014115808368749039,0.9689016627164121,0.9830174710851611,8,4.0,True,True,True,False,PASS,0.15944,False,1.0,0.17133,False,0.17133,False,0.08389,False
C3,1425_99_436_48,model,35,2,0.10882645072982823,0.11224537357219821,1.0314162854659092,0.919170911893711,8,4.38,True,True,True,False,PASS,0.09805,True,1.0,0.08843,True,0.08672,True,0.24522,False
C3,1425_99_436_48,user,35,2,0.12739662012799008,0.12040807827303879,0.9451434280757982,0.8247353498027594,7,5.0,True,True,True,False,PASS,0.12334,True,1.0,0.1274,False,0.13141,False,0.24916,False
C3,1426_820_821_7,model,37,2,0.08583500499699714,0.07658225529967722,0.8922030738200152,0.815620818520338,7,5.29,True,True,True,False,PASS,0.11228,False,1.0,0.10195,False,0.11228,False,0.15687,False
C3,1426_820_821_7,user,37,2,0.020904340395440122,0.020364931868018687,0.9741963383097657,0.953831406441747,8,4.62,True,True,True,False,PASS,0.1178,False,1.0,0.13211,False,0.10571,False,0.14271,False
C3,1427_527_528_56,model,28,2,0.11451787939849808,0.109217276403197,0.953713751746519,0.844496475343322,7,4.0,True,True,True,False,PASS,0.16788,False,1.0,0.15561,False,0.16866,False,0.14232,False
C3,1427_527_528_56,user,28,2,0.022196445502949903,0.018978397046525486,0.8550196491597387,0.8360412521132132,7,4.0,True,True,True,False,PASS,0.19584,False,1.0,0.1868,False,0.19108,False,0.20112,False
C3,1428_147_148_11,model,34,2,0.13835389410103494,0.12652719086567732,0.9145184650406659,0.7879912741749886,7,4.86,True,True,True,False,PASS,0.14376,False,1.0,0.11938,True,0.14376,False,0.11373,True
C3,1428_147_148_11,user,34,2,0.03337739294781979,0.0329124488099275,0.9860700882594648,0.9531576394495374,7,4.86,True,True,True,False,PASS,0.1282,False,1.0,0.10765,False,0.0845,False,0.16828,False
C3,1429_171_1006_8,model,30,2,0.15112806883592467,0.14977015862286724,0.9910148377894534,0.8412446791665862,7,4.29,True,True,True,False,PASS,0.14448,True,1.0,0.15113,False,0.14535,True,0.25582,False
C3,1429_171_1006_8,user,30,2,0.13305243752890708,0.13773180073999236,1.035169315932815,0.8974375151928227,8,3.75,True,True,True,False,PASS,0.1344,False,1.0,0.13391,False,0.15843,False,0.26739,False
C3,142_508_1521_5,model,35,2,-0.01620123337051729,-0.015641792341433924,0.9654692321078823,0.9811110244493162,8,4.38,True,True,True,False,PASS,0.13053,False,1.0,0.11013,False,0.1169,False,0.17932,False
C3,142_508_1521_5,user,35,2,0.011894384846494103,0.010831887961755937,0.9106723972319308,0.8998405092701749,8,4.38,True,True,True,False,PASS,0.12461,False,1.0,0.11782,False,0.10544,False,0.09574,False
C3,1430_159_147_43,model,28,2,0.024274155527452372,0.022474973430440914,0.9258807543283346,0.9034057808978937,7,4.0,True,True,True,False,PASS,0.1523,False,1.0,0.12893,False,0.12893,False,0.0775,False
C3,1430_159_147_43,user,28,2,0.2700076688520268,0.2744651584329356,1.0165087517693865,0.7420435933364509,7,4.0,True,True,True,False,PASS,0.15399,True,1.0,0.16768,True,0.15452,True,-0.00196,True
C3,1431_1314_1315_53,model,27,2,0.3220049339279969,0.33116780952857217,1.0284556993857248,0.6972878898571526,6,4.5,True,True,True,False,PASS,0.16058,True,1.0,0.1212,True,0.16123,True,0.22959,True
C3,1431_1314_1315_53,user,27,2,0.12409665819946593,0.11290430927448203,0.9098094252707921,0.7969051159963101,7,3.86,True,True,True,False,PASS,0.15896,False,1.0,0.15624,False,0.2214,False,0.11047,True
C3,1432_1005_1006_46,model,36,2,0.0031310448524898187,0.0029077346981910557,0.9286787111589329,0.9257709764607418,8,4.5,True,True,True,False,PASS,0.12696,False,1.0,0.10741,False,0.11209,False,0.16161,False
C3,1432_1005_1006_46,user,36,2,0.015998482511078386,0.014114566274138318,0.882244066858496,0.8681295005843577,8,4.5,True,True,True,False,PASS,0.13578,False,1.0,0.12641,False,0.11581,False,0.11516,False
C3,1434_304_887_56,model,26,2,0.08315736543170764,0.08087481665857055,0.972551453965775,0.8916766373072045,7,3.71,True,True,True,False,PASS,0.15333,False,1.0,0.15333,False,0.19771,False,0.10906,False
C3,1434_304_887_56,user,26,2,0.12328067164239244,0.12449263459958071,1.0098309243536885,0.8853382897541078,7,3.71,True,True,True,False,PASS,0.1707,False,1.0,0.17549,False,0.16443,False,0.07086,True
C3,1435_1006_1315_57,model,39,2,-0.018322423022318336,-0.017811016082759146,0.9720884656501898,0.989899481732949,8,4.88,True,True,True,False,PASS,0.08632,False,1.0,0.11391,False,0.1119,False,0.1455,False
C3,1435_1006_1315_57,user,39,2,0.24090868720103392,0.24561412761311674,1.019532049536081,0.7739179219229642,7,5.57,True,True,True,False,PASS,0.08888,True,1.0,0.07747,True,0.07002,True,0.09936,True
C3,1436_1216_604_1,model,27,2,-0.019025584014613257,-0.020003042361161683,1.0513759969627032,1.071379039323865,8,3.38,True,True,True,False,PASS,0.14739,False,1.0,0.12188,False,0.12983,False,0.18478,False
C3,1436_1216_604_1,user,27,2,-0.009838493438057037,-0.010105213102807209,1.027109807657995,1.0372150207608022,8,3.38,True,True,True,False,PASS,0.15495,False,1.0,0.15948,False,0.13377,False,0.09612,False
C3,1437_304_148_1,model,25,2,0.10238764769682629,0.07296749473870212,0.712659157428459,0.6396916626897569,5,5.0,True,True,True,False,PASS,0.18533,False,1.0,0.10239,False,0.20846,False,0.14205,False
C3,1437_304_148_1,user,25,2,0.01079581206937904,0.009689440401016491,0.8975184394418431,0.8878289990408266,6,4.17,True,True,True,False,PASS,0.18815,False,1.0,0.18498,False,0.25028,False,0.07685,False
C3,1438_1315_1072_1,model,38,2,0.036402217161900514,0.03435182030198458,0.9436738468210137,0.9093220265190292,7,5.43,True,True,True,False,PASS,0.11471,False,1.0,0.12641,False,0.14132,False,0.32731,False
C3,1438_1315_1072_1,user,38,2,0.4709716093858527,0.4246572392369363,0.9016620763843699,0.4770048371474336,7,5.43,True,True,True,False,PASS,0.13046,True,1.0,0.12622,True,0.13213,True,0.32289,True
C3,1439_1216_683_46,model,27,2,0.20843517899991543,0.21495810691024686,1.0312947552405924,0.8163366483303456,7,3.86,True,True,True,False,PASS,0.1564,True,1.0,0.12618,True,0.14,True,0.1498,True
C3,1439_1216_683_46,user,27,2,0.08804040207199675,0.09132383286105927,1.037294591026259,0.9459707581651997,7,3.86,True,True,True,False,PASS,0.15646,False,1.0,0.14758,False,0.14966,False,0.048,True
C3,143_506_508_5,model,39,2,0.26027321389158004,0.18594984062373998,0.7144409439735878,0.5284911033498478,6,6.5,True,True,True,False,PASS,0.14233,True,1.0,0.11459,True,0.1155,True,0.2706,False
C3,143_506_508_5,user,39,2,0.0003589727833896854,0.0003398427072378585,0.9467088396752905,0.9463689969680527,6,6.5,True,True,True,False,PASS,0.13073,False,1.0,0.11734,False,0.11642,False,0.15902,False
C3,1441_148_905_1,model,29,2,0.5138799203747626,0.4492068712183265,0.8741475457743683,0.4249406745560418,6,4.83,True,True,True,False,PASS,0.18501,True,1.0,0.15867,True,0.17936,True,0.40623,True
C3,1441_148_905_1,user,29,2,-0.021317118494328862,-0.020082139069891536,0.9420663057830319,0.9621484448529234,6,4.83,True,True,True,False,PASS,0.18676,False,1.0,0.11053,False,0.15091,False,0.28271,False
C3,1443_148_401_51,model,31,2,0.1561120873806556,0.14667013776938365,0.9395181387316333,0.7928480009622496,6,5.17,True,True,True,False,PASS,0.16547,False,1.0,0.15611,False,0.24136,False,0.15315,True
C3,1443_148_401_51,user,31,2,0.3911842263918659,0.33839113296080237,0.8650428880581232,0.5266517550973209,6,5.17,True,True,True,False,PASS,0.1464,True,1.0,0.12322,True,0.16858,True,0.10091,True
C3,1444_683_912_51,model,28,2,0.21749599355539964,0.17419852241126688,0.8009275001513799,0.626728977740113,5,5.6,True,True,True,False,PASS,0.2175,False,1.0,0.08279,True,0.2175,False,0.35891,False
C3,1444_683_912_51,user,28,2,0.1609526202082773,0.16384419047356547,1.017965350682371,0.8541211602088055,7,4.0,True,True,True,False,PASS,0.17754,False,1.0,0.18303,False,0.16095,False,0.25699,False
C3,1445_1003_1004_25,model,25,2,0.004027326490411599,0.0036145997867970125,0.8975184394418431,0.893903839655046,7,3.57,True,True,True,False,PASS,0.23184,False,1.0,0.22889,False,0.19748,False,0.25627,False
C3,1445_1003_1004_25,user,25,2,0.1808376275403957,0.17592271833277062,0.9728214239786618,0.7968987056458912,7,3.57,True,True,True,False,PASS,0.18429,False,1.0,0.18429,False,0.22785,False,0.10103,True
C3,1446_449_450_7,model,38,2,0.09670370573631219,0.0990326091261684,1.0240828763709073,0.9250502672447389,7,5.43,True,True,True,False,PASS,0.11433,False,1.0,0.0967,False,0.08949,True,0.13201,False
C3,1446_449_450_7,user,38,2,0.19320935598718886,0.16784070845673904,0.868698659022848,0.700857950566109,7,5.43,True,True,True,False,PASS,0.13621,True,1.0,0.13302,True,0.13656,True,0.19038,True
C3,1447_767_891_36,model,47,2,0.14810177461564655,0.13707121931525867,0.9255204380297647,0.788449218714506,5,9.4,True,True,True,False,PASS,0.09553,True,1.0,0.03457,True,0.17427,False,0.03173,True
C3,1447_767_891_36,user,47,2,0.19874871890612875,0.1605272009882852,0.8076892362969343,0.6471620353086491,5,9.4,True,True,True,False,PASS,0.11504,True,1.0,0.06009,True,0.09235,True,0.03594,True
C3,1448_1446_1447_36,model,30,2,0.042430430343157584,0.043922679553061394,1.035169315932815,0.9912466363797536,8,3.75,True,True,True,False,PASS,0.1344,False,1.0,0.14558,False,0.13506,False,0.33575,False
C3,1448_1446_1447_36,user,30,2,-0.043969965905514295,-0.042183530146710835,0.9593714545368928,1.0015549846836036,8,3.75,True,True,True,False,PASS,0.15559,False,1.0,0.09867,False,0.12696,False,0.38903,False
C3,1449_83_1072_46,model,34,2,0.08978416807050722,0.09166868253493954,1.0209893849320117,0.9293207023970722,8,4.25,True,True,True,False,PASS,0.09978,False,1.0,0.09795,False,0.072,True,0.15265,False
C3,1449_83_1072_46,user,34,2,-0.013963167875278154,-0.01375359753707528,0.9849912039964857,0.9987448015335609,8,4.25,True,True,True,False,PASS,0.12613,False,1.0,0.15331,False,0.1209,False,0.09975,False
C3,144_277_547_43,model,32,2,-0.033246920950247304,-0.03380051295856634,1.016650925634511,1.0504514385930774,8,4.0,True,True,True,False,PASS,0.14476,False,1.0,0.12437,False,0.12201,False,0.16642,False
C3,144_277_547_43,user,32,2,-0.01831161219495998,-0.017742151502714854,0.9689016627164121,0.986643814219127,8,4.0,True,True,True,False,PASS,0.1277,False,1.0,0.18663,False,0.14418,False,0.02185,False
C3,1450_140_147_37,model,28,2,0.07852404996743612,0.07672264724158728,0.9770592229183813,0.900336575676794,7,4.0,True,True,True,False,PASS,0.16031,False,1.0,0.1113,False,0.17933,False,0.2593,False
C3,1450_140_147_37,user,28,2,0.046709223561234865,0.048365950117615464,1.0354689380398,0.9871029879221844,7,4.0,True,True,True,False,PASS,0.14829,False,1.0,0.13973,False,0.14948,False,0.37724,False
C3,1451_139_254_41,model,31,2,0.1160776338889101,0.11766625682111376,1.0136858659069845,0.8960196090858707,7,4.43,True,True,True,False,PASS,0.14216,False,1.0,0.11608,False,0.16693,False,0.1961,False
C3,1451_139_254_41,user,31,2,0.12017665235853434,0.10449636719594313,0.8695230325120828,0.7650266653161397,7,4.43,True,True,True,False,PASS,0.15516,False,1.0,0.20137,False,0.18487,False,0.28615,False
C3,1452_148_140_25,model,30,2,0.11035744419077374,0.10479510352021348,0.9495970506444069,0.8448019471241934,7,4.29,True,True,True,False,PASS,0.16156,False,1.0,0.18436,False,0.16156,False,0.13737,False
C3,1452_148_140_25,user,30,2,0.31359776964882496,0.32362065163065923,1.0319609479144516,0.7083402962837924,7,4.29,True,True,True,False,PASS,0.13769,True,1.0,0.13157,True,0.11185,True,0.20583,True
C3,1453_139_74_52,model,26,2,-0.01049702082178337,-0.010612377053448085,1.0109894258212129,1.021601802874661,8,3.25,True,True,True,False,PASS,0.16902,False,1.0,0.1815,False,0.1815,False,-0.00257,False
C3,1453_139_74_52,user,26,2,0.13031576672622358,0.13193699733939557,1.0124407863599343,0.8805037890205387,7,3.71,True,True,True,False,PASS,0.16987,False,1.0,0.18202,False,0.17323,False,0.08044,True
C3,1454_412_240_52,model,26,2,-0.022591149306230022,-0.0219697259434235,0.9724926184859861,0.9944623444294096,8,3.25,True,True,True,False,PASS,0.18148,False,1.0,0.1411,False,0.15825,False,0.26555,False
C3,1454_412_240_52,user,26,2,0.291925153085325,0.2642077215375329,0.9050529519130175,0.6408452303754846,6,4.33,True,True,True,False,PASS,0.1735,True,1.0,0.17628,True,0.17628,True,0.17628,True
C3,1455_1465_450_59,model,27,2,0.3066947507584896,0.29544789988625375,0.9633288445778052,0.6678809446915515,6,4.5,True,True,True,False,PASS,0.17334,True,1.0,0.09231,True,0.18167,True,0.36091,False
C3,1455_1465_450_59,user,27,2,0.3499911056896057,0.305678283928018,0.8733887203382616,0.5677104364102437,6,4.5,True,True,True,False,PASS,0.23653,True,1.0,0.25757,True,0.18367,True,0.49821,False
C3,1456_678_140_58,model,29,2,0.008136442285805196,0.007561340127960614,0.9293177364696725,0.9217563963417119,8,3.62,True,True,True,False,PASS,0.17946,False,1.0,0.21504,False,0.18155,False,0.17995,False
C3,1456_678_140_58,user,29,2,0.18554903223043462,0.16219723114504359,0.8741475457743683,0.7119503146293247,8,3.62,True,True,True,False,PASS,0.15867,True,1.0,0.18604,False,0.21927,False,0.15867,True
C3,1457_8_445_33,model,25,2,0.3146280862306762,0.3137048226495991,0.9970655398501196,0.6833607172005205,6,4.17,True,True,True,False,PASS,0.19443,True,1.0,0.21977,True,0.21306,True,0.30425,True
C3,1457_8_445_33,user,25,2,0.08520671599583565,0.07753975917257738,0.9100193366960302,0.8324795775234528,6,4.17,True,True,True,False,PASS,0.24392,False,1.0,0.11578,False,0.23687,False,0.33113,False
C3,1458_450_74_52,model,25,2,0.3018217222102086,0.3102388778916292,1.0278878392840074,0.7176489613923782,7,3.57,True,True,True,False,PASS,0.16918,True,1.0,0.15005,True,0.19214,True,0.04426,True
C3,1458_450_74_52,user,25,2,0.149574846970385,0.14913592554252597,0.9970655398501198,0.8479296143075938,7,3.57,True,True,True,False,PASS,0.20244,False,1.0,0.1719,False,0.23967,False,0.04889,True
C3,1459_139_140_21,model,26,2,0.13013535297907303,0.10851967524201378,0.833898496893959,0.7253788216519452,6,4.33,True,True,True,False,PASS,0.21631,False,1.0,0.19062,False,0.23005,False,0.11185,True
C3,1459_139_140_21,user,26,2,0.19803586318641278,0.19434296829218844,0.9813523932746051,0.7870094249824167,6,4.33,True,True,True,False,PASS,0.18194,True,1.0,0.16908,True,0.18341,True,0.13235,True
C3,145_224_567_19,model,30,2,-0.0018073798185214863,-0.0018678219020955567,1.0334418271990635,1.035309649101159,8,3.75,True,True,True,False,PASS,0.1401,False,1.0,0.13924,False,0.14246,False,0.22004,False
C3,145_224_567_19,user,30,2,0.005147384624735546,0.004937717745892689,0.95926729900165,0.9543295812557573,8,3.75,True,True,True,False,PASS,0.16939,False,1.0,0.19891,False,0.14455,False,0.16867,False
C3,1460_74_1072_59,model,35,2,0.5677014075630544,0.4959237493649655,0.8735644174175901,0.37764066805262453,5,7.0,True,True,True,False,PASS,0.16412,True,1.0,0.16412,True,0.21275,True,0.16412,True
C3,1460_74_1072_59,user,35,2,0.004223977197431854,0.0038899832710719284,0.9209290413397611,0.9170390580686891,6,5.83,True,True,True,False,PASS,0.12815,False,1.0,0.13859,False,0.11571,False,0.19841,False
C3,1461_538_1386_44,model,31,2,0.2636760579725655,0.26997510620075227,1.023889344662617,0.7539142384618647,8,3.88,True,True,True,False,PASS,0.12289,True,1.0,0.16164,True,0.1366,True,0.16119,True
C3,1461_538_1386_44,user,31,2,0.08817965067126107,0.0916321970419871,1.0391535501041769,0.9475213530621898,7,4.43,True,True,True,False,PASS,0.11082,False,1.0,0.10389,False,0.11882,False,0.05696,True
C3,1463_791_140_40,model,28,2,-0.047111818613716085,-0.04795819895639575,1.017965350682371,1.0659235496387667,8,3.5,True,True,True,False,PASS,0.1499,False,1.0,0.16222,False,0.17463,False,0.14635,False
C3,1463_791_140_40,user,28,2,0.25513271976097956,0.2594341131522848,1.0168594345536512,0.7574253214013664,8,3.5,True,True,True,False,PASS,0.14657,True,1.0,0.14466,True,0.15838,True,0.07351,True
C3,1464_277_234_43,model,32,2,-0.03258588327520667,-0.03389142051582317,1.0400645036867797,1.0739559242026029,8,4.0,True,True,True,False,PASS,0.10865,False,1.0,0.12895,False,0.13887,False,0.04786,False
C3,1464_277_234_43,user,32,2,0.2555909361334888,0.26054406491193083,1.0193791253061302,0.7588350603941993,7,4.57,True,True,True,False,PASS,0.11102,True,1.0,0.07703,True,0.11541,True,0.12828,True
C3,1465_240_678_41,model,34,2,0.04119965441725402,0.04080142877654924,0.9903342480334494,0.9495328192569001,8,4.25,True,True,True,False,PASS,0.11095,False,1.0,0.1006,False,0.09935,False,0.0799,False
C3,1465_240_678_41,user,34,2,0.05892394085632645,0.060832478029835046,1.032389842664498,0.9715573646346629,8,4.25,True,True,True,False,PASS,0.10098,False,1.0,0.11709,False,0.14153,False,0.08072,False
C3,1466_1072_234_6,model,37,2,0.0025729524416838795,0.0024226900043695654,0.9415992169618284,0.9391765269574588,8,4.62,True,True,True,False,PASS,0.1038,False,1.0,0.1327,False,0.13522,False,0.16528,False
C3,1466_1072_234_6,user,37,2,0.11762565838642847,0.10785379823054209,0.9169240768558891,0.809070278625347,8,4.62,True,True,True,False,PASS,0.12687,False,1.0,0.12376,False,0.18565,False,0.12698,False
C3,1467_767_74_25,model,35,2,-0.013141245659925117,-0.013043492816296354,0.992561371565645,1.0056048643819413,8,4.38,True,True,True,False,PASS,0.10878,False,1.0,0.12168,False,0.12892,False,0.11678,False
C3,1467_767_74_25,user,35,2,0.0702323068847387,0.06735925768260809,0.9590921994510917,0.8917329417684836,8,4.38,True,True,True,False,PASS,0.12472,False,1.0,0.10757,False,0.12472,False,0.08644,False
C3,1469_560_561_15,model,30,2,0.1302570885180138,0.1077378286542423,0.827116818593276,0.7193789899390337,7,4.29,True,True,True,False,PASS,0.21541,False,1.0,0.13419,False,0.21541,False,0.27431,False
C3,1469_560_561_15,user,30,2,-0.04099314994216475,-0.0415624295487782,1.0138871886502165,1.0554496181989947,8,3.75,True,True,True,False,PASS,0.13759,False,1.0,0.13567,False,0.19348,False,0.17191,False
C3,146_823_424_20,model,35,2,0.11285616396772614,0.11201666889744355,0.9925613715656447,0.8805447026682012,7,5.0,True,True,True,False,PASS,0.11451,False,1.0,0.10644,True,0.10647,True,0.13899,False
C3,146_823_424_20,user,35,2,0.10226302251462266,0.10636731045617154,1.04013462384179,0.9337673133856184,8,4.38,True,True,True,False,PASS,0.09766,True,1.0,0.10357,False,0.11775,False,0.04626,True
C3,1470_460_277_7,model,36,2,0.04187331544965038,0.040989579287612155,0.9788950038336263,0.9379054245460141,8,4.5,True,True,True,False,PASS,0.11667,False,1.0,0.0907,False,0.10448,False,0.08963,False
C3,1470_460_277_7,user,36,2,-0.02464613024340482,-0.025123132005705262,1.0193540226230073,1.0444771546287126,8,4.5,True,True,True,False,PASS,0.09755,False,1.0,0.11395,False,0.10386,False,0.09755,False
C3,1471_276_1027_7,model,32,2,0.0981155873271371,0.08966220618511078,0.9138426281459128,0.824180421960802,7,4.57,True,True,True,False,PASS,0.17461,False,1.0,0.16052,False,0.19326,False,0.11512,False
C3,1471_276_1027_7,user,32,2,0.05493951069049973,0.046974219055166966,0.8550170626708886,0.8080428436157217,7,4.57,True,True,True,False,PASS,0.18877,False,1.0,0.12994,False,0.12994,False,0.18426,False
C3,1472_725_1221_59,model,24,2,-0.02869059079775329,-0.02963429039945753,1.0328923028583343,1.0625265932577919,6,4.0,True,True,True,False,PASS,0.17188,False,1.0,0.10255,False,0.16523,False,0.08515,False
C3,1472_725_1221_59,user,24,2,0.6172678890819522,0.651255796994318,1.0550618435099794,0.40380604651566143,6,4.0,True,True,True,False,PASS,0.16827,True,1.0,0.14538,True,0.18267,True,0.03264,True
C3,1473_276_277_59,model,27,2,0.2217130924303979,0.22233344958285817,1.002798017679786,0.7804645680969278,7,3.86,True,True,True,False,PASS,0.17543,True,1.0,0.19907,True,0.17999,True,0.01904,True
C3,1473_276_277_59,user,27,2,0.10928838448608559,0.1127085377292174,1.0312947552405924,0.918586217511375,7,3.86,True,True,True,False,PASS,0.15447,False,1.0,0.11287,False,0.16553,False,0.12119,False
C3,1474_1027_460_59,model,43,2,-0.0011224766136802569,-0.0011527475302501866,1.026967970825406,1.0281207183556562,8,5.38,True,True,True,False,PASS,0.08613,False,1.0,0.08697,False,0.08901,False,0.0339,False
C3,1474_1027_460_59,user,43,2,0.07031135147413768,0.06569096344790937,0.9342867413389456,0.8685957778910363,8,5.38,True,True,True,False,PASS,0.07978,False,1.0,0.09116,False,0.07433,False,0.04493,True
C3,1475_560_653_6,model,38,2,0.16813666961342094,0.14795232019213378,0.8799527225816062,0.7320004023894724,7,5.43,True,True,True,False,PASS,0.13593,True,1.0,0.11681,True,0.14401,True,0.21848,False
C3,1475_560_653_6,user,38,2,-0.00016264567907412443,-0.00014108792986711194,0.8674557521003203,0.8675968400301874,7,5.43,True,True,True,False,PASS,0.15501,False,1.0,0.11289,False,0.10896,False,0.08509,False
C3,1476_675_314_6,model,32,2,-0.028758968758124004,-0.017151555840946853,0.5963898074788158,0.6135413633197626,6,5.33,True,True,True,False,PASS,0.15824,False,1.0,0.15824,False,0.15824,False,0.15824,False
C3,1476_675_314_6,user,32,2,0.08424707751363676,0.07302119147297659,0.8667504396358072,0.7937292481628306,7,4.57,True,True,True,False,PASS,0.14515,False,1.0,0.14515,False,0.1306,False,0.10311,False
C3,1477_276_460_56,model,30,2,-0.020144672369983452,-0.018645065141050132,0.925558122694127,0.9442031878351771,6,5.0,True,True,True,False,PASS,0.14065,False,1.0,0.13073,False,0.15008,False,0.52398,False
C3,1477_276_460_56,user,30,2,0.30278844824171364,0.24900622373186398,0.8223768944219572,0.5733706706900932,6,5.0,True,True,True,False,PASS,0.23075,True,1.0,0.23075,True,0.21244,True,0.38666,False
C3,1478_1027_277_0,model,27,2,-0.04544038198994353,-0.0461373356788104,1.0153377603432363,1.0614750960220467,8,3.38,True,True,True,False,PASS,0.15796,False,1.0,0.18186,False,0.15226,False,0.06797,False
C3,1478_1027_277_0,user,27,2,0.13560756980486408,0.13138818887090598,0.9688853583909093,0.8374971695200033,7,3.86,True,True,True,False,PASS,0.14528,False,1.0,0.14511,False,0.14511,False,0.11543,True
C3,147_1210_1224_20,model,30,2,0.6296572284189836,0.3531387352440307,0.5608428194030781,0.2077040841590474,4,7.5,True,True,True,False,PASS,0.09898,True,0.867,0.09898,True,0.28099,True,0.10185,True
C3,147_1210_1224_20,user,30,2,0.2525655639985376,0.2077040841590474,0.8223768944219572,0.6146728102629098,4,7.5,True,True,True,False,PASS,0.12119,True,1.0,0.25257,False,0.20844,True,0.25048,True
C3,1480_1454_663_12,model,50,2,-0.005773467780101427,-0.005345863883801316,0.9259363847540865,0.9312822486378878,8,6.25,True,True,True,False,PASS,0.07496,False,1.0,0.09302,False,0.09,False,0.18817,False
C3,1480_1454_663_12,user,50,2,0.005597742942835982,0.005074143637537887,0.9064624241153838,0.9013882804778459,8,6.25,True,True,True,False,PASS,0.08801,False,1.0,0.07583,False,0.05967,False,0.15433,False
C3,1481_276_501_12,model,34,2,0.35584346334762895,0.337375176363649,0.9480999684236493,0.6107247920600003,6,5.67,True,True,True,False,PASS,0.1307,True,1.0,0.12132,True,0.11669,True,0.15941,True
C3,1481_276_501_12,user,34,2,0.01400910593526908,0.01354009216458496,0.9665207920583041,0.9529806998937191,6,5.67,True,True,True,False,PASS,0.12305,False,1.0,0.04384,False,0.09322,False,0.18072,False
C3,1482_460_183_12,model,32,2,-0.014342460172989794,-0.01346417078097406,0.9387629889557053,0.9522271597366794,6,5.33,True,True,True,False,PASS,0.12873,False,1.0,0.06855,False,0.13176,False,0.11247,False
C3,1482_460_183_12,user,32,2,0.5010762851052928,0.3713783569634349,0.7411613121650648,0.36978295520162985,6,5.33,True,True,True,False,PASS,0.18249,True,1.0,0.18874,True,0.17072,True,0.1312,True
C3,1483_560_909_27,model,39,2,0.20234219514416926,0.18414715083923172,0.910077854537589,0.7259307036983573,7,5.57,True,True,True,False,PASS,0.11935,True,1.0,0.14109,True,0.11761,True,0.20094,True
C3,1483_560_909_27,user,39,2,0.015320371462765955,0.014861992067240926,0.9700803993794108,0.9552184073121699,7,5.57,True,True,True,False,PASS,0.11682,False,1.0,0.10263,False,0.09288,False,0.10733,False
C3,1484_1027_1063_27,model,36,2,0.13463469717969814,0.115636084309375,0.8588876918929337,0.7432516075835587,7,5.14,True,True,True,False,PASS,0.15232,False,1.0,0.1494,False,0.1337,True,0.09905,True
C3,1484_1027_1063_27,user,36,2,0.16110251814713206,0.1615428034138986,1.0027329508677476,0.841190147453849,7,5.14,True,True,True,False,PASS,0.118,True,1.0,0.09604,True,0.09897,True,0.18146,False
C3,1485_1040_675_12,model,29,2,0.1671237722008743,0.15668286786687968,0.9375259174891937,0.780843049622314,7,4.14,True,True,True,False,PASS,0.16851,False,1.0,0.18664,False,0.2725,False,0.33644,False
C3,1485_1040_675_12,user,29,2,0.04865551976924986,0.04376020340987108,0.8993882629844475,0.8556280595745764,7,4.14,True,True,True,False,PASS,0.16071,False,1.0,0.16109,False,0.14317,False,0.15865,False
C3,1486_425_561_50,model,31,2,0.06541354979641942,0.0668178596313278,1.0214681795939662,0.9546503199626384,8,3.88,True,True,True,False,PASS,0.13067,False,1.0,0.15921,False,0.12533,False,0.07209,False
C3,1486_425_561_50,user,31,2,0.05525557235700852,0.05003395798778254,0.9055006735702796,0.8554667155824971,7,4.43,True,True,True,False,PASS,0.16424,False,1.0,0.14325,False,0.14329,False,0.14325,False
C3,1487_1027_461_26,model,38,2,0.04495746075976267,0.04418018229309628,0.9827108014213726,0.9385306191282763,7,5.43,True,True,True,False,PASS,0.1127,False,1.0,0.11269,False,0.08942,False,0.0612,False
C3,1487_1027_461_26,user,38,2,0.5080674168033217,0.4336670175608104,0.8535619550046594,0.419894937443849,6,6.33,True,True,True,False,PASS,0.12982,True,1.0,0.13186,True,0.12369,True,0.0476,True
C3,1488_675_276_33,model,29,2,-0.0024945702160666665,-0.002287085806581879,0.9168255885729525,0.9191126743795344,6,4.83,True,True,True,False,PASS,0.16503,False,1.0,0.12825,False,0.18879,False,0.04896,False
C3,1488_675_276_33,user,29,2,0.6159340038323278,0.5166646539086094,0.8388311908320264,0.322166536923417,6,4.83,True,True,True,False,PASS,0.22874,True,1.0,0.23029,True,0.61593,False,0.09393,True
C3,1489_544_430_1,model,33,2,-0.0069720351156601626,-0.006897980502260537,0.9893783361427299,0.9962763166449904,8,4.12,True,True,True,False,PASS,0.1361,False,1.0,0.13938,False,0.12856,False,0.10524,False
C3,1489_544_430_1,user,33,2,0.24515909250478948,0.23433228394943517,0.9558376218285977,0.7215053378791625,7,4.71,True,True,True,False,PASS,0.15588,True,1.0,0.1709,True,0.12655,True,0.09726,True
C3,148_586_653_38,model,29,2,0.20802586757470168,0.163344581861257,0.785212838026503,0.621868256165246,7,4.14,True,True,True,False,PASS,0.17501,True,1.0,0.25577,False,0.19888,True,0.15583,True
C3,148_586_653_38,user,29,2,0.3268584288734373,0.2938538476764414,0.8990248429243488,0.6051709952479074,6,4.83,True,True,True,False,PASS,0.16346,True,1.0,0.20949,True,0.17519,True,0.24046,True
C3,1490_604_605_1,model,26,2,0.1265732692223496,0.11965881705799786,0.9453719398508605,0.8257131227928627,7,3.71,True,True,True,False,PASS,0.19051,False,1.0,0.18604,False,0.19051,False,0.20154,False
C3,1490_604_605_1,user,26,2,0.10244305945264896,0.0930813114312411,0.9086151070513954,0.8155337956201543,7,3.71,True,True,True,False,PASS,0.18545,False,1.0,0.18941,False,0.17401,False,0.31781,False
C3,1491_1119_1547_1,model,33,2,0.2926683596355411,0.2856976166170223,0.9761821092406454,0.6904844926236231,6,5.5,True,True,True,False,PASS,0.11868,True,1.0,0.13272,True,0.11745,True,0.37175,False
C3,1491_1119_1547_1,user,33,2,0.170188244818014,0.14711399610141862,0.86441925679844,0.7173052606970214,7,4.71,True,True,True,False,PASS,0.1528,True,1.0,0.16978,True,0.16099,True,0.20923,False
C3,1492_183_1026_50,model,24,2,-0.027685578781177955,-0.025773216851785907,0.9309257016258528,0.9566989184776387,6,4.0,True,True,True,False,PASS,0.22873,False,1.0,0.07193,False,0.19384,False,0.22873,False
C3,1492_183_1026_50,user,24,2,0.2291455290721035,0.22154423799579348,0.9668276701400611,0.7452834321442676,6,4.0,True,True,True,False,PASS,0.20758,True,1.0,0.22915,False,0.19067,True,0.22915,False
C3,1493_312_254_23,model,37,2,-0.016668103121977057,-0.01183690904631296,0.7101533365668874,0.7219902456132004,6,6.17,True,True,True,False,PASS,0.08393,False,1.0,0.0683,False,0.07159,False,0.29622,False
C3,1493_312_254_23,user,37,2,0.04127302483305221,0.04168133834657839,1.0098929873731763,0.968211649026598,8,4.62,True,True,True,False,PASS,0.10435,False,1.0,0.10435,False,0.10857,False,0.17203,False
C3,1494_714_283_7,model,32,2,-0.03552283881028848,-0.03702380397789695,1.0422535252777643,1.0792773292556612,8,4.0,True,True,True,False,PASS,0.13244,False,1.0,0.13033,False,0.12207,False,0.17921,False
C3,1494_714_283_7,user,32,2,0.1783606740787896,0.17281395367815933,0.9689016627164121,0.7960877090382528,7,4.57,True,True,True,False,PASS,0.13818,True,1.0,0.12534,True,0.12534,True,0.0829,True
C3,1495_705_568_21,model,25,2,-0.018396195325620632,-0.01836552585908713,0.998332836437609,1.016698362296696,8,3.12,True,True,True,False,PASS,0.18241,False,1.0,0.16017,False,0.16921,False,0.02382,False
C3,1495_705_568_21,user,25,2,-0.02675293329562809,-0.026974959648285557,1.0082991405168176,1.0352741001651031,8,3.12,True,True,True,False,PASS,0.15797,False,1.0,0.17897,False,0.17512,False,-0.0003,False
C3,1496_495_638_34,model,35,2,0.4148191159572487,0.33746372098166355,0.8135201778320231,0.4760564568503596,6,5.83,True,True,True,False,PASS,0.14979,True,1.0,0.1753,True,0.2162,True,0.17677,True
C3,1496_495_638_34,user,35,2,0.009103387045047972,0.00786042576871826,0.8634616686977126,0.8556012429289943,6,5.83,True,True,True,False,PASS,0.13367,False,1.0,0.1648,False,0.12328,False,0.14792,False
C3,1497_82_905_46,model,31,2,0.018642372959878206,0.018357517199769968,0.9847199838388977,0.9663624666391277,7,4.43,True,True,True,False,PASS,0.14185,False,1.0,0.17605,False,0.13126,False,0.20993,False
C3,1497_82_905_46,user,31,2,0.27191945225306796,0.2841520516135212,1.044986113568178,0.7608340619546567,7,4.43,True,True,True,False,PASS,0.12385,True,1.0,0.13305,True,0.14228,True,0.24053,True
C3,1498_155_1503_30,model,26,2,-0.009773139993918817,-0.010273678423596388,1.0512157228883474,1.0614894013119438,6,4.33,True,True,True,False,PASS,0.18695,False,1.0,0.07768,False,0.19606,False,0.06886,False
C3,1498_155_1503_30,user,26,2,0.4313339832064702,0.4248223676006454,0.9849035414334423,0.5600811738327969,6,4.33,True,True,True,False,PASS,0.16886,True,1.0,0.20071,True,0.19444,True,0.32708,True
C3,1499_900_901_30,model,27,2,0.08775451552573281,0.0850675973253262,0.9693814251687288,0.8843138278434026,7,3.86,True,True,True,False,PASS,0.18864,False,1.0,0.1629,False,0.17594,False,0.18864,False
C3,1499_900_901_30,user,27,2,0.2362441779068272,0.21493717972498116,0.9098094252707919,0.6948722455458107,7,3.86,True,True,True,False,PASS,0.21555,True,1.0,0.24484,False,0.23494,True,0.27328,False
C3,149_248_1035_51,model,29,2,0.12455159358356832,0.12528583544568916,1.005895082037856,0.8806092465921669,8,3.62,True,True,True,False,PASS,0.14303,False,1.0,0.14988,False,0.14234,False,0.12187,True
C3,149_248_1035_51,user,29,2,0.1285399237841635,0.13216219221643977,1.028180104092473,0.8960179118760332,8,3.62,True,True,True,False,PASS,0.13334,False,1.0,0.14666,False,0.14576,False,0.18679,False
C3,1500_1424_1002_30,model,34,2,0.015509333225025896,0.013793447453203989,0.889364310707236,0.875570863254032,6,5.67,True,True,True,False,PASS,0.15555,False,1.0,0.09997,False,0.15206,False,0.11575,False
C3,1500_1424_1002_30,user,34,2,0.2569822116647648,0.256356762711045,0.9975661780258327,0.7412094153147877,6,5.67,True,True,True,False,PASS,0.12581,True,1.0,0.12729,True,0.12898,True,0.06917,True
C3,1501_41_42_30,model,54,2,-0.00779952058113934,-0.00758408341121819,0.9723781522620614,0.9799622356732796,8,6.75,True,True,True,False,PASS,0.06693,False,1.0,0.06077,False,0.06123,False,0.04656,False
C3,1501_41_42_30,user,54,2,-0.02509378002560197,-0.02377312722653213,0.9473713088373915,0.9711444360639236,8,6.75,True,True,True,False,PASS,0.06309,False,1.0,0.06353,False,0.05619,False,0.03897,False
C3,1502_151_905_29,model,24,2,0.24896717914452376,0.246395665297378,0.9896712737157494,0.7432756084183714,7,3.43,True,True,True,False,PASS,0.1675,True,1.0,0.163,True,0.15489,True,0.0875,True
C3,1502_151_905_29,user,24,2,0.04524234005507443,0.045334328925503486,1.0020332474031421,0.9566989184776387,7,3.43,True,True,True,False,PASS,0.19119,False,1.0,0.19502,False,0.19502,False,0.07988,False
C3,1503_900_705_29,model,24,2,0.17376798080671446,0.18047715165803324,1.0386099373438742,0.858132785685841,7,3.43,True,True,True,False,PASS,0.19106,False,1.0,0.18682,False,0.19106,False,0.10195,True
C3,1503_900_705_29,user,24,2,0.10630926586659833,0.09876025934176857,0.9289901358711047,0.8302298765293361,7,3.43,True,True,True,False,PASS,0.24892,False,1.0,0.21293,False,0.16812,False,0.09132,True
C3,1504_1033_1034_59,model,34,2,0.0704983901522909,0.06594702928246243,0.9354402155851134,0.8694931863026509,6,5.67,True,True,True,False,PASS,0.14157,False,1.0,0.0705,False,0.12531,False,0.31948,False
C3,1504_1033_1034_59,user,34,2,0.4584601891032294,0.3749371211402708,0.8178182752872527,0.4428811541469819,5,6.8,True,True,True,False,PASS,0.16716,True,1.0,0.17316,True,0.23462,True,0.35986,True
C3,1505_151_80_3,model,29,2,-0.02072602615889626,-0.015384339041765727,0.7422715248847781,0.7576558639265438,6,4.83,True,True,True,False,PASS,0.14366,False,1.0,0.13775,False,0.13775,False,-0.00662,False
C3,1505_151_80_3,user,29,2,0.23029264673546512,0.19317665510096937,0.8388311908320264,0.645654535731057,6,4.83,True,True,True,False,PASS,0.20296,True,1.0,0.23029,False,0.21667,True,0.05029,True
C3,1506_1445_1387_6,model,28,2,0.5820435347911231,0.5532382240364399,0.9505100408597088,0.39727181682326895,5,5.6,True,True,True,False,PASS,0.15078,True,1.0,0.21948,True,0.15526,True,0.06989,True
C3,1506_1445_1387_6,user,28,2,0.02431349775083559,0.025476226869021845,1.0478223713470554,1.0223461444780335,6,4.67,True,True,True,False,PASS,0.15637,False,1.0,0.15951,False,0.10481,False,0.12581,False
C3,1507_900_407_59,model,25,2,0.07203649915483674,0.048831842743424,0.6778764003850857,0.6290445576416617,6,4.17,True,True,True,False,PASS,0.22007,False,1.0,0.18066,False,0.18066,False,0.2636,False
C3,1507_900_407_59,user,25,2,-0.02655653996925058,-0.027229295336991033,1.0253329450492958,1.0525622403862869,8,3.12,True,True,True,False,PASS,0.1777,False,1.0,0.19068,False,0.19068,False,0.19068,False
C3,1508_357_358_29,model,31,2,-0.011329272407662403,-0.011772853642519676,1.0391535501041764,1.050926403746696,8,3.88,True,True,True,False,PASS,0.10974,False,1.0,0.10117,False,0.10469,False,0.10072,False
C3,1508_357_358_29,user,31,2,-0.03390125928556656,-0.03394098181136207,1.0011717123974926,1.0351126942088547,8,3.88,True,True,True,False,PASS,0.11827,False,1.0,0.11609,False,0.13383,False,0.07824,False
C3,1509_546_151_31,model,24,2,0.10161620627885558,0.09459713812670101,0.9309257016258528,0.8363285634991517,6,4.0,True,True,True,False,PASS,0.21847,False,1.0,0.23345,False,0.22292,False,0.12325,False
C3,1509_546_151_31,user,24,2,0.21132340704972719,0.19547861915268028,0.9250211412060074,0.7295425220533271,7,3.43,True,True,True,False,PASS,0.22785,False,1.0,0.21132,False,0.19431,True,0.15823,True
C3,1510_1458_949_34,model,28,2,-0.016524223050028354,-0.017314450580948382,1.0478223713470554,1.0651368219280037,8,3.5,True,True,True,False,PASS,0.13224,False,1.0,0.11981,False,0.1414,False,0.04888,False
C3,1510_1458_949_34,user,28,2,0.0095822106044339,0.009719062492911545,1.0142818702413325,1.004562807748421,8,3.5,True,True,True,False,PASS,0.16993,False,1.0,0.13612,False,0.16816,False,0.03403,False
C3,1513_425_705_59,model,28,2,0.13290713132183124,0.126755358846811,0.9537137517465192,0.8269583928997082,7,4.0,True,True,True,False,PASS,0.16156,False,1.0,0.16788,False,0.1985,False,0.20297,False
C3,1513_425_705_59,user,28,2,0.18525520584044688,0.16982779758210775,0.9167234832168433,0.7468956856347355,7,4.0,True,True,True,False,PASS,0.15236,True,1.0,0.18526,False,0.17134,True,0.23421,False
C3,1514_647_1034_48,model,39,2,-0.030253100232976435,-0.031220967688067702,1.031992339549924,1.0632133072379917,8,4.88,True,True,True,False,PASS,0.08781,False,1.0,0.08091,False,0.09447,False,0.12884,False
C3,1514_647_1034_48,user,39,2,-0.025300603962202916,-0.02572378971920708,1.0167263104721282,1.0424501001913353,8,4.88,True,True,True,False,PASS,0.08543,False,1.0,0.09045,False,0.0976,False,0.18725,False
C3,1516_362_155_23,model,26,2,0.11437558983285566,0.12022151031610906,1.051111609494617,0.9308900991785078,7,3.71,True,True,True,False,PASS,0.17327,False,1.0,0.14931,False,0.13977,False,0.19596,False
C3,1516_362_155_23,user,26,2,-0.01742586182172058,-0.017162793020742417,0.9849035414334423,1.0020663344541847,8,3.25,True,True,True,False,PASS,0.16885,False,1.0,0.16141,False,0.19152,False,0.19444,False
C3,1517_151_435_26,model,30,2,0.22080053570989222,0.2098890521479293,0.9505821689839584,0.7406931168360291,6,5.0,True,True,True,False,PASS,0.14748,True,1.0,0.18454,True,0.17426,True,0.07609,True
C3,1517_151_435_26,user,30,2,0.152373030420906,0.13436092243724662,0.8817893958405643,0.7474284734033176,7,4.29,True,True,True,False,PASS,0.16057,False,1.0,0.15237,False,0.17292,False,0.13291,True
C3,1518_1002_227_3,model,27,2,0.05710507782932229,0.046663990368533415,0.8171600870242123,0.7704960966556789,7,3.86,True,True,True,False,PASS,0.22331,False,1.0,0.23688,False,0.2131,False,0.07173,False
C3,1518_1002_227_3,user,27,2,0.15473400877035087,0.15844746115726727,1.0239989412568489,0.8655514800995816,7,3.86,True,True,True,False,PASS,0.17947,False,1.0,0.15473,False,0.16056,False,0.12721,True
C3,151_1396_1252_51,model,38,2,0.10353991544459726,0.0985926962122885,0.9522192073359772,0.8536265111236887,7,5.43,True,True,True,False,PASS,0.11594,False,1.0,0.09899,True,0.08983,True,0.0891,True
C3,151_1396_1252_51,user,38,2,0.004859097234011408,0.004555866908747985,0.9375953370224921,0.9330394701137441,8,4.75,True,True,True,False,PASS,0.11555,False,1.0,0.10394,False,0.11866,False,0.10666,False
C3,1521_478_479_30,model,24,2,0.8007721660229707,0.7739786567066336,0.9665404088039087,0.1925617520972751,5,4.8,True,True,True,False,PASS,0.19794,True,1.0,0.18379,True,0.22127,True,0.18379,True
C3,1521_478_479_30,user,24,2,0.03689565035743772,0.03832018910599988,1.0386099373438742,1.0002897482378743,5,4.8,True,True,True,False,PASS,0.18613,False,1.0,0.05152,False,0.17163,False,0.0067,True
C3,1522_102_1186_42,model,28,2,0.3551616264618543,0.37214629765073726,1.0478223713470554,0.6756760736963181,7,4.0,True,True,True,False,PASS,0.13574,True,1.0,0.14923,True,0.1368,True,-0.0006,True
C3,1522_102_1186_42,user,28,2,0.018553528940103953,0.017757620165916865,0.9571020275034197,0.9393444073375028,7,4.0,True,True,True,False,PASS,0.1798,False,1.0,0.16041,False,0.17584,False,0.02494,False
C3,1523_435_357_42,model,30,2,0.02100525885936038,0.021222661475038818,1.0103499136637184,0.9891272521886796,7,4.29,True,True,True,False,PASS,0.13796,False,1.0,0.07496,False,0.10268,False,0.12692,False
C3,1523_435_357_42,user,30,2,0.1312222142719674,0.12105637539991054,0.9225295889994096,0.8014732135994991,7,4.29,True,True,True,False,PASS,0.17178,False,1.0,0.13316,False,0.16426,False,0.07464,True
C3,1524_568_569_33,model,26,2,0.24313599198656732,0.2395768168002137,0.985361380858206,0.7457845640579923,7,3.71,True,True,True,False,PASS,0.17241,True,1.0,0.20651,True,0.20266,True,0.23698,True
C3,1524_568_569_33,user,26,2,0.07217133560607633,0.07385542169579717,1.023334556241454,0.9494791345456568,7,3.71,True,True,True,False,PASS,0.18068,False,1.0,0.205,False,0.22419,False,0.20529,False
C3,1525_638_1002_56,model,33,2,0.18997936065593413,0.18158942028588554,0.9558376218285977,0.7742482015427121,6,5.5,True,True,True,False,PASS,0.15048,True,1.0,0.15019,True,0.16822,True,0.14492,True
C3,1525_638_1002_56,user,33,2,0.3162975178153027,0.2559366252046512,0.8091641912729194,0.5532275660682682,7,4.71,True,True,True,False,PASS,0.18437,True,1.0,0.16117,True,0.15662,True,0.23281,True
C3,1526_949_834_23,model,30,2,0.14968857531066915,0.15639809229911372,1.0448231735422653,0.8884250812431516,8,3.75,True,True,True,False,PASS,0.12322,True,1.0,0.11685,True,0.13589,True,0.03823,True
C3,1526_949_834_23,user,30,2,0.03701678646774049,0.03857381809511229,1.042062852450164,1.0034890343550518,8,3.75,True,True,True,False,PASS,0.1146,False,1.0,0.16121,False,0.1639,False,0.07519,False
C3,1527_42_1083_34,model,37,2,-0.03026829377280071,-0.030591293375061612,1.0106712193520189,1.0412625127270805,8,4.62,True,True,True,False,PASS,0.08718,False,1.0,0.08714,False,0.07252,False,0.12128,False
C3,1527_42_1083_34,user,37,2,0.07501472560139541,0.07468162190100336,0.9955594891840029,0.9208778672829996,8,4.62,True,True,True,False,PASS,0.09895,False,1.0,0.08946,False,0.10916,False,0.11608,False
C3,1528_949_1090_16,model,26,2,0.15943588202516523,0.16118799082392044,1.0109894258212129,0.8498014349972924,7,3.71,True,True,True,False,PASS,0.17104,False,1.0,0.16324,False,0.17006,False,0.11929,True
C3,1528_949_1090_16,user,26,2,0.1155125186906692,0.11943651351278262,1.033970299207322,0.9145337856945395,8,3.25,True,True,True,False,PASS,0.15801,False,1.0,0.15435,False,0.15435,False,0.17087,False
C3,1529_42_675_50,model,35,2,0.05909733024094327,0.06146917936021756,1.04013462384179,0.9786654444815723,8,4.38,True,True,True,False,PASS,0.09905,False,1.0,0.1051,False,0.10012,False,0.12909,False
C3,1529_42_675_50,user,35,2,0.1119085310348067,0.11111950356631639,0.9929493537159835,0.8818298501496671,8,4.38,True,True,True,False,PASS,0.10776,True,1.0,0.13405,False,0.12625,False,0.06785,True
C3,1530_820_401_23,model,32,2,0.07186593347614946,0.07326520105560963,1.0194705267402469,0.9462053256846372,8,4.0,True,True,True,False,PASS,0.12701,False,1.0,0.12829,False,0.09562,False,0.09993,False
C3,1530_820_401_23,user,32,2,0.2864098442707951,0.291960216531828,1.0193791253061302,0.7274189087743022,7,4.57,True,True,True,False,PASS,0.11541,True,1.0,0.14077,True,0.16441,True,0.10505,True
C3,1531_1247_568_42,model,29,2,0.013242976619652057,0.013726481321354234,1.0365102737540648,1.0227837924327106,6,4.83,True,True,True,False,PASS,0.14117,False,1.0,0.1833,False,0.08064,False,0.20492,False
C3,1531_1247_568_42,user,29,2,0.5133498164961685,0.46151423814071113,0.8990248429243488,0.4375106047836377,6,4.83,True,True,True,False,PASS,0.16773,True,1.0,0.16773,True,0.18216,True,0.42266,True
C3,1532_820_891_18,model,29,2,0.5489050892279114,0.5640500972861908,1.027591305592707,0.46354120830651624,6,4.83,True,True,True,False,PASS,0.13873,True,1.0,0.1477,True,0.12036,True,0.02929,True
C3,1532_820_891_18,user,29,2,0.01459423995814843,0.013666403398434168,0.9364244686688037,0.9227580652703695,7,4.14,True,True,True,False,PASS,0.17743,False,1.0,0.16209,False,0.14929,False,0.00013,True
C3,1533_949_777_46,model,30,2,0.0461679779710372,0.040433361650046074,0.8757880121024868,0.8353546504524407,7,4.29,True,True,True,False,PASS,0.1433,False,1.0,0.18746,False,0.15316,False,0.07324,False
C3,1533_949_777_46,user,30,2,0.05032782124124212,0.0413884373353961,0.8223768944219572,0.7809884570865611,7,4.29,True,True,True,False,PASS,0.23075,False,1.0,0.13818,False,0.18462,False,0.23075,False
C3,1534_698_677_46,model,29,2,0.5262317362143432,0.4938799626710457,0.9385218121278036,0.4446418494567579,6,4.83,True,True,True,False,PASS,0.1874,True,1.0,0.1874,True,0.16244,True,0.08066,True
C3,1534_698_677_46,user,29,2,0.012683794155226502,0.011898142014822755,0.938058586351308,0.9261604443364853,7,4.14,True,True,True,False,PASS,0.14582,False,1.0,0.17487,False,0.17206,False,0.11079,False
C3,1535_568_42_8,model,40,2,0.006830300646030137,0.005879604055358145,0.8608118968782803,0.8549322928229222,6,6.67,True,True,True,False,PASS,0.13014,False,1.0,0.11455,False,0.12412,False,0.13656,False
C3,1535_568_42_8,user,40,2,0.25632764791010093,0.20721709980620406,0.8084071363182762,0.6011900365120721,6,6.67,True,True,True,False,PASS,0.13751,True,1.0,0.14167,True,0.14892,True,0.08702,True
C3,1536_1005_1090_42,model,25,2,0.35225120465349524,0.3611747650645305,1.0253329450492958,0.6641581799847653,6,4.17,True,True,True,False,PASS,0.19108,True,1.0,0.18329,True,0.17901,True,0.11696,True
C3,1536_1005_1090_42,user,25,2,-0.03139181366370759,-0.032830283249810854,1.0458230799122732,1.078653363162084,8,3.12,True,True,True,False,PASS,0.16091,False,1.0,0.16091,False,0.1756,False,0.06436,False
C3,1537_638_401_19,model,35,2,0.043968982282345394,0.04143746501655421,0.9424249292481884,0.9009874642316342,8,4.38,True,True,True,False,PASS,0.12524,False,1.0,0.13095,False,0.1378,False,0.06909,False
C3,1537_638_401_19,user,35,2,0.04389478898349079,0.04491513139206149,1.0232451831344822,0.9783300517424207,8,4.38,True,True,True,False,PASS,0.10268,False,1.0,0.1082,False,0.10239,False,0.05124,False
C3,1538_105_106_19,model,35,2,0.3293959518879606,0.26634196212821637,0.8085769135948848,0.5422349514666684,7,5.0,True,True,True,False,PASS,0.16136,True,1.0,0.15017,True,0.14643,True,0.08232,True
C3,1538_105_106_19,user,35,2,0.040633991020294496,0.03423808173323528,0.8425970689449431,0.8083589872117078,7,5.0,True,True,True,False,PASS,0.15648,False,1.0,0.19408,False,0.17217,False,0.28923,False
C3,153_297_84_14,model,25,2,0.2325908671657276,0.1745448931817325,0.7504374325126201,0.5758925393308876,6,4.17,True,True,True,False,PASS,0.11504,True,1.0,0.06286,True,0.16414,True,0.02347,True
C3,153_297_84_14,user,25,2,0.12077947648676314,0.12414775511583254,1.0278878392840074,0.9037400841681749,7,3.57,True,True,True,False,PASS,0.17475,False,1.0,0.12078,False,0.15657,False,0.12105,False
C3,1540_447_663_23,model,34,2,0.088824521715923,0.08209034037214469,0.9241855603195315,0.8420952199473868,7,4.86,True,True,True,False,PASS,0.14069,False,1.0,0.12025,False,0.1412,False,0.36564,False
C3,1540_447_663_23,user,34,2,0.08739604534139861,0.08771492818758508,1.0036487102470233,0.9159337820594382,7,4.86,True,True,True,False,PASS,0.13164,False,1.0,0.0874,False,0.10409,False,0.35488,False
C3,1541_569_647_34,model,27,2,-0.05083580233742377,-0.05305816629746141,1.0437165119434262,1.0967746782408876,8,3.38,True,True,True,False,PASS,0.17962,False,1.0,0.09495,False,0.13601,False,0.14113,False
C3,1541_569_647_34,user,27,2,0.18289248268074532,0.18215891171939835,0.9959890589782879,0.8138301472588896,7,3.86,True,True,True,False,PASS,0.18365,False,1.0,0.17947,True,0.17381,True,0.18705,False
C3,1542_568_676_23,model,32,2,-0.02219452727974154,-0.02159838092010702,0.9731399388632771,0.9947383197833841,8,4.0,True,True,True,False,PASS,0.1271,False,1.0,0.14113,False,0.1331,False,0.07389,False
C3,1542_568_676_23,user,32,2,0.13009927590834555,0.1340205381995363,1.0301405389369982,0.8961200007374619,8,4.0,True,True,True,False,PASS,0.10084,True,1.0,0.08675,True,0.10086,True,0.17988,False
C3,1543_638_712_10,model,48,2,-0.029654839957779993,-0.027802686962336898,0.9375429778720765,0.9653456648344134,8,6.0,True,True,True,False,PASS,0.08938,False,1.0,0.0858,False,0.07738,False,0.08195,False
C3,1543_638_712_10,user,48,2,0.09036346027804873,0.08116467361883706,0.8982023637551398,0.8170376901363028,8,6.0,True,True,True,False,PASS,0.10253,False,1.0,0.10253,False,0.09961,False,0.05,True
C3,1544_105_155_10,model,24,2,-0.0470151277577489,-0.046582797724162184,0.9908044483934118,1.037387246117574,8,3.0,True,True,True,False,PASS,0.18487,False,1.0,0.17623,False,0.18487,False,0.01052,False
C3,1544_105_155_10,user,24,2,-0.023256232638763773,-0.02275408702704984,0.9784081274248629,1.0011622144519128,8,3.0,True,True,True,False,PASS,0.19961,False,1.0,0.17603,False,0.18662,False,0.24457,False
C3,1545_106_1005_10,model,29,2,-0.02301040131915974,-0.023967588350775282,1.0415980155382398,1.0655656038890151,8,3.62,True,True,True,False,PASS,0.13315,False,1.0,0.12148,False,0.13315,False,0.28578,False
C3,1545_106_1005_10,user,29,2,-0.028888034510659973,-0.029702102330197322,1.028180104092473,1.0578822064226703,8,3.62,True,True,True,False,PASS,0.12854,False,1.0,0.10613,False,0.13334,False,0.30988,False
C3,1546_305_1073_16,model,29,2,-0.047221509003278914,-0.04949232545753235,1.048088604159087,1.0975809296166192,8,3.62,True,True,True,False,PASS,0.15127,False,1.0,0.08519,False,0.12011,False,0.17582,False
C3,1546_305_1073_16,user,29,2,0.16764687801242445,0.15726259339454507,0.938058586351308,0.7807959929567629,7,4.14,True,True,True,False,PASS,0.16765,False,1.0,0.16765,False,0.16765,False,0.04536,True
C3,1547_676_677_16,model,34,2,0.28264395532806685,0.23617880164638905,0.8356053515181481,0.599426549871759,7,4.86,True,True,True,False,PASS,0.17027,True,1.0,0.15238,True,0.17024,True,0.21921,True
C3,1547_676_677_16,user,34,2,0.09017775672833679,0.09377581292309456,1.039899597476094,0.9461237845529995,7,4.86,True,True,True,False,PASS,0.12617,False,1.0,0.09018,False,0.0815,True,0.17742,False
C3,1548_580_105_53,model,34,2,0.018672513394087115,0.019418195612848077,1.0399347534540846,1.0205165578412365,8,4.25,True,True,True,False,PASS,0.09483,False,1.0,0.09029,False,0.09483,False,0.10232,False
C3,1548_580_105_53,user,34,2,-0.006579100625519194,-0.005674357485900616,0.862482246264902,0.8681566037508026,8,4.25,True,True,True,False,PASS,0.15562,False,1.0,0.18105,False,0.1413,False,0.22405,False
C3,1549_950_951_53,model,24,2,0.013179843685848024,0.009784100308536714,0.7423532889879779,0.7325691886794412,6,4.0,True,True,True,False,PASS,0.15515,False,1.0,0.15515,False,0.15515,False,-0.01199,True
C3,1549_950_951_53,user,24,2,0.04523020278426577,0.04587291313488029,1.0142097605372244,0.9683368474023442,7,3.43,True,True,True,False,PASS,0.20784,False,1.0,0.20818,False,0.20124,False,0.20124,False
C3,154_831_424_41,model,36,2,-0.020938026088009407,-0.020751201918141615,0.9910772787710499,1.0118284806891915,8,4.5,True,True,True,False,PASS,0.09333,False,1.0,0.08837,False,0.10333,False,0.12587,False
C3,154_831_424_41,user,36,2,-0.03099303779064589,-0.029668233458239435,0.9572547763354033,0.9869230097936428,8,4.5,True,True,True,False,PASS,0.11345,False,1.0,0.11345,False,0.09735,False,0.09797,False
C3,1550_42_106_23,model,31,2,0.034384531824965946,0.03533620146459859,1.0276772603587307,0.9923410588941322,7,4.43,True,True,True,False,PASS,0.1356,False,1.0,0.15508,False,0.10021,False,0.38228,False
C3,1550_42_106_23,user,31,2,0.4651754777774959,0.41075544515805473,0.8830118197987394,0.4722563746406847,6,5.17,True,True,True,False,PASS,0.18354,True,1.0,0.18878,True,0.16769,True,0.38069,True
C3,1551_638_569_27,model,35,2,0.03644985485708892,0.02976769184830852,0.8166751819731644,0.7869074901248558,7,5.0,True,True,True,False,PASS,0.13834,False,1.0,0.15987,False,0.15144,False,0.12314,False
C3,1551_638_569_27,user,35,2,0.061126913837421755,0.05179317369716152,0.8473055556986726,0.7955123820015111,8,4.38,True,True,True,False,PASS,0.14494,False,1.0,0.16293,False,0.1471,False,0.13017,False
C3,1552_155_106_16,model,26,2,0.1326567294096001,0.13878506274961921,1.0461969277193384,0.9074118649697192,7,3.71,True,True,True,False,PASS,0.13648,False,1.0,0.13266,False,0.13266,False,0.33521,False
C3,1552_155_106_16,user,26,2,-0.0558479685196598,-0.055030431378657596,0.985361380858206,1.0403918122368636,8,3.25,True,True,True,False,PASS,0.19228,False,1.0,0.20651,False,0.16289,False,0.50476,False
C3,1553_105_425_26,model,31,2,0.010334661544464068,0.010456690738597008,1.0118077591228236,1.0013510683842266,6,5.17,True,True,True,False,PASS,0.13421,False,1.0,0.09683,False,0.13048,False,0.11199,False
C3,1553_105_425_26,user,31,2,0.3428614815774348,0.31104668725200824,0.9072080241295893,0.5961613368775811,6,5.17,True,True,True,False,PASS,0.15567,True,1.0,0.17498,True,0.16649,True,0.2299,True
C3,1554_560_155_50,model,30,2,0.38937355213867986,0.3433454692966609,0.881789395840564,0.5384439265439032,6,5.0,True,True,True,False,PASS,0.17553,True,1.0,0.08949,True,0.21182,True,0.10191,True
C3,1554_560_155_50,user,30,2,0.2781980567160341,0.24601815216800227,0.8843273568194658,0.6383092046514636,6,5.0,True,True,True,False,PASS,0.18896,True,1.0,0.13423,True,0.15857,True,0.0883,True
C3,1555_677_299_16,model,36,2,0.3484160972842632,0.35352154542926173,1.0146533073092576,0.6611317618799959,8,4.5,True,True,True,False,PASS,0.09068,True,1.0,0.09386,True,0.08866,True,0.13954,True
C3,1555_677_299_16,user,36,2,0.0306219538448349,0.029846658002614324,0.9746816990793895,0.9448350410767752,7,5.14,True,True,True,False,PASS,0.10047,False,1.0,0.13072,False,0.11664,False,0.13974,False
C3,1556_227_399_33,model,33,2,0.15865273784073577,0.14634307428585525,0.9224112755795136,0.7760682012936584,7,4.71,True,True,True,False,PASS,0.13485,True,1.0,0.13713,True,0.12435,True,0.13713,True
C3,1556_227_399_33,user,33,2,0.0743188784596427,0.07051506277050135,0.9488176386944949,0.8783025759239935,7,4.71,True,True,True,False,PASS,0.13472,False,1.0,0.14151,False,0.13953,False,0.25129,False
C3,1557_106_41_30,model,28,2,-0.04728914636077013,-0.049550625478720134,1.0478223713470554,1.0973729968257755,8,3.5,True,True,True,False,PASS,0.16908,False,1.0,0.11818,False,0.1279,False,0.08406,False
C3,1557_106_41_30,user,28,2,0.07375571052936439,0.06761359186361215,0.9167234832168437,0.8491098913532316,8,3.5,True,True,True,False,PASS,0.19335,False,1.0,0.21444,False,0.17804,False,0.14484,False
C3,1558_1022_399_44,model,33,2,0.548966640707029,0.525088070501213,0.9565026935424304,0.43141462304121747,6,5.5,True,True,True,False,PASS,0.13081,True,1.0,0.12789,True,0.12803,True,0.03718,True
C3,1558_1022_399_44,user,33,2,-0.008374175391528477,-0.008354862648378925,0.9976937737452825,1.0060486363936614,6,5.5,True,True,True,False,PASS,0.10707,False,1.0,0.0831,False,0.11593,False,0.05084,False
C3,1559_604_495_50,model,32,2,0.004358375518914798,0.004500571179676394,1.0326258396378387,1.0281252684581623,7,4.57,True,True,True,False,PASS,0.12869,False,1.0,0.10848,False,0.12272,False,0.08217,False
C3,1559_604_495_50,user,32,2,0.23062518713959776,0.19718847008602292,0.8550170626708888,0.6578285925848659,7,4.57,True,True,True,False,PASS,0.16239,True,1.0,0.16239,True,0.19749,True,0.18512,True
C3,155_586_203_14,model,31,2,-0.006175391610980696,-0.006417180115834142,1.0391535501041769,1.045570730220011,6,5.17,True,True,True,False,PASS,0.1667,False,1.0,0.06413,False,0.09105,False,0.20229,False
C3,155_586_203_14,user,31,2,0.31654702200434376,0.2575144390330214,0.8135108566255528,0.5559964175925314,6,5.17,True,True,True,False,PASS,0.15794,True,1.0,0.14585,True,0.17364,True,0.33828,False
C3,1560_1249_1077_31,model,36,2,0.1935502093932673,0.13718051221430705,0.708759306664325,0.5715787944500179,4,9.0,True,True,True,False,PASS,0.13018,True,1.0,0.14079,True,0.16085,True,0.13018,True
C3,1560_1249_1077_31,user,36,2,0.10906520522630858,0.08353182993812192,0.7658888988912155,0.6823570689530936,5,7.2,True,True,True,False,PASS,0.15463,False,1.0,0.10907,False,0.12479,False,0.14473,False
C3,1561_1388_1273_46,model,28,2,0.12737680469416973,0.11650460739185253,0.9146453914555226,0.7981407840636701,7,4.0,True,True,True,False,PASS,0.19208,False,1.0,0.16962,False,0.16962,False,0.22919,False
C3,1561_1388_1273_46,user,28,2,0.4012876567399332,0.40088665648927935,0.9990007162096347,0.5981140597203554,6,4.67,True,True,True,False,PASS,0.13614,True,1.0,0.14387,True,0.14387,True,0.24646,True
C3,1562_495_769_10,model,30,2,-0.00477826703416282,-0.004756305544558748,0.9954038798068303,1.000160185351389,8,3.75,True,True,True,False,PASS,0.16417,False,1.0,0.1436,False,0.16528,False,0.07666,False
C3,1562_495_769_10,user,30,2,0.27889093384737834,0.23903673595085206,0.8570975494013862,0.6180608134505341,6,5.0,True,True,True,False,PASS,0.19195,True,1.0,0.2252,True,0.19584,True,0.11484,True
C3,1563_1028_753_12,model,39,2,-0.006972025854663773,-0.00680148902517308,0.9755398455132498,0.9823413345384229,8,4.88,True,True,True,False,PASS,0.09554,False,1.0,0.08748,False,0.11041,False,0.06056,False
C3,1563_1028_753_12,user,39,2,0.15466359448444553,0.15188905990963586,0.9820608425398474,0.8301717826302115,7,5.57,True,True,True,False,PASS,0.09852,True,1.0,0.09444,True,0.09444,True,0.09852,True
C3,1564_26_885_12,model,29,2,0.3191800118198435,0.27901042399255005,0.8741475457743683,0.5951371217818182,5,5.8,True,True,True,False,PASS,0.18501,True,1.0,0.1781,True,0.12299,True,0.28774,True
C3,1564_26_885_12,user,29,2,0.2960648270054187,0.302783415556082,1.0226929643031875,0.7199095487471054,5,5.8,True,True,True,False,PASS,0.14249,True,1.0,0.08651,True,0.09017,True,0.25529,True
C3,1565_1216_314_51,model,33,2,0.04051549389596575,0.035548262483060866,0.8773992136030832,0.8418509511200223,7,4.71,True,True,True,False,PASS,0.14985,False,1.0,0.15253,False,0.1342,False,0.13503,False
C3,1565_1216_314_51,user,33,2,0.13783313550817528,0.13922846487666396,1.0101233231279565,0.8708948582512925,8,4.12,True,True,True,False,PASS,0.12654,True,1.0,0.13783,False,0.12951,True,0.07428,True
C3,1566_1028_1159_51,model,31,2,-0.01372448038878138,-0.013086960463387975,0.9535487022215775,0.9666356626849655,8,3.88,True,True,True,False,PASS,0.14562,False,1.0,0.14562,False,0.13847,False,0.15496,False
C3,1566_1028_1159_51,user,31,2,0.024480087248117927,0.022738783526881634,0.9288685655574954,0.9061297820306138,8,3.88,True,True,True,False,PASS,0.14075,False,1.0,0.14014,False,0.15424,False,0.1801,False
C3,1567_1216_885_45,model,30,2,0.014188704992817224,0.014175471686105334,0.9990673351289925,0.9848918634428871,7,4.29,True,True,True,False,PASS,0.13763,False,1.0,0.08425,False,0.15175,False,0.05671,False
C3,1567_1216_885_45,user,30,2,0.19004456457281235,0.18623372947922,0.9799476764717874,0.7937139469925674,7,4.29,True,True,True,False,PASS,0.13864,True,1.0,0.12315,True,0.19004,False,0.1086,True
C3,1568_749_1028_23,model,24,2,0.17883040173071701,0.1886771333256405,1.0550618435099794,0.8663847101843389,7,3.43,True,True,True,False,PASS,0.17883,False,1.0,0.21424,False,0.17094,True,0.07925,True
C3,1568_749_1028_23,user,24,2,0.052222848502233,0.05423916941082285,1.0386099373438742,0.9843707679330513,7,3.43,True,True,True,False,PASS,0.18538,False,1.0,0.16675,False,0.17373,False,0.11988,False
C3,156_1354_1355_27,model,46,2,0.37327528157217227,0.36642638122720694,0.9816518781631643,0.6152254969359574,6,7.67,True,True,True,False,PASS,0.08426,True,1.0,0.08559,True,0.07722,True,0.13522,True
C3,156_1354_1355_27,user,46,2,0.0352316772038042,0.03489345912483566,0.9904001709310614,0.9555067118062257,6,7.67,True,True,True,False,PASS,0.08437,False,1.0,0.0598,False,0.07619,False,0.0753,False
C3,1570_918_1350_10,model,32,2,0.6390367112832905,0.5113476974649259,0.8001851668866659,0.28883746942173993,6,5.33,True,True,True,False,PASS,0.16254,True,1.0,0.15769,True,0.22674,True,0.16461,True
C3,1570_918_1350_10,user,32,2,0.04645998289980028,0.0383113292806565,0.8246091989160245,0.786297869635368,6,5.33,True,True,True,False,PASS,0.14645,False,1.0,0.14531,False,0.27443,False,0.13783,False
C3,1571_294_885_41,model,27,2,-0.05101927556233044,-0.04946781628719088,0.969590723152387,1.019058539439578,8,3.38,True,True,True,False,PASS,0.16364,False,1.0,0.187,False,0.15965,False,0.12453,False
C3,1571_294_885_41,user,27,2,0.17192736031309702,0.1582359607128324,0.9203652078684207,0.7621292471555883,7,3.86,True,True,True,False,PASS,0.17193,False,1.0,0.17193,False,0.18193,False,0.06107,True
C3,1572_749_459_20,model,26,2,0.022695938014158923,0.020323821766301875,0.8954827843477015,0.8751589625813996,7,3.71,True,True,True,False,PASS,0.20083,False,1.0,0.26219,False,0.20394,False,0.16091,False
C3,1572_749_459_20,user,26,2,0.24770030806016222,0.2409012947516812,0.9725514539657752,0.731650159214094,7,3.71,True,True,True,False,PASS,0.19926,True,1.0,0.1973,True,0.19345,True,0.04861,True
C3,1573_1028_41_20,model,38,2,0.0453230360369913,0.04226951719157912,0.9326276632721605,0.8903581460805814,6,6.33,True,True,True,False,PASS,0.10765,False,1.0,0.0901,False,0.04532,False,0.27857,False
C3,1573_1028_41_20,user,38,2,0.7158666320091424,0.628843405941223,0.8784365380689961,0.24959313212777312,6,6.33,True,True,True,False,PASS,0.13136,True,1.0,0.09485,True,0.13365,True,0.26284,True
C3,1574_330_576_20,model,34,2,-0.0017592144186378963,-0.0016954412351626313,0.9637490559424573,0.9654444971776199,8,4.25,True,True,True,False,PASS,0.14168,False,1.0,0.12883,False,0.11391,False,0.14168,False
C3,1574_330_576_20,user,34,2,0.2018650375213163,0.19761117386090032,0.9789271896082214,0.7813160157473211,7,4.86,True,True,True,False,PASS,0.1372,True,1.0,0.14277,True,0.13406,True,0.1479,True
C3,1575_1343_560_20,model,29,2,0.21397382720327518,0.20842033869177312,0.9740459448518148,0.7656256061600417,7,4.14,True,True,True,False,PASS,0.15699,True,1.0,0.14112,True,0.15676,True,0.19758,True
C3,1575_1343_560_20,user,29,2,0.026100792379041456,0.02669309672878395,1.0226929643031875,0.9959998675744035,7,4.14,True,True,True,False,PASS,0.13776,False,1.0,0.09017,False,0.15428,False,0.16403,False
C3,1576_917_918_44,model,27,2,0.14550333228148804,0.13602248826843077,0.9348410523360674,0.7988185640676366,7,3.86,True,True,True,False,PASS,0.15841,False,1.0,0.15656,False,0.17957,False,0.13146,True
C3,1576_917_918_44,user,27,2,0.23565564016574822,0.22435876957133727,0.9520619553749475,0.7277031858036103,7,3.86,True,True,True,False,PASS,0.16462,True,1.0,0.19368,True,0.1811,True,0.11499,True
C3,1577_549_329_49,model,25,2,0.04359312116052854,0.04346519888367406,0.9970655398501196,0.9536003409664455,8,3.12,True,True,True,False,PASS,0.18445,False,1.0,0.21967,False,0.20505,False,0.06054,False
C3,1577_549_329_49,user,25,2,-0.04748999323014839,-0.05012502663793539,1.05548607671972,1.1056111033576554,8,3.12,True,True,True,False,PASS,0.16701,False,1.0,0.16639,False,0.15801,False,0.00496,False
C3,1578_1012_1518_23,model,47,2,0.3642351167459396,0.3603691503775791,0.989386069078405,0.6290169187008259,6,7.83,True,True,True,False,PASS,0.07529,True,1.0,0.08929,True,0.10855,True,0.17714,True
C3,1578_1012_1518_23,user,47,2,0.25648454868447995,0.2373816918463264,0.9255204380297647,0.6881387461834383,7,6.71,True,True,True,False,PASS,0.08868,True,1.0,0.09456,True,0.055,True,0.12045,True
C3,1579_749_549_29,model,26,2,0.10657828653533002,0.11019878281793893,1.0339702992073225,0.9237715163893836,7,3.71,True,True,True,False,PASS,0.15796,False,1.0,0.20781,False,0.16968,False,0.21659,False
C3,1579_749_549_29,user,26,2,0.26276803914651203,0.25966969898689163,0.9882088393638586,0.728539140376967,7,3.71,True,True,True,False,PASS,0.16123,True,1.0,0.16522,True,0.16522,True,0.11897,True
C3,1581_1343_918_22,model,26,2,0.5458655787270312,0.4822228496308377,0.883409521361267,0.4011866717304293,5,5.2,True,True,True,False,PASS,0.17163,True,1.0,0.20015,True,0.20015,True,0.28654,True
C3,1581_1343_918_22,user,26,2,-0.01346906000191899,-0.013881851915533261,1.0306474181238674,1.0445292700394007,6,4.33,True,True,True,False,PASS,0.15469,False,1.0,0.13082,False,0.16635,False,0.30061,False
C3,1582_164_549_24,model,25,2,-0.006359552992666525,-0.00661570407487555,1.0402781583083598,1.0468938623832353,8,3.12,True,True,True,False,PASS,0.15289,False,1.0,0.20805,False,0.16973,False,0.20805,False
C3,1582_164_549_24,user,25,2,-0.011045290109796933,-0.010561753271904006,0.9562223506049841,0.9667841038768881,8,3.12,True,True,True,False,PASS,0.17013,False,1.0,0.17013,False,0.18391,False,0.07698,False
C3,1583_329_330_39,model,39,2,-0.034760427873389524,-0.034565173290341145,0.9943828486876063,1.0289480219779474,8,4.88,True,True,True,False,PASS,0.09402,False,1.0,0.10436,False,0.12938,False,0.07625,False
C3,1583_329_330_39,user,39,2,0.07452296760393795,0.06365285587879566,0.8541374280354357,0.79048457215664,8,4.88,True,True,True,False,PASS,0.14179,False,1.0,0.14636,False,0.13758,False,0.2071,False
C3,1584_917_605_50,model,24,2,0.05768503743714506,0.04971999030695351,0.861921782769571,0.8122017924626175,7,3.43,True,True,True,False,PASS,0.19721,False,1.0,0.19721,False,0.19721,False,0.30052,False
C3,1584_917_605_50,user,24,2,0.05939040427985968,0.05412483763337861,0.9113397743233292,0.8572149366899506,7,3.43,True,True,True,False,PASS,0.19768,False,1.0,0.21197,False,0.18381,False,0.53647,False
C3,1585_75_918_41,model,37,2,0.030405228986982363,0.03077747754119531,1.0122429123744576,0.9814654348332623,8,4.62,True,True,True,False,PASS,0.10526,False,1.0,0.11052,False,0.10061,False,0.17175,False
C3,1585_75_918_41,user,37,2,0.0739436252665803,0.07052203225362963,0.9537270048551826,0.883204972601553,8,4.62,True,True,True,False,PASS,0.1101,False,1.0,0.13192,False,0.11229,False,0.13267,False
C3,1586_1343_1335_50,model,26,2,0.11769994910616755,0.11899340396603031,1.0109894258212129,0.8919960218551826,8,3.25,True,True,True,False,PASS,0.18271,False,1.0,0.13276,False,0.18278,False,0.17381,False
C3,1586_1343_1335_50,user,26,2,0.26127174213524196,0.25751594547657297,0.9856249411896796,0.7281089957131066,7,3.71,True,True,True,False,PASS,0.19301,True,1.0,0.19672,True,0.18712,True,0.24978,True
C3,1587_549_550_41,model,29,2,-0.045789469821240325,-0.042552966448421436,0.9293177364696725,0.971870702918094,8,3.62,True,True,True,False,PASS,0.17119,False,1.0,0.16793,False,0.18576,False,0.02767,False
C3,1587_549_550_41,user,29,2,0.010379725343785017,0.009771552364509883,0.9414076038496255,0.9316360514851156,8,3.62,True,True,True,False,PASS,0.16184,False,1.0,0.14349,False,0.16057,False,0.08528,False
C3,1588_917_647_41,model,26,2,0.42252050038955735,0.3766613040184431,0.8914627897845601,0.514801485766117,6,4.33,True,True,True,False,PASS,0.18773,True,1.0,0.23772,True,0.20036,True,0.31276,True
C3,1588_917_647_41,user,26,2,0.1811439229444356,0.1600242662658461,0.883409521361267,0.723385255095421,6,4.33,True,True,True,False,PASS,0.19426,False,1.0,0.24895,False,0.29831,False,0.23738,False
C3,1589_25_790_6,model,26,2,0.2589561220381049,0.24040396130196717,0.9283578986659068,0.6879539373639396,6,4.33,True,True,True,False,PASS,0.21206,True,1.0,0.15035,True,0.18599,True,0.31216,False
C3,1589_25_790_6,user,26,2,0.12080208827203774,0.12198891746711182,1.0098245751547061,0.8878356576875943,7,3.71,True,True,True,False,PASS,0.16325,False,1.0,0.1837,False,0.22076,False,0.10064,True
C3,158_127_1014_27,model,33,2,0.009153390749913606,0.007406596023558865,0.8091641912729194,0.8017575952493605,7,4.71,True,True,True,False,PASS,0.18321,False,1.0,0.10257,False,0.20169,False,0.18956,False
C3,158_127_1014_27,user,33,2,0.30251111661488833,0.2794833903725086,0.9238780825641685,0.6443946921916599,7,4.71,True,True,True,False,PASS,0.15923,True,1.0,0.11962,True,0.14152,True,0.15923,True
C3,1590_329_550_34,model,29,2,0.2617525188593078,0.2055314381941028,0.785212838026503,0.5796813998324002,5,5.8,True,True,True,False,PASS,0.23756,True,1.0,0.04445,True,0.23756,True,0.25647,True
C3,1590_329_550_34,user,29,2,0.2136930047947051,0.21427032921971967,1.0027016533628192,0.7884313241430996,5,5.8,True,True,True,False,PASS,0.16218,True,1.0,0.03735,True,0.09653,True,0.1676,True
C3,1591_1343_458_48,model,38,2,0.20722205018763362,0.1955500292467014,0.9436738468210137,0.7481238175743123,7,5.43,True,True,True,False,PASS,0.12249,True,1.0,0.12346,True,0.12346,True,0.06604,True
C3,1591_1343_458_48,user,38,2,0.051898334171780296,0.047682782757141995,0.9187728954712673,0.8710901127141253,7,5.43,True,True,True,False,PASS,0.1291,False,1.0,0.05588,False,0.17076,False,0.09549,False
C3,1592_626_647_40,model,30,2,0.6282362726601699,0.48375319396314054,0.7700179295836613,0.2862647356205208,6,5.0,True,True,True,False,PASS,0.20323,True,1.0,0.27853,True,0.18677,True,0.04404,True
C3,1592_626_647_40,user,30,2,0.06731416896358562,0.06143037987918465,0.9125921158206101,0.8511617359414254,6,5.0,True,True,True,False,PASS,0.15097,False,1.0,0.1534,False,0.16902,False,0.15271,False
C3,1593_25_75_36,model,35,2,0.021949969310820404,0.02147321857343265,0.9782801182709292,0.9568068996974965,8,4.38,True,True,True,False,PASS,0.1162,False,1.0,0.10139,False,0.11047,False,0.17186,False
C3,1593_25_75_36,user,35,2,-0.029371463088192818,-0.027587724212922327,0.9392696621916821,0.9668573864046044,8,4.38,True,True,True,False,PASS,0.13668,False,1.0,0.14171,False,0.12547,False,0.18292,False
C3,1594_790_834_40,model,34,2,-0.0028132397601605096,-0.002900238742263639,1.0309248373832758,1.0338250761255394,8,4.25,True,True,True,False,PASS,0.09328,False,1.0,0.09328,False,0.08578,False,0.02986,False
C3,1594_790_834_40,user,34,2,-0.037719599550702185,-0.038847128494663874,1.0298923890336131,1.068739517528277,8,4.25,True,True,True,False,PASS,0.10304,False,1.0,0.10756,False,0.08952,False,0.13329,False
C3,1595_329_436_40,model,31,2,-0.024314123625643638,-0.024439015425439026,1.005136594751195,1.029575610176634,8,3.88,True,True,True,False,PASS,0.10948,False,1.0,0.13891,False,0.12661,False,0.15476,False
C3,1595_329_436_40,user,31,2,0.12374016443833906,0.1285850311665746,1.0391535501041764,0.9105685189376018,8,3.88,True,True,True,False,PASS,0.11571,True,1.0,0.11184,True,0.10235,True,0.06287,True
C3,1596_1393_1241_16,model,43,2,-0.0014712407395481358,-0.0011594685599600751,0.7880889434289213,0.7892484119888814,8,5.38,True,True,True,False,PASS,0.13188,False,1.0,0.11727,False,0.11714,False,0.1316,False
C3,1596_1393_1241_16,user,43,2,0.005905063248229657,0.005828683569317761,0.9870653919016372,0.9812367083323195,8,5.38,True,True,True,False,PASS,0.09392,False,1.0,0.09006,False,0.10932,False,0.11718,False
C3,1597_550_980_40,model,25,2,0.39968237717059085,0.38849723161753724,0.9720149143621621,0.5835176827446249,6,4.17,True,True,True,False,PASS,0.17384,True,1.0,0.16861,True,0.1924,True,-0.02913,True
C3,1597_550_980_40,user,25,2,-0.015136642016059432,-0.01481012365450285,0.9784286130827327,0.9932387367372355,6,4.17,True,True,True,False,PASS,0.17945,False,1.0,0.12935,False,0.16695,False,-0.00035,False
C3,1598_790_179_54,model,33,2,0.2490364810826838,0.2517365103965368,1.0108419027690827,0.7591053923725459,7,4.71,True,True,True,False,PASS,0.10698,True,1.0,0.10499,True,0.12488,True,0.054,True
C3,1598_790_179_54,user,33,2,0.05294977127774996,0.05220819602207816,0.9859947410956349,0.9337865450735567,7,4.71,True,True,True,False,PASS,0.13442,False,1.0,0.10242,False,0.15285,False,0.06763,False
C3,159_47_926_23,model,27,2,0.03340700118734473,0.034354001869392636,1.0283473717601044,0.9939933698907117,7,3.86,True,True,True,False,PASS,0.15563,False,1.0,0.10904,False,0.10904,False,0.28094,False
C3,159_47_926_23,user,27,2,0.21988927442457665,0.20005733438743556,0.9098094252707921,0.7097520908833566,7,3.86,True,True,True,False,PASS,0.20505,True,1.0,0.21989,False,0.22253,False,0.38619,False
C3,15_475_440_0,model,30,2,0.2256816025625478,0.2186742867901923,0.968950434183427,0.7502761473932347,7,4.29,True,True,True,False,PASS,0.17906,True,1.0,0.18717,True,0.18531,True,0.10883,True
C3,15_475_440_0,user,30,2,-0.03669952259471199,-0.038344511664893055,1.0448231735422653,1.0831676852071583,8,3.75,True,True,True,False,PASS,0.12943,False,1.0,0.15223,False,0.13381,False,0.08247,False
C3,1600_80_25_26,model,36,2,0.08364750194838627,0.07740952032296256,0.9254253685988998,0.8480158482759372,7,5.14,True,True,True,False,PASS,0.13361,False,1.0,0.1524,False,0.11255,False,0.07119,True
C3,1600_80_25_26,user,36,2,0.04414668215348496,0.037728254374222114,0.8546113214816944,0.8168830671074723,7,5.14,True,True,True,False,PASS,0.11292,False,1.0,0.12265,False,0.09557,False,0.08466,False
C3,1601_892_283_46,model,31,2,0.051075656880471186,0.05248929113394518,1.0276772603587307,0.9751879692247856,6,5.17,True,True,True,False,PASS,0.13616,False,1.0,0.05108,False,0.10805,False,0.1725,False
C3,1601_892_283_46,user,31,2,0.43549898854151603,0.31057565110288465,0.7131489607886369,0.4025733096857522,5,6.2,True,True,True,False,PASS,0.09803,True,1.0,0.1246,True,0.09215,True,0.09215,True
C3,1602_319_790_39,model,26,2,0.022648688064830544,0.02278062963304328,1.0058255722289549,0.9830449425959116,8,3.25,True,True,True,False,PASS,0.16321,False,1.0,0.22193,False,0.196,False,0.16321,False
C3,1602_319_790_39,user,26,2,-0.03275807697994651,-0.03394402807802277,1.0362033186136739,1.0701473466916966,8,3.25,True,True,True,False,PASS,0.15921,False,1.0,0.15602,False,0.15602,False,0.08468,False
C3,1603_1002_1189_19,model,29,2,0.16793650433774587,0.15090225287517,0.8985673095331472,0.7476650566579772,8,3.62,True,True,True,False,PASS,0.19943,False,1.0,0.20511,False,0.17231,False,0.2737,False
C3,1603_1002_1189_19,user,29,2,0.07363202163674269,0.07043168830589985,0.9565361202951698,0.8861044319892699,7,4.14,True,True,True,False,PASS,0.15566,False,1.0,0.19248,False,0.20694,False,0.30504,False
C3,1604_757_283_19,model,30,2,0.04243282783704016,0.04182816098225994,0.9857500221973801,0.9439218612151201,7,4.29,True,True,True,False,PASS,0.15115,False,1.0,0.17569,False,0.13847,False,0.05497,False
C3,1604_757_283_19,user,30,2,0.19256405448103311,0.19167900694175422,0.9954038798068303,0.8037248728650761,8,3.75,True,True,True,False,PASS,0.13939,True,1.0,0.13939,True,0.13946,True,0.02525,True
C3,1605_107_108_59,model,33,2,0.1362166940916936,0.12104461606561867,0.8886180719092924,0.7675734558436738,6,5.5,True,True,True,False,PASS,0.14881,False,1.0,0.13622,False,0.17814,False,0.31464,False
C3,1605_107_108_59,user,33,2,0.6051904436469777,0.5377831651715066,0.8886180719092924,0.35083490673778583,6,5.5,True,True,True,False,PASS,0.15792,True,1.0,0.12635,True,0.1997,True,0.23229,True
C3,1606_251_252_29,model,25,2,0.2623105176511677,0.26232638802723574,1.00006050224829,0.7377341142210543,7,3.57,True,True,True,False,PASS,0.17173,True,1.0,0.1903,True,0.18465,True,0.1472,True
C3,1606_251_252_29,user,25,2,0.10055139957456581,0.10460142476475731,1.0402781583083598,0.9356767335436025,7,3.57,True,True,True,False,PASS,0.19154,False,1.0,0.21448,False,0.17778,False,0.02911,True
C3,1607_366_795_45,model,29,2,-0.04429364701392961,-0.044309419303764086,1.0003560846960629,1.044665503999827,8,3.62,True,True,True,False,PASS,0.14084,False,1.0,0.15225,False,0.14248,False,0.16505,False
C3,1607_366_795_45,user,29,2,-0.031202518468167236,-0.032285949484098575,1.0347225502658273,1.0670084997499258,8,3.62,True,True,True,False,PASS,0.11564,False,1.0,0.15241,False,0.1195,False,0.11564,False
C3,1608_561_342_50,model,30,2,0.004195724208517581,0.004343284958773896,1.035169315932815,1.0308260309740411,7,4.29,True,True,True,False,PASS,0.1396,False,1.0,0.114,False,0.11191,False,0.10989,False
C3,1608_561_342_50,user,30,2,0.1467243773383359,0.1358940262850652,0.9261857419350521,0.7902917156499869,7,4.29,True,True,True,False,PASS,0.14928,False,1.0,0.13996,True,0.14928,False,0.17005,False
C3,1609_1229_833_7,model,27,2,0.31622455878721817,0.2956196993111516,0.9348410523360674,0.6392213530249158,6,4.5,True,True,True,False,PASS,0.17958,True,1.0,0.10184,True,0.15678,True,0.08252,True
C3,1609_1229_833_7,user,27,2,0.1438958205592813,0.14734916790398955,1.0239989412568489,0.8766497733528593,6,4.5,True,True,True,False,PASS,0.15943,False,1.0,0.05383,True,0.12659,True,0.09509,True
C3,160_844_247_34,model,26,2,0.13695272201905334,0.13829909386925432,1.009830924353688,0.8715318304844337,8,3.25,True,True,True,False,PASS,0.16052,False,1.0,0.14416,False,0.15302,False,0.15302,False
C3,160_844_247_34,user,26,2,-0.037865511074456855,-0.03923636823635501,1.0362033186136739,1.0754396868500289,8,3.25,True,True,True,False,PASS,0.16252,False,1.0,0.16911,False,0.16918,False,0.08468,False
C3,1611_626_251_60,model,28,2,0.23711611686581466,0.15615946062057728,0.6585780109959746,0.5024185503753973,6,4.67,True,True,True,False,PASS,0.15516,True,0.857,0.08098,True,0.12882,True,0.25022,False
C3,1611_626_251_60,user,28,2,0.29711087122491775,0.26494137624487757,0.8917256213230671,0.6267842450781895,6,4.67,True,True,True,False,PASS,0.18314,True,1.0,0.17953,True,0.14736,True,0.18981,True
C3,1612_1485_1197_2,model,30,2,-0.054151321101911475,-0.047750060718422915,0.8817893958405643,0.9295394565589872,8,3.75,True,True,True,False,PASS,0.16669,False,1.0,0.12341,False,0.16033,False,0.19523,False
C3,1612_1485_1197_2,user,30,2,0.17439653906997507,0.12901740731749367,0.7397933927216673,0.6107759854041737,6,5.0,True,True,True,False,PASS,0.09731,True,1.0,0.04076,True,0.26045,False,0.09731,True
C3,1613_9_436_58,model,30,2,0.42243173238792514,0.4402004160176256,1.042062852450164,0.6018624364325385,6,5.0,True,True,True,False,PASS,0.10191,True,1.0,0.17482,True,0.14668,True,0.0466,True
C3,1613_9_436_58,user,30,2,0.12016184319635853,0.11165744554827417,0.9292254727302478,0.8175680271819736,7,4.29,True,True,True,False,PASS,0.15943,False,1.0,0.17718,False,0.15686,False,0.19185,False
C3,1614_251_725_2,model,30,2,0.19242524835615715,0.18250563150149812,0.9484495047328771,0.765943873231379,7,4.29,True,True,True,False,PASS,0.14705,True,1.0,0.16457,True,0.147,True,0.16457,True
C3,1614_251_725_2,user,30,2,0.030095507813338633,0.02854406948024546,0.9484495047328771,0.9199054352526317,7,4.29,True,True,True,False,PASS,0.14869,False,1.0,0.15968,False,0.15968,False,0.09271,False
C3,1615_375_516_49,model,30,2,0.022237741878577664,0.022766732606126938,1.0237879695896133,1.0010212369834863,8,3.75,True,True,True,False,PASS,0.14008,False,1.0,0.12926,False,0.12162,False,0.13828,False
C3,1615_375_516_49,user,30,2,-0.004980300454226039,-0.005129097586572096,1.0298771396853768,1.0350062372719488,8,3.75,True,True,True,False,PASS,0.12996,False,1.0,0.12663,False,0.11292,False,0.13441,False
C3,1616_1399_89_0,model,31,2,0.10259787701549,0.10279112003293456,1.0018834991821066,0.8990923791491721,7,4.43,True,True,True,False,PASS,0.16206,False,1.0,0.12979,False,0.16494,False,0.16871,False
C3,1616_1399_89_0,user,31,2,0.2571476957449756,0.22359584420766554,0.8695230325120826,0.6459271883044171,8,3.88,True,True,True,False,PASS,0.15681,True,1.0,0.17564,True,0.16777,True,0.15681,True
C3,1617_521_1348_2,model,41,2,0.5561371271433068,0.46165987666765274,0.8301187857013745,0.3684589090337218,6,6.83,True,True,True,False,PASS,0.12674,True,1.0,0.08601,True,0.10857,True,0.08008,True
C3,1617_521_1348_2,user,41,2,0.03546214063491852,0.02943778912222994,0.8301187857013748,0.8006809965791448,7,5.86,True,True,True,False,PASS,0.12416,False,1.0,0.05565,False,0.11942,False,0.12003,False
C3,1618_545_110_57,model,31,2,0.1800935592954573,0.16489634000484132,0.9156148651286091,0.7507185251237678,7,4.43,True,True,True,False,PASS,0.15392,True,1.0,0.11758,True,0.152,True,0.14678,True
C3,1618_545_110_57,user,31,2,0.25193171144435417,0.23049622026067573,0.914915470304289,0.6844192500436133,7,4.43,True,True,True,False,PASS,0.14665,True,1.0,0.14736,True,0.15467,True,0.14598,True
C3,1619_1205_428_57,model,24,2,0.022991194525559536,0.015824993321681746,0.6883067038595557,0.672481710537874,6,4.0,True,True,True,False,PASS,0.13573,False,1.0,0.24454,False,0.24454,False,-0.02465,True
C3,1619_1205_428_57,user,24,2,0.102191376631032,0.10781822221915927,1.0550618435099794,0.9472436212908202,7,3.43,True,True,True,False,PASS,0.23319,False,1.0,0.23068,False,0.23051,False,0.0959,True
C3,1620_251_516_57,model,37,2,0.1300163793680221,0.12298052907342572,0.9458848928973723,0.8229043638239466,7,5.29,True,True,True,False,PASS,0.12145,True,1.0,0.11148,True,0.10212,True,0.14959,False
C3,1620_251_516_57,user,37,2,0.0499857658198562,0.05109254553763121,1.0221418977907377,0.9710493522531065,7,5.29,True,True,True,False,PASS,0.11222,False,1.0,0.0998,False,0.10708,False,0.23518,False
C3,1621_428_1002_2,model,25,2,0.22153980686184133,0.20986541412603743,0.9473034083527734,0.737437994226736,8,3.12,True,True,True,False,PASS,0.19357,True,1.0,0.20644,True,0.20644,True,0.36828,False
C3,1621_428_1002_2,user,25,2,0.25496132078800166,0.2662211823418765,1.044163018606408,0.7779418362645314,6,4.17,True,True,True,False,PASS,0.17702,True,1.0,0.16468,True,0.19293,True,0.37479,False
C3,1622_1014_107_12,model,24,2,0.40909714582523726,0.411429290871967,1.0057007120937627,0.5942714212217957,5,4.8,True,True,True,False,PASS,0.19454,True,1.0,0.12487,True,0.16297,True,0.40418,True
C3,1622_1014_107_12,user,24,2,0.3901874249339851,0.37249877727836245,0.954666279522936,0.5821675022445736,5,4.8,True,True,True,False,PASS,0.21629,True,1.0,0.12396,True,0.19582,True,0.4193,False
C3,1623_1399_110_12,model,34,2,0.09255436482917039,0.08231454887924117,0.889364310707236,0.8070497618279948,7,4.86,True,True,True,False,PASS,0.1523,False,1.0,0.15744,False,0.14579,False,0.14402,False
C3,1623_1399_110_12,user,34,2,0.2659189773277008,0.24318781497091257,0.9145184650406659,0.6713306500697533,7,4.86,True,True,True,False,PASS,0.14524,True,1.0,0.15378,True,0.14834,True,0.20753,True
C3,1624_399_725_10,model,28,2,0.224331601967476,0.23423335007349055,1.0441388909060174,0.8099055408325269,7,4.0,True,True,True,False,PASS,0.11762,True,1.0,0.10058,True,0.15134,True,0.29067,False
C3,1624_399_725_10,user,28,2,-0.031308162326907835,-0.03148884332931878,1.0057710510289408,1.0372598943582596,8,3.5,True,True,True,False,PASS,0.14526,False,1.0,0.14636,False,0.15931,False,0.24183,False
C3,1625_516_978_12,model,28,2,0.004563071507014662,0.004764480422459139,1.0441388909060174,1.0393744104835583,6,4.67,True,True,True,False,PASS,0.15561,False,1.0,0.09879,False,0.0924,False,0.17506,False
C3,1625_516_978_12,user,28,2,0.40047196704313903,0.38065262575734204,0.9505100408597088,0.5698574151023668,6,4.67,True,True,True,False,PASS,0.15053,True,1.0,0.14879,True,0.15053,True,0.2009,True
C3,1626_1448_1449_12,model,25,2,0.04320445133292288,0.038776791737266,0.8975184394418431,0.8587416477045771,7,3.57,True,True,True,False,PASS,0.20497,False,1.0,0.16383,False,0.18454,False,0.15353,False
C3,1626_1448_1449_12,user,25,2,0.05784274661636422,0.05556111410356035,0.9605545613534476,0.9049934472498873,8,3.12,True,True,True,False,PASS,0.19897,False,1.0,0.19897,False,0.25082,False,0.12618,False
C3,1628_516_256_2,model,33,2,0.007216782218729536,0.007115709315299812,0.9859947410956351,0.9788790317803353,6,5.5,True,True,True,False,PASS,0.12094,False,1.0,0.08495,False,0.05669,False,0.06255,False
C3,1628_516_256_2,user,33,2,0.4837907004498262,0.41167973744284714,0.8509459505113872,0.4392662130685401,5,6.6,True,True,True,False,PASS,0.16384,True,1.0,0.16384,True,0.15984,True,0.11791,True
C3,1629_184_185_2,model,36,2,0.057147736669393275,0.056076911619229675,0.9812621616782751,0.9251852500590454,7,5.14,True,True,True,False,PASS,0.13113,False,1.0,0.0818,False,0.0818,False,0.15929,False
C3,1629_184_185_2,user,36,2,0.35878949927980097,0.28929602014964284,0.8063112792608129,0.5170152591111701,6,6.0,True,True,True,False,PASS,0.17735,True,1.0,0.16689,True,0.17296,True,0.23579,True
C3,162_203_247_23,model,25,2,0.27140918392014113,0.2864686147215707,1.05548607671972,0.7690174619981494,7,3.57,True,True,True,False,PASS,0.17325,True,1.0,0.21199,True,0.18241,True,0.11225,True
C3,162_203_247_23,user,25,2,-0.05336585987074298,-0.05471777426635693,1.0253329450492958,1.0800507193156528,8,3.12,True,True,True,False,PASS,0.18329,False,1.0,0.15161,False,0.19525,False,0.17975,False
C3,1630_1213_761_1,model,29,2,0.4726130256830594,0.46508098302972156,0.984062981246757,0.5189819982170354,7,4.14,True,True,True,False,PASS,0.15556,True,1.0,0.1638,True,0.13791,True,0.05819,True
C3,1630_1213_761_1,user,29,2,0.03139303561305798,0.03152777193752776,1.0042919176765988,0.972764145739071,7,4.14,True,True,True,False,PASS,0.14634,False,1.0,0.15562,False,0.14698,False,0.04991,False
C3,1631_257_258_21,model,30,2,-0.007528325281178376,-0.007768937693373168,1.0319609479144516,1.0397298856078248,8,3.75,True,True,True,False,PASS,0.10647,False,1.0,0.1051,False,0.11373,False,0.17155,False
C3,1631_257_258_21,user,30,2,0.015150131412634788,0.0158786987278956,1.048089834696299,1.0322111359684034,8,3.75,True,True,True,False,PASS,0.09375,False,1.0,0.11969,False,0.14787,False,0.09375,False
C3,1632_626_347_2,model,37,2,0.09453179346236357,0.08639401931447244,0.9139149501999974,0.8275209308855249,7,5.29,True,True,True,False,PASS,0.12391,False,1.0,0.13679,False,0.15146,False,0.02546,True
C3,1632_626_347_2,user,37,2,0.004759403081880217,0.004479701523117052,0.9412317986202867,0.9367520970971697,8,4.62,True,True,True,False,PASS,0.10777,False,1.0,0.08487,False,0.14968,False,0.1368,False
C3,1634_428_761_10,model,27,2,0.09775763572285258,0.0980311633159392,1.002798017679786,0.9047668543638467,7,3.86,True,True,True,False,PASS,0.16103,False,1.0,0.15197,False,0.20551,False,0.03691,True
C3,1634_428_761_10,user,27,2,0.02757947331525828,0.02578242385691054,0.9348410523360674,0.9090586284791569,7,3.86,True,True,True,False,PASS,0.17059,False,1.0,0.10184,False,0.13255,False,0.32969,False
C3,1635_1213_790_29,model,27,2,0.5911611254771836,0.5163134588942438,0.8733887203382616,0.3570752614440178,5,5.4,True,True,True,False,PASS,0.23647,True,1.0,0.25757,True,0.24602,True,0.05736,True
C3,1635_1213_790_29,user,27,2,0.00257795968675729,0.0026398279898423027,1.0239989412568489,1.0213591132670066,6,4.5,True,True,True,False,PASS,0.16116,False,1.0,0.17696,False,0.20304,False,0.04728,False
C3,1636_428_184_7,model,27,2,0.030787913044215836,0.028366136301865574,0.9213400161656867,0.8929738798638212,7,3.86,True,True,True,False,PASS,0.19552,False,1.0,0.17053,False,0.19313,False,0.19209,False
C3,1636_428_184_7,user,27,2,0.27617883784495806,0.2581833154039327,0.9348410523360674,0.6766577369321347,7,3.86,True,True,True,False,PASS,0.20376,True,1.0,0.22948,True,0.27251,True,0.22948,True
C3,1638_1213_1097_38,model,36,2,-0.01198964915666059,-0.012276637039059235,1.0239363036106202,1.0362129406496794,8,4.5,True,True,True,False,PASS,0.09485,False,1.0,0.10734,False,0.10734,False,0.14254,False
C3,1638_1213_1097_38,user,36,2,0.10455278961619052,0.10779791842299247,1.0310381848128078,0.9232402663898154,8,4.5,True,True,True,False,PASS,0.09793,True,1.0,0.10124,True,0.08859,True,0.18826,False
C3,1639_184_166_38,model,32,2,0.1488695074022714,0.1397531837333198,0.9387629889557053,0.7990098052223855,7,4.57,True,True,True,False,PASS,0.1517,False,1.0,0.14887,False,0.12625,True,0.1935,False
C3,1639_184_166_38,user,32,2,0.07988964881342844,0.07535882045023745,0.9432864153180579,0.8679275948678205,7,4.57,True,True,True,False,PASS,0.14179,False,1.0,0.08789,False,0.11365,False,0.16852,False
C3,163_47_1035_42,model,27,2,0.40741118713075686,0.35412122307700844,0.8691985744695684,0.51507735139256,6,4.5,True,True,True,False,PASS,0.17591,True,1.0,0.1583,True,0.19046,True,0.2445,True
C3,163_47_1035_42,user,27,2,-0.022776735078636957,-0.023394207985695914,1.027109807657995,1.050504015643691,6,4.5,True,True,True,False,PASS,0.16265,False,1.0,0.07656,False,0.09017,False,0.23726,False
C3,1641_486_487_38,model,28,2,0.008854606113840069,0.009253659675058756,1.04506734191089,1.0358136822358313,6,4.67,True,True,True,False,PASS,0.16453,False,1.0,0.11887,False,0.11887,False,0.11412,False
C3,1641_486_487_38,user,28,2,0.40065493673856145,0.34289561786110323,0.855837745697995,0.5129421278368917,6,4.67,True,True,True,False,PASS,0.22999,True,1.0,0.2589,True,0.22999,True,0.13917,True
C3,1642_1160_540_32,model,28,2,0.048998438791978405,0.04201897578036562,0.8575574409371712,0.8155384651568056,6,4.67,True,True,True,False,PASS,0.20249,False,1.0,0.049,False,0.20792,False,0.07616,False
C3,1642_1160_540_32,user,28,2,0.1746861378526104,0.15577210481314596,0.8917256213230671,0.7359535165099211,6,4.67,True,True,True,False,PASS,0.19432,False,1.0,0.19432,False,0.17469,False,0.10993,True
C3,1643_712_1164_27,model,28,2,0.07282714174299494,0.07630990835957308,1.0478223713470554,0.9715124629874823,7,4.0,True,True,True,False,PASS,0.13083,False,1.0,0.11186,False,0.15607,False,0.2752,False
C3,1643_712_1164_27,user,28,2,0.26770117245883807,0.22910876795788215,0.855837745697995,0.6267289777401128,6,4.67,True,True,True,False,PASS,0.23228,True,1.0,0.21574,True,0.18787,True,0.36854,False
C3,1644_175_478_38,model,29,2,0.4031041138630225,0.41987244505502486,1.0415980155382398,0.621725570483215,6,4.83,True,True,True,False,PASS,0.15532,True,1.0,0.13468,True,0.13468,True,0.08331,True
C3,1644_175_478_38,user,29,2,-0.025565312597563724,-0.02226779702866777,0.8710160278184826,0.8932838248471504,6,4.83,True,True,True,False,PASS,0.18472,False,1.0,0.1002,False,0.1574,False,0.18168,False
C3,1645_1213_753_27,model,31,2,0.2830879419818806,0.29086821996635037,1.027483607849916,0.7366153878835657,7,4.43,True,True,True,False,PASS,0.11663,True,1.0,0.1059,True,0.131,True,0.1615,True
C3,1645_1213_753_27,user,31,2,-0.0352651622592788,-0.036645918556729384,1.0391535501041764,1.0757994686609058,8,3.88,True,True,True,False,PASS,0.11141,False,1.0,0.1232,False,0.1627,False,0.01982,False
C3,1646_254_571_56,model,29,2,0.4817228258517945,0.4692201650634975,0.9740459448518151,0.5048257797883176,6,4.83,True,True,True,False,PASS,0.15699,True,1.0,0.17741,True,0.15024,True,0.15674,True
C3,1646_254_571_56,user,29,2,0.13316349998095744,0.1256131207354183,0.9432999339412163,0.817686813205798,7,4.14,True,True,True,False,PASS,0.14828,False,1.0,0.16244,False,0.15548,False,0.15769,False
C3,1648_907_649_23,model,37,2,0.041520614425406124,0.03419548170547537,0.8235784122826332,0.7893829305771578,7,5.29,True,True,True,False,PASS,0.15889,False,1.0,0.12506,False,0.15836,False,0.19457,False
C3,1648_907_649_23,user,37,2,-0.04144862567120093,-0.034603021860001415,0.8348412353764497,0.8694442572364511,8,4.62,True,True,True,False,PASS,0.15267,False,1.0,0.16425,False,0.14323,False,0.15062,False
C3,1649_390_480_30,model,30,2,-0.01309127691113398,-0.012566076141889981,0.9598816240150476,0.9724477001569376,6,5.0,True,True,True,False,PASS,0.16749,False,1.0,0.05581,False,0.11416,False,0.19135,False
C3,1649_390_480_30,user,30,2,0.364520951206844,0.3214307093359108,0.8817893958405643,0.5603586865046535,6,5.0,True,True,True,False,PASS,0.17998,True,1.0,0.18789,True,0.18789,True,0.18604,True
C3,1650_432_1413_30,model,35,2,0.3453888913676662,0.280234000852185,0.8113578863017806,0.5311238854495957,7,5.0,True,True,True,False,PASS,0.12809,True,1.0,0.12341,True,0.31395,True,0.05685,True
C3,1650_432_1413_30,user,35,2,0.09570617429320788,0.07964237132987884,0.832154998546744,0.7525126272168652,7,5.0,True,True,True,False,PASS,0.11564,False,1.0,0.14803,False,0.16196,False,0.06667,True
C3,1651_1331_1067_30,model,24,2,0.20820720670033085,0.2030704270486916,0.9753285213655811,0.7722580943168895,6,4.0,True,True,True,False,PASS,0.1825,True,1.0,0.16829,True,0.16829,True,0.10877,True
C3,1651_1331_1067_30,user,24,2,0.38910836637676416,0.27475768620750207,0.7061212504011309,0.43136356419362887,6,4.0,True,True,True,False,PASS,0.20779,True,0.833,0.14464,True,0.14464,True,0.00404,True
C3,1652_462_665_51,model,32,2,-0.003657968179851411,-0.0035592057224875795,0.9730007336018316,0.9765599393243192,8,4.0,True,True,True,False,PASS,0.13022,False,1.0,0.12988,False,0.12087,False,0.20558,False
C3,1652_462_665_51,user,32,2,-0.02359349007045808,-0.02452387396885003,1.0394339241720285,1.0639577981408785,8,4.0,True,True,True,False,PASS,0.0827,False,1.0,0.08123,False,0.10636,False,0.08115,False
C3,1653_834_545_40,model,27,2,0.2458655804998606,0.22652579791232752,0.9213400161656867,0.6948142182533592,7,3.86,True,True,True,False,PASS,0.18221,True,1.0,0.19848,True,0.19686,True,0.17314,True
C3,1653_834_545_40,user,27,2,0.10809542248524963,0.1121267970586477,1.037294591026259,0.9251677939676113,7,3.86,True,True,True,False,PASS,0.14966,False,1.0,0.1081,False,0.15173,False,0.0022,True
C3,1654_895_1321_17,model,30,2,0.1633204437394875,0.16231690938369714,0.9938554272030322,0.8315385178193351,8,3.75,True,True,True,False,PASS,0.16088,True,1.0,0.10603,True,0.12229,True,0.17873,False
C3,1654_895_1321_17,user,30,2,-0.03819543990198618,-0.03547464467898753,0.9287664907124904,0.9642411353914779,8,3.75,True,True,True,False,PASS,0.15849,False,1.0,0.17361,False,0.13892,False,0.11589,False
C3,1656_335_628_34,model,24,2,0.06833316487928608,0.0716137290422798,1.0480083743931516,0.9763946453508718,8,3.0,True,True,True,False,PASS,0.17228,False,1.0,0.21942,False,0.21942,False,0.29003,False
C3,1656_335_628_34,user,24,2,-0.0539199049595542,-0.05661841674094181,1.0500466716959496,1.1066650884368914,8,3.0,True,True,True,False,PASS,0.19029,False,1.0,0.19334,False,0.19334,False,0.19821,False
C3,1658_233_234_6,model,34,2,0.4843449560867046,0.4303847534241527,0.8885913810303163,0.4582066276061636,5,6.8,True,True,True,False,PASS,0.13604,True,1.0,0.10895,True,0.15021,True,0.26867,True
C3,1658_233_234_6,user,34,2,0.20644951367935274,0.1753062266949701,0.8491481697905432,0.6738419430955731,5,6.8,True,True,True,False,PASS,0.16828,True,1.0,0.03506,True,0.20782,False,0.2818,False
C3,1659_363_895_14,model,24,2,0.04837103425240412,0.05103443257082585,1.0550618435099794,1.0040274109391536,5,4.8,True,True,True,False,PASS,0.17883,False,1.0,0.04837,False,0.16758,False,0.02933,True
C3,1659_363_895_14,user,24,2,0.8099422930892303,0.820613431520411,1.0131751836176865,0.19256175209727555,5,4.8,True,True,True,False,PASS,0.20042,True,1.0,0.19502,True,0.19769,True,0.0981,True
C3,165_297_247_30,model,25,2,-0.03560517704987435,-0.03618440481406582,1.0162680770658747,1.0524524818799406,8,3.12,True,True,True,False,PASS,0.18887,False,1.0,0.19035,False,0.19035,False,0.14693,False
C3,165_297_247_30,user,25,2,0.016353524961367362,0.016967613496709166,1.0375508360914538,1.0205832225947447,8,3.12,True,True,True,False,PASS,0.15958,False,1.0,0.15725,False,0.15067,False,-0.02145,True
C3,1660_107_432_2,model,30,2,-0.03197961013085918,-0.02365830427662452,0.7397933927216673,0.7634516969982919,6,5.0,True,True,True,False,PASS,0.1029,False,1.0,0.09731,False,0.09731,False,0.31127,False
C3,1660_107_432_2,user,30,2,0.1433774001906367,0.13629200005649644,0.9505821689839584,0.814290168927462,7,4.29,True,True,True,False,PASS,0.14338,False,1.0,0.15176,False,0.16025,False,0.24549,False
C3,1661_892_824_60,model,25,2,0.10467074402513367,0.10341047184159302,0.9879596519994353,0.8845491801578422,6,4.17,True,True,True,False,PASS,0.18556,False,1.0,0.18887,False,0.19215,False,-0.00087,True
C3,1661_892_824_60,user,25,2,0.5130496633202469,0.5130807039783623,1.00006050224829,0.48697979826992777,6,4.17,True,True,True,False,PASS,0.17173,True,1.0,0.15466,True,0.16237,True,0.06542,True
C3,1662_136_1214_60,model,37,2,0.4031208642053643,0.37290153867603026,0.9250365629452034,0.5521350242691732,6,6.17,True,True,True,False,PASS,0.11755,True,1.0,0.126,True,0.11755,True,0.18152,True
C3,1662_136_1214_60,user,37,2,0.004053078812535692,0.0036797139050686045,0.9078811627564916,0.904201448851423,6,6.17,True,True,True,False,PASS,0.11552,False,1.0,0.13298,False,0.09256,False,0.17964,False
C3,1663_182_1328_60,model,32,2,0.3762870214832451,0.31510514887634666,0.8374063703666094,0.5223012214902627,5,6.4,True,True,True,False,PASS,0.16895,True,1.0,0.12622,True,0.43576,False,0.38627,False
C3,1663_182_1328_60,user,32,2,0.1731742738353762,0.15563906222956625,0.8987423985246252,0.743103336295059,5,6.4,True,True,True,False,PASS,0.15783,True,1.0,0.17317,False,0.17317,False,0.39279,False
C3,1664_481_1426_16,model,25,2,0.34428173974703946,0.3432714587014203,0.9970655398501196,0.6537940811486993,7,3.57,True,True,True,False,PASS,0.18495,True,1.0,0.20244,True,0.21577,True,0.22,True
C3,1664_481_1426_16,user,25,2,0.04906167393320137,0.050903980809439364,1.0375508360914538,0.9866468552820145,7,3.57,True,True,True,False,PASS,0.17212,False,1.0,0.13731,False,0.15236,False,0.20061,False
C3,1665_1474_1340_12,model,31,2,0.010334661544464068,0.010456690738597008,1.0118077591228236,1.0013510683842266,6,5.17,True,True,True,False,PASS,0.13421,False,1.0,0.06165,False,0.10277,False,0.23052,False
C3,1665_1474_1340_12,user,31,2,0.3428614815774348,0.31104668725200824,0.9072080241295893,0.5961613368775811,6,5.17,True,True,True,False,PASS,0.17498,True,1.0,0.17853,True,0.16043,True,0.19236,True
C3,1666_1068_1245_57,model,25,2,-0.010308412575284035,-0.010278162949373337,0.9970655398501196,1.007343702799493,6,4.17,True,True,True,False,PASS,0.19476,False,1.0,0.16848,False,0.16848,False,0.31254,False
C3,1666_1068_1245_57,user,25,2,0.47987678550155055,0.4366971540379442,0.9100193366960302,0.473322182658086,6,4.17,True,True,True,False,PASS,0.2469,True,1.0,0.18208,True,0.19399,True,0.148,True
C3,1667_209_462_5,model,41,2,0.010927527271418507,0.011266914010150009,1.0310579630964807,1.0197910490863307,8,5.12,True,True,True,False,PASS,0.09038,False,1.0,0.10832,False,0.08571,False,0.05384,False
C3,1667_209_462_5,user,41,2,0.042915307821028065,0.04011049991937132,0.934643183421781,0.8945326835024097,8,5.12,True,True,True,False,PASS,0.10805,False,1.0,0.11688,False,0.11043,False,0.10069,False
C3,1669_882_826_58,model,28,2,0.19541182119672607,0.19750812146193386,1.010727602109073,0.8132194806471391,7,4.0,True,True,True,False,PASS,0.16385,True,1.0,0.15494,True,0.14004,True,0.10105,True
C3,1669_882_826_58,user,28,2,0.07548419643939945,0.07804907080902801,1.0339789583861796,0.9559298875771516,7,4.0,True,True,True,False,PASS,0.13814,False,1.0,0.14312,False,0.18929,False,0.33594,False
C3,166_1203_1514_30,model,30,2,0.36162808209330566,0.27846010705279745,0.7700179295836611,0.49155782253086366,7,4.29,True,True,True,False,PASS,0.18201,True,1.0,0.26638,True,0.16709,True,0.3256,True
C3,166_1203_1514_30,user,30,2,0.2530902804135353,0.24033378382745907,0.9495970506444069,0.7092632668169478,6,5.0,True,True,True,False,PASS,0.14846,True,1.0,0.20394,True,0.15705,True,0.14528,True
C3,1670_432_1245_58,model,32,2,0.0700606506771864,0.06043848859329992,0.8626595386871033,0.8022210500938034,7,4.57,True,True,True,False,PASS,0.13366,False,1.0,0.18845,False,0.17006,False,0.22,False
C3,1670_432_1245_58,user,32,2,0.179268598980917,0.1791627361523821,0.9994094736661262,0.8202467375137441,7,4.57,True,True,True,False,PASS,0.12437,True,1.0,0.13772,True,0.13025,True,0.1577,True
C3,1671_157_895_4,model,24,2,0.2447525099944271,0.24831275252383378,1.0145462962953382,0.7662335437715044,7,3.43,True,True,True,False,PASS,0.18008,True,1.0,0.16167,True,0.19748,True,0.09146,True
C3,1671_157_895_4,user,24,2,0.07613377409467884,0.07724123853074238,1.0145462962953382,0.9373050577645958,7,3.43,True,True,True,False,PASS,0.18054,False,1.0,0.16391,False,0.19657,False,0.12829,False
C3,1672_614_353_4,model,25,2,0.3563640132077819,0.33758484432600455,0.9473034083527734,0.6097185640267688,6,4.17,True,True,True,False,PASS,0.17824,True,1.0,0.18888,True,0.24621,True,0.04873,True
C3,1672_614_353_4,user,25,2,0.12175286529296783,0.12483722393902896,1.0253329450492963,0.9004957211102673,7,3.57,True,True,True,False,PASS,0.17513,False,1.0,0.19068,False,0.18018,False,0.14995,False
C3,1674_295_296_10,model,30,2,0.23351974770802375,0.23971668310601824,1.0265370935812361,0.7868204104752179,7,4.29,True,True,True,False,PASS,0.13672,True,1.0,0.10336,True,0.11974,True,0.03518,True
C3,1674_295_296_10,user,30,2,-0.03741778271724278,-0.035903595129526567,0.9595329418859859,0.9954365370155125,8,3.75,True,True,True,False,PASS,0.16216,False,1.0,0.17187,False,0.13941,False,0.1692,False
C3,1675_432_445_23,model,32,2,0.09293073722092637,0.09586581637557168,1.031583513081013,0.9357176967054412,7,4.57,True,True,True,False,PASS,0.10242,False,1.0,0.1073,False,0.12272,False,0.09237,True
C3,1675_432_445_23,user,32,2,0.312138552714571,0.3027149173277023,0.969809447423542,0.6670945300958397,7,4.57,True,True,True,False,PASS,0.1342,True,1.0,0.10357,True,0.10494,True,0.18991,True
C3,1676_209_175_37,model,47,2,0.06918078679941747,0.06932405500143779,1.0020709247270592,0.9327468697256214,7,6.71,True,True,True,False,PASS,0.07638,False,1.0,0.0694,False,0.0694,False,0.06122,True
C3,1676_209_175_37,user,47,2,0.3284965505270648,0.2727491718789933,0.830295391051668,0.5575462191726748,7,6.71,True,True,True,False,PASS,0.10766,True,1.0,0.0977,True,0.08267,True,0.13184,True
C3,1678_296_1245_39,model,28,2,-0.04846322955670059,-0.04928029220367036,1.0168594345536512,1.0661397267573216,8,3.5,True,True,True,False,PASS,0.17306,False,1.0,0.12869,False,0.17161,False,0.10942,False
C3,1678_296_1245_39,user,28,2,0.20440491211041475,0.21090677964725346,1.0318087636432463,0.8209019839959928,8,3.5,True,True,True,False,PASS,0.14663,True,1.0,0.14519,True,0.12875,True,0.053,True
C3,1679_432_614_39,model,36,2,0.16657930389962253,0.16175749610434387,0.9710539804021262,0.8092964842977823,7,5.14,True,True,True,False,PASS,0.114,True,1.0,0.13502,True,0.13502,True,0.10871,True
C3,1679_432_614_39,user,36,2,0.18606648716085986,0.18089196400166763,0.972189923945204,0.7912979599435364,7,5.14,True,True,True,False,PASS,0.11694,True,1.0,0.10516,True,0.1106,True,0.09769,True
C3,167_203_1035_50,model,31,2,0.5653514089712505,0.48905321558421966,0.8650428880581232,0.3759896724739036,5,6.2,True,True,True,False,PASS,0.1825,True,1.0,0.2388,True,0.17811,True,0.07729,True
C3,167_203_1035_50,user,31,2,-0.0184297581717348,-0.01892090795146384,1.0266498222685472,1.045570730220011,6,5.17,True,True,True,False,PASS,0.13878,False,1.0,0.04573,False,0.13573,False,0.18285,False
C3,1680_445_888_39,model,31,2,0.2951353957300313,0.29073527406040667,0.9850911760050308,0.6943559019446242,7,4.43,True,True,True,False,PASS,0.13632,True,1.0,0.11368,True,0.11368,True,0.21823,True
C3,1680_445_888_39,user,31,2,-0.0009570639669825532,-0.0009744838201477535,1.0182013467920246,1.0191758306121723,7,4.43,True,True,True,False,PASS,0.11927,False,1.0,0.11156,False,0.11203,False,0.14699,False
C3,1681_311_331_32,model,27,2,0.041276470490072915,0.04002128287164797,0.9695907231523873,0.9295694402807393,7,3.86,True,True,True,False,PASS,0.17807,False,1.0,0.17535,False,0.18928,False,0.16358,False
C3,1681_311_331_32,user,27,2,0.0628578497547498,0.06456191397139621,1.027109807657995,0.9625478936865988,8,3.38,True,True,True,False,PASS,0.15321,False,1.0,0.14905,False,0.16427,False,0.12146,False
C3,1682_751_1049_43,model,28,2,0.07445151551064046,0.06612522231280504,0.8881648930753405,0.8220396707625355,7,4.0,True,True,True,False,PASS,0.18277,False,1.0,0.13341,False,0.19595,False,0.22481,False
C3,1682_751_1049_43,user,28,2,0.11436058195133667,0.09778054465773545,0.8550196491597389,0.7572391045020035,7,4.0,True,True,True,False,PASS,0.19138,False,1.0,0.15955,False,0.15955,False,0.18061,False
C3,1683_614_1245_14,model,26,2,0.34500066081604785,0.34879201998635523,1.0109894258212129,0.6621974058348576,6,4.33,True,True,True,False,PASS,0.19029,True,1.0,0.17946,True,0.18143,True,0.08897,True
C3,1683_614_1245_14,user,26,2,0.22150548632097078,0.19568005564970348,0.883409521361267,0.6877294657115636,7,3.71,True,True,True,False,PASS,0.19538,True,1.0,0.22151,False,0.19546,True,0.06324,True
C3,1684_847_1123_14,model,31,2,0.02864391088393863,0.02916526863941704,1.0182013467920246,0.9890360781526075,7,4.43,True,True,True,False,PASS,0.1386,False,1.0,0.11203,False,0.11156,False,0.12774,False
C3,1684_847_1123_14,user,31,2,0.20328630831344205,0.19384339547169815,0.9535487022215775,0.7597053067498793,7,4.43,True,True,True,False,PASS,0.15924,True,1.0,0.15212,True,0.14612,True,0.19575,True
C3,1685_882_576_13,model,28,2,0.07100541271596822,0.06390075353121916,0.8999420056444328,0.8360412521132137,7,4.0,True,True,True,False,PASS,0.1853,False,1.0,0.20345,False,0.17712,False,0.15387,False
C3,1685_882_576_13,user,28,2,0.10134602211299973,0.1024332219135653,1.010727602109073,0.9082943801955077,7,4.0,True,True,True,False,PASS,0.15714,False,1.0,0.14034,False,0.13271,False,0.12955,False
C3,1686_751_120_14,model,24,2,-0.05956591382815137,-0.057572862702239824,0.9665404088039087,1.0241132715061485,8,3.0,True,True,True,False,PASS,0.21471,False,1.0,0.21471,False,0.24369,False,0.13984,False
C3,1686_751_120_14,user,24,2,0.380647404037785,0.34561532252443716,0.9079671077702387,0.5623517852458015,6,4.0,True,True,True,False,PASS,0.20798,True,1.0,0.13126,True,0.1947,True,0.0541,True
C3,1687_697_365_14,model,30,2,0.25063034825585306,0.2216461234539806,0.8843546880751878,0.6627085646212072,6,5.0,True,True,True,False,PASS,0.14743,True,1.0,0.1305,True,0.13585,True,0.14855,True
C3,1687_697_365_14,user,30,2,0.15871797590545894,0.13052599611407034,0.8223768944219572,0.6918508983078868,8,3.75,True,True,True,False,PASS,0.19299,False,1.0,0.23842,False,0.18952,False,0.22475,False
C3,1688_614_813_46,model,29,2,0.14086981709138707,0.13790046911631337,0.9789213329272134,0.8410208638109,7,4.14,True,True,True,False,PASS,0.15167,False,1.0,0.14087,False,0.15723,False,0.10496,True
C3,1688_614_813_46,user,29,2,0.207585474139604,0.20427718054534028,0.984062981246757,0.7797858007014167,7,4.14,True,True,True,False,PASS,0.14191,True,1.0,0.19112,True,0.1886,True,0.10061,True
C3,1689_1498_1499_37,model,24,2,-0.04709988303758953,-0.049457075420889396,1.0500466716959496,1.099503747116839,8,3.0,True,True,True,False,PASS,0.16153,False,1.0,0.1956,False,0.16929,False,-0.00848,False
C3,1689_1498_1499_37,user,24,2,0.04581028837866206,0.04810294084144573,1.0500466716959496,1.0019437308545038,8,3.0,True,True,True,False,PASS,0.16504,False,1.0,0.12913,False,0.18968,False,0.12913,False
C3,168_247_248_50,model,25,2,0.15597199904037634,0.15306935544794031,0.9813899699286113,0.828320614480671,7,3.57,True,True,True,False,PASS,0.18421,False,1.0,0.18432,False,0.20325,False,0.10335,True
C3,168_247_248_50,user,25,2,0.154453315063867,0.1629607727353768,1.0550810946854194,0.8921203219500426,7,3.57,True,True,True,False,PASS,0.16346,False,1.0,0.15445,False,0.16989,False,0.15096,True
C3,1690_707_283_0,model,32,2,0.023432097947810884,0.024223719235550334,1.0337836283162773,1.009559909080727,6,5.33,True,True,True,False,PASS,0.14285,False,1.0,0.04499,False,0.10758,False,0.10654,False
C3,1690_707_283_0,user,32,2,0.4849983204198579,0.42684683719544847,0.8800996193676128,0.45325278217216436,6,5.33,True,True,True,False,PASS,0.16972,True,1.0,0.16711,True,0.17738,True,0.23436,True
C3,1691_614_705_43,model,24,2,0.07747547924112823,0.06586936783967146,0.8501963264359439,0.7843269585962724,6,4.0,True,True,True,False,PASS,0.20528,False,1.0,0.11447,False,0.30886,False,0.078,False
C3,1691_614_705_43,user,24,2,0.3465763591178396,0.3061190011693896,0.8832656732518386,0.577146672082449,7,3.43,True,True,True,False,PASS,0.20883,True,1.0,0.20883,True,0.20883,True,0.15683,True
C3,1693_697_565_46,model,28,2,0.39730251733231825,0.4113944157026348,1.0354689380398,0.6240745223371651,7,4.0,True,True,True,False,PASS,0.14378,True,1.0,0.14541,True,0.21678,True,0.01444,True
C3,1693_697_565_46,user,28,2,0.11374383584064048,0.10763211224748381,0.9462676500402235,0.8386355377927397,6,4.67,True,True,True,False,PASS,0.18952,False,1.0,0.11374,False,0.18885,False,0.06077,True
C3,1694_223_739_36,model,25,2,0.11189605591123516,0.11282469700252018,1.0082991405168176,0.8954744435142974,7,3.57,True,True,True,False,PASS,0.18368,False,1.0,0.1458,False,0.1657,False,0.14414,False
C3,1694_223_739_36,user,25,2,0.1553046658181719,0.15531406209962384,1.00006050224829,0.8447464401486662,7,3.57,True,True,True,False,PASS,0.16556,False,1.0,0.21801,False,0.16737,False,0.18857,False
C3,1695_707_365_39,model,24,2,0.04560925276589582,0.039623701361149455,0.8687645369796094,0.82914083561846,7,3.43,True,True,True,False,PASS,0.19465,False,1.0,0.14729,False,0.2196,False,0.50842,False
C3,1695_707_365_39,user,24,2,0.1621545169695163,0.1506399467516243,0.9289901358711047,0.7783501891194804,7,3.43,True,True,True,False,PASS,0.21293,False,1.0,0.21293,False,0.19542,False,0.43458,False
C3,1696_1031_1021_39,model,30,2,0.14677004098790938,0.10076915216499316,0.686578483501918,0.5858093313369248,6,5.0,True,True,True,False,PASS,0.11215,True,1.0,0.05613,True,0.08218,True,0.22358,False
C3,1696_1031_1021_39,user,30,2,0.10112755175109645,0.09989780452394181,0.9878396420573754,0.8879418375334336,7,4.29,True,True,True,False,PASS,0.15127,False,1.0,0.14757,False,0.13504,False,0.25843,False
C3,1697_882_847_30,model,28,2,0.013494901654132228,0.013349878998110465,0.989253522571811,0.9759036435737005,7,4.0,True,True,True,False,PASS,0.14474,False,1.0,0.15884,False,0.14188,False,0.23011,False
C3,1697_882_847_30,user,28,2,0.07778679386778856,0.0770837841606199,0.9909623514196569,0.913878567259037,7,4.0,True,True,True,False,PASS,0.1603,False,1.0,0.15497,False,0.15763,False,0.15612,False
C3,1699_312_739_56,model,30,2,0.6218564182481519,0.5675012644657071,0.9125921158206101,0.3450908513549029,6,5.0,True,True,True,False,PASS,0.15738,True,1.0,0.15684,True,0.15617,True,0.31085,True
C3,1699_312_739_56,user,30,2,0.10099920413884123,0.09922215270920698,0.982405292746749,0.8831831400375421,6,5.0,True,True,True,False,PASS,0.14986,False,1.0,0.101,False,0.16004,False,0.20302,False
C3,169_831_774_23,model,43,2,0.042936001025912246,0.04298687485673591,1.0011848758526198,0.9581980009958839,7,6.14,True,True,True,False,PASS,0.09755,False,1.0,0.06797,False,0.07061,False,0.02684,True
C3,169_831_774_23,user,43,2,0.12965448071299376,0.0960448894881778,0.7407757060150126,0.6447308165268348,7,6.14,True,True,True,False,PASS,0.1313,False,1.0,0.14337,False,0.12965,False,0.12664,True
C3,1700_564_565_54,model,28,2,0.07411936191155667,0.07739090834099449,1.0441388909060174,0.9667479825650229,8,3.5,True,True,True,False,PASS,0.11735,False,1.0,0.15275,False,0.16445,False,0.10235,False
C3,1700_564_565_54,user,28,2,-0.03053687897288094,-0.028273508538244063,0.9258807543283346,0.9541542628665787,8,3.5,True,True,True,False,PASS,0.15626,False,1.0,0.14845,False,0.1563,False,0.0775,False
C3,1701_365_366_54,model,24,2,0.5783496892377454,0.5816466943056069,1.0057007120937627,0.42405401778815577,6,4.0,True,True,True,False,PASS,0.20521,True,1.0,0.19778,True,0.23333,True,-0.02138,True
C3,1701_365_366_54,user,24,2,0.12470924679925166,0.1263523140246552,1.0131751836176865,0.8868228695930314,6,4.0,True,True,True,False,PASS,0.19853,False,1.0,0.12471,False,0.15749,False,-0.00629,True
C3,1702_565_443_54,model,24,2,0.04625367052644903,0.04810294084144617,1.039981050021526,0.9918781091800799,8,3.0,True,True,True,False,PASS,0.20042,False,1.0,0.13038,False,0.19683,False,0.13727,False
C3,1702_565_443_54,user,24,2,-0.054196139997922894,-0.05469445121558847,1.0091945887231946,1.063889039938783,8,3.0,True,True,True,False,PASS,0.19214,False,1.0,0.19214,False,0.17602,False,0.29466,False
C3,1703_564_847_56,model,24,2,0.010516640008877122,0.010419933702947581,0.9908044483934118,0.9803845146904642,8,3.0,True,True,True,False,PASS,0.18487,False,1.0,0.17623,False,0.26789,False,0.09803,False
C3,1703_564_847_56,user,24,2,0.2215401892237096,0.18956713037989614,0.8556782904454084,0.6661111600655123,6,4.0,True,True,True,False,PASS,0.2093,True,1.0,0.23929,False,0.2093,True,0.1015,True
C3,1704_1164_347_9,model,30,2,0.012494110193527981,0.011604110879018137,0.9287664907124904,0.9171623798334723,7,4.29,True,True,True,False,PASS,0.16784,False,1.0,0.17989,False,0.15127,False,0.21461,False
C3,1704_1164_347_9,user,30,2,0.39839540936473006,0.4162759796547757,1.0448814666779356,0.6286054870231599,7,4.29,True,True,True,False,PASS,0.10518,True,1.0,0.1038,True,0.12469,True,0.23559,True
C3,1705_421_847_40,model,26,2,0.3775812569968813,0.3797808838818162,1.0058255722289549,0.6260446883471387,5,5.2,True,True,True,False,PASS,0.16492,True,1.0,0.11525,True,0.15718,True,0.31178,True
C3,1705_421_847_40,user,26,2,0.3495564541831017,0.33907053223841077,0.9700022075999252,0.6309316753615144,5,5.2,True,True,True,False,PASS,0.19003,True,1.0,0.1011,True,0.14394,True,0.33729,True
C3,1706_365_226_53,model,33,2,0.21780307527203965,0.18144248480471104,0.8330574973658492,0.6516150125611382,6,5.5,True,True,True,False,PASS,0.15305,True,1.0,0.10297,True,0.24604,False,0.29891,False
C3,1706_365_226_53,user,33,2,-0.008378819426607818,-0.007097346964748619,0.8470581120545755,0.8541554590193241,6,5.5,True,True,True,False,PASS,0.17465,False,1.0,0.13352,False,0.09931,False,0.31676,False
C3,1707_809_1495_53,model,28,2,-0.04882212730209979,-0.04656233419753175,0.9537137517465192,1.000276085944051,8,3.5,True,True,True,False,PASS,0.14987,False,1.0,0.16866,False,0.16866,False,0.22082,False
C3,1707_809_1495_53,user,28,2,0.2975377513293121,0.28667135970358093,0.9634789482101572,0.6768075885065763,7,4.0,True,True,True,False,PASS,0.1544,True,1.0,0.18431,True,0.19542,True,0.15811,True
C3,1708_656_847_27,model,32,2,0.26014452461650495,0.22910319480884955,0.8806765975435564,0.6515734027347069,6,5.33,True,True,True,False,PASS,0.17184,True,1.0,0.16081,True,0.16677,True,0.20869,True
C3,1708_656_847_27,user,32,2,0.3218918700381726,0.2789999198707782,0.8667504396358072,0.587750519765029,6,5.33,True,True,True,False,PASS,0.16404,True,1.0,0.16574,True,0.14806,True,0.19808,True
C3,1709_731_732_51,model,28,2,0.38497665681946225,0.34329354849721216,0.8917256213230671,0.5484320728258549,6,4.67,True,True,True,False,PASS,0.19611,True,1.0,0.18314,True,0.19437,True,0.19611,True
C3,1709_731_732_51,user,28,2,0.27330970506924684,0.2505494248280481,0.9167234832168433,0.6661740583887952,6,4.67,True,True,True,False,PASS,0.18828,True,1.0,0.14819,True,0.17954,True,0.18828,True
C3,170_247_112_23,model,24,2,-0.024705941695027482,-0.024933102667932472,1.0091945887231941,1.0341276913911266,6,4.0,True,True,True,False,PASS,0.1768,False,1.0,0.17022,False,0.17022,False,0.10861,False
C3,170_247_112_23,user,24,2,0.45223850750162514,0.44756745974244283,0.9896712737157494,0.5421038139733065,6,4.0,True,True,True,False,PASS,0.15424,True,1.0,0.1899,True,0.1899,True,0.11058,True
C3,1710_765_766_40,model,29,2,0.00198309846705659,0.002047294161444224,1.0323714104236672,1.030324116262223,6,4.83,True,True,True,False,PASS,0.1622,False,1.0,0.0857,False,0.0857,False,0.21852,False
C3,1710_765_766_40,user,29,2,0.2928945899837698,0.24568911770434376,0.8388311908320264,0.5931420731276826,6,4.83,True,True,True,False,PASS,0.22679,True,1.0,0.23778,True,0.22743,True,0.17085,True
C3,1711_107_365_40,model,29,2,0.08672323919237235,0.08911604658691852,1.027591305592707,0.9384752590057885,6,4.83,True,True,True,False,PASS,0.14477,False,1.0,0.08672,False,0.15181,False,0.22648,False
C3,1711_107_365_40,user,29,2,0.523516979240816,0.500762900231657,0.9565361202951698,0.45577322006351273,5,5.8,True,True,True,False,PASS,0.1367,True,1.0,0.12114,True,0.1428,True,0.16751,True
C3,1712_1223_986_4,model,35,2,0.01260478704639945,0.012986099119102201,1.0302513696819395,1.0172652705628373,8,4.38,True,True,True,False,PASS,0.08675,False,1.0,0.12028,False,0.1194,False,0.13601,False
C3,1712_1223_986_4,user,35,2,0.08003905119911336,0.07909715839497844,0.9882320843385339,0.9091349259435555,8,4.38,True,True,True,False,PASS,0.11073,False,1.0,0.12256,False,0.10294,False,0.23469,False
C3,1713_847_1178_4,model,25,2,0.3118383035694439,0.29540548782628107,0.9473034083527734,0.6518979205264923,6,4.17,True,True,True,False,PASS,0.18888,True,1.0,0.1678,True,0.18277,True,0.15748,True
C3,1713_847_1178_4,user,25,2,-0.013388566516504748,-0.013349278301598044,0.9970655398501198,1.0104148181517179,6,4.17,True,True,True,False,PASS,0.16571,False,1.0,0.07253,False,0.14111,False,0.10363,False
C3,1714_877_589_0,model,26,2,0.3502881320344275,0.3682283919357796,1.0512157228883474,0.6829873309525678,7,3.71,True,True,True,False,PASS,0.14574,True,1.0,0.11347,True,0.14628,True,0.11347,True
C3,1714_877_589_0,user,26,2,0.05412702480755161,0.053117685335724696,0.9813523932746051,0.9282347079388804,7,3.71,True,True,True,False,PASS,0.18988,False,1.0,0.16692,False,0.17469,False,0.18988,False
C3,1716_1435_651_52,model,28,2,-0.046484205884611,-0.0485359671770047,1.0441388909060174,1.0926748580830221,8,3.5,True,True,True,False,PASS,0.14424,False,1.0,0.14424,False,0.16443,False,0.07698,False
C3,1716_1435_651_52,user,28,2,0.0018740743703293667,0.001921839110468726,1.0254871102745857,1.023565271164117,8,3.5,True,True,True,False,PASS,0.14761,False,1.0,0.11343,False,0.13228,False,0.03602,False
C3,1717_766_762_2,model,33,2,-0.02640269393403385,-0.023868879055617187,0.9040319565591561,0.9279008356147733,8,4.12,True,True,True,False,PASS,0.14567,False,1.0,0.17614,False,0.15099,False,0.11668,False
C3,1717_766_762_2,user,33,2,0.2514197331437538,0.21733205886858575,0.8644192567984398,0.647087197929854,7,4.71,True,True,True,False,PASS,0.1528,True,1.0,0.17664,True,0.17322,True,0.08948,True
C3,1718_100_847_2,model,24,2,0.27590408167561464,0.29109586904460194,1.0550618435099794,0.7639659744653775,6,4.0,True,True,True,False,PASS,0.16662,True,1.0,0.20966,True,0.17883,True,0.00997,True
C3,1718_100_847_2,user,24,2,0.21374813750328145,0.2165643084628257,1.0131751836176865,0.7966108751548608,7,3.43,True,True,True,False,PASS,0.20042,True,1.0,0.20042,True,0.17076,True,-0.01252,True
C3,1719_366_548_54,model,27,2,0.08786616592578017,0.08214089901879185,0.9348410523360674,0.8527001533172756,7,3.86,True,True,True,False,PASS,0.17958,False,1.0,0.20301,False,0.17883,False,0.27342,False
C3,1719_366_548_54,user,27,2,0.1804057489979232,0.18473529597052218,1.0239989412568489,0.8392636452863267,7,3.86,True,True,True,False,PASS,0.15943,True,1.0,0.16267,True,0.15122,True,0.28366,False
C3,171_248_506_23,model,30,2,0.029684912561022264,0.028937673785994544,0.9748276578719359,0.9458899840859414,6,5.0,True,True,True,False,PASS,0.14317,False,1.0,0.05495,False,0.09551,False,0.31342,False
C3,171_248_506_23,user,30,2,0.5103099156937124,0.45913272005027483,0.8997134994450038,0.44058077939472895,5,6.0,True,True,True,False,PASS,0.17367,True,1.0,0.19609,True,0.16268,True,0.29318,True
C3,1720_60_61_54,model,33,2,0.38903646331890085,0.3594222617786115,0.9238780825641683,0.5644558207855568,6,5.5,True,True,True,False,PASS,0.14894,True,1.0,0.0722,True,0.15706,True,0.086,True
C3,1720_60_61_54,user,33,2,0.14978989351946714,0.14944444413434121,0.9976937737452825,0.8482493296109412,6,5.5,True,True,True,False,PASS,0.12743,True,1.0,0.04213,True,0.13469,True,0.1199,True
C3,1721_846_847_57,model,25,2,-0.02351158340110857,-0.024612133602121666,1.0468088508646,1.0714209844667217,8,3.12,True,True,True,False,PASS,0.16754,False,1.0,0.17752,False,0.16368,False,0.13152,False
C3,1721_846_847_57,user,25,2,-0.03662127585264152,-0.03522083324613534,0.9617587707172915,0.9969796039634269,8,3.12,True,True,True,False,PASS,0.19454,False,1.0,0.18524,False,0.18754,False,0.12059,False
C3,1722_1367_1368_52,model,29,2,0.23541769437111063,0.24097296315900252,1.0235974989166898,0.7826245357576873,7,4.14,True,True,True,False,PASS,0.14739,True,1.0,0.12645,True,0.14187,True,0.08912,True
C3,1722_1367_1368_52,user,29,2,0.032537409180113996,0.03277270508044472,1.0072315499684754,0.9744588448880307,8,3.62,True,True,True,False,PASS,0.1523,False,1.0,0.16259,False,0.15086,False,0.22115,False
C3,1723_239_1178_24,model,34,2,0.09086406653982448,0.09068955224061104,0.9980793914925989,0.9073898392519879,7,4.86,True,True,True,False,PASS,0.1207,False,1.0,0.11017,False,0.09667,False,0.04698,True
C3,1723_239_1178_24,user,34,2,0.05768925680839392,0.05167206689589765,0.895696525741674,0.8440244588457764,7,4.86,True,True,True,False,PASS,0.14125,False,1.0,0.10979,False,0.14171,False,0.1108,False
C3,1724_109_402_58,model,26,2,0.07757233731075562,0.07994972916716403,1.0306474181238674,0.9506976889567034,7,3.71,True,True,True,False,PASS,0.15373,False,1.0,0.15593,False,0.17202,False,0.12366,False
C3,1724_109_402_58,user,26,2,0.18523713595810787,0.17658790294384985,0.953307240637676,0.7767193376938262,7,3.71,True,True,True,False,PASS,0.22445,False,1.0,0.18028,True,0.19988,False,0.10976,True
C3,1725_442_64_34,model,35,2,0.06124782949802261,0.06012264910254195,0.9816290568220545,0.9215064077195125,7,5.0,True,True,True,False,PASS,0.11244,False,1.0,0.06828,False,0.09021,False,0.13054,False
C3,1725_442_64_34,user,35,2,0.20384623830830567,0.17836822703722666,0.8750135814007762,0.6966453543635496,7,5.0,True,True,True,False,PASS,0.15998,True,1.0,0.15601,True,0.14035,True,0.33163,False
C3,1726_1004_1104_26,model,28,2,-0.0478053421842281,-0.04737329430130399,0.9909623514196569,1.038335645720961,8,3.5,True,True,True,False,PASS,0.16566,False,1.0,0.14669,False,0.1742,False,0.23581,False
C3,1726_1004_1104_26,user,28,2,0.386186724792737,0.3683115901767816,0.953713751746519,0.5854021615697373,6,4.67,True,True,True,False,PASS,0.17738,True,1.0,0.19589,True,0.17922,True,0.30102,True
C3,1727_1151_667_34,model,42,2,0.22646040733603265,0.2325081917860592,1.0267057033110982,0.794197511525039,7,6.0,True,True,True,False,PASS,0.07979,True,1.0,0.09326,True,0.06995,True,0.15486,True
C3,1727_1151_667_34,user,42,2,0.12982238441930818,0.1255007795947528,0.9667114046326774,0.8412106250379245,8,5.25,True,True,True,False,PASS,0.09167,True,1.0,0.08992,True,0.09826,True,0.12847,True
C3,1728_239_1068_58,model,32,2,0.2133640456025755,0.2058596646408739,0.9648282776954853,0.7589686130546114,7,4.57,True,True,True,False,PASS,0.1335,True,1.0,0.10231,True,0.12414,True,0.12126,True
C3,1728_239_1068_58,user,32,2,0.19984236212799103,0.1997460826648485,0.9995182229527448,0.7997721402878963,7,4.57,True,True,True,False,PASS,0.15176,True,1.0,0.12389,True,0.15467,True,0.17405,True
C3,172_822_835_18,model,28,2,0.07529124343145016,0.07609893793328015,1.0107276021090734,0.9346286641757933,8,3.5,True,True,True,False,PASS,0.16768,False,1.0,0.14354,False,0.15159,False,0.09281,False
C3,172_822_835_18,user,28,2,0.10442324087569162,0.07777404591068371,0.7447963236772945,0.6670222777666108,6,4.67,True,True,True,False,PASS,0.10442,False,1.0,0.10442,False,0.10159,True,0.03628,True
C3,1730_1172_1096_28,model,42,2,-0.008520629918899823,-0.006478963409724092,0.7603854963061992,0.7668644597159233,6,7.0,True,True,True,False,PASS,0.1388,False,1.0,0.10607,False,0.08167,False,0.115,False
C3,1730_1172_1096_28,user,42,2,0.11300690422728929,0.0928478577475339,0.821612257962489,0.7287644002149551,6,7.0,True,True,True,False,PASS,0.11717,False,1.0,0.11301,False,0.1281,False,0.13832,False
C3,1731_1178_448_54,model,45,2,0.020975953693641042,0.020351093951595955,0.970210663544966,0.94985956959337,8,5.62,True,True,True,False,PASS,0.09484,False,1.0,0.10183,False,0.10183,False,0.12567,False
C3,1731_1178_448_54,user,45,2,-0.02401724283534384,-0.022807794965609363,0.949642518168045,0.9724503131336544,8,5.62,True,True,True,False,PASS,0.09022,False,1.0,0.09803,False,0.08869,False,0.07909,False
C3,1732_1164_1137_6,model,36,2,0.08049187995529035,0.07564807884550706,0.9398224875295024,0.8641744086839953,7,5.14,True,True,True,False,PASS,0.14138,False,1.0,0.11529,False,0.14824,False,0.26177,False
C3,1732_1164_1137_6,user,36,2,0.09996911544817937,0.09657458763704996,0.9660442348028074,0.8694696471657575,7,5.14,True,True,True,False,PASS,0.12105,False,1.0,0.09997,False,0.13323,False,0.18147,False
C3,1733_1077_675_10,model,51,2,0.025919167833552925,0.02205578963663113,0.8509451298077337,0.8288893401711026,7,7.29,True,True,True,False,PASS,0.0737,False,1.0,0.09394,False,0.09394,False,0.05397,False
C3,1733_1077_675_10,user,51,2,0.3783069902198444,0.34048784028597834,0.9000305283497714,0.559542688063793,7,7.29,True,True,True,False,PASS,0.08823,True,1.0,0.08079,True,0.07891,True,0.13076,True
C3,1734_1096_461_30,model,61,2,0.06141818221962623,0.047849764130193706,0.7790814120660067,0.731231647935813,7,8.71,True,True,True,False,PASS,0.07071,False,1.0,0.07431,False,0.07071,False,0.09608,False
C3,1734_1096_461_30,user,61,2,-0.008429010169197348,-0.00834382081199836,0.9898933142220778,0.9982371350340762,8,7.62,True,True,True,False,PASS,0.06147,False,1.0,0.0637,False,0.05952,False,0.07305,False
C3,1735_184_1178_27,model,31,2,0.17007482398994614,0.17662233292803764,1.0384978139884982,0.8618754810604605,7,4.43,True,True,True,False,PASS,0.14222,True,1.0,0.14734,True,0.16204,True,0.07709,True
C3,1735_184_1178_27,user,31,2,-0.002387044509651276,-0.002180939430548423,0.9136567926280675,0.915837732058616,7,4.43,True,True,True,False,PASS,0.13025,False,1.0,0.11258,False,0.1614,False,0.26024,False
C3,1736_632_312_14,model,44,2,-0.021676009135307425,-0.015284103835066398,0.7051161373691508,0.7204002412042172,6,7.33,True,True,True,False,PASS,0.06941,False,1.0,0.0928,False,0.07012,False,0.06941,False
C3,1736_632_312_14,user,44,2,0.2664779719914378,0.26388012640712555,0.9902511807452672,0.7263710543381416,7,6.29,True,True,True,False,PASS,0.10302,True,1.0,0.10494,True,0.1212,True,0.07199,True
C3,1737_374_375_47,model,35,2,0.20666880790673836,0.16812924536062201,0.8135201778320231,0.6453909324714011,7,5.0,True,True,True,False,PASS,0.17844,True,1.0,0.17227,True,0.18369,True,0.17844,True
C3,1737_374_375_47,user,35,2,0.13663371707981722,0.12783335662259288,0.9355915900898499,0.8077582334672571,7,5.0,True,True,True,False,PASS,0.15361,False,1.0,0.14707,False,0.13906,False,0.16074,False
C3,1738_897_1241_2,model,33,2,0.20993640978750802,0.20080474143437888,0.9565026935424304,0.7556979521080516,7,4.71,True,True,True,False,PASS,0.13595,True,1.0,0.17371,True,0.12798,True,0.21541,False
C3,1738_897_1241_2,user,33,2,0.1376049305125869,0.129159940680183,0.9386287264493663,0.8094687857691834,7,4.71,True,True,True,False,PASS,0.14625,False,1.0,0.15138,False,0.13029,True,0.22497,False
C3,1739_711_75_17,model,32,2,-0.03225721635145666,-0.03268738670431848,1.0133356315738755,1.046023018278194,8,4.0,True,True,True,False,PASS,0.11408,False,1.0,0.11509,False,0.11646,False,0.06707,False
C3,1739_711_75_17,user,32,2,-0.016263653197135235,-0.016668268903571315,1.024878525232409,1.0415467941359804,8,4.0,True,True,True,False,PASS,0.1385,False,1.0,0.10138,False,0.13468,False,0.13551,False
C3,173_203_248_35,model,43,2,0.11493979418930528,0.11472693228036035,0.9981480573334389,0.8834211250530786,8,5.38,True,True,True,False,PASS,0.08166,True,1.0,0.06918,True,0.0617,True,0.05037,True
C3,173_203_248_35,user,43,2,0.0196061245177092,0.018663765433556412,0.9519354738718708,0.9332717084383144,8,5.38,True,True,True,False,PASS,0.09076,False,1.0,0.08889,False,0.08898,False,0.06235,False
C3,1740_897_461_24,model,28,2,0.12389273748827093,0.12593281410623236,1.0164664746241043,0.890533660517872,7,4.0,True,True,True,False,PASS,0.158,False,1.0,0.15449,False,0.16154,False,0.09037,True
C3,1740_897_461_24,user,28,2,0.04030191155218472,0.04132909081619185,1.0254871102745857,0.9841580194583939,8,3.5,True,True,True,False,PASS,0.16005,False,1.0,0.11132,False,0.13769,False,0.09745,False
C3,1741_1241_374_41,model,33,2,0.013671593717017204,0.013820892377657934,1.0109203552805184,0.9970994629028604,6,5.5,True,True,True,False,PASS,0.13391,False,1.0,0.06192,False,0.08649,False,0.13257,False
C3,1741_1241_374_41,user,33,2,0.38221619429499765,0.32138167788767025,0.840837417892412,0.5194557400047417,6,5.5,True,True,True,False,PASS,0.16679,True,1.0,0.14421,True,0.14421,True,0.20868,True
C3,1742_375_403_24,model,25,2,-0.03074305090307828,-0.03139055868012686,1.021061923199813,1.05245248187994,8,3.12,True,True,True,False,PASS,0.17268,False,1.0,0.17405,False,0.16395,False,0.0365,False
C3,1742_375_403_24,user,25,2,-0.04145695142201426,-0.041817017567943315,1.0086853020682522,1.0505023196361956,8,3.12,True,True,True,False,PASS,0.1931,False,1.0,0.13259,False,0.17928,False,0.08053,False
C3,1743_897_375_43,model,25,2,0.1808984972673709,0.17262250338054086,0.9542506211392239,0.781628117758683,7,3.57,True,True,True,False,PASS,0.18223,False,1.0,0.22925,False,0.22925,False,0.09421,True
C3,1743_897_375_43,user,25,2,0.08254804961933228,0.0825530439619262,1.00006050224829,0.9175074582863638,7,3.57,True,True,True,False,PASS,0.17366,False,1.0,0.19642,False,0.19642,False,0.17572,False
C3,1744_403_1241_42,model,28,2,0.5680328167860423,0.5570274040090409,0.9806253926678558,0.4235979886588148,5,5.6,True,True,True,False,PASS,0.15969,True,1.0,0.16725,True,0.21636,True,0.14213,True
C3,1744_403_1241_42,user,28,2,0.05816918971923419,0.051870956844243477,0.8917256213230671,0.8398546644788236,6,4.67,True,True,True,False,PASS,0.19478,False,1.0,0.05817,False,0.15272,False,0.29899,False
C3,1746_1491_111_11,model,24,2,-0.029606808085843005,-0.028709240787902046,0.9696837532996289,0.9983929940875309,8,3.0,True,True,True,False,PASS,0.22775,False,1.0,0.24354,False,0.17314,False,0.09434,False
C3,1746_1491_111_11,user,24,2,0.023276956448888324,0.021213216237063848,0.9113397743233292,0.8901265580862654,7,3.43,True,True,True,False,PASS,0.19785,False,1.0,0.11577,False,0.17832,False,0.23703,False
C3,1747_330_110_7,model,34,2,-0.018325635101348565,-0.017523987663095264,0.956255407585066,0.9737793952481613,6,5.67,True,True,True,False,PASS,0.13024,False,1.0,0.03434,False,0.15936,False,0.13536,False
C3,1747_330_110_7,user,34,2,0.2650595280622754,0.2357344844714908,0.889364310707236,0.6536298262357452,6,5.67,True,True,True,False,PASS,0.1416,True,1.0,0.1501,True,0.15531,True,0.17555,True
C3,1748_757_892_16,model,26,2,0.18838570452483255,0.19023651403700903,1.0098245751547061,0.8195880611176971,7,3.71,True,True,True,False,PASS,0.14138,True,1.0,0.13567,True,0.17588,True,0.18839,False
C3,1748_757_892_16,user,26,2,0.11605738584065275,0.11999988996287936,1.033970299207322,0.9139704092444427,8,3.25,True,True,True,False,PASS,0.15575,False,1.0,0.18297,False,0.16973,False,0.21503,False
C3,1749_283_178_39,model,29,2,0.1619581070352503,0.1678712418597974,1.0365102737540648,0.8686390318942674,8,3.62,True,True,True,False,PASS,0.13375,True,1.0,0.16642,False,0.12495,True,0.16168,True
C3,1749_283_178_39,user,29,2,0.19810343885893017,0.20356937137945308,1.027591305592707,0.824021934213254,7,4.14,True,True,True,False,PASS,0.13139,True,1.0,0.14065,True,0.15631,True,0.17137,True
C3,174_774_1035_35,model,41,2,0.8627056021402966,0.8047127426591529,0.932777926401233,0.1280651837420801,5,8.2,True,True,True,False,PASS,0.10887,True,1.0,0.09442,True,0.09247,True,0.07719,True
C3,174_774_1035_35,user,41,2,0.020329335279754408,0.01723622268242475,0.8478497917042065,0.8306135690217817,5,8.2,True,True,True,False,PASS,0.12522,False,1.0,0.04305,False,0.10116,False,0.17042,False
C3,1750_26_845_12,model,26,2,-0.012761501472192188,-0.012835844520768358,1.0058255722289549,1.0186614167497232,6,4.33,True,True,True,False,PASS,0.16358,False,1.0,0.06913,False,0.14442,False,0.0745,False
C3,1750_26_845_12,user,26,2,0.31604623266470844,0.30128916197552613,0.953307240637676,0.6520180786621499,6,4.33,True,True,True,False,PASS,0.17842,True,1.0,0.17842,True,0.18524,True,0.12322,True
C3,1751_1161_1162_22,model,34,2,-0.025304575329096156,-0.02492478412002619,0.9849912039964857,1.0099159881165118,8,4.25,True,True,True,False,PASS,0.09906,False,1.0,0.12535,False,0.13518,False,0.18745,False
C3,1751_1161_1162_22,user,34,2,0.37605154737185376,0.39106907320217577,1.0399347534540846,0.6488656802519088,7,4.86,True,True,True,False,PASS,0.11583,True,1.0,0.1066,True,0.12019,True,0.1242,True
C3,1752_330_1014_22,model,36,2,0.12223742805173426,0.12454940456826114,1.0189138184055082,0.8943644138372471,8,4.5,True,True,True,False,PASS,0.09704,True,1.0,0.09532,True,0.10269,True,0.12801,False
C3,1752_330_1014_22,user,36,2,-0.029201021122319665,-0.02962891265856915,1.014653307309258,1.0442822199678272,8,4.5,True,True,True,False,PASS,0.10002,False,1.0,0.13987,False,0.11478,False,0.12896,False
C3,1753_110_111_11,model,24,2,0.06329707015240196,0.0650357141468314,1.0274680011293298,0.9624322869824984,7,3.43,True,True,True,False,PASS,0.17524,False,1.0,0.19999,False,0.19002,False,0.19549,False
C3,1753_110_111_11,user,24,2,0.050740951459480016,0.051409472811894785,1.0131751836176865,0.9617657108057918,8,3.0,True,True,True,False,PASS,0.19853,False,1.0,0.22302,False,0.19609,False,0.09529,False
C3,1755_757_548_11,model,26,2,-0.05204398869594196,-0.05470945919899761,1.0512157228883474,1.105925182087345,8,3.25,True,True,True,False,PASS,0.14628,False,1.0,0.16656,False,0.17769,False,0.19732,False
C3,1755_757_548_11,user,26,2,0.4907218731151468,0.4815710846137464,0.9813523932746051,0.4997813086608587,6,4.33,True,True,True,False,PASS,0.17759,True,1.0,0.21301,True,0.20026,True,0.37391,True
C3,1756_25_402_6,model,35,2,0.2688288808217337,0.25243139806557147,0.9390040136088067,0.6865726155432352,6,5.83,True,True,True,False,PASS,0.11481,True,1.0,0.12455,True,0.1338,True,0.08321,True
C3,1756_25_402_6,user,35,2,0.06605540601856477,0.06301244786389293,0.9539332457692165,0.8909207979053235,6,5.83,True,True,True,False,PASS,0.11734,False,1.0,0.06606,False,0.09074,False,0.04324,True
C3,1757_809_757_51,model,28,2,-0.020495423913206492,-0.019545780311326477,0.9536655789164673,0.9732113592277938,8,3.5,True,True,True,False,PASS,0.1691,False,1.0,0.19677,False,0.1691,False,0.03518,False
C3,1757_809_757_51,user,28,2,-0.04163145351867677,-0.043469019703796574,1.0441388909060174,1.087607910609814,8,3.5,True,True,True,False,PASS,0.14424,False,1.0,0.08183,False,0.14683,False,0.0526,False
C3,1758_900_569_46,model,26,2,0.13823120533009442,0.12211476293784973,0.883409521361267,0.7612947584234173,7,3.71,True,True,True,False,PASS,0.19582,False,1.0,0.18525,False,0.19253,False,0.21646,False
C3,1758_900_569_46,user,26,2,0.07369342044168113,0.07025247129441115,0.953307240637676,0.8830547693432649,8,3.25,True,True,True,False,PASS,0.18915,False,1.0,0.09511,False,0.18228,False,0.41516,False
C3,1759_1160_809_41,model,27,2,0.37712851009093984,0.34746358758372786,0.9213400161656867,0.5738764285819589,6,4.5,True,True,True,False,PASS,0.16542,True,1.0,0.20221,True,0.16554,True,0.11984,True
C3,1759_1160_809_41,user,27,2,-0.02212428425140823,-0.022035545052128236,0.9959890589782879,1.0180246040304162,8,3.38,True,True,True,False,PASS,0.16812,False,1.0,0.1736,False,0.1778,False,0.21759,False
C3,175_822_831_18,model,37,2,0.0038427947394338493,0.003706179847283053,0.9644490790130198,0.9607428991657367,8,4.62,True,True,True,False,PASS,0.09764,False,1.0,0.11431,False,0.11443,False,0.14729,False
C3,175_822_831_18,user,37,2,-0.01425622165941386,-0.01451794901748138,1.0183588165448236,1.032876765562305,8,4.62,True,True,True,False,PASS,0.10148,False,1.0,0.0919,False,0.09276,False,0.11861,False
C3,1760_367_1256_6,model,26,2,-0.04057842365120191,-0.038972807904880336,0.9604317861106955,0.9994045940155758,8,3.25,True,True,True,False,PASS,0.18759,False,1.0,0.16413,False,0.2214,False,0.05596,False
C3,1760_367_1256_6,user,26,2,0.02702669235470297,0.026276263900650076,0.9722338033746735,0.9459575394740234,8,3.25,True,True,True,False,PASS,0.15049,False,1.0,0.16524,False,0.13607,False,0.09167,False
C3,1761_402_399_18,model,30,2,-0.034785457486727754,-0.033556475454507906,0.964669660225433,0.9982261356799409,8,3.75,True,True,True,False,PASS,0.15524,False,1.0,0.15874,False,0.15729,False,0.19126,False
C3,1761_402_399_18,user,30,2,0.07300327086873075,0.07042404050428375,0.964669660225433,0.8942456197211492,8,3.75,True,True,True,False,PASS,0.15113,False,1.0,0.15154,False,0.14102,False,0.32908,False
C3,1762_319_111_60,model,33,2,0.12246445701301534,0.12271871187563721,1.0020761522879642,0.879357440412327,7,4.71,True,True,True,False,PASS,0.14369,False,1.0,0.13349,False,0.11993,True,0.14656,False
C3,1762_319_111_60,user,33,2,0.08053777162404997,0.06693389976768194,0.831087059127103,0.7641531593594211,7,4.71,True,True,True,False,PASS,0.16623,False,1.0,0.14366,False,0.18205,False,0.14045,False
C3,1763_495_496_39,model,32,2,0.007500343288298583,0.007074971934074026,0.9432864153180579,0.9362114433839839,7,4.57,True,True,True,False,PASS,0.1402,False,1.0,0.10633,False,0.16316,False,0.28531,False
C3,1763_495_496_39,user,32,2,0.5141815637048002,0.4621167718411945,0.8987423985246252,0.43662562668343075,6,5.33,True,True,True,False,PASS,0.13538,True,1.0,0.1655,True,0.14727,True,0.41055,True
C3,1764_1164_263_34,model,24,2,-0.0036818872709027625,-0.003884618771634596,1.0550618435099794,1.058946462281614,8,3.0,True,True,True,False,PASS,0.17221,False,1.0,0.17883,False,0.17883,False,0.32624,False
C3,1764_1164_263_34,user,24,2,0.03956223688966262,0.04056233473488047,1.0252791025949082,0.9847167678600277,8,3.0,True,True,True,False,PASS,0.18971,False,1.0,0.14076,False,0.18877,False,0.26994,False
C3,1765_884_375_5,model,45,2,-0.018453919000829083,-0.016044817326688388,0.8694531132366811,0.8854979305633695,8,5.62,True,True,True,False,PASS,0.10606,False,1.0,0.12406,False,0.14564,False,0.09435,False
C3,1765_884_375_5,user,45,2,-0.01624791954887677,-0.013848537902586555,0.8523268385793992,0.8661753764819857,8,5.62,True,True,True,False,PASS,0.09976,False,1.0,0.11635,False,0.10229,False,0.05254,False
C3,1766_258_1193_10,model,26,2,0.1022528267497084,0.10748977918907165,1.0512157228883474,0.9437259436992758,8,3.25,True,True,True,False,PASS,0.14331,False,1.0,0.11924,False,0.14426,False,0.21526,False
C3,1766_258_1193_10,user,26,2,-0.008615276072697105,-0.008750872999038206,1.0157391272429244,1.0244900002419626,8,3.25,True,True,True,False,PASS,0.15916,False,1.0,0.15916,False,0.16305,False,0.17772,False
C3,1767_519_1129_46,model,33,2,0.17604180961283772,0.16907572898592071,0.9604293966175578,0.7913536676316371,8,4.12,True,True,True,False,PASS,0.14151,True,1.0,0.14907,True,0.14742,True,0.09509,True
C3,1767_519_1129_46,user,33,2,0.06790040372128155,0.06490176041415141,0.9558376218285977,0.8909358614144463,7,4.71,True,True,True,False,PASS,0.14475,False,1.0,0.16371,False,0.16167,False,0.2349,False
C3,1768_374_1106_2,model,29,2,0.004476670801963956,0.004600187994098892,1.027591305592707,1.0229911175986082,6,4.83,True,True,True,False,PASS,0.14108,False,1.0,0.09692,False,0.12202,False,0.0781,False
C3,1768_374_1106_2,user,29,2,0.42604028214825174,0.37369692478604544,0.8771398866363719,0.5034429618503264,6,4.83,True,True,True,False,PASS,0.16328,True,1.0,0.16744,True,0.13652,True,0.10582,True
C3,1769_665_519_6,model,34,2,0.01561013118774396,0.015809462376475514,1.012769347440722,0.9969598850642465,7,4.86,True,True,True,False,PASS,0.14378,False,1.0,0.11707,False,0.08943,False,0.10762,False
C3,1769_665_519_6,user,34,2,0.22628505313680616,0.20574216410008672,0.9092167655267105,0.7034746014266238,7,4.86,True,True,True,False,PASS,0.14478,True,1.0,0.17927,True,0.13759,True,0.01612,True
C3,176_972_656_39,model,52,2,0.14952526887510117,0.15207276172806794,1.0170372063005264,0.8649644445724585,7,7.43,True,True,True,False,PASS,0.06243,True,1.0,0.07815,True,0.06599,True,0.12723,True
C3,176_972_656_39,user,52,2,0.0555801300708877,0.0512496598217671,0.9220860000939644,0.8708363402721973,7,7.43,True,True,True,False,PASS,0.0677,False,1.0,0.08338,False,0.07172,False,0.07231,False
C3,1771_259_1103_57,model,29,2,0.16577477494777174,0.16228046365758153,0.9789213329272134,0.8166408692696319,6,4.83,True,True,True,False,PASS,0.15142,True,1.0,0.16577,False,0.16784,False,0.11177,True
C3,1771_259_1103_57,user,29,2,0.4435413401581018,0.40665005024688783,0.9168255885729525,0.5101755383260647,6,4.83,True,True,True,False,PASS,0.16362,True,1.0,0.17508,True,0.17455,True,0.18075,True
C3,1772_674_963_43,model,25,2,0.2612846782372296,0.25397260414090583,0.9720149143621621,0.7180423102212563,8,3.12,True,True,True,False,PASS,0.18087,True,1.0,0.15998,True,0.1939,True,0.14783,True
C3,1772_674_963_43,user,25,2,0.157610525828626,0.16093010661911067,1.021061923199813,0.8601318165807024,6,4.17,True,True,True,False,PASS,0.16956,False,1.0,0.15761,False,0.19279,False,0.15903,False
C3,1773_12_925_21,model,25,2,0.05438804351800499,0.04949417128644973,0.9100193366960302,0.8605251654095805,7,3.57,True,True,True,False,PASS,0.24392,False,1.0,0.24678,False,0.23687,False,0.08306,False
C3,1773_12_925_21,user,25,2,0.06093247094831999,0.06247606988657162,1.0253329450492963,0.9628568751627247,8,3.12,True,True,True,False,PASS,0.17749,False,1.0,0.17979,False,0.1606,False,0.11469,False
C3,1774_1392_126_35,model,32,2,0.24438559318096834,0.2015226082195758,0.8246091989160247,0.6230865906964489,6,5.33,True,True,True,False,PASS,0.1686,True,1.0,0.09883,True,0.16323,True,0.11104,True
C3,1774_1392_126_35,user,32,2,0.010796262084494614,0.010183967360517188,0.9432864153180579,0.9331024479575407,6,5.33,True,True,True,False,PASS,0.16512,False,1.0,0.07428,False,0.10648,False,0.17312,False
C3,1775_833_1399_40,model,30,2,0.1580319044641399,0.14578910787409693,0.9225295889994096,0.7767404811253127,7,4.29,True,True,True,False,PASS,0.18938,False,1.0,0.15803,False,0.15802,True,0.21112,False
C3,1775_833_1399_40,user,30,2,0.04994312832226568,0.052181737830298225,1.0448231735422653,0.9926414357119671,8,3.75,True,True,True,False,PASS,0.14215,False,1.0,0.13676,False,0.12345,False,0.25442,False
C3,1776_674_519_59,model,30,2,0.06419177866294595,0.06537905653536247,1.0184957933421754,0.953116736806813,7,4.29,True,True,True,False,PASS,0.14295,False,1.0,0.09354,False,0.11799,False,0.06508,False
C3,1776_674_519_59,user,30,2,0.15888647568304706,0.15087812869590578,0.9495970506444069,0.7987189219485011,7,4.29,True,True,True,False,PASS,0.16122,False,1.0,0.15889,False,0.16857,False,0.06681,True
C3,1777_544_136_9,model,25,2,0.22456555375307863,0.22051459717568855,0.9819609173816377,0.7614463202059492,6,4.17,True,True,True,False,PASS,0.15194,True,1.0,0.22457,False,0.19588,True,0.11542,True
C3,1777_544_136_9,user,25,2,0.3854796598755338,0.380838350623493,0.9879596519994353,0.6071213013759422,6,4.17,True,True,True,False,PASS,0.18309,True,1.0,0.1887,True,0.1887,True,0.0326,True
C3,1778_665_673_40,model,31,2,0.028653029960049252,0.027026932071382848,0.9432486584862522,0.9162217264148693,6,5.17,True,True,True,False,PASS,0.15939,False,1.0,0.05017,False,0.11292,False,0.27851,False
C3,1778_665_673_40,user,31,2,0.23880052496474433,0.2108636861180132,0.8830118197987394,0.6721481336807262,6,5.17,True,True,True,False,PASS,0.16732,True,1.0,0.10589,True,0.18856,True,0.32391,False
C3,1779_544_545_48,model,24,2,0.17738018448343135,0.15410161384210597,0.8687645369796096,0.7146629231375037,7,3.43,True,True,True,False,PASS,0.22593,False,1.0,0.30477,False,0.2371,False,0.19936,False
C3,1779_544_545_48,user,24,2,0.31120707355017524,0.3157339838512412,1.0145462962953382,0.698812312444097,6,4.0,True,True,True,False,PASS,0.2015,True,1.0,0.241,True,0.20933,True,0.20975,True
C3,177_1227_1068_2,model,28,2,0.18907636134670236,0.1873675556380009,0.9909623514196569,0.803594795781656,7,4.0,True,True,True,False,PASS,0.16228,True,1.0,0.17994,True,0.17994,True,0.09739,True
C3,177_1227_1068_2,user,28,2,0.10141035129703681,0.09275451045972027,0.9146453914555224,0.8218908809958021,7,4.0,True,True,True,False,PASS,0.19102,False,1.0,0.24292,False,0.15782,False,0.10018,True
C3,1780_1096_463_12,model,38,2,0.28167212849025086,0.21937135301882305,0.7788181038523159,0.5594467508334928,6,6.33,True,True,True,False,PASS,0.15517,True,1.0,0.13533,True,0.19445,True,0.4115,False
C3,1780_1096_463_12,user,38,2,-0.010107692495759671,-0.009538365059957421,0.9436738468210137,0.9532122118809712,6,6.33,True,True,True,False,PASS,0.11601,False,1.0,0.08117,False,0.05877,False,0.26028,False
C3,1781_469_1345_2,model,25,2,0.0012376569810622175,0.0012227551603049003,0.9879596519994355,0.9867368968391306,8,3.12,True,True,True,False,PASS,0.19217,False,1.0,0.19104,False,0.19215,False,0.02002,False
C3,1781_469_1345_2,user,25,2,0.290829949346706,0.30254404408730484,1.0402781583083598,0.737734114221055,7,3.57,True,True,True,False,PASS,0.17035,True,1.0,0.21304,True,0.20681,True,0.05145,True
C3,1783_1008_431_37,model,32,2,0.10579269622422365,0.07840945355102569,0.7411613121650648,0.6627518586140391,7,4.57,True,True,True,False,PASS,0.21523,False,1.0,0.19786,False,0.17723,False,0.06866,True
C3,1783_1008_431_37,user,32,2,0.04838387095668481,0.0493259304099436,1.0194705267402469,0.9701445963303033,7,4.57,True,True,True,False,PASS,0.15879,False,1.0,0.13362,False,0.13705,False,0.05964,False
C3,1784_626_544_38,model,32,2,0.027575951331681694,0.024296965584391428,0.8810925611286862,0.8567955955442947,8,4.0,True,True,True,False,PASS,0.1525,False,1.0,0.15178,False,0.15178,False,0.17799,False
C3,1784_626_544_38,user,32,2,0.008845963882942266,0.008838229208163684,0.9991256266834305,0.9902873974752668,8,4.0,True,True,True,False,PASS,0.13599,False,1.0,0.1191,False,0.11771,False,0.06027,False
C3,1786_1138_1543_47,model,29,2,-0.008471821675123848,-0.008474838361170134,1.0003560846960629,1.008830923057233,6,4.83,True,True,True,False,PASS,0.16571,False,1.0,0.0979,False,0.15936,False,0.01576,False
C3,1786_1138_1543_47,user,29,2,0.5061586598552591,0.4745368619759025,0.9375259174891937,0.46298905551329117,6,4.83,True,True,True,False,PASS,0.17139,True,1.0,0.17044,True,0.19476,True,0.15942,True
C3,1787_1096_9_37,model,30,2,0.010168730828455387,0.009760777861789638,0.9598816240150476,0.950120846153258,8,3.75,True,True,True,False,PASS,0.14544,False,1.0,0.11597,False,0.14198,False,-0.02278,True
C3,1787_1096_9_37,user,30,2,0.06887870350027106,0.06447273460341418,0.9360329292951988,0.8715601946917846,7,4.29,True,True,True,False,PASS,0.13751,False,1.0,0.12264,False,0.13332,False,0.07794,False
C3,1788_979_1399_47,model,24,2,0.017374482412955052,0.018269187860691316,1.0514953727236869,1.0332261848629956,8,3.0,True,True,True,False,PASS,0.19932,False,1.0,0.19885,False,0.18258,False,0.23983,False
C3,1788_979_1399_47,user,24,2,0.06618748278355774,0.068005520635404,1.0274680011293298,0.9594624804939258,8,3.0,True,True,True,False,PASS,0.19085,False,1.0,0.19133,False,0.18208,False,0.15678,False
C3,1789_1107_1108_13,model,32,2,0.1601436337383039,0.16691026681453836,1.0422535252777643,0.8753432584632259,7,4.57,True,True,True,False,PASS,0.09967,True,1.0,0.13123,True,0.12376,True,0.04144,True
C3,1789_1107_1108_13,user,32,2,0.21106701929557944,0.20536836461375074,0.9730007336018316,0.7676323689880808,8,4.0,True,True,True,False,PASS,0.12102,True,1.0,0.13358,True,0.13805,True,0.12087,True
C3,1790_812_521_36,model,36,2,-0.0010874302980829113,-0.0010310194253874139,0.9481246082668956,0.949155627692283,8,4.5,True,True,True,False,PASS,0.12478,False,1.0,0.12778,False,0.14619,False,0.06091,False
C3,1790_812_521_36,user,36,2,-0.020189625423859443,-0.01773192285855385,0.8782690360168267,0.8960009588753806,8,4.5,True,True,True,False,PASS,0.14222,False,1.0,0.1078,False,0.12904,False,0.04569,False
C3,1791_1096_858_22,model,31,2,0.4392577396576934,0.43127194185650464,0.9818197903412881,0.5505478484847834,6,5.17,True,True,True,False,PASS,0.14932,True,1.0,0.12335,True,0.12654,True,0.07941,True
C3,1791_1096_858_22,user,31,2,0.02205288026071468,0.023044953636628618,1.044986113568178,1.0219411599315493,7,4.43,True,True,True,False,PASS,0.13305,False,1.0,0.08817,False,0.12233,False,0.09912,False
C3,1792_832_553_11,model,36,2,0.3829420238003035,0.32364164030456133,0.8451452705366541,0.5215036302320928,7,5.14,True,True,True,False,PASS,0.15793,True,1.0,0.14715,True,0.15243,True,0.14281,True
C3,1792_832_553_11,user,36,2,0.18504604963894064,0.18631681093785812,1.006867270613974,0.820550459676116,6,6.0,True,True,True,False,PASS,0.12868,True,1.0,0.16163,True,0.11791,True,0.03175,True
C3,1793_1075_1492_11,model,26,2,0.17532253762368102,0.17582689043439625,1.0028767140696868,0.8270498236352906,6,4.33,True,True,True,False,PASS,0.14838,True,1.0,0.17532,False,0.17795,False,0.05769,True
C3,1793_1075_1492_11,user,26,2,0.3462766378578804,0.35008201928323857,1.0109894258212129,0.6609074065379743,7,3.71,True,True,True,False,PASS,0.17165,True,1.0,0.19569,True,0.19538,True,0.18305,True
C3,1795_101_102_54,model,24,2,0.18768466418323804,0.16065423404359613,0.8559795481571586,0.6953253141135625,6,4.0,True,True,True,False,PASS,0.19747,False,1.0,0.18768,False,0.21957,False,0.14265,True
C3,1795_101_102_54,user,24,2,0.19774882061000287,0.18370670372683728,0.9289901358711047,0.7452834321442674,5,4.8,True,True,True,False,PASS,0.24724,False,1.0,0.19775,False,0.25322,False,0.26903,False
C3,1796_1067_834_9,model,25,2,0.09376672671850961,0.09458111906401112,1.0086853020682522,0.9141041830042411,5,5.0,True,True,True,False,PASS,0.16161,False,1.0,0.09377,False,0.15696,False,-0.02534,True
C3,1796_1067_834_9,user,25,2,0.821772776080363,0.7987753945669103,0.9720149143621621,0.17323951979525187,5,5.0,True,True,True,False,PASS,0.1924,True,1.0,0.162,True,0.25853,True,-0.04318,True
C3,1797_1197_1075_2,model,24,2,0.37634747691599346,0.3004444528775242,0.7983166390260882,0.497872186148564,5,4.8,True,True,True,False,PASS,0.21687,True,1.0,0.16116,True,0.21611,True,0.18963,True
C3,1797_1197_1075_2,user,24,2,0.35086524819865944,0.33912544042901716,0.9665404088039087,0.6274149683748915,5,4.8,True,True,True,False,PASS,0.17994,True,1.0,0.23834,True,0.20411,True,0.16159,True
C3,1798_832_833_54,model,28,2,0.006638713850452935,0.00657071644759144,0.9897574433251322,0.9831867268775407,8,3.5,True,True,True,False,PASS,0.17149,False,1.0,0.15395,False,0.14936,False,0.10653,False
C3,1798_832_833_54,user,28,2,0.11265422494665896,0.11455351147933945,1.0168594345536512,0.9023059230743118,8,3.5,True,True,True,False,PASS,0.1479,False,1.0,0.145,False,0.17873,False,0.02774,True
C3,1799_350_1075_29,model,27,2,-0.0523554089248108,-0.053158423639571684,1.0153377603432363,1.068496183982808,8,3.38,True,True,True,False,PASS,0.14255,False,1.0,0.17494,False,0.16397,False,0.11201,False
C3,1799_350_1075_29,user,27,2,0.18922364816584555,0.18202269548216743,0.9619447529234463,0.7799220574412788,7,3.86,True,True,True,False,PASS,0.17425,True,1.0,0.16078,True,0.18153,True,0.06818,True
C3,179_506_1203_23,model,33,2,0.016309735286194095,0.015979102533773215,0.9797278897162265,0.9637487871824533,8,4.12,True,True,True,False,PASS,0.11835,False,1.0,0.13184,False,0.10331,False,0.06318,False
C3,179_506_1203_23,user,33,2,-0.029361761211500224,-0.02995894595854276,1.0203388598776777,1.0502978058362205,8,4.12,True,True,True,False,PASS,0.11154,False,1.0,0.1289,False,0.10713,False,0.09854,False
C3,17_439_1116_57,model,31,2,-0.006628556209557476,-0.006706824604612027,1.0118077591228236,1.0185145837274356,6,5.17,True,True,True,False,PASS,0.13541,False,1.0,0.06165,False,0.09751,False,0.10941,False
C3,17_439_1116_57,user,31,2,0.30225741355707453,0.26146562596039036,0.8650428880581235,0.6035772620977331,6,5.17,True,True,True,False,PASS,0.17811,True,1.0,0.14075,True,0.15579,True,0.15455,True
C3,1800_1534_1222_29,model,37,2,-0.03256238314647537,-0.03155876313212913,0.9691785453837437,1.0007373085158728,8,4.62,True,True,True,False,PASS,0.11745,False,1.0,0.13084,False,0.1008,False,0.163,False
C3,1800_1534_1222_29,user,37,2,0.07503808727628482,0.06824811414096843,0.9095129769190918,0.8412648627781234,8,4.62,True,True,True,False,PASS,0.11959,False,1.0,0.14134,False,0.13218,False,0.1587,False
C3,1801_1482_135_58,model,24,2,0.08872988687030006,0.0820770212118449,0.9250211412060074,0.8429441199941625,7,3.43,True,True,True,False,PASS,0.21243,False,1.0,0.22785,False,0.30386,False,0.3111,False
C3,1801_1482_135_58,user,24,2,0.16100817912317905,0.1633502518026777,1.0145462962953382,0.8511960444926605,7,3.43,True,True,True,False,PASS,0.16167,False,1.0,0.16167,False,0.19657,False,0.03966,True
C3,1803_1197_304_54,model,27,2,0.17063613531427804,0.16995172383935964,0.9959890589782882,0.8260373351389285,7,3.86,True,True,True,False,PASS,0.15172,True,1.0,0.18757,False,0.17363,False,0.11261,True
C3,1803_1197_304_54,user,27,2,0.14539307588668265,0.14094134711269757,0.9693814251687288,0.8284400780560313,7,3.86,True,True,True,False,PASS,0.16821,False,1.0,0.14716,False,0.16695,False,0.10417,True
C3,1804_135_136_54,model,27,2,0.14502779194286736,0.15122098679553497,1.0427035037195311,0.8914825169239962,7,3.86,True,True,True,False,PASS,0.15853,False,1.0,0.14503,False,0.19341,False,0.15119,False
C3,1804_135_136_54,user,27,2,0.29741216471407655,0.2756906281801391,0.92696486858626,0.6512742404061209,6,4.5,True,True,True,False,PASS,0.17319,True,1.0,0.16084,True,0.14309,True,0.15863,True
C3,1805_1075_925_48,model,29,2,0.0817047607300343,0.0828874747196433,1.0144754599247514,0.9315879852051081,7,4.14,True,True,True,False,PASS,0.14044,False,1.0,0.16295,False,0.17269,False,0.37501,False
C3,1805_1075_925_48,user,29,2,0.17684283108868296,0.15898609844180034,0.8990248429243488,0.7400387444825485,7,4.14,True,True,True,False,PASS,0.19076,False,1.0,0.16773,True,0.18216,False,0.02421,True
C3,1806_837_833_25,model,30,2,-0.019667863449855397,-0.02055058600790627,1.0448814666779356,1.0654320526858418,8,3.75,True,True,True,False,PASS,0.10422,False,1.0,0.15452,False,0.15984,False,0.12779,False
C3,1806_837_833_25,user,30,2,0.26685254448479345,0.26961444528115464,1.0103499136637184,0.7407354683825638,7,4.29,True,True,True,False,PASS,0.13109,True,1.0,0.13867,True,0.12664,True,0.13867,True
C3,1807_490_1266_25,model,30,2,0.015638546539558918,0.01616152811057936,1.0334418271990635,1.0172802990884842,6,5.0,True,True,True,False,PASS,0.14144,False,1.0,0.10585,False,0.09906,False,0.13953,False
C3,1807_490_1266_25,user,30,2,0.38600931383514603,0.32995899621963853,0.8547954269325091,0.5248364307128706,6,5.0,True,True,True,False,PASS,0.12725,True,1.0,0.14861,True,0.15994,True,0.1464,True
C3,1809_1313_716_45,model,31,2,0.3273730402562058,0.26615825042200925,0.8130121228483287,0.5468538724263194,6,5.17,True,True,True,False,PASS,0.18026,True,1.0,0.16793,True,0.18026,True,0.19029,True
C3,1809_1313_716_45,user,31,2,0.0835503539840563,0.08682164695499273,1.0391535501041764,0.9523319031491837,6,5.17,True,True,True,False,PASS,0.13329,False,1.0,0.08355,False,0.16203,False,0.09456,False
C3,180_830_1097_39,model,37,2,0.027581764367332662,0.02849682495682182,1.0331762891344594,1.0046794641776375,8,4.62,True,True,True,False,PASS,0.08345,False,1.0,0.0864,False,0.09578,False,0.21619,False
C3,180_830_1097_39,user,37,2,-0.02641391276634907,-0.025622383620925282,0.9700336276406507,0.995656011261576,8,4.62,True,True,True,False,PASS,0.09707,False,1.0,0.09797,False,0.09003,False,0.14471,False
C3,1810_136_895_30,model,29,2,-0.030235024301348508,-0.030066413888634846,0.9944233412537347,1.0244897551423695,8,3.62,True,True,True,False,PASS,0.14065,False,1.0,0.14065,False,0.17136,False,0.14065,False
C3,1810_136_895_30,user,29,2,-0.051577575790870286,-0.048382787833811225,0.938058586351308,0.9864413741851192,8,3.62,True,True,True,False,PASS,0.14683,False,1.0,0.16765,False,0.14805,False,0.12279,False
C3,1811_182_183_12,model,29,2,0.1370491411563057,0.13660657819505073,0.996770771728148,0.8601641935330973,7,4.14,True,True,True,False,PASS,0.18667,False,1.0,0.13705,False,0.11448,True,0.18901,False
C3,1811_182_183_12,user,29,2,0.2944139789070339,0.2573612571032503,0.8741475457743683,0.616786288671118,6,4.83,True,True,True,False,PASS,0.18501,True,1.0,0.09624,True,0.31193,False,0.11587,True
C3,1812_624_1371_57,model,27,2,0.019643251508283367,0.017249758786985425,0.8781519077791867,0.8609021489922013,7,3.86,True,True,True,False,PASS,0.20754,False,1.0,0.2003,False,0.2183,False,0.02533,False
C3,1812_624_1371_57,user,27,2,0.08098669446468754,0.08116899045654091,1.00225093755287,0.9210819470963292,8,3.38,True,True,True,False,PASS,0.1601,False,1.0,0.20761,False,0.17417,False,0.05798,True
C3,1814_1222_1054_25,model,32,2,0.2760811939158883,0.26628576220179934,0.9645197429960648,0.6982339807942655,7,4.57,True,True,True,False,PASS,0.14379,True,1.0,0.16967,True,0.14508,True,0.03381,True
C3,1814_1222_1054_25,user,32,2,0.028614693932966062,0.02899628894885531,1.0133356315738755,0.9843393426250202,7,4.57,True,True,True,False,PASS,0.11518,False,1.0,0.08829,False,0.17179,False,0.10155,False
C3,1815_1194_1195_34,model,29,2,-0.03166354844591881,-0.03179944578919769,1.0042919176765988,1.0360913634657964,8,3.62,True,True,True,False,PASS,0.15075,False,1.0,0.12395,False,0.12395,False,0.12251,False
C3,1815_1194_1195_34,user,29,2,0.016947768298447213,0.01753623803508364,1.0347225502658273,1.0171863122307436,8,3.62,True,True,True,False,PASS,0.11564,False,1.0,0.15241,False,0.10866,False,0.11564,False
C3,1816_1311_1312_34,model,32,2,0.022474797638229245,0.02065410112197341,0.9189894144737989,0.8983353133518255,8,4.0,True,True,True,False,PASS,0.15641,False,1.0,0.15947,False,0.15889,False,0.04982,False
C3,1816_1311_1312_34,user,32,2,-0.0430667430086567,-0.04190996765848465,0.9731399388632771,1.0150499065217617,8,4.0,True,True,True,False,PASS,0.14113,False,1.0,0.15429,False,0.12662,False,0.09879,False
C3,181_822_774_39,model,36,2,0.08784209634565347,0.09116607817173339,1.0378404200760447,0.9466743419043113,8,4.5,True,True,True,False,PASS,0.0822,True,1.0,0.08672,True,0.07888,True,0.09496,False
C3,181_822_774_39,user,36,2,0.029044064598654846,0.02939890773221232,1.0122174061537486,0.9828184984215362,8,4.5,True,True,True,False,PASS,0.09733,False,1.0,0.13029,False,0.0971,False,0.12897,False
C3,1820_1222_183_58,model,26,2,0.018433106236988385,0.019309309014953646,1.04753419020648,1.0282248811915264,7,3.71,True,True,True,False,PASS,0.1765,False,1.0,0.09553,False,0.14517,False,0.20055,False
C3,1820_1222_183_58,user,26,2,0.3376954597252488,0.3414065389300598,1.0109894258212129,0.6695828868911531,7,3.71,True,True,True,False,PASS,0.17545,True,1.0,0.18305,True,0.18271,True,0.18271,True
C3,1822_1266_132_45,model,31,2,-0.020477495107367346,-0.01854238561275323,0.9055006735702794,0.9240430591830326,8,3.88,True,True,True,False,PASS,0.16424,False,1.0,0.12,False,0.15066,False,0.19465,False
C3,1822_1266_132_45,user,31,2,0.042560614165790496,0.04419910477318134,1.0384978139884982,0.9942987092153168,8,3.88,True,True,True,False,PASS,0.11839,False,1.0,0.10779,False,0.10519,False,0.10562,False
C3,1823_178_1222_11,model,25,2,0.3942506354168922,0.39074198522685366,0.9911004577422471,0.6003584725153934,6,4.17,True,True,True,False,PASS,0.16173,True,1.0,0.18496,True,0.18893,True,0.33794,True
C3,1823_178_1222_11,user,25,2,0.2547104810598675,0.1703640988360654,0.6688539008177791,0.49848980198171366,6,4.17,True,True,True,False,PASS,0.13824,True,1.0,0.05814,True,0.20955,True,0.15343,True
C3,1824_352_353_36,model,28,2,0.04693360783307496,0.046452887694888645,0.9897574433251317,0.9433045556302431,7,4.0,True,True,True,False,PASS,0.15332,False,1.0,0.15108,False,0.15108,False,0.07969,False
C3,1824_352_353_36,user,28,2,0.26765400582290916,0.267386543513464,0.9990007162096349,0.7316141726961709,7,4.0,True,True,True,False,PASS,0.14869,True,1.0,0.19533,True,0.19228,True,0.0191,True
C3,1826_1279_1280_32,model,31,2,0.4618112306879139,0.39948652073194924,0.8650428880581232,0.465556367326174,6,5.17,True,True,True,False,PASS,0.16734,True,1.0,0.20653,True,0.16734,True,0.08218,True
C3,1826_1279_1280_32,user,31,2,0.22567999769388852,0.19522287698207197,0.8650428880581235,0.6698200110760515,6,5.17,True,True,True,False,PASS,0.17536,True,1.0,0.06891,True,0.15162,True,0.07534,True
C3,1827_1222_447_32,model,29,2,0.17989459218268986,0.1696945569223134,0.9432999339412163,0.7736053770189029,7,4.14,True,True,True,False,PASS,0.1644,True,1.0,0.1644,True,0.16244,True,0.04451,True
C3,1827_1222_447_32,user,29,2,-0.013906299576712926,-0.011595995723989172,0.8338663826434086,0.8454623783673978,7,4.14,True,True,True,False,PASS,0.1445,False,1.0,0.23629,False,0.1796,False,0.05224,False
C3,1828_739_1266_54,model,35,2,0.1766492531876337,0.14370773186709784,0.8135201778320231,0.6698124459649253,7,5.0,True,True,True,False,PASS,0.18982,False,1.0,0.21904,False,0.18982,False,0.21268,False
C3,1828_739_1266_54,user,35,2,0.141680375562285,0.12077596052112849,0.8524537010987341,0.7316777405776056,7,5.0,True,True,True,False,PASS,0.15401,False,1.0,0.18133,False,0.20949,False,0.2117,False
C3,1830_986_791_53,model,31,2,-0.00027931816522952085,-0.0002742401024241614,0.9818197903412881,0.9820940304437122,8,3.88,True,True,True,False,PASS,0.15605,False,1.0,0.13175,False,0.18293,False,0.09533,False
C3,1830_986_791_53,user,31,2,0.18590337014981484,0.1616472621668832,0.8695230325120826,0.7078757703451994,7,4.43,True,True,True,False,PASS,0.17129,True,1.0,0.20735,False,0.1761,True,0.1306,True
C3,1831_1539_1540_35,model,26,2,0.25222661005384095,0.24841888148577984,0.9849035414334423,0.7364846599476624,7,3.71,True,True,True,False,PASS,0.16141,True,1.0,0.16068,True,0.19111,True,0.16141,True
C3,1831_1539_1540_35,user,26,2,0.22875027114702665,0.2224714087991061,0.9725514539657752,0.7500800451666692,6,4.33,True,True,True,False,PASS,0.14654,True,1.0,0.22875,False,0.20774,True,0.11953,True
C3,1832_447_448_35,model,32,2,0.29994379763984497,0.2815761359911061,0.9387629889557053,0.6571868529645992,7,4.57,True,True,True,False,PASS,0.16009,True,1.0,0.19099,True,0.17904,True,0.13871,True
C3,1832_447_448_35,user,32,2,0.027860344282810586,0.028958986986665547,1.0394339241720285,1.010474937185363,7,4.57,True,True,True,False,PASS,0.12779,False,1.0,0.11486,False,0.10682,False,0.10592,False
C3,1833_132_589_32,model,31,2,0.11893335812456116,0.11658750726800016,0.9802759217972795,0.8636884145292794,8,3.88,True,True,True,False,PASS,0.12949,False,1.0,0.11098,True,0.12949,False,0.1631,False
C3,1833_132_589_32,user,31,2,0.032259384183806854,0.03256344310387416,1.0094254409301444,0.9768619978262703,7,4.43,True,True,True,False,PASS,0.14585,False,1.0,0.12884,False,0.12884,False,0.0722,False
C3,1834_826_199_39,model,24,2,0.13165504900897937,0.13644456768991242,1.0363793011888696,0.8999347334989571,8,3.0,True,True,True,False,PASS,0.18828,False,1.0,0.18828,False,0.22478,False,0.08329,True
C3,1834_826_199_39,user,24,2,-0.006326612982891356,-0.006416512638389937,1.0142097605372244,1.0206262731756144,8,3.0,True,True,True,False,PASS,0.18497,False,1.0,0.17571,False,0.1842,False,0.1716,False
C3,1836_1166_1167_8,model,25,2,0.11843840077820171,0.11848085768964789,1.0003584725153938,0.8818776148257459,7,3.57,True,True,True,False,PASS,0.16971,False,1.0,0.16688,False,0.15954,False,0.15422,False
C3,1836_1166_1167_8,user,25,2,0.07853055691598868,0.0576325249976819,0.7338866202023333,0.6762540952046514,6,4.17,True,True,True,False,PASS,0.1207,False,1.0,0.07853,False,0.1207,False,-0.00133,True
C3,1837_960_667_14,model,27,2,0.17626332643039833,0.18125992847239347,1.0283473717601044,0.8470874432877109,6,4.5,True,True,True,False,PASS,0.1548,True,1.0,0.17626,False,0.12689,True,0.08112,True
C3,1837_960_667_14,user,27,2,0.30885242798285556,0.29924259537607145,0.9688853583909091,0.6696427630148376,7,3.86,True,True,True,False,PASS,0.15285,True,1.0,0.18259,True,0.17818,True,0.11244,True
C3,1838_396_397_9,model,39,2,-0.021398614924151342,-0.02058061519045218,0.9617732392213882,0.9823538544118404,8,4.88,True,True,True,False,PASS,0.11143,False,1.0,0.13162,False,0.12065,False,0.12094,False
C3,1838_396_397_9,user,39,2,0.09737536630323741,0.08677433802168955,0.8911323398924619,0.8043580018707723,8,4.88,True,True,True,False,PASS,0.13381,False,1.0,0.13336,False,0.11998,False,0.16219,False
C3,1839_969_528_44,model,31,2,0.05330654157980221,0.053935972382447295,1.0118077591228236,0.9578717867403763,8,3.88,True,True,True,False,PASS,0.12671,False,1.0,0.14325,False,0.11417,False,0.11952,False
C3,1839_969_528_44,user,31,2,0.15442232496402392,0.1546032635166339,1.0011717123974926,0.8465684488808587,7,4.43,True,True,True,False,PASS,0.12419,True,1.0,0.15442,False,0.12009,True,0.15294,True
C3,183_1284_631_4,model,38,2,0.22789957318820514,0.16851556831055603,0.7394290649741221,0.5709134966635661,7,5.43,True,True,True,False,PASS,0.15756,True,1.0,0.10095,True,0.15592,True,0.06712,True
C3,183_1284_631_4,user,38,2,0.33870287436684454,0.2890683055717751,0.8534569011619579,0.5643885955901828,6,6.33,True,True,True,False,PASS,0.14663,True,1.0,0.16769,True,0.21046,True,0.06757,True
C3,1840_645_58_23,model,29,2,-0.027390368228475494,-0.02447268447844797,0.8934777464220343,0.9179504309004822,8,3.62,True,True,True,False,PASS,0.17602,False,1.0,0.1701,False,0.17155,False,0.1822,False
C3,1840_645_58_23,user,29,2,0.29920415097098646,0.2806710228902869,0.938058586351308,0.6573875634610211,6,4.83,True,True,True,False,PASS,0.15788,True,1.0,0.16765,True,0.1534,True,0.08563,True
C3,1841_29_1217_25,model,27,2,0.20303935282227373,0.17733228053975447,0.8733887203382616,0.6960564397985072,6,4.5,True,True,True,False,PASS,0.22575,False,1.0,0.20304,False,0.22752,False,0.41118,False
C3,1841_29_1217_25,user,27,2,0.027897418605786806,0.027108730230130162,0.9717289837170439,0.9446202534869137,6,4.5,True,True,True,False,PASS,0.18878,False,1.0,0.05286,False,0.21325,False,0.18878,False
C3,1842_304_305_30,model,30,2,-0.008080979973518936,-0.007365365316407857,0.9114445699090803,0.9188099352254882,7,4.29,True,True,True,False,PASS,0.15272,False,1.0,0.1427,False,0.12146,False,0.26455,False
C3,1842_304_305_30,user,30,2,0.11452424299971839,0.11643997911954185,1.0167277780637953,0.9002877989442535,7,4.29,True,True,True,False,PASS,0.13979,False,1.0,0.14228,False,0.1362,False,0.09906,True
C3,1844_480_716_40,model,34,2,0.0459695013943758,0.043567890166676726,0.9477564220874299,0.9041885319207532,6,5.67,True,True,True,False,PASS,0.13223,False,1.0,0.09618,False,0.09618,False,0.09972,False
C3,1844_480_716_40,user,34,2,0.26789068829254803,0.1913452094364394,0.714265996537671,0.5229207871012316,6,5.67,True,True,True,False,PASS,0.19516,True,1.0,0.12963,True,0.25996,True,0.06668,True
C3,1845_88_305_35,model,26,2,0.3974094509419701,0.3769577822013692,0.9485375380677918,0.5715797558664226,7,3.71,True,True,True,False,PASS,0.16251,True,1.0,0.16251,True,0.16251,True,0.07408,True
C3,1845_88_305_35,user,26,2,0.010223290169771946,0.010461846109211193,1.023334556241454,1.0128727101322428,7,3.71,True,True,True,False,PASS,0.18068,False,1.0,0.20006,False,0.16549,False,0.36314,False
C3,1847_1179_754_1,model,32,2,0.15188798653650237,0.13958345181278453,0.9189894144737987,0.7794059626610141,8,4.0,True,True,True,False,PASS,0.16035,False,1.0,0.114,True,0.16544,False,0.0833,True
C3,1847_1179_754_1,user,32,2,0.06817220778094667,0.06081992475709963,0.8921513141033711,0.8313313893462715,7,4.57,True,True,True,False,PASS,0.14351,False,1.0,0.17314,False,0.17809,False,0.10557,False
C3,1848_1340_833_10,model,33,2,0.4606676667978458,0.4266121222610759,0.926073508102937,0.49946138584186106,6,5.5,True,True,True,False,PASS,0.13623,True,1.0,0.14519,True,0.16284,True,0.0512,True
C3,1848_1340_833_10,user,33,2,0.13813017590975507,0.12078414515410063,0.874422582600726,0.7536384374466254,6,5.5,True,True,True,False,PASS,0.15837,False,1.0,0.05779,True,0.20166,False,0.14461,False
C3,1849_199_58_10,model,25,2,-0.01890358456775813,-0.01647727968621837,0.8716484234594294,0.8881257031456478,6,4.17,True,True,True,False,PASS,0.21335,False,1.0,0.06829,False,0.20414,False,0.12569,False
C3,1849_199_58_10,user,25,2,0.21417706239908202,0.19222786280866233,0.8975184394418431,0.7052905766331807,6,4.17,True,True,True,False,PASS,0.21418,False,1.0,0.21418,False,0.19793,True,0.17532,True
C3,184_776_1105_4,model,33,2,-0.0037000584681679766,-0.0037949507321590747,1.025646152569606,1.029441103301765,8,4.12,True,True,True,False,PASS,0.12237,False,1.0,0.13751,False,0.10644,False,0.19052,False
C3,184_776_1105_4,user,33,2,-0.014535066579562918,-0.01379802949744402,0.9492924866849106,0.9630905161823546,8,4.12,True,True,True,False,PASS,0.12036,False,1.0,0.12685,False,0.12323,False,0.11047,False
C3,1850_620_95_34,model,31,2,0.013672796442123897,0.01429038268874061,1.0451689783601268,1.0308785956713862,7,4.43,True,True,True,False,PASS,0.14401,False,1.0,0.07202,False,0.14101,False,0.13783,False
C3,1850_620_95_34,user,31,2,0.23196271626236364,0.21193431134956564,0.9136567926280675,0.7017224812785019,7,4.43,True,True,True,False,PASS,0.13025,True,1.0,0.14552,True,0.14089,True,0.14552,True
C3,1851_645_646_10,model,29,2,0.10200295505339299,0.08916563282165668,0.8741475457743683,0.7849819129527116,7,4.14,True,True,True,False,PASS,0.16549,False,1.0,0.18119,False,0.18238,False,0.14087,False
C3,1851_645_646_10,user,29,2,0.017223383659751287,0.012784427252799158,0.7422715248847781,0.7294870976319789,6,4.83,True,True,True,False,PASS,0.14366,False,1.0,0.17871,False,0.13775,False,0.2232,False
C3,1852_717_708_36,model,32,2,-0.03430885680988132,-0.034278858060964756,0.9991256266834305,1.0334044847443953,8,4.0,True,True,True,False,PASS,0.11676,False,1.0,0.1295,False,0.12226,False,0.08957,False
C3,1852_717_708_36,user,32,2,0.07459459754901833,0.07338775797402175,0.9838213541643747,0.9104335961903529,8,4.0,True,True,True,False,PASS,0.14045,False,1.0,0.14045,False,0.14906,False,0.25656,False
C3,1853_1054_305_58,model,30,2,0.06280562453917589,0.06498391033562645,1.0346829732596932,0.9696990629240667,8,3.75,True,True,True,False,PASS,0.14973,False,1.0,0.1516,False,0.1516,False,0.13529,False
C3,1853_1054_305_58,user,30,2,0.010634051329347674,0.009849106720247303,0.9261857419350521,0.9163366352148048,7,4.29,True,True,True,False,PASS,0.1563,False,1.0,0.21166,False,0.14382,False,0.06408,False
C3,1854_58_906_58,model,29,2,0.0072743078958966935,0.007158377114542924,0.984062981246757,0.976904604132214,8,3.62,True,True,True,False,PASS,0.17461,False,1.0,0.13608,False,0.17994,False,0.09134,False
C3,1854_58_906_58,user,29,2,0.0992971891409635,0.09314658087423067,0.938058586351308,0.8449120054770773,8,3.62,True,True,True,False,PASS,0.16489,False,1.0,0.15111,False,0.16505,False,0.08888,True
C3,1855_199_95_58,model,28,2,0.8068762245707674,0.6462493574770481,0.8009275001513799,0.15467814267433178,4,7.0,True,True,True,False,PASS,0.20397,True,1.0,0.12213,True,0.18758,True,0.20397,True
C3,1855_199_95_58,user,28,2,0.3936840500430363,0.3725304808925417,0.9462676500402235,0.5737371691476818,4,7.0,True,True,True,False,PASS,0.16538,True,1.0,0.15851,True,0.17684,True,0.20375,True
C3,1856_765_667_2,model,25,2,0.30051455139426697,0.3030085638836364,1.0082991405168176,0.7052905766331812,6,4.17,True,True,True,False,PASS,0.20271,True,1.0,0.19256,True,0.20901,True,0.0648,True
C3,1856_765_667_2,user,25,2,0.07383224884291024,0.06718877411880142,0.9100193366960302,0.8428305625772288,7,3.57,True,True,True,False,PASS,0.24392,False,1.0,0.22574,False,0.26237,False,0.24392,False
C3,1857_922_1207_36,model,27,2,-0.027048881908544677,-0.026608832541196392,0.9837313287537672,1.0103401612949636,6,4.5,True,True,True,False,PASS,0.16808,False,1.0,0.08201,False,0.08201,False,0.15355,False
C3,1857_922_1207_36,user,27,2,0.2677462963195575,0.24900759583245347,0.9300132224247867,0.6810056265923332,6,4.5,True,True,True,False,PASS,0.21075,True,1.0,0.15937,True,0.24523,True,0.10346,True
C3,1858_906_1034_36,model,32,2,0.02116482636629123,0.02144707269303714,1.0133356315738755,0.9918885588808384,6,5.33,True,True,True,False,PASS,0.13454,False,1.0,0.03628,False,0.09934,False,0.07882,False
C3,1858_906_1034_36,user,32,2,0.42935244125370337,0.35404797263485577,0.8246091989160245,0.4705612262811687,5,6.4,True,True,True,False,PASS,0.15934,True,1.0,0.15222,True,0.1686,True,0.15518,True
C3,1859_341_59_42,model,30,2,-0.045075090673535545,-0.04627125257292186,1.0265370935812361,1.072808346154158,8,3.75,True,True,True,False,PASS,0.13642,False,1.0,0.15726,False,0.10803,False,0.14005,False
C3,1859_341_59_42,user,30,2,0.03219824246621949,0.03364334681255521,1.0448814666779356,1.0112381198653804,8,3.75,True,True,True,False,PASS,0.12315,False,1.0,0.10845,False,0.12469,False,0.12779,False
C3,185_507_822_44,model,31,2,0.008609302319217249,0.008042782506083035,0.9341967801653733,0.9261539976592903,8,3.88,True,True,True,False,PASS,0.15538,False,1.0,0.15867,False,0.16458,False,0.05734,False
C3,185_507_822_44,user,31,2,0.08379288055261565,0.08254362724442521,0.9850911760050306,0.9025475487606054,8,3.88,True,True,True,False,PASS,0.14895,False,1.0,0.09276,False,0.12118,False,0.17969,False
C3,1860_171_310_10,model,34,2,0.018300825180791076,0.01693442713640203,0.925336806898563,0.908402379762161,7,4.86,True,True,True,False,PASS,0.14048,False,1.0,0.16896,False,0.16896,False,0.34405,False
C3,1860_171_310_10,user,34,2,0.21883868669314624,0.2221862843568463,1.0152971017797874,0.7931108174229411,7,4.86,True,True,True,False,PASS,0.10915,True,1.0,0.12295,True,0.12682,True,0.4082,False
C3,1861_665_1004_2,model,26,2,0.12244917608224326,0.1190492281825345,0.9722338033746737,0.8531845751921392,7,3.71,True,True,True,False,PASS,0.18526,False,1.0,0.23011,False,0.1518,False,0.1488,False
C3,1861_665_1004_2,user,26,2,0.3267241408340607,0.3114684891482339,0.953307240637676,0.6418387514894421,6,4.33,True,True,True,False,PASS,0.18028,True,1.0,0.17644,True,0.17644,True,0.13818,True
C3,1862_1054_341_2,model,24,2,0.19778000050007535,0.19890748734083052,1.0057007120937627,0.8067932247529321,7,3.43,True,True,True,False,PASS,0.24019,False,1.0,0.19778,False,0.19778,False,0.19011,True
C3,1862_1054_341_2,user,24,2,0.03471897068999435,0.03386240234640714,0.9753285213655811,0.941466119019174,7,3.43,True,True,True,False,PASS,0.22125,False,1.0,0.26589,False,0.26021,False,0.10293,False
C3,1863_1068_709_28,model,29,2,0.13035291772065677,0.10934409320004768,0.8388311908320264,0.7294870976319787,6,4.83,True,True,True,False,PASS,0.23441,False,1.0,0.18154,False,0.20001,False,0.52789,False
C3,1863_1068_709_28,user,29,2,0.2357972468266257,0.23503580369074828,0.996770771728148,0.7617349680373997,7,4.14,True,True,True,False,PASS,0.13315,True,1.0,0.12078,True,0.19371,True,0.439,False
C3,1864_58_59_36,model,26,2,-0.035779051424755216,-0.033846263883274164,0.9459799110229128,0.979826174906187,8,3.25,True,True,True,False,PASS,0.21257,False,1.0,0.13432,False,0.21833,False,0.24903,False
C3,1864_58_59_36,user,26,2,0.05392791010315,0.05575985734497957,1.033970299207322,0.9782104418623425,8,3.25,True,True,True,False,PASS,0.15593,False,1.0,0.13204,False,0.15575,False,0.1456,False
C3,1865_940_1192_12,model,29,2,-0.03782108568895477,-0.039370137491666846,1.0409573594859667,1.0803274969776335,8,3.62,True,True,True,False,PASS,0.14795,False,1.0,0.16147,False,0.17703,False,0.16859,False
C3,1865_940_1192_12,user,29,2,0.04782019547087549,0.04555119774431704,0.9525514752874575,0.9070002775431405,7,4.14,True,True,True,False,PASS,0.14974,False,1.0,0.15419,False,0.15063,False,0.07432,False
C3,1866_709_561_2,model,29,2,0.11431022752509534,0.10610835397066998,0.9282489963321545,0.8221406423614845,7,4.14,True,True,True,False,PASS,0.19078,False,1.0,0.15379,False,0.1908,False,0.20098,False
C3,1866_709_561_2,user,29,2,0.2158692688651972,0.22484900206568015,1.0415980155382398,0.8167490134725597,7,4.14,True,True,True,False,PASS,0.13713,True,1.0,0.11581,True,0.15537,True,0.28909,False
C3,1867_754_171_36,model,25,2,0.32084322668497517,0.3358615294337892,1.0468088508646,0.7109473214308109,7,3.57,True,True,True,False,PASS,0.15939,True,1.0,0.14425,True,0.15978,True,0.26697,True
C3,1867_754_171_36,user,25,2,0.016536912245429997,0.016894791392306097,1.0216412315409729,1.0047464401486668,7,3.57,True,True,True,False,PASS,0.17214,False,1.0,0.17183,False,0.15951,False,0.09124,False
C3,1868_370_1359_36,model,32,2,0.07288959815523235,0.057993723791305296,0.7956378586118222,0.7376441348205169,7,4.57,True,True,True,False,PASS,0.15395,False,1.0,0.15395,False,0.12149,False,0.24384,False
C3,1868_370_1359_36,user,32,2,-0.04246827607444392,-0.04306026730599499,1.013939610605181,1.056999877911176,8,4.0,True,True,True,False,PASS,0.13669,False,1.0,0.11103,False,0.13727,False,0.1699,False
C3,1869_58_341_12,model,35,2,0.3030833446873958,0.24339776090263543,0.8030720432812932,0.5596742823786578,7,5.0,True,True,True,False,PASS,0.16221,True,1.0,0.18204,True,0.17004,True,0.16221,True
C3,1869_58_341_12,user,35,2,0.02330246051418075,0.023972874938155364,1.0287701130773994,1.004797238139244,7,5.0,True,True,True,False,PASS,0.13272,False,1.0,0.0862,False,0.0862,False,0.04288,False
C3,186_463_464_7,model,34,2,0.17789014907253506,0.14497173186106305,0.8149508706181956,0.6699791387571326,5,6.8,True,True,True,False,PASS,0.15235,True,1.0,0.15561,True,0.17789,False,0.38365,False
C3,186_463_464_7,user,34,2,0.31552611400808617,0.2916046784700075,0.9241855603195315,0.632580881849524,6,5.67,True,True,True,False,PASS,0.13766,True,1.0,0.14189,True,0.13654,True,0.32411,False
C3,1870_95_370_2,model,24,2,0.0111163795372493,0.008371914624037857,0.7531152202913586,0.7447433056673207,6,4.0,True,True,True,False,PASS,0.18553,False,1.0,0.24393,False,0.15994,False,0.00431,True
C3,1870_95_370_2,user,24,2,0.03538214015960071,0.032729227668744754,0.9250211412060074,0.8922919135372627,7,3.43,True,True,True,False,PASS,0.21132,False,1.0,0.22785,False,0.19619,False,0.08873,False
C3,1872_711_712_42,model,35,2,-0.012828705002737948,-0.012728607219820054,0.9921973587438069,1.004925965963627,6,5.83,True,True,True,False,PASS,0.13409,False,1.0,0.08462,False,0.08346,False,0.10112,False
C3,1872_711_712_42,user,35,2,0.36437057731864847,0.32604610108293985,0.8948200578714862,0.5687739567885464,6,5.83,True,True,True,False,PASS,0.14657,True,1.0,0.17516,True,0.17204,True,0.17921,True
C3,1873_370_341_55,model,26,2,-0.02612544993399526,-0.025400045554202832,0.9722338033746737,0.9976338489288765,6,4.33,True,True,True,False,PASS,0.19316,False,1.0,0.05841,False,0.12015,False,0.23903,False
C3,1873_370_341_55,user,26,2,0.23085252922297764,0.18985327863887613,0.822400687044235,0.6325474084053588,6,4.33,True,True,True,False,PASS,0.20839,True,1.0,0.23085,False,0.22374,True,0.12975,True
C3,1874_762_370_52,model,35,2,0.041411912622796254,0.03849943795031807,0.9296706071268261,0.8911711691765081,7,5.0,True,True,True,False,PASS,0.15506,False,1.0,0.14273,False,0.12452,False,0.21384,False
C3,1874_762_370_52,user,35,2,0.32723058189346116,0.33483711669677785,1.0232451831344822,0.6884080664377044,7,5.0,True,True,True,False,PASS,0.11576,True,1.0,0.11091,True,0.10882,True,0.09036,True
C3,1875_240_1168_0,model,36,2,0.1581232895256666,0.13130013650757444,0.8303655767688908,0.6990654402613163,7,5.14,True,True,True,False,PASS,0.16577,False,1.0,0.15812,False,0.15875,False,0.14352,True
C3,1875_240_1168_0,user,36,2,0.05319458996597176,0.05337789874227261,1.0034460041221882,0.9500681053799156,8,4.5,True,True,True,False,PASS,0.12989,False,1.0,0.11163,False,0.10614,False,0.05579,False
C3,1876_664_665_12,model,36,2,0.1791587073534264,0.1496315322662417,0.8351898407653923,0.6855583084991506,7,5.14,True,True,True,False,PASS,0.13927,True,1.0,0.16434,True,0.17916,False,0.16434,True
C3,1876_664_665_12,user,36,2,0.06359290309371138,0.06294778107481935,0.9898554400332791,0.9269076589584597,7,5.14,True,True,True,False,PASS,0.12155,False,1.0,0.0974,False,0.09269,False,0.08842,False
C3,1877_711_341_55,model,31,2,-0.021356671351147317,-0.020935430695267487,0.9802759217972795,1.001211352492547,6,5.17,True,True,True,False,PASS,0.16029,False,1.0,0.09462,False,0.18854,False,0.12288,False
C3,1877_711_341_55,user,31,2,0.13059541648281078,0.11355572257231206,0.8695230325120826,0.7559673099397706,7,4.43,True,True,True,False,PASS,0.17129,False,1.0,0.15189,False,0.15189,False,0.20735,False
C3,1878_1480_1481_55,model,26,2,-0.005072674509905411,-0.00526219577885767,1.0373612122327542,1.042623408011612,8,3.25,True,True,True,False,PASS,0.16998,False,1.0,0.20167,False,0.17625,False,0.09272,False
C3,1878_1480_1481_55,user,26,2,0.12444556327998597,0.10974932407220461,0.8819062823901823,0.7721569583179777,7,3.71,True,True,True,False,PASS,0.15252,False,1.0,0.14195,False,0.14034,False,0.05041,True
C3,1879_716_717_10,model,31,2,0.09502037319594418,0.09874075813878913,1.0391535501041764,0.9404127919653873,8,3.88,True,True,True,False,PASS,0.10977,False,1.0,0.1121,False,0.11594,False,0.07419,True
C3,1879_716_717_10,user,31,2,0.045052649752683555,0.04651606730022362,1.0324823857325482,0.9859663184323246,8,3.88,True,True,True,False,PASS,0.11225,False,1.0,0.13573,False,0.13307,False,0.042,True
C3,187_438_496_7,model,30,2,-0.03991157961702003,-0.03867234239885797,0.968950434183427,1.007622776582285,8,3.75,True,True,True,False,PASS,0.14987,False,1.0,0.11906,False,0.14422,False,0.14822,False
C3,187_438_496_7,user,30,2,0.47586280275150256,0.46108746933781086,0.968950434183427,0.5078629648456161,6,5.0,True,True,True,False,PASS,0.17794,True,1.0,0.11703,True,0.1739,True,0.13623,True
C3,1882_1168_1259_53,model,24,2,0.13161131606768303,0.13352577326702297,1.0145462962953384,0.8810205230283155,7,3.43,True,True,True,False,PASS,0.17254,False,1.0,0.2015,False,0.21481,False,0.17254,False
C3,1882_1168_1259_53,user,24,2,0.19884770415213518,0.2090874407926988,1.0514953727236869,0.8424079319309881,7,3.43,True,True,True,False,PASS,0.19091,True,1.0,0.21725,False,0.20208,False,0.14475,True
C3,1883_717_1163_53,model,38,2,0.05090304155253927,0.05236319420892066,1.0286849785758736,0.9763217843669529,7,5.43,True,True,True,False,PASS,0.10771,False,1.0,0.10314,False,0.10771,False,0.09831,False
C3,1883_717_1163_53,user,38,2,0.19998336988760268,0.1874319278193768,0.9372375709276215,0.7498056431082447,7,5.43,True,True,True,False,PASS,0.11026,True,1.0,0.10115,True,0.10371,True,0.06592,True
C3,1884_1073_239_27,model,32,2,0.005678481750107368,0.005789044780866837,1.0194705267402469,1.01368148195938,6,5.33,True,True,True,False,PASS,0.12862,False,1.0,0.08073,False,0.12108,False,0.12179,False
C3,1884_1073_239_27,user,32,2,0.3267178954825946,0.2599491267319327,0.7956378586118222,0.5356887318798895,6,5.33,True,True,True,False,PASS,0.13963,True,1.0,0.12595,True,0.13004,True,0.1017,True
C3,1886_716_495_12,model,33,2,0.015601728043088627,0.016185109086216176,1.0373920787182276,1.0212069696320114,7,4.71,True,True,True,False,PASS,0.12706,False,1.0,0.0976,False,0.10165,False,0.07511,False
C3,1886_716_495_12,user,33,2,0.20936717459760087,0.16941242051236383,0.8091641912729194,0.6397517707605556,7,4.71,True,True,True,False,PASS,0.19427,True,1.0,0.17841,True,0.24856,False,0.27389,False
C3,1887_625_948_27,model,31,2,0.01732334807430091,0.0165186560743823,0.9535487022215775,0.9370300461471952,8,3.88,True,True,True,False,PASS,0.14458,False,1.0,0.17669,False,0.17554,False,0.22345,False
C3,1887_625_948_27,user,31,2,0.18954097555565785,0.1731753997977773,0.9136567926280675,0.7404813928302902,7,4.43,True,True,True,False,PASS,0.14094,True,1.0,0.14094,True,0.16511,True,0.16998,True
C3,1888_753_948_6,model,34,2,0.09798203118885361,0.09055357839551648,0.9241855603195315,0.833631981924015,7,4.86,True,True,True,False,PASS,0.13819,False,1.0,0.1453,False,0.12759,False,0.13443,False
C3,1888_753_948_6,user,34,2,0.006249683953854997,0.00628261415351794,1.0052690983905883,0.9989864842370704,8,4.25,True,True,True,False,PASS,0.11451,False,1.0,0.15987,False,0.16188,False,0.06759,False
C3,1889_948_624_27,model,24,2,-0.03976586009027397,-0.029948274481962023,0.7531152202913586,0.7830634947733206,6,4.0,True,True,True,False,PASS,0.18553,False,1.0,0.24393,False,0.18553,False,0.01112,False
C3,1889_948_624_27,user,24,2,-0.021323865186766155,-0.0157075951773622,0.7366204503633103,0.7523280455406725,6,4.0,True,True,True,False,PASS,0.17899,False,1.0,0.0909,False,0.21458,False,0.04911,False
C3,1890_625_163_27,model,32,2,0.11678402180094148,0.099852331287134,0.8550170626708886,0.7551647313837546,8,4.0,True,True,True,False,PASS,0.1657,False,1.0,0.22089,False,0.15687,False,0.1657,False
C3,1890_625_163_27,user,32,2,0.24374762180021312,0.22925833449939303,0.9405561900714823,0.7112978555720892,7,4.57,True,True,True,False,PASS,0.17012,True,1.0,0.19027,True,0.15335,True,0.1914,True
C3,1891_1212_808_14,model,27,2,-0.024820751711424217,-0.025524354787553216,1.0283473717601048,1.053871726547658,6,4.5,True,True,True,False,PASS,0.15563,False,1.0,0.0744,False,0.12435,False,0.13924,False
C3,1891_1212_808_14,user,27,2,0.30535854041860844,0.2839874801696395,0.9300132224247867,0.6460257422551472,6,4.5,True,True,True,False,PASS,0.17273,True,1.0,0.16266,True,0.17952,True,0.06561,True
C3,1892_729_730_41,model,30,2,0.1636117945582754,0.16795357606146233,1.0265370935812361,0.8585835175197738,7,4.29,True,True,True,False,PASS,0.1566,True,1.0,0.16361,False,0.14313,True,0.25689,False
C3,1892_729_730_41,user,30,2,0.0012943673400313963,0.0011206997021289133,0.8658281675291108,0.8647074678269819,7,4.29,True,True,True,False,PASS,0.13172,False,1.0,0.19709,False,0.16688,False,0.32118,False
C3,1893_948_163_41,model,30,2,-0.04443767038504775,-0.04643209820767935,1.0448814666779356,1.091313564885615,8,3.75,True,True,True,False,PASS,0.1431,False,1.0,0.15835,False,0.12875,False,0.08675,False
C3,1893_948_163_41,user,30,2,-0.02591088533479221,-0.024855464989847587,0.95926729900165,0.9841227639914976,8,3.75,True,True,True,False,PASS,0.16193,False,1.0,0.1869,False,0.12981,False,0.30716,False
C3,1894_624_625_41,model,31,2,0.03603254323586969,0.03621762780832727,1.005136594751195,0.9689189669428677,8,3.88,True,True,True,False,PASS,0.12802,False,1.0,0.11301,False,0.13749,False,0.01594,True
C3,1894_624_625_41,user,31,2,0.11478448399205911,0.11766572257290031,1.0251012896572373,0.907435567084337,8,3.88,True,True,True,False,PASS,0.12274,False,1.0,0.13863,False,0.11274,True,0.01144,True
C3,1895_738_881_25,model,27,2,0.3149895664881162,0.2852182172123573,0.9054846495149479,0.6202664323025906,6,4.5,True,True,True,False,PASS,0.18777,True,1.0,0.18177,True,0.18177,True,0.09266,True
C3,1895_738_881_25,user,27,2,0.0537555172766363,0.048907276278590595,0.9098094252707919,0.8609021489922013,7,3.86,True,True,True,False,PASS,0.22647,False,1.0,0.2107,False,0.24843,False,0.10574,False
C3,1897_163_624_12,model,27,2,0.13815919785421232,0.13669388696748008,0.9893940402847556,0.8527001533172756,7,3.86,True,True,True,False,PASS,0.15884,False,1.0,0.14509,False,0.22959,False,0.11476,True
C3,1897_163_624_12,user,27,2,0.23368077005694518,0.22652579791232752,0.9693814251687288,0.7428556272564013,7,3.86,True,True,True,False,PASS,0.18202,True,1.0,0.18864,True,0.15918,True,0.08285,True
C3,1898_948_663_39,model,33,2,-0.015184817019946069,-0.015672018624879547,1.0320847860262994,1.047756804651179,8,4.12,True,True,True,False,PASS,0.10343,False,1.0,0.12684,False,0.12565,False,0.22356,False
C3,1898_948_663_39,user,33,2,0.043184908387221846,0.043545407153117166,1.0083477950830153,0.9648023879298981,8,4.12,True,True,True,False,PASS,0.10885,False,1.0,0.08738,False,0.10003,False,0.26034,False
C3,1899_625_808_49,model,24,2,-0.03354398617666243,-0.03281970870147377,0.9784081274248627,1.0112278361263365,8,3.0,True,True,True,False,PASS,0.18718,False,1.0,0.18304,False,0.18759,False,0.1145,False
C3,1899_625_808_49,user,24,2,0.11151666703718538,0.11005771409458731,0.9869171758683248,0.8768594617737375,7,3.43,True,True,True,False,PASS,0.17744,False,1.0,0.15987,False,0.17777,False,-0.02042,True
C3,189_631_438_7,model,37,2,0.4012031154685434,0.39952442711843716,0.9958158641212299,0.5962914370027927,6,6.17,True,True,True,False,PASS,0.09232,True,1.0,0.11234,True,0.14816,True,0.22882,True
C3,189_631_438_7,user,37,2,0.05309160830737105,0.046244397052068176,0.8710302536766016,0.8247858566245334,8,4.62,True,True,True,False,PASS,0.12871,False,1.0,0.12576,False,0.13116,False,0.30196,False
C3,18_219_679_57,model,30,2,0.8176624977476394,0.7848592062342044,0.9598816240150476,0.17502241778084326,5,6.0,True,True,True,False,PASS,0.15941,True,1.0,0.16499,True,0.14731,True,-0.01575,True
C3,18_219_679_57,user,30,2,0.057548974342322645,0.05292040328451497,0.9195716151207975,0.8666512118362826,5,6.0,True,True,True,False,PASS,0.16699,False,1.0,0.05755,False,0.1399,False,0.1006,False
C3,1900_738_729_39,model,26,2,-0.016222994956765872,-0.016843408472764887,1.038242847122397,1.055086255595162,6,4.33,True,True,True,False,PASS,0.15477,False,1.0,0.05691,False,0.13752,False,0.07945,False
C3,1900_738_729_39,user,26,2,0.3899387016177573,0.3840520081652875,0.9849035414334423,0.6008515332681548,6,4.33,True,True,True,False,PASS,0.17966,True,1.0,0.20003,True,0.20614,True,0.15632,True
C3,1901_163_164_7,model,24,2,-0.019580522202346903,-0.020336524937739853,1.0386099373438742,1.058946462281614,8,3.0,True,True,True,False,PASS,0.19106,False,1.0,0.20412,False,0.18403,False,0.10195,False
C3,1901_163_164_7,user,24,2,0.034645295792626714,0.03157363604901742,0.9113397743233292,0.8797661382743118,7,3.43,True,True,True,False,PASS,0.21177,False,1.0,0.11577,False,0.1378,False,0.02328,True
C3,1902_624_881_55,model,30,2,-0.033266292563829354,-0.033235266261366414,0.9990673351289925,1.032302601390359,8,3.75,True,True,True,False,PASS,0.12705,False,1.0,0.16377,False,0.12104,False,0.12512,False
C3,1902_624_881_55,user,30,2,0.1387500737050126,0.13750338178604782,0.9910148377894537,0.8535114560034058,8,3.75,True,True,True,False,PASS,0.13815,True,1.0,0.13645,True,0.17024,False,0.08912,True
C3,1903_1212_44_39,model,31,2,0.08603084481987112,0.08446678602392976,0.9818197903412881,0.8973530043173583,8,3.88,True,True,True,False,PASS,0.15215,False,1.0,0.12407,False,0.12432,False,0.08811,False
C3,1903_1212_44_39,user,31,2,-0.005508607225984175,-0.005757425386569093,1.0451689783601268,1.0509264037466959,8,3.88,True,True,True,False,PASS,0.12182,False,1.0,0.1212,False,0.13242,False,0.13971,False
C3,1904_491_724_26,model,28,2,0.1452027072550164,0.12896394696340163,0.8881648930753405,0.7592009461119389,7,4.0,True,True,True,False,PASS,0.19179,False,1.0,0.21026,False,0.17539,False,0.21289,False
C3,1904_491_724_26,user,28,2,-0.02255280094484011,-0.02211584928229382,0.9806253926678558,1.0027412419501496,8,3.5,True,True,True,False,PASS,0.16825,False,1.0,0.16725,False,0.15486,False,0.11363,False
C3,1906_625_881_26,model,30,2,-0.04046440013348293,-0.04167336066855598,1.0298771396853768,1.0715505003539327,8,3.75,True,True,True,False,PASS,0.13922,False,1.0,0.12073,False,0.13576,False,0.17301,False
C3,1906_625_881_26,user,30,2,0.033190370932724235,0.032892150066065495,0.9910148377894534,0.9581226877233879,8,3.75,True,True,True,False,PASS,0.1437,False,1.0,0.10382,False,0.15961,False,0.03319,False
C3,1907_294_44_20,model,39,2,0.032416700701521,0.033471409629101556,1.0325359738886404,0.9990645642595388,7,5.57,True,True,True,False,PASS,0.08542,False,1.0,0.09217,False,0.09535,False,0.14671,False
C3,1907_294_44_20,user,39,2,0.31884685919289385,0.30491011842636784,0.9562901739041605,0.6513800554777927,7,5.57,True,True,True,False,PASS,0.10084,True,1.0,0.0888,True,0.11652,True,0.18997,True
C3,190_318_319_15,model,29,2,-0.039390961894672075,-0.040829136696882484,1.0365102737540648,1.0773394104509473,8,3.62,True,True,True,False,PASS,0.13819,False,1.0,0.12212,False,0.12217,False,0.03047,False
C3,190_318_319_15,user,29,2,-0.04184614170726242,-0.04237432736265778,1.0126220873381906,1.0549964147008484,8,3.62,True,True,True,False,PASS,0.15456,False,1.0,0.15456,False,0.13613,False,0.12126,False
C3,1910_1212_881_22,model,26,2,-0.018911409494282248,-0.019553835733235214,1.0339702992073225,1.0535241349405577,8,3.25,True,True,True,False,PASS,0.17399,False,1.0,0.16168,False,0.16383,False,0.10954,False
C3,1910_1212_881_22,user,26,2,-0.0070573153877506465,-0.007327207221218934,1.038242847122397,1.045570054343616,8,3.25,True,True,True,False,PASS,0.13651,False,1.0,0.12666,False,0.15616,False,0.21671,False
C3,1912_165_508_20,model,26,2,0.13652723811231182,0.13094347622543767,0.9591014806709796,0.8281580044455419,7,3.71,True,True,True,False,PASS,0.16047,False,1.0,0.1675,False,0.15928,False,0.3381,False
C3,1912_165_508_20,user,26,2,0.3087187868789289,0.3029619203524696,0.9813523932746051,0.6783904729221355,6,4.33,True,True,True,False,PASS,0.16484,True,1.0,0.15882,True,0.16256,True,0.29303,True
C3,1913_663_1160_26,model,33,2,-0.03465994778780312,-0.03412261335100064,0.9844969634665299,1.0186195768175306,8,4.12,True,True,True,False,PASS,0.13194,False,1.0,0.14254,False,0.16408,False,0.10613,False
C3,1913_663_1160_26,user,33,2,0.06406381651354236,0.06307063282565939,0.9844969634665299,0.9214263306408705,8,4.12,True,True,True,False,PASS,0.13194,False,1.0,0.10364,False,0.12999,False,0.21643,False
C3,1916_43_44_12,model,26,2,0.10431917929171966,0.10809587977713475,1.0362033186136739,0.9281074388365391,7,3.71,True,True,True,False,PASS,0.15983,False,1.0,0.18257,False,0.15109,False,0.13938,False
C3,1916_43_44_12,user,26,2,0.2760271356410068,0.2836034338431641,1.0274476572187847,0.7438442233756206,7,3.71,True,True,True,False,PASS,0.14838,True,1.0,0.16299,True,0.17857,True,0.13275,True
C3,1917_165_166_12,model,32,2,0.03852943088736244,0.0400487975433661,1.0394339241720285,0.9993851266286624,7,4.57,True,True,True,False,PASS,0.1323,False,1.0,0.10905,False,0.11221,False,0.16639,False
C3,1917_165_166_12,user,32,2,0.10806385778487784,0.10049635403168211,0.9299719267078146,0.8294755726761325,7,4.57,True,True,True,False,PASS,0.1346,False,1.0,0.1346,False,0.1346,False,0.12741,False
C3,1918_663_43_53,model,29,2,0.04874380976104047,0.045385355733521426,0.931099886447461,0.8857145307139396,7,4.14,True,True,True,False,PASS,0.1346,False,1.0,0.16272,False,0.14312,False,0.33131,False
C3,1918_663_43_53,user,29,2,-0.017013787958660306,-0.017399881241468185,1.0226929643031875,1.0400928455446556,8,3.62,True,True,True,False,PASS,0.15798,False,1.0,0.1612,False,0.13394,False,0.1002,False
C3,1919_44_1160_53,model,28,2,0.11064500474778251,0.10516918798373742,0.9505100408597088,0.8453408528759714,7,4.0,True,True,True,False,PASS,0.16706,False,1.0,0.1452,False,0.13064,False,0.16706,False
C3,1919_44_1160_53,user,28,2,0.0749566455559701,0.07170387259843125,0.9566046087920249,0.8849007361935937,7,4.0,True,True,True,False,PASS,0.1648,False,1.0,0.12673,False,0.16032,False,0.21846,False
C3,191_437_438_38,model,27,2,0.03477720431865698,0.03607420593075794,1.037294591026259,1.001220385095501,8,3.38,True,True,True,False,PASS,0.17097,False,1.0,0.16478,False,0.1242,False,0.1699,False
C3,191_437_438_38,user,27,2,0.19309446171848832,0.18361104464430278,0.9508871617042473,0.7672761170599445,7,3.86,True,True,True,False,PASS,0.14803,True,1.0,0.13908,True,0.1446,True,0.24355,False
C3,1920_1009_1010_45,model,29,2,-0.025385625770046855,-0.024773195674232307,0.9758749261742774,1.0006481218485097,6,4.83,True,True,True,False,PASS,0.17165,False,1.0,0.0901,False,0.10951,False,0.10778,False
C3,1920_1009_1010_45,user,29,2,0.2586462656890156,0.2260949983757582,0.8741475457743683,0.6480525473986101,6,4.83,True,True,True,False,PASS,0.15867,True,1.0,0.17063,True,0.17063,True,0.13459,True
C3,1921_1219_1020_45,model,29,2,-0.04797442841105704,-0.045857466735597985,0.9558731235457274,1.0017305902813254,8,3.62,True,True,True,False,PASS,0.16721,False,1.0,0.202,False,0.15192,False,0.14865,False
C3,1921_1219_1020_45,user,29,2,0.10201334803860625,0.10619154540659048,1.0409573594859667,0.9347658140793762,8,3.62,True,True,True,False,PASS,0.15038,False,1.0,0.14795,False,0.12682,False,0.15038,False
C3,1922_386_387_45,model,42,2,0.06795016209351229,0.07028424213827211,1.034349881925928,0.9640656397876559,8,5.25,True,True,True,False,PASS,0.0776,False,1.0,0.06795,False,0.09744,False,0.18296,False
C3,1922_386_387_45,user,42,2,0.008629264694424776,0.008859715277147018,1.0267057033110982,1.0178459880339512,8,5.25,True,True,True,False,PASS,0.07546,False,1.0,0.07399,False,0.07701,False,0.28925,False
C3,1923_125_176_40,model,28,2,0.006541003392290544,0.0067490646231855855,1.0318087636432463,1.0250596990200607,8,3.5,True,True,True,False,PASS,0.1578,False,1.0,0.11026,False,0.14442,False,0.17001,False
C3,1923_125_176_40,user,28,2,-0.03179743907282002,-0.03211704374341351,1.0100512707913853,1.0421683145347989,8,3.5,True,True,True,False,PASS,0.14354,False,1.0,0.17038,False,0.17329,False,0.15475,False
C3,1924_518_1248_41,model,47,2,-0.026947075783073066,-0.027072270831882017,1.0046459604677251,1.0317182312996072,8,5.88,True,True,True,False,PASS,0.07166,False,1.0,0.07421,False,0.09071,False,0.05038,False
C3,1924_518_1248_41,user,47,2,0.018736023764919372,0.019253156326152432,1.027600977012066,1.0083478206859136,8,5.88,True,True,True,False,PASS,0.06688,False,1.0,0.06467,False,0.06073,False,0.03636,False
C3,1925_795_165_32,model,30,2,0.21892680269699563,0.2165522928376049,0.9891538640763089,0.772601571238704,7,4.29,True,True,True,False,PASS,0.13797,True,1.0,0.13797,True,0.13797,True,0.12266,True
C3,1925_795_165_32,user,30,2,-0.010903272790779033,-0.009950240785506326,0.9125921158206101,0.9225423566061164,8,3.75,True,True,True,False,PASS,0.17369,False,1.0,0.17174,False,0.14684,False,0.10772,False
C3,1926_166_1009_41,model,27,2,-0.04814359192894128,-0.044760656419382316,0.9297323823583399,0.9744930387777222,8,3.38,True,True,True,False,PASS,0.17952,False,1.0,0.17168,False,0.17952,False,0.01367,False
C3,1926_166_1009_41,user,27,2,0.29945134144036567,0.3079399999402377,1.0283473717601044,0.7204073718198667,7,3.86,True,True,True,False,PASS,0.14347,True,1.0,0.10732,True,0.10732,True,0.09352,True
C3,1927_1147_131_34,model,40,2,-0.013301910488902627,-0.012899753451341311,0.9697669716017994,0.9826667250531407,6,6.67,True,True,True,False,PASS,0.10596,False,1.0,0.09116,False,0.07103,False,0.06079,False
C3,1927_1147_131_34,user,40,2,0.4140228566516722,0.3870412377922453,0.9348306055428065,0.5477893677505612,6,6.67,True,True,True,False,PASS,0.1084,True,1.0,0.10693,True,0.15199,True,0.06141,True
C3,1929_750_345_11,model,33,2,0.08889564750038655,0.08750923269482014,0.9844040192680932,0.896894786573273,7,4.71,True,True,True,False,PASS,0.13099,False,1.0,0.16523,False,0.13222,False,0.22726,False
C3,1929_750_345_11,user,33,2,0.3611026296998262,0.3336148051359543,0.9238780825641683,0.5902632774282139,6,5.5,True,True,True,False,PASS,0.16004,True,1.0,0.10967,True,0.17028,True,0.21171,True
C3,192_597_822_53,model,34,2,0.3235218607777689,0.2814960335722718,0.8700989568233068,0.588602923251035,6,5.67,True,True,True,False,PASS,0.14809,True,1.0,0.12346,True,0.13915,True,0.06905,True
C3,192_597_822_53,user,34,2,0.2679513566202243,0.27137292059012075,1.012769347440722,0.7413964268506013,5,6.8,True,True,True,False,PASS,0.13274,True,1.0,0.08943,True,0.08675,True,0.28148,False
C3,1930_518_165_13,model,34,2,0.2703396857736137,0.2332972874915562,0.8629783186436144,0.6296810311520582,7,4.86,True,True,True,False,PASS,0.15777,True,1.0,0.15777,True,0.16845,True,0.09182,True
C3,1930_518_165_13,user,34,2,-0.0034704486348703526,-0.0033931764524179897,0.9777342382549772,0.9811274147073952,7,4.86,True,True,True,False,PASS,0.1179,False,1.0,0.09541,False,0.15133,False,0.09422,False
C3,1931_131_132_13,model,28,2,0.2810741031171213,0.2857142857142849,1.016508751769387,0.730794466055102,6,4.67,True,True,True,False,PASS,0.14649,True,1.0,0.15452,True,0.16824,True,0.10413,True
C3,1931_131_132_13,user,28,2,0.24430854194481363,0.2484274458186302,1.0168594345536512,0.768431988735021,7,4.0,True,True,True,False,PASS,0.13861,True,1.0,0.1606,True,0.18428,True,0.07996,True
C3,1932_1219_260_22,model,25,2,0.35004109363893793,0.3379958454167443,0.9655890452833001,0.6275931998665558,7,3.57,True,True,True,False,PASS,0.16817,True,1.0,0.17404,True,0.15949,True,0.76901,False
C3,1932_1219_260_22,user,25,2,0.18014336290653982,0.17984303445589545,0.998332836437609,0.8184898019817135,6,4.17,True,True,True,False,PASS,0.17141,True,1.0,0.18014,False,0.18356,False,0.65056,False
C3,1933_518_260_31,model,33,2,0.0383808835861395,0.035543519506706645,0.926073508102937,0.8905299885962303,6,5.5,True,True,True,False,PASS,0.13572,False,1.0,0.03838,False,0.09549,False,0.16789,False
C3,1933_518_260_31,user,33,2,0.39674992541100557,0.3586746113340107,0.9040319565591564,0.5453573452251457,6,5.5,True,True,True,False,PASS,0.14552,True,1.0,0.15516,True,0.25372,True,0.26413,True
C3,1934_518_519_22,model,31,2,0.5076693618956846,0.474902309543937,0.935455919125408,0.46055360958147107,6,5.17,True,True,True,False,PASS,0.16389,True,1.0,0.17256,True,0.22089,True,0.05269,True
C3,1934_518_519_22,user,31,2,0.02959257449371593,0.029103892835851575,0.9834863418872823,0.9543824490514308,7,4.43,True,True,True,False,PASS,0.13727,False,1.0,0.14224,False,0.15923,False,0.0951,False
C3,1935_263_750_46,model,31,2,-0.0007106082590592594,-0.0006492520627870979,0.9136567926280675,0.9143060446908546,7,4.43,True,True,True,False,PASS,0.13546,False,1.0,0.11591,False,0.11484,False,0.32063,False
C3,1935_263_750_46,user,31,2,0.10779370768003539,0.10730152662084724,0.9954340464783984,0.8881325198575512,7,4.43,True,True,True,False,PASS,0.11848,False,1.0,0.10779,False,0.13339,False,0.25925,False
C3,1936_1138_334_36,model,30,2,0.17877890378454417,0.18208355963753475,1.0184845962416975,0.8364010366041628,8,3.75,True,True,True,False,PASS,0.13749,True,1.0,0.15974,True,0.14303,True,0.16376,True
C3,1936_1138_334_36,user,30,2,0.10795196254062346,0.09830797633425092,0.9106640955902641,0.8123561192560131,7,4.29,True,True,True,False,PASS,0.1559,False,1.0,0.1784,False,0.14484,False,0.10948,False
C3,1938_136_750_45,model,33,2,0.09286402748814707,0.0777100524726062,0.8368154448451519,0.7591053923725457,7,4.71,True,True,True,False,PASS,0.14884,False,1.0,0.17775,False,0.17215,False,0.14297,False
C3,1938_136_750_45,user,33,2,0.003298878981761167,0.0033057279569068676,1.0020761522879642,0.9987704243310573,8,4.12,True,True,True,False,PASS,0.11501,False,1.0,0.10213,False,0.10507,False,0.19025,False
C3,193_32_1452_34,model,31,2,0.01785230950596502,0.018539584396590758,1.0384978139884982,1.0199582295919074,7,4.43,True,True,True,False,PASS,0.13593,False,1.0,0.08308,False,0.11002,False,0.15498,False
C3,193_32_1452_34,user,31,2,0.19706972682050994,0.17135666648129755,0.8695230325120828,0.6981663660307853,7,4.43,True,True,True,False,PASS,0.15088,True,1.0,0.15088,True,0.14551,True,0.11933,True
C3,1940_387_256_13,model,35,2,0.18124531053175855,0.18589641223793874,1.0256619147415966,0.8397655025036579,8,4.38,True,True,True,False,PASS,0.10218,True,1.0,0.11884,True,0.11546,True,0.30613,False
C3,1940_387_256_13,user,35,2,0.0275083125425164,0.02465006386185664,0.8960950921201692,0.8714450282583126,8,4.38,True,True,True,False,PASS,0.11528,False,1.0,0.10962,False,0.11936,False,0.47617,False
C3,1941_101_61_51,model,24,2,0.13959597522214928,0.13492515095859647,0.9665404088039087,0.8316152578453122,7,3.43,True,True,True,False,PASS,0.19001,False,1.0,0.20411,False,0.23042,False,0.10251,True
C3,1941_101_61_51,user,24,2,0.20646026994981584,0.19179955423266437,0.9289901358711047,0.7371905816384403,7,3.43,True,True,True,False,PASS,0.24777,False,1.0,0.24777,False,0.22131,False,0.09826,True
C3,1942_603_566_24,model,27,2,0.13659475840890156,0.1242751986430054,0.9098094252707919,0.7855342266277865,7,3.86,True,True,True,False,PASS,0.17127,False,1.0,0.15419,False,0.15643,False,0.08866,True
C3,1942_603_566_24,user,27,2,-0.006862015326227835,-0.006610377295690251,0.9633288445778052,0.9699392218734955,8,3.38,True,True,True,False,PASS,0.18043,False,1.0,0.20752,False,0.19894,False,0.12595,False
C3,1943_388_429_24,model,36,2,0.4205463011430606,0.2898422395577286,0.6892041108670474,0.39936187130931877,6,6.0,True,True,True,False,PASS,0.17797,True,1.0,0.18206,True,0.17686,True,0.19103,True
C3,1943_388_429_24,user,36,2,-0.0070363328406606454,-0.006702335834739004,0.9525325175080429,0.9592348533427819,6,6.0,True,True,True,False,PASS,0.13378,False,1.0,0.12048,False,0.10551,False,0.18823,False
C3,1944_1067_717_54,model,25,2,0.10906902539417428,0.107755796372346,0.9879596519994355,0.8802038556270895,7,3.57,True,True,True,False,PASS,0.18279,False,1.0,0.21258,False,0.19109,False,0.33583,False
C3,1944_1067_717_54,user,25,2,0.22669961299626606,0.22397007076419773,0.9879596519994355,0.7639895812352377,7,3.57,True,True,True,False,PASS,0.19271,True,1.0,0.19678,True,0.17957,True,0.39597,False
C3,1945_167_168_10,model,39,2,0.11534821191871841,0.11760119890781318,1.019532049536081,0.9019308506282677,7,5.57,True,True,True,False,PASS,0.09833,True,1.0,0.11535,False,0.08717,True,0.06525,True
C3,1945_167_168_10,user,39,2,0.24288656000129183,0.24647159417174125,1.0147601175233012,0.76828852335156,7,5.57,True,True,True,False,PASS,0.07935,True,1.0,0.09147,True,0.07247,True,0.04416,True
C3,1946_1286_814_32,model,26,2,0.5909583375270593,0.5633648620797492,0.953307240637676,0.3899423785579268,6,4.33,True,True,True,False,PASS,0.16512,True,1.0,0.20999,True,0.17842,True,0.15199,True
C3,1946_1286_814_32,user,26,2,0.09535283136021877,0.09640070422729452,1.0109894258212129,0.9145887215939184,6,4.33,True,True,True,False,PASS,0.18728,False,1.0,0.10922,False,0.16369,False,0.05766,True
C3,1947_204_704_32,model,27,2,0.09636175068243008,0.09597524938369395,0.9959890589782882,0.9000138095945942,6,4.5,True,True,True,False,PASS,0.15983,False,1.0,0.10992,False,0.12955,False,0.14773,False
C3,1947_204_704_32,user,27,2,0.6055928229029124,0.5765618871339809,0.9520619553749473,0.3755000682409664,6,4.5,True,True,True,False,PASS,0.1807,True,1.0,0.18463,True,0.17907,True,0.24511,True
C3,1948_178_139_32,model,24,2,-0.003638667202198018,-0.0036594101963227654,1.0057007120937627,1.0093601222900854,7,3.43,True,True,True,False,PASS,0.18184,False,1.0,0.18928,False,0.16656,False,0.20869,False
C3,1948_178_139_32,user,24,2,0.42506133135275215,0.4312443994223003,1.0145462962953384,0.5833018968730381,7,3.43,True,True,True,False,PASS,0.17532,True,1.0,0.20698,True,0.20698,True,0.25448,True
C3,1949_169_170_32,model,26,2,0.4357516305631482,0.3884563642349951,0.8914627897845601,0.503006425549565,6,4.33,True,True,True,False,PASS,0.23772,True,1.0,0.25787,True,0.23982,True,0.10657,True
C3,1949_169_170_32,user,26,2,0.0592933027433295,0.06258338558278065,1.055488270803422,0.9929048852206412,6,4.33,True,True,True,False,PASS,0.14792,False,1.0,0.05929,False,0.09776,False,0.14098,False
C3,194_776_774_7,model,30,2,0.26563643732225534,0.24602868078629703,0.9261857419350521,0.6801570611487551,6,5.0,True,True,True,False,PASS,0.18045,True,1.0,0.18534,True,0.14881,True,0.14044,True
C3,194_776_774_7,user,30,2,0.18823826767348398,0.1659865083258758,0.881789395840564,0.7158028875146882,7,4.29,True,True,True,False,PASS,0.18713,True,1.0,0.22901,False,0.16619,True,0.08858,True
C3,1950_540_262_41,model,30,2,-0.033264139918679846,-0.029928195732263685,0.8997134994450038,0.9296416951772675,8,3.75,True,True,True,False,PASS,0.17145,False,1.0,0.14727,False,0.17439,False,0.1033,False
C3,1950_540_262_41,user,30,2,0.36533239408824014,0.346918563931053,0.9495970506444069,0.6026784867133539,7,4.29,True,True,True,False,PASS,0.15088,True,1.0,0.15589,True,0.16111,True,0.10197,True
C3,1951_603_1197_35,model,27,2,0.20474025997817286,0.19851425673064438,0.9695907231523873,0.7710764664217429,7,3.86,True,True,True,False,PASS,0.14894,True,1.0,0.18601,True,0.14795,True,0.09951,True
C3,1951_603_1197_35,user,27,2,-0.0005354200941198456,-0.0005588267930591861,1.0437165119434262,1.0442753387364854,8,3.38,True,True,True,False,PASS,0.15284,False,1.0,0.12401,False,0.15015,False,0.26501,False
C3,1952_1253_204_12,model,33,2,0.09435895640312124,0.08753284194326938,0.9276580123386563,0.8401251703953869,8,4.12,True,True,True,False,PASS,0.13654,False,1.0,0.11302,False,0.11249,False,0.11202,False
C3,1952_1253_204_12,user,33,2,0.1763026156453915,0.15141874114456144,0.8588570316456304,0.707438290501069,7,4.71,True,True,True,False,PASS,0.12817,True,1.0,0.09052,True,0.11531,True,0.17497,True
C3,1953_694_255_5,model,51,2,-0.009354378367341916,-0.009076357490546583,0.9702790644254928,0.9793554219160394,8,6.38,True,True,True,False,PASS,0.07438,False,1.0,0.05891,False,0.0481,False,0.08165,False
C3,1953_694_255_5,user,51,2,0.017296202411761132,0.01719840079371915,0.9943454860371268,0.9771470852434077,8,6.38,True,True,True,False,PASS,0.07387,False,1.0,0.05828,False,0.07034,False,0.04328,False
C3,1954_702_364_57,model,30,2,0.030344550128576158,0.030905796656815587,1.0184957933421754,0.9875899966853598,7,4.29,True,True,True,False,PASS,0.15302,False,1.0,0.08387,False,0.13177,False,0.18809,False
C3,1954_702_364_57,user,30,2,0.06200658304462602,0.05090675603847439,0.8209895391564617,0.7700827831179873,7,4.29,True,True,True,False,PASS,0.16861,False,1.0,0.10181,False,0.21834,False,0.21841,False
C3,1955_646_1073_36,model,39,2,0.24292391768148636,0.19828723346598187,0.8162524108719892,0.6179651774060073,6,6.5,True,True,True,False,PASS,0.12985,True,1.0,0.08225,True,0.17928,True,0.09064,True
C3,1955_646_1073_36,user,39,2,-0.003268327869586557,-0.0031883840649831185,0.9755398455132498,0.9787282295782329,6,6.5,True,True,True,False,PASS,0.11219,False,1.0,0.04827,False,0.06854,False,0.11289,False
C3,1956_46_599_50,model,29,2,-0.0229665956842939,-0.023764054457376727,1.0347225502658273,1.058486604723204,6,4.83,True,True,True,False,PASS,0.14811,False,1.0,0.06884,False,0.10402,False,0.15024,False
C3,1956_46_599_50,user,29,2,0.3864264969116889,0.3626696961357574,0.9385218121278036,0.5758521159920462,6,4.83,True,True,True,False,PASS,0.1593,True,1.0,0.15228,True,0.14399,True,0.0888,True
C3,1957_490_491_45,model,31,2,-0.02053914469142557,-0.019525952908308608,0.9506702056809632,0.9701961585892718,6,5.17,True,True,True,False,PASS,0.18036,False,1.0,0.03747,False,0.12866,False,0.11867,False
C3,1957_490_491_45,user,31,2,0.21748736597390073,0.19730628355833135,0.9072080241295893,0.709901740571258,6,5.17,True,True,True,False,PASS,0.14068,True,1.0,0.13997,True,0.17179,True,0.15375,True
C3,1958_602_480_9,model,35,2,0.23463023367671973,0.1788055231760537,0.7620736695954413,0.5832681464193876,6,5.83,True,True,True,False,PASS,0.14475,True,1.0,0.17428,True,0.17428,True,0.27393,False
C3,1958_602_480_9,user,35,2,0.14705086256413538,0.15091099192221313,1.026250300683508,0.8753393087612948,7,5.0,True,True,True,False,PASS,0.11307,True,1.0,0.07772,True,0.0993,True,0.20933,False
C3,1959_1127_1128_16,model,35,2,0.023442395582028448,0.024057765514798435,1.026250300683508,1.0021925351687095,8,4.38,True,True,True,False,PASS,0.10389,False,1.0,0.10409,False,0.10152,False,0.09858,False
C3,1959_1127_1128_16,user,35,2,-0.015215356589876529,-0.014366208051892149,0.9441913481969028,0.9585575562487949,8,4.38,True,True,True,False,PASS,0.126,False,1.0,0.1382,False,0.11253,False,0.06819,False
C3,195_156_157_30,model,30,2,0.14197382302659864,0.13840000938014385,0.9748276578719357,0.8364276484917919,7,4.29,True,True,True,False,PASS,0.14307,False,1.0,0.15102,False,0.18971,False,0.15984,False
C3,195_156_157_30,user,30,2,0.1082022755077374,0.1130522448804887,1.0448231735422653,0.9317709286617766,7,4.29,True,True,True,False,PASS,0.12218,False,1.0,0.12518,False,0.12745,False,0.12404,False
C3,1961_185_1214_10,model,35,2,0.070380545256034,0.05999615628885313,0.8524537010987341,0.792457544809881,5,7.0,True,True,True,False,PASS,0.14615,False,1.0,0.07038,False,0.12455,False,0.22916,False
C3,1961_185_1214_10,user,35,2,0.7090801612536372,0.5819624672704677,0.8207287399517309,0.23876627268126316,5,7.0,True,True,True,False,PASS,0.16575,True,1.0,0.16575,True,0.18846,True,0.2257,True
C3,1962_491_754_1,model,24,2,0.06305424771365896,0.062474429124793396,0.9908044483934115,0.9283300192686181,7,3.43,True,True,True,False,PASS,0.2379,False,1.0,0.22877,False,0.20128,False,0.03935,True
C3,1962_491_754_1,user,24,2,0.14123262386352456,0.14095850717036318,0.9980591120828692,0.8571006049125061,7,3.43,True,True,True,False,PASS,0.18797,False,1.0,0.16876,False,0.20668,False,0.05115,True
C3,1963_1138_185_41,model,30,2,0.1796306609658987,0.1876927484903752,1.0448814666779356,0.8571887181875604,7,4.29,True,True,True,False,PASS,0.12875,True,1.0,0.1431,True,0.1431,True,0.19489,False
C3,1963_1138_185_41,user,30,2,0.09819433980404918,0.0894986978102077,0.9114445699090803,0.8219458720988726,7,4.29,True,True,True,False,PASS,0.14483,False,1.0,0.17667,False,0.15272,False,0.19274,False
C3,1964_602_762_23,model,27,2,0.012665000988962538,0.012543771291659622,0.9904279756939169,0.9778842044022573,7,3.86,True,True,True,False,PASS,0.15046,False,1.0,0.12903,False,0.20538,False,0.23667,False
C3,1964_602_762_23,user,27,2,0.4261787238876988,0.4131297387388476,0.9693814251687288,0.5562516864298812,7,3.86,True,True,True,False,PASS,0.18202,True,1.0,0.14792,True,0.17673,True,0.18202,True
C3,1966_761_366_10,model,24,2,-0.031641512815859196,-0.03251064192561892,1.0274680011293298,1.0599786430549487,8,3.0,True,True,True,False,PASS,0.20903,False,1.0,0.23787,False,0.19143,False,0.07872,False
C3,1966_761_366_10,user,24,2,0.11577299192434991,0.10550853233307367,0.9113397743233292,0.8058312419902556,7,3.43,True,True,True,False,PASS,0.20117,False,1.0,0.11577,False,0.17832,False,0.11379,True
C3,1967_666_515_12,model,27,2,-0.026846546681145597,-0.027610483943049102,1.0284556993857248,1.0560661833287739,8,3.38,True,True,True,False,PASS,0.15505,False,1.0,0.18208,False,0.15109,False,0.15105,False
C3,1967_666_515_12,user,27,2,0.12230360200949975,0.11764930821667574,0.9619447529234463,0.8442954447067705,7,3.86,True,True,True,False,PASS,0.14607,False,1.0,0.14118,False,0.16206,False,0.13973,False
C3,1968_255_30_5,model,45,2,0.019542874635406386,0.019715226963114008,1.0088191901612757,0.9891039631981617,8,5.62,True,True,True,False,PASS,0.07561,False,1.0,0.07561,False,0.07107,False,0.04273,False
C3,1968_255_30_5,user,45,2,-0.017738025845463405,-0.017373825402467458,0.9794678141655152,0.9968416395679827,8,5.62,True,True,True,False,PASS,0.07305,False,1.0,0.07373,False,0.08568,False,0.06751,False
C3,1969_312_313_28,model,39,2,0.10639358006839396,0.10058956454383539,0.9454476903509824,0.844858125807147,7,5.57,True,True,True,False,PASS,0.12063,False,1.0,0.11874,False,0.13557,False,0.0584,True
C3,1969_312_313_28,user,39,2,0.2771489447352706,0.2704137384772616,0.9756982431795207,0.7052845047022591,7,5.57,True,True,True,False,PASS,0.11758,True,1.0,0.08735,True,0.10738,True,0.11244,True
C3,196_656_631_39,model,38,2,0.1740178978872793,0.1341976525499129,0.7711715529217569,0.636973900371844,7,5.43,True,True,True,False,PASS,0.11695,True,1.0,0.11521,True,0.11521,True,0.06942,True
C3,196_656_631_39,user,38,2,0.012314229719647967,0.012781747565671742,1.0379656589707618,1.02518391140509,7,5.43,True,True,True,False,PASS,0.11553,False,1.0,0.04747,False,0.08612,False,0.12599,False
C3,1970_628_313_0,model,31,2,0.050175360162565866,0.04881668785853177,0.9729215236396499,0.9241048357811181,7,4.43,True,True,True,False,PASS,0.13668,False,1.0,0.14152,False,0.14747,False,0.19307,False
C3,1970_628_313_0,user,31,2,0.05094070306858797,0.0466064373056283,0.914915470304289,0.8683090329986607,8,3.88,True,True,True,False,PASS,0.14511,False,1.0,0.13541,False,0.13818,False,0.211,False
C3,1971_762_540_1,model,36,2,0.09839967651079377,0.094354633800951,0.9588917072364657,0.8645370734355147,6,6.0,True,True,True,False,PASS,0.10471,False,1.0,0.10317,False,0.09201,True,0.08506,True
C3,1971_762_540_1,user,36,2,0.4362065947118787,0.4276177652925931,0.9803101798014798,0.5526924145088867,6,6.0,True,True,True,False,PASS,0.11712,True,1.0,0.10352,True,0.10209,True,0.16011,True
C3,1972_269_82_57,model,25,2,0.17846869008235924,0.160178940211949,0.8975184394418431,0.7373394992298941,6,4.17,True,True,True,False,PASS,0.20497,False,1.0,0.25819,False,0.21656,False,0.20497,False
C3,1972_269_82_57,user,25,2,0.45228840835975864,0.4284543507976504,0.9473034083527734,0.518849057555123,6,4.17,True,True,True,False,PASS,0.20644,True,1.0,0.24621,True,0.22049,True,0.12341,True
C3,1973_82_885_10,model,29,2,-0.024106104654803104,-0.022416281542025462,0.9299006149282212,0.9523168964702466,8,3.62,True,True,True,False,PASS,0.13693,False,1.0,0.12823,False,0.12994,False,0.16218,False
C3,1973_82_885_10,user,29,2,-0.019100396983390222,-0.01937688401447013,1.0144754599247514,1.0338523439392215,8,3.62,True,True,True,False,PASS,0.13308,False,1.0,0.11912,False,0.12757,False,0.12173,False
C3,1974_1526_825_50,model,30,2,0.48596191915093107,0.41651677000665766,0.8570975494013864,0.4405807793947287,5,6.0,True,True,True,False,PASS,0.19739,True,1.0,0.21422,True,0.19584,True,0.10421,True
C3,1974_1526_825_50,user,30,2,0.001933067277126803,0.001979051022729772,1.0237879695896133,1.0218089185668835,6,5.0,True,True,True,False,PASS,0.15119,False,1.0,0.08353,False,0.12953,False,0.05961,False
C3,1975_1043_343_7,model,29,2,0.138655748584369,0.14442355256844785,1.0415980155382398,0.897174462969792,7,4.14,True,True,True,False,PASS,0.15703,False,1.0,0.15565,False,0.18922,False,0.02152,True
C3,1975_1043_343_7,user,29,2,0.15577517946722255,0.15684076848864814,1.0068405571739354,0.8499997886852872,7,4.14,True,True,True,False,PASS,0.15578,False,1.0,0.13566,True,0.13502,True,0.01622,True
C3,1976_76_77_7,model,27,2,0.05127332284118685,0.052503828304095945,1.0239989412568489,0.9714951129527529,8,3.38,True,True,True,False,PASS,0.15943,False,1.0,0.15786,False,0.16267,False,0.13213,False
C3,1976_76_77_7,user,27,2,0.17380505612829755,0.1731079342988916,0.9959890589782879,0.8228811246793963,7,3.86,True,True,True,False,PASS,0.17365,True,1.0,0.18365,False,0.17698,False,0.07718,True
C3,1978_825_209_22,model,26,2,-0.03804990857471191,-0.03985858016624144,1.04753419020648,1.0873927703727215,8,3.25,True,True,True,False,PASS,0.13261,False,1.0,0.11615,False,0.15081,False,0.29719,False
C3,1978_825_209_22,user,26,2,0.008755585593533816,0.008592314876735063,0.9813523932746051,0.97276007839787,8,3.25,True,True,True,False,PASS,0.17294,False,1.0,0.18988,False,0.17852,False,0.12488,False
C3,1979_955_956_47,model,26,2,0.36871696460044967,0.34857467208024817,0.9453719398508605,0.5967972677706124,6,4.33,True,True,True,False,PASS,0.16887,True,1.0,0.24888,True,0.22147,True,0.30055,True
C3,1979_955_956_47,user,26,2,0.04610306503610453,0.040727886616832465,0.883409521361267,0.8426816347444346,7,3.71,True,True,True,False,PASS,0.21646,False,1.0,0.27533,False,0.18532,False,0.36842,False
C3,197_1035_437_2,model,35,2,0.1103428721149504,0.09448645421662594,0.8562986661992453,0.7618122119826194,6,5.83,True,True,True,False,PASS,0.15422,False,1.0,0.11034,False,0.09371,True,0.19045,False
C3,197_1035_437_2,user,35,2,0.43690236231182894,0.3756844041414613,0.859881832987951,0.48419742884648964,5,7.0,True,True,True,False,PASS,0.15308,True,1.0,0.12396,True,0.13866,True,0.18377,True
C3,1982_766_618_52,model,27,2,0.18801357768869173,0.19604241620284313,1.0427035037195311,0.846661087516688,7,3.86,True,True,True,False,PASS,0.15967,True,1.0,0.1777,True,0.17782,True,0.12782,True
C3,1982_766_618_52,user,27,2,0.1409751298487811,0.1266988687453744,0.8987320592027804,0.772033190457406,7,3.86,True,True,True,False,PASS,0.16118,False,1.0,0.14098,False,0.16003,False,0.13982,True
C3,1984_1302_1303_44,model,31,2,0.18769435912763366,0.1381079852632504,0.7358131906848403,0.5977052054215899,5,6.2,True,True,True,False,PASS,0.24691,False,1.0,0.18769,False,0.18769,False,0.19417,False
C3,1984_1302_1303_44,user,31,2,0.1138633163503767,0.10651411325120874,0.935455919125408,0.8289418058741993,5,6.2,True,True,True,False,PASS,0.14829,False,1.0,0.11386,False,0.13042,False,0.2187,False
C3,1985_649_397_40,model,32,2,0.36966201208288124,0.38133723707705447,1.031583513081013,0.6502462760039585,7,4.57,True,True,True,False,PASS,0.11687,True,1.0,0.12531,True,0.11782,True,0.08689,True
C3,1985_649_397_40,user,32,2,-0.008054880459127008,-0.007815814327696735,0.9703203377575411,0.9781361520852379,8,4.0,True,True,True,False,PASS,0.15123,False,1.0,0.15043,False,0.14311,False,0.02753,False
C3,1986_137_138_38,model,29,2,0.0062746051209933,0.005363602976889759,0.8548112388689528,0.8494476358920631,7,4.14,True,True,True,False,PASS,0.13065,False,1.0,0.16033,False,0.13245,False,0.04436,False
C3,1986_137_138_38,user,29,2,0.05476093414629409,0.05490887920818155,1.0027016533628192,0.9477927741546377,7,4.14,True,True,True,False,PASS,0.14703,False,1.0,0.12892,False,0.11365,False,0.10569,False
C3,1987_662_209_1,model,28,2,0.44913547714723456,0.44507634853981315,0.9909623514196569,0.5458860028798438,6,4.67,True,True,True,False,PASS,0.15729,True,1.0,0.12402,True,0.14005,True,0.09811,True
C3,1987_662_209_1,user,28,2,-0.045120486988335234,-0.04593526428547601,1.0180578125708486,1.0639930768563246,8,3.5,True,True,True,False,PASS,0.17301,False,1.0,0.16676,False,0.17761,False,0.2453,False
C3,1988_611_1299_1,model,27,2,0.05924806992000977,0.061457702456771734,1.037294591026259,0.9758368885694872,7,3.86,True,True,True,False,PASS,0.17279,False,1.0,0.15173,False,0.16478,False,0.07458,False
C3,1988_611_1299_1,user,27,2,0.11569163378869018,0.10525733884592714,0.9098094252707919,0.8045520864248648,8,3.38,True,True,True,False,PASS,0.21989,False,1.0,0.15643,False,0.20775,False,0.07838,True
C3,1989_1401_160_12,model,26,2,-0.042704049159089805,-0.04209017594098907,0.9856249411896796,1.0277151171306687,8,3.25,True,True,True,False,PASS,0.18759,False,1.0,0.18274,False,0.1886,False,0.14154,False
C3,1989_1401_160_12,user,26,2,0.07033481545268291,0.06932374834413757,0.9856249411896796,0.916301192845542,8,3.25,True,True,True,False,PASS,0.19255,False,1.0,0.19566,False,0.18116,False,0.02665,True
C3,198_774_1203_6,model,31,2,0.11222256719002925,0.09707733362735971,0.8650428880581235,0.7679655544307638,7,4.43,True,True,True,False,PASS,0.15021,False,1.0,0.21786,False,0.18741,False,0.13569,False
C3,198_774_1203_6,user,31,2,-0.03312224259422462,-0.03156209580332303,0.9528973080109732,0.9844594038142962,8,3.88,True,True,True,False,PASS,0.14017,False,1.0,0.12401,False,0.14017,False,0.137,False
C3,1990_373_1023_44,model,30,2,0.015333912862819593,0.015873196088778352,1.035169315932815,1.0192961198440367,8,3.75,True,True,True,False,PASS,0.11661,False,1.0,0.13157,False,0.13171,False,0.10414,False
C3,1990_373_1023_44,user,30,2,-0.01065873003543288,-0.011028406484234088,1.0346829732596932,1.0457113797439272,8,3.75,True,True,True,False,PASS,0.13199,False,1.0,0.10968,False,0.127,False,0.1675,False
C3,1991_648_649_36,model,31,2,-0.03966419701467919,-0.04121719113983535,1.0391535501041764,1.0803707412440118,8,3.88,True,True,True,False,PASS,0.11082,False,1.0,0.09892,False,0.11154,False,0.16827,False
C3,1991_648_649_36,user,31,2,-0.01683091249342698,-0.017293486692152582,1.027483607849916,1.0447770945420687,8,3.88,True,True,True,False,PASS,0.11451,False,1.0,0.08687,False,0.09649,False,0.12359,False
C3,1992_109_825_58,model,25,2,0.210772146607383,0.2206381485843396,1.0468088508646,0.8261707022802605,7,3.57,True,True,True,False,PASS,0.16701,True,1.0,0.16701,True,0.19055,True,0.04048,True
C3,1992_109_825_58,user,25,2,0.03417898744494219,0.035778866570955525,1.0468088508646,1.0110299842936445,8,3.12,True,True,True,False,PASS,0.15978,False,1.0,0.14425,False,0.17752,False,0.04048,False
C3,1993_541_542_55,model,30,2,0.37088040886474527,0.3050034788441349,0.8223768944219572,0.5173734155778222,6,5.0,True,True,True,False,PASS,0.17331,True,1.0,0.22341,True,0.24394,True,0.12284,True
C3,1993_541_542_55,user,30,2,0.03324559848637142,0.02939999223533407,0.8843273568194658,0.8549273645841318,7,4.29,True,True,True,False,PASS,0.1774,False,1.0,0.24343,False,0.16267,False,0.15047,False
C3,1994_825_826_55,model,29,2,0.026136506418275366,0.02672962122543532,1.0226929643031875,0.9959633430777521,6,4.83,True,True,True,False,PASS,0.1498,False,1.0,0.05018,False,0.11835,False,0.19734,False
C3,1994_825_826_55,user,29,2,0.34277015620580353,0.3082834553928454,0.8993882629844475,0.5911048075916021,6,4.83,True,True,True,False,PASS,0.16071,True,1.0,0.16071,True,0.19117,True,0.11213,True
C3,1995_584_427_37,model,25,2,-0.01918304621550298,-0.01983140125047278,1.0337983356598404,1.0536297369103131,6,4.17,True,True,True,False,PASS,0.19657,False,1.0,0.05434,False,0.17811,False,0.17648,False
C3,1995_584_427_37,user,25,2,0.2888435283366456,0.2458393254083795,0.8511159201803373,0.6052765947719578,6,4.17,True,True,True,False,PASS,0.25546,True,1.0,0.1579,True,0.25546,True,0.36904,False
C3,1996_255_648_59,model,24,2,0.27829177313740416,0.2859358918762256,1.0274680011293298,0.7415321092531042,7,3.43,True,True,True,False,PASS,0.17561,True,1.0,0.17561,True,0.2197,True,-0.0297,True
C3,1996_255_648_59,user,24,2,0.07899579704102895,0.08334545125564818,1.0550618435099794,0.9717163922543313,7,3.43,True,True,True,False,PASS,0.16827,False,1.0,0.20966,False,0.19552,False,0.08181,False
C3,1998_632_169_28,model,27,2,0.11976992526484481,0.11402838924275949,0.9520619553749475,0.838033566132188,7,3.86,True,True,True,False,PASS,0.17907,False,1.0,0.14435,False,0.18078,False,0.27211,False
C3,1998_632_169_28,user,27,2,-0.03557867906988006,-0.03565876445467997,1.00225093755287,1.03790970200755,8,3.38,True,True,True,False,PASS,0.15893,False,1.0,0.17048,False,0.17124,False,0.29044,False
C3,1999_739_1163_35,model,25,2,0.015142832178988532,0.015529369503892276,1.025526091839021,1.0099967223351287,8,3.12,True,True,True,False,PASS,0.16884,False,1.0,0.17375,False,0.17628,False,0.1945,False
C3,1999_739_1163_35,user,25,2,-0.04472162258802378,-0.04677090507368131,1.0458230799122732,1.0925939849859545,8,3.12,True,True,True,False,PASS,0.16308,False,1.0,0.16091,False,0.18444,False,0.08792,False
C3,199_776_157_51,model,32,2,0.17196387886002082,0.15587479202902088,0.9064391490953951,0.7505643570663743,7,4.57,True,True,True,False,PASS,0.14923,True,1.0,0.13905,True,0.1384,True,0.1261,True
C3,199_776_157_51,user,32,2,0.04147801331945295,0.03718478947491122,0.8964939855851718,0.8593091961102606,7,4.57,True,True,True,False,PASS,0.1532,False,1.0,0.12098,False,0.13415,False,0.21198,False
C3,19_1020_680_18,model,34,2,0.014316525968086783,0.014847873544023171,1.037114281573674,1.0222664080296509,7,4.86,True,True,True,False,PASS,0.12362,False,1.0,0.05713,False,0.10405,False,0.13316,False
C3,19_1020_680_18,user,34,2,0.24770288071719426,0.20698185271374903,0.8356053515181481,0.628623498804399,7,4.86,True,True,True,False,PASS,0.17538,True,1.0,0.17538,True,0.18998,True,0.21905,True
C3,1_156_506_22,model,34,2,0.004689021561337256,0.00448390222431172,0.956255407585066,0.9517715053607543,8,4.25,True,True,True,False,PASS,0.11744,False,1.0,0.14812,False,0.12767,False,0.24262,False
C3,1_156_506_22,user,34,2,0.03039518970558789,0.03133515600446701,1.0309248373832758,0.9995896813788088,8,4.25,True,True,True,False,PASS,0.1117,False,1.0,0.11798,False,0.10915,False,0.14318,False
C3,2000_255_256_23,model,30,2,0.3924469683909187,0.4100605639256125,1.0448814666779356,0.6348209027523231,7,4.29,True,True,True,False,PASS,0.12008,True,1.0,0.10518,True,0.10518,True,0.04599,True
C3,2000_255_256_23,user,30,2,0.03578959073050686,0.03639423557578714,1.0168944330722642,0.9805001974964771,7,4.29,True,True,True,False,PASS,0.0994,False,1.0,0.16718,False,0.12414,False,0.03685,False
C3,2001_1163_542_2,model,35,2,-0.026149960326054395,-0.02719947914721832,1.04013462384179,1.0673341029890082,8,4.38,True,True,True,False,PASS,0.09898,False,1.0,0.10561,False,0.09902,False,0.23216,False
C3,2001_1163_542_2,user,35,2,0.006978093447556003,0.007037205738246399,1.0084711233999166,1.0014339176616702,8,4.38,True,True,True,False,PASS,0.10698,False,1.0,0.13653,False,0.10042,False,0.27755,False
C3,2002_1123_255_14,model,30,2,0.2715416262393017,0.2233095592929648,0.8223768944219572,0.5990673351289924,6,5.0,True,True,True,False,PASS,0.22694,True,1.0,0.13064,True,0.22424,True,0.26164,True
C3,2002_1123_255_14,user,30,2,-0.022363750920315152,-0.02222633522477202,0.9938554272030322,1.0160817624278042,6,5.0,True,True,True,False,PASS,0.15468,False,1.0,0.10283,False,0.08633,False,0.2271,False
C3,2003_1060_1507_33,model,37,2,0.20045698530210687,0.20641418761524277,1.0297181078731572,0.8233039202579144,5,7.4,True,True,True,False,PASS,0.11609,True,1.0,0.05665,True,0.05665,True,0.12456,True
C3,2003_1060_1507_33,user,37,2,0.25160221566302454,0.1893134267041413,0.7524314768264689,0.5631180501223276,5,7.4,True,True,True,False,PASS,0.18128,True,1.0,0.06164,True,0.15145,True,0.12492,True
C3,2004_1073_1060_16,model,25,2,-0.02938135704672808,-0.03075666460692794,1.0468088508646,1.077565515471528,8,3.12,True,True,True,False,PASS,0.18513,False,1.0,0.15103,False,0.16594,False,0.16594,False
C3,2004_1073_1060_16,user,25,2,0.13109853620517373,0.13385972350633502,1.021061923199813,0.887202199693478,7,3.57,True,True,True,False,PASS,0.17167,False,1.0,0.19416,False,0.192,False,0.17167,False
C3,2005_121_72_16,model,29,2,-0.04038292174870863,-0.03846681168815036,0.9525514752874575,0.9910182869756079,8,3.62,True,True,True,False,PASS,0.16001,False,1.0,0.13566,False,0.20225,False,0.249,False
C3,2005_121_72_16,user,29,2,0.06596666229174346,0.04593104585300478,0.6962766381884024,0.6503455923353976,6,4.83,True,True,True,False,PASS,0.13514,False,1.0,0.22431,False,0.20799,False,0.17591,False
C3,2006_167_1060_50,model,30,2,0.1242995616018518,0.10204863979685452,0.8209895391564617,0.7189408993596071,6,5.0,True,True,True,False,PASS,0.17983,False,1.0,0.19592,False,0.20922,False,0.1632,False
C3,2006_167_1060_50,user,30,2,0.4407040372032641,0.3777263502982151,0.8570975494013864,0.4793711991031713,5,6.0,True,True,True,False,PASS,0.15837,True,1.0,0.11811,True,0.32542,True,0.35755,True
C3,2007_160_651_15,model,30,2,0.0557003069062216,0.05765924859736127,1.035169315932815,0.9775100673354538,7,4.29,True,True,True,False,PASS,0.14828,False,1.0,0.12788,False,0.12336,False,0.01515,True
C3,2007_160_651_15,user,30,2,0.05560677392980912,0.051167032926616285,0.9201582704870275,0.8689912375604112,8,3.75,True,True,True,False,PASS,0.14187,False,1.0,0.14602,False,0.14695,False,0.05715,False
C3,2008_564_72_9,model,29,2,-0.020786535616053422,-0.021780814331509912,1.0478328247583792,1.0696136390898892,6,4.83,True,True,True,False,PASS,0.16582,False,1.0,0.06987,False,0.10929,False,0.36354,False
C3,2008_564_72_9,user,29,2,0.4707589772605646,0.4415995007212328,0.938058586351308,0.49645908563007524,6,4.83,True,True,True,False,PASS,0.16765,True,1.0,0.16765,True,0.16765,True,0.2972,True
C3,2009_121_122_15,model,24,2,0.07138595679637674,0.06152911114664461,0.861921782769571,0.8003926716229264,7,3.43,True,True,True,False,PASS,0.26515,False,1.0,0.23211,False,0.22866,False,0.07074,True
C3,2009_121_122_15,user,24,2,-0.006451673596250219,-0.006783904932780693,1.0514953727236869,1.0582792776564676,8,3.0,True,True,True,False,PASS,0.16332,False,1.0,0.21451,False,0.21451,False,0.09181,False
C3,200_985_609_51,model,26,2,0.17462394901347905,0.17941696730819157,1.0274476572187847,0.8480306899105932,6,4.33,True,True,True,False,PASS,0.16299,True,1.0,0.20419,False,0.1647,True,0.11283,True
C3,200_985_609_51,user,26,2,0.3796841869867997,0.3739523003895763,0.9849035414334423,0.610951241043866,7,3.71,True,True,True,False,PASS,0.20003,True,1.0,0.14971,True,0.19444,True,0.15632,True
C3,2010_651_441_15,model,31,2,-0.04410404943586856,-0.045050883089978955,1.0214681795939662,1.0665190626839451,8,3.88,True,True,True,False,PASS,0.13067,False,1.0,0.1155,False,0.12712,False,0.04878,False
C3,2010_651_441_15,user,31,2,-0.002081630912928801,-0.002025263519462084,0.9729215236396497,0.9749467871591118,8,3.88,True,True,True,False,PASS,0.14024,False,1.0,0.13874,False,0.1368,False,0.07583,False
C3,2011_1366_250_6,model,39,2,0.04129731736746819,0.04222141641538424,1.0223767330863966,0.9801553166710124,8,4.88,True,True,True,False,PASS,0.07897,False,1.0,0.11829,False,0.14721,False,0.25514,False
C3,2011_1366_250_6,user,39,2,0.06731202291669154,0.06766543697867466,1.005250385394308,0.9375849484156333,8,4.88,True,True,True,False,PASS,0.07988,False,1.0,0.0887,False,0.09726,False,0.35434,False
C3,2012_94_378_43,model,32,2,0.030538902383006137,0.030512199981645116,0.9991256266834305,0.9686134267017854,8,4.0,True,True,True,False,PASS,0.11906,False,1.0,0.14141,False,0.14234,False,0.33123,False
C3,2012_94_378_43,user,32,2,0.15385961342873086,0.16002392247819275,1.0400645036867797,0.880040581208587,7,4.57,True,True,True,False,PASS,0.12113,True,1.0,0.15386,False,0.10656,True,0.32744,False
C3,2013_46_121_56,model,26,2,-0.024972335835972352,-0.025246767468224185,1.0109894258212129,1.036236193289437,6,4.33,True,True,True,False,PASS,0.16119,False,1.0,0.05111,False,0.17037,False,0.12989,False
C3,2013_46_121_56,user,26,2,0.44697268684972724,0.2711094455407279,0.6065458886347461,0.3354364430940182,5,5.2,True,True,True,False,PASS,0.22019,True,0.846,0.18802,True,0.18585,True,0.00765,True
C3,2014_1167_1350_20,model,27,2,0.07154998287959763,0.0746778985607055,1.0437165119434262,0.9690386133827207,7,3.86,True,True,True,False,PASS,0.16462,False,1.0,0.0966,False,0.14458,False,0.05904,True
C3,2014_1167_1350_20,user,27,2,0.20473366054679926,0.20391248590918687,0.9959890589782882,0.7920765730691013,7,3.86,True,True,True,False,PASS,0.18305,True,1.0,0.1295,True,0.16295,True,0.16596,True
C3,2015_71_1261_20,model,30,2,0.30589525637566845,0.3101432815081637,1.0138871886502165,0.7037439071420528,8,3.75,True,True,True,False,PASS,0.13763,True,1.0,0.11144,True,0.14175,True,0.15395,True
C3,2015_71_1261_20,user,30,2,0.013290194402358518,0.012349587176208487,0.9292254727302478,0.9168758855540393,7,4.29,True,True,True,False,PASS,0.15166,False,1.0,0.17612,False,0.17612,False,0.15295,False
C3,2016_1329_145_6,model,33,2,0.06435945970680902,0.06650393639015229,1.0333203027668734,0.9668163663767211,8,4.12,True,True,True,False,PASS,0.10694,False,1.0,0.09065,False,0.11308,False,0.07101,False
C3,2016_1329_145_6,user,33,2,-0.04516259094703198,-0.04320734760842959,0.9567065729046511,0.9999139205130807,8,4.12,True,True,True,False,PASS,0.12299,False,1.0,0.13801,False,0.1321,False,0.07464,False
C3,2017_378_397_6,model,25,2,0.1311515756421362,0.13729063018702625,1.0468088508646,0.9095182206775738,7,3.57,True,True,True,False,PASS,0.16541,False,1.0,0.14225,False,0.17021,False,0.44386,False
C3,2017_378_397_6,user,25,2,0.08296004951026585,0.08662381572037625,1.044163018606408,0.9575392028860317,7,3.57,True,True,True,False,PASS,0.17282,False,1.0,0.14462,False,0.17836,False,0.2905,False
C3,2018_46_118_6,model,26,2,0.34434733531779793,0.3196775686268353,0.9283578986659068,0.6086803300390715,7,3.71,True,True,True,False,PASS,0.17462,True,1.0,0.19372,True,0.19373,True,0.44877,False
C3,2018_46_118_6,user,26,2,0.07761944646966279,0.07609336666952848,0.9803389502303297,0.9042455835608012,7,3.71,True,True,True,False,PASS,0.17345,False,1.0,0.18047,False,0.21826,False,0.29644,False
C3,2019_94_823_6,model,28,2,0.08446210632778,0.07693704823348935,0.9109061042701508,0.8339690560366615,7,4.0,True,True,True,False,PASS,0.19071,False,1.0,0.18305,False,0.18325,False,0.0315,True
C3,2019_94_823_6,user,28,2,0.10430697328696731,0.09562065187543489,0.9167234832168433,0.8211028313414084,7,4.0,True,True,True,False,PASS,0.18058,False,1.0,0.11361,False,0.18526,False,0.14458,False
C3,201_475_31_7,model,27,2,0.3909694778579875,0.3789985496434497,0.9693814251687288,0.5903828755252791,6,4.5,True,True,True,False,PASS,0.17031,True,1.0,0.15918,True,0.16112,True,0.39097,False
C3,201_475_31_7,user,27,2,0.19817530492913776,0.1909079875212405,0.9633288445778052,0.7724208570565647,7,3.86,True,True,True,False,PASS,0.16188,True,1.0,0.16225,True,0.15837,True,0.31053,False
C3,2021_378_379_23,model,30,2,0.22288697061364324,0.21380818228320964,0.9592672990016498,0.7454591167184401,7,4.29,True,True,True,False,PASS,0.17057,True,1.0,0.14509,True,0.16193,True,0.25696,False
C3,2021_378_379_23,user,30,2,0.020955222170287023,0.02145370435801741,1.0237879695896137,1.0023342652315963,7,4.29,True,True,True,False,PASS,0.14708,False,1.0,0.08282,False,0.1179,False,0.14708,False
C3,2022_94_305_37,model,29,2,-0.03836453672277843,-0.03722097696087845,0.9701922697473626,1.007413246708241,8,3.62,True,True,True,False,PASS,0.14999,False,1.0,0.14471,False,0.1554,False,0.09234,False
C3,2022_94_305_37,user,29,2,-0.029725872177689388,-0.03094336541050491,1.0409573594859667,1.0719007248964716,8,3.62,True,True,True,False,PASS,0.12682,False,1.0,0.11078,False,0.13205,False,0.12783,False
C3,2024_160_102_51,model,33,2,0.3846769103994662,0.326522155327547,0.8488218203387132,0.5222996650111662,6,5.5,True,True,True,False,PASS,0.11607,True,1.0,0.11969,True,0.18204,True,0.07425,True
C3,2024_160_102_51,user,33,2,-0.00502082000700808,-0.004823433657845211,0.9606864319200137,0.9655098655778589,6,5.5,True,True,True,False,PASS,0.12401,False,1.0,0.06906,False,0.16623,False,0.10519,False
C3,2025_1484_572_47,model,25,2,0.05614179591856657,0.05705511498118643,1.0162680770658747,0.9592129620846883,7,3.57,True,True,True,False,PASS,0.17601,False,1.0,0.17243,False,0.15702,False,-0.01807,True
C3,2025_1484_572_47,user,25,2,0.104885423871494,0.10754248055090265,1.0253329450492958,0.9177904644983932,7,3.57,True,True,True,False,PASS,0.18103,False,1.0,0.19814,False,0.17033,False,0.07838,True
C3,2026_131_379_47,model,26,2,0.142475615158711,0.12428003191363513,0.8722898425473941,0.7480098106337589,7,3.71,True,True,True,False,PASS,0.18301,False,1.0,0.16141,False,0.16176,False,0.0986,True
C3,2026_131_379_47,user,26,2,0.039113198136710034,0.04060899819352026,1.038242847122397,0.9976338489288767,7,3.71,True,True,True,False,PASS,0.15718,False,1.0,0.16088,False,0.17217,False,0.14432,False
C3,2027_94_95_47,model,25,2,0.16326671526402411,0.16740274199018668,1.0253329450492958,0.8579302030591092,7,3.57,True,True,True,False,PASS,0.17901,False,1.0,0.17975,False,0.18329,False,0.11696,True
C3,2027_94_95_47,user,25,2,0.10466098869672666,0.10945687754547428,1.0458230799122732,0.9363662023667989,7,3.57,True,True,True,False,PASS,0.16102,False,1.0,0.15006,False,0.16091,False,0.01009,True
C3,2028_667_160_44,model,31,2,0.5332547625109253,0.5572438218180136,1.044986113568178,0.48774229175016437,6,5.17,True,True,True,False,PASS,0.11091,True,1.0,0.08882,True,0.10699,True,0.14855,True
C3,2028_667_160_44,user,31,2,-0.04083560246205342,-0.04243446126908568,1.0391535501041769,1.0815880113732625,8,3.88,True,True,True,False,PASS,0.11154,False,1.0,0.14878,False,0.11032,False,0.08487,False
C3,2029_396_300_25,model,36,2,-0.018559036535130385,-0.01722130362840657,0.9279201318348815,0.9451414354632881,8,4.5,True,True,True,False,PASS,0.12612,False,1.0,0.11372,False,0.12873,False,0.15199,False
C3,2029_396_300_25,user,36,2,0.14488524218114654,0.14776553217799782,1.0198798024801596,0.8721142703021618,8,4.5,True,True,True,False,PASS,0.09186,True,1.0,0.109,True,0.09775,True,0.09491,True
C3,202_608_219_7,model,35,2,-0.007788288720199481,-0.0075232133129137235,0.9659648715130109,0.9734880848259246,6,5.83,True,True,True,False,PASS,0.11161,False,1.0,0.05385,False,0.12489,False,0.16405,False
C3,202_608_219_7,user,35,2,0.503291483618343,0.41989469508887045,0.8342972387891345,0.4144025437002641,6,5.83,True,True,True,False,PASS,0.16742,True,1.0,0.16703,True,0.18525,True,0.23249,True
C3,2030_508_491_12,model,26,2,0.6491313687829445,0.6370266223047629,0.9813523932746051,0.3443257709698422,6,4.33,True,True,True,False,PASS,0.17294,True,1.0,0.14795,True,0.22566,True,0.10307,True
C3,2030_508_491_12,user,26,2,0.0514678052030837,0.049431316078395016,0.9604317861106952,0.9110004700323002,6,4.33,True,True,True,False,PASS,0.1773,False,1.0,0.14048,False,0.16035,False,0.11902,False
C3,2031_577_348_30,model,40,2,0.0875064596627914,0.08640686222830118,0.9874340998512847,0.9010272376229835,7,5.71,True,True,True,False,PASS,0.08517,True,1.0,0.10169,False,0.09675,False,0.06001,True
C3,2031_577_348_30,user,40,2,0.23791053148937766,0.24424613126589634,1.0266301778944222,0.7823840466285259,7,5.71,True,True,True,False,PASS,0.08589,True,1.0,0.07762,True,0.08078,True,0.22943,True
C3,2032_883_817_3,model,28,2,0.13461230126784873,0.1370306584662866,1.017965350682371,0.8809346922160843,7,4.0,True,True,True,False,PASS,0.14995,False,1.0,0.17332,False,0.16369,False,0.13162,True
C3,2032_883_817_3,user,28,2,0.13966592502951308,0.14583062405767877,1.0441388909060174,0.8983082668483386,8,3.5,True,True,True,False,PASS,0.13967,False,1.0,0.13967,False,0.14738,False,0.06659,True
C3,2033_314_508_37,model,31,2,0.011024211079416008,0.010840685094850366,0.9833524609386051,0.9725117758437547,6,5.17,True,True,True,False,PASS,0.13369,False,1.0,0.09409,False,0.09409,False,0.10787,False
C3,2033_314_508_37,user,31,2,0.31261812675656325,0.2640277009343227,0.8445693910127033,0.5805416900783806,6,5.17,True,True,True,False,PASS,0.13633,True,1.0,0.12263,True,0.15185,True,0.13633,True
C3,2034_931_932_37,model,35,2,0.022609437446763213,0.022118363139458697,0.9782801182709294,0.9561617551314707,8,4.38,True,True,True,False,PASS,0.11523,False,1.0,0.12468,False,0.1686,False,0.04945,False
C3,2034_931_932_37,user,35,2,0.08839427076738991,0.0849412671350731,0.9609363412092238,0.8759950740741507,8,4.38,True,True,True,False,PASS,0.12264,False,1.0,0.10459,False,0.10459,False,0.18972,False
C3,2035_396_576_37,model,25,2,0.05261660621434598,0.05507952908763469,1.0468088508646,0.9917293217769654,7,3.57,True,True,True,False,PASS,0.162,False,1.0,0.14075,False,0.18425,False,0.07634,False
C3,2035_396_576_37,user,25,2,0.29427064681016957,0.30532075563506433,1.0375508360914538,0.7322300804563895,7,3.57,True,True,True,False,PASS,0.15958,True,1.0,0.20212,True,0.18806,True,0.05305,True
C3,2036_330_300_6,model,38,2,0.032391770751936916,0.02684991471345488,0.8289116059469934,0.8020616912335385,7,5.43,True,True,True,False,PASS,0.1317,False,1.0,0.15791,False,0.11591,False,0.08928,False
C3,2036_330_300_6,user,38,2,0.05248241173489195,0.049052131187946824,0.9346394261705666,0.8855872949826198,7,5.43,True,True,True,False,PASS,0.12298,False,1.0,0.08511,False,0.08803,False,0.16422,False
C3,2038_346_532_37,model,24,2,0.5842266357615664,0.5788543495824774,0.9908044483934115,0.41195009881093414,6,4.0,True,True,True,False,PASS,0.18487,True,1.0,0.17623,True,0.21314,True,0.00273,True
C3,2038_346_532_37,user,24,2,0.10815154623195725,0.1087680870595209,1.0057007120937627,0.8969326250342418,6,4.0,True,True,True,False,PASS,0.19416,False,1.0,0.12325,False,0.18928,False,0.0302,True
C3,2039_576_577_26,model,32,2,0.1484858113456574,0.15296125372411296,1.0301405389369982,0.8771792852128852,8,4.0,True,True,True,False,PASS,0.13645,True,1.0,0.14612,True,0.14136,True,0.06574,True
C3,2039_576_577_26,user,32,2,-0.007465574872532488,-0.006317974177168617,0.8462810011341324,0.852598975311301,8,4.0,True,True,True,False,PASS,0.1775,False,1.0,0.16571,False,0.17766,False,0.08022,False
C3,203_437_475_7,model,30,2,0.39952586012746216,0.28115684272144703,0.7037262685117518,0.42256942579030476,5,6.0,True,True,True,False,PASS,0.17878,True,1.0,0.11135,True,0.11135,True,0.39953,False
C3,203_437_475_7,user,30,2,0.3755364198242113,0.3311440327529198,0.8817893958405643,0.5506453630876444,5,6.0,True,True,True,False,PASS,0.17553,True,1.0,0.08949,True,0.19565,True,0.38937,False
C3,2041_1142_1143_33,model,26,2,0.06935299068562456,0.07170893253013788,1.0339702992073225,0.9622613666771846,7,3.71,True,True,True,False,PASS,0.16102,False,1.0,0.17279,False,0.16946,False,0.17183,False
C3,2041_1142_1143_33,user,26,2,0.04283717289957774,0.041661354787267624,0.972551453965775,0.9308900991785074,7,3.71,True,True,True,False,PASS,0.16877,False,1.0,0.18073,False,0.14057,False,0.10409,False
C3,2042_883_808_46,model,31,2,0.42693089659739614,0.3939138494311448,0.9226641889134882,0.5287503394823434,6,5.17,True,True,True,False,PASS,0.16109,True,1.0,0.12509,True,0.16135,True,0.27789,True
C3,2042_883_808_46,user,31,2,-0.018290833661360688,-0.018727789690863528,1.023889344662617,1.0426171343534805,8,3.88,True,True,True,False,PASS,0.13464,False,1.0,0.12731,False,0.16948,False,0.21032,False
C3,2044_1142_346_18,model,29,2,0.1050162150219182,0.10653637303391705,1.0144754599247514,0.9079390868908344,8,3.62,True,True,True,False,PASS,0.14458,False,1.0,0.13889,False,0.14959,False,-0.00332,True
C3,2044_1142_346_18,user,29,2,-0.03680333376685632,-0.03773032742386784,1.0251877632304693,1.0629180906543372,8,3.62,True,True,True,False,PASS,0.14058,False,1.0,0.13903,False,0.13903,False,0.09238,False
C3,2045_1143_532_18,model,29,2,0.018256202796090956,0.017450613590783703,0.9558731235457274,0.9384225099549437,7,4.14,True,True,True,False,PASS,0.16132,False,1.0,0.15069,False,0.15192,False,0.19533,False
C3,2045_1143_532_18,user,29,2,0.24260390370753332,0.2285489633342983,0.9420663057830319,0.7135173424487335,7,4.14,True,True,True,False,PASS,0.1514,True,1.0,0.13292,True,0.13599,True,0.17088,True
C3,2046_817_346_35,model,24,2,0.02053383587442046,0.0216644667319974,1.0550618435099794,1.033397376777982,8,3.0,True,True,True,False,PASS,0.16827,False,1.0,0.13327,False,0.13978,False,0.18267,False
C3,2046_817_346_35,user,24,2,-0.03263398441383411,-0.03293404047891846,1.0091945887231946,1.042128629202113,8,3.0,True,True,True,False,PASS,0.19214,False,1.0,0.17841,False,0.17751,False,-0.02906,False
C3,2047_102_532_44,model,32,2,-0.020775815564425457,-0.020439691002462346,0.9838213541643747,1.004261045166837,8,4.0,True,True,True,False,PASS,0.11782,False,1.0,0.1545,False,0.13071,False,0.07932,False
C3,2047_102_532_44,user,32,2,0.1321640170898296,0.1334770460007484,1.009934844141627,0.8764577981408785,8,4.0,True,True,True,False,PASS,0.11963,True,1.0,0.09753,True,0.1182,True,0.14504,False
C3,2048_1219_346_7,model,30,2,0.1025663278571885,0.09092757034179577,0.8865245762566607,0.7955970059148649,7,4.29,True,True,True,False,PASS,0.12711,False,1.0,0.10257,False,0.12514,False,0.12454,False
C3,2048_1219_346_7,user,30,2,0.030806464420440393,0.031791068225210495,1.0319609479144516,1.000169879689241,7,4.29,True,True,True,False,PASS,0.14955,False,1.0,0.11438,False,0.11438,False,0.13372,False
C3,2049_817_818_10,model,25,2,-0.014335857073227135,-0.014913278993908596,1.0402781583083598,1.0551914373022684,6,4.17,True,True,True,False,PASS,0.20214,False,1.0,0.1522,False,0.1522,False,-0.01877,True
C3,2049_817_818_10,user,25,2,0.6471322927729972,0.6130306265990051,0.9473034083527734,0.3342727817537683,5,5.0,True,True,True,False,PASS,0.19357,True,1.0,0.23302,True,0.20371,True,0.0571,True
C3,204_219_1203_7,model,27,2,0.03241928570946337,0.032858795806290475,1.0135570567706496,0.9806982609643591,8,3.38,True,True,True,False,PASS,0.1625,False,1.0,0.1967,False,0.15604,False,-0.00019,True
C3,204_219_1203_7,user,27,2,0.18109601269462475,0.17241462395665075,0.9520619553749475,0.7796473314182968,7,3.86,True,True,True,False,PASS,0.18621,False,1.0,0.1811,False,0.17535,True,0.10615,True
C3,2050_387_883_10,model,25,2,0.5977311756941945,0.6106668144666505,1.0216412315409729,0.41097441707432236,6,4.17,True,True,True,False,PASS,0.17214,True,1.0,0.17151,True,0.23844,True,0.36804,True
C3,2050_387_883_10,user,25,2,0.0911820939092694,0.09121478018383189,1.0003584725153933,0.9091436923315614,6,4.17,True,True,True,False,PASS,0.19633,False,1.0,0.12703,False,0.19713,False,0.56605,False
C3,2051_815_635_10,model,35,2,0.06117622796287686,0.0556663514089033,0.9099343529758475,0.8542680015669442,7,5.0,True,True,True,False,PASS,0.13261,False,1.0,0.14175,False,0.16151,False,0.08408,False
C3,2051_815_635_10,user,35,2,0.41076054584553073,0.41558669077756893,1.011749290385482,0.596162599607913,6,5.83,True,True,True,False,PASS,0.11996,True,1.0,0.11996,True,0.12965,True,0.29157,True
C3,2052_346_347_46,model,35,2,-0.028278268833522174,-0.029279810304436937,1.0354173544643404,1.0646971647687773,8,4.38,True,True,True,False,PASS,0.09978,False,1.0,0.10859,False,0.10791,False,0.08115,False
C3,2052_346_347_46,user,35,2,0.11824498706579133,0.11924665494264719,1.0084711233999166,0.8892244684572694,8,4.38,True,True,True,False,PASS,0.10461,True,1.0,0.10042,True,0.10111,True,0.13071,False
C3,2053_1219_532_9,model,33,2,-0.015060870026771686,-0.015624027264377727,1.0373920787182276,1.0530161059826053,8,4.12,True,True,True,False,PASS,0.09375,False,1.0,0.14076,False,0.13553,False,0.11876,False
C3,2053_1219_532_9,user,33,2,0.10061959455182183,0.10329665043127267,1.026605711257086,0.9233090608258134,8,4.12,True,True,True,False,PASS,0.10254,False,1.0,0.10425,False,0.08328,True,0.25959,False
C3,2054_635_818_9,model,36,2,0.082085957423548,0.07524894152396999,0.916709067979797,0.841460126455827,7,5.14,True,True,True,False,PASS,0.12849,False,1.0,0.14176,False,0.14705,False,0.06386,True
C3,2054_635_818_9,user,36,2,0.4092422675755767,0.36664735873062615,0.8959176208819039,0.5292702621512777,7,5.14,True,True,True,False,PASS,0.13247,True,1.0,0.10367,True,0.11053,True,0.04065,True
C3,2055_346_815_41,model,31,2,-0.029754090716561307,-0.02694234918531746,0.9055006735702794,0.9324430227555969,8,3.88,True,True,True,False,PASS,0.14468,False,1.0,0.15699,False,0.14902,False,0.21459,False
C3,2055_346_815_41,user,31,2,0.38629037118752674,0.3738648473422327,0.9678337210241722,0.5939688736819395,7,4.43,True,True,True,False,PASS,0.14752,True,1.0,0.14641,True,0.1401,True,0.21712,True
C3,2056_29_30_53,model,28,2,-0.04163145351867677,-0.043469019703796574,1.0441388909060174,1.087607910609814,8,3.5,True,True,True,False,PASS,0.14175,False,1.0,0.08183,False,0.1406,False,0.08183,False
C3,2056_29_30_53,user,28,2,0.00888597062366155,0.009209772426961527,1.0364396661899555,1.027229893762994,8,3.5,True,True,True,False,PASS,0.14881,False,1.0,0.1516,False,0.14359,False,0.11731,False
C3,2057_694_532_5,model,32,2,0.06608927309938807,0.0612501105522838,0.9267783965511782,0.8655282859988944,7,4.57,True,True,True,False,PASS,0.12913,False,1.0,0.13431,False,0.11636,False,0.13494,False
C3,2057_694_532_5,user,32,2,-0.03736138668894888,-0.037087263811096394,0.9926629361984156,1.029750200009512,8,4.0,True,True,True,False,PASS,0.1466,False,1.0,0.14247,False,0.11991,False,0.15967,False
C3,2058_977_815_5,model,28,2,0.360051933634222,0.3446531420432398,0.9572317486659415,0.6125786066227017,6,4.67,True,True,True,False,PASS,0.16793,True,1.0,0.15331,True,0.16637,True,0.10631,True
C3,2058_977_815_5,user,28,2,0.02722524826360744,0.027684250554914636,1.0168594345536512,0.9891751839987366,6,4.67,True,True,True,False,PASS,0.145,False,1.0,0.05227,False,0.11905,False,-0.00711,True
C3,2059_125_126_34,model,28,2,-0.04635626848695874,-0.04800047610167901,1.0354689380398,1.083469414141479,8,3.5,True,True,True,False,PASS,0.14397,False,1.0,0.15599,False,0.14512,False,0.04411,False
C3,2059_125_126_34,user,28,2,-0.016338632069328906,-0.016502856084618545,1.0100512707913853,1.026554126876004,8,3.5,True,True,True,False,PASS,0.15475,False,1.0,0.14354,False,0.14114,False,0.18025,False
C3,2060_635_111_34,model,29,2,-0.021050805185416566,-0.018401509689406237,0.8741475457743683,0.8925490554637745,6,4.83,True,True,True,False,PASS,0.17063,False,1.0,0.04153,False,0.1513,False,0.0878,False
C3,2060_635_111_34,user,29,2,0.24239606546912243,0.24405418961370096,1.0068405571739354,0.7627863675602344,6,4.83,True,True,True,False,PASS,0.14891,True,1.0,0.14577,True,0.174,True,0.1267,True
C3,2061_977_126_37,model,33,2,0.021866116621494798,0.021005936642944922,0.9606615114407511,0.9396555747978061,7,4.71,True,True,True,False,PASS,0.13856,False,1.0,0.11579,False,0.1537,False,0.14152,False
C3,2061_977_126_37,user,33,2,0.2544853431395415,0.256159799258564,1.0065797742941305,0.7504199750355665,8,4.12,True,True,True,False,PASS,0.11309,True,1.0,0.11329,True,0.12927,True,0.11163,True
C3,2062_111_694_45,model,35,2,0.009721942595961668,0.007381196503133847,0.7592306198351626,0.7518494233320288,7,5.0,True,True,True,False,PASS,0.16931,False,1.0,0.17848,False,0.13212,False,0.26179,False
C3,2062_111_694_45,user,35,2,-0.018131876294037647,-0.018653532425322528,1.0287701130773994,1.047423645502722,8,4.38,True,True,True,False,PASS,0.11479,False,1.0,0.13324,False,0.13122,False,0.19483,False
C3,2063_1159_118_45,model,31,2,0.025658238920297144,0.02526618061492958,0.9847199838388977,0.9594538032239681,8,3.88,True,True,True,False,PASS,0.14635,False,1.0,0.15039,False,0.15834,False,0.17478,False
C3,2063_1159_118_45,user,31,2,0.20221182704667492,0.16450151664055868,0.813510856625553,0.6490093399849943,7,4.43,True,True,True,False,PASS,0.20215,True,1.0,0.15868,True,0.17228,True,0.2412,False
C3,2064_600_1057_45,model,32,2,0.5757400275063508,0.49304207977029846,0.8563623444869132,0.3633202647166147,6,5.33,True,True,True,False,PASS,0.15257,True,1.0,0.14581,True,0.13152,True,0.11067,True
C3,2064_600_1057_45,user,32,2,0.0351172935327799,0.0316820279341119,0.9021773817660128,0.8704953538319009,6,5.33,True,True,True,False,PASS,0.15773,False,1.0,0.14145,False,0.13554,False,0.16103,False
C3,2065_635_649_29,model,37,2,0.20683058651727665,0.1403196949507074,0.6784281634234327,0.5381084684727253,6,6.17,True,True,True,False,PASS,0.20241,True,1.0,0.20683,False,0.19208,True,0.20342,True
C3,2065_635_649_29,user,37,2,0.02319383467604082,0.022999248942457418,0.9916104544030225,0.9686112054605651,6,6.17,True,True,True,False,PASS,0.12949,False,1.0,0.02466,False,0.10892,False,0.09965,False
C3,2066_889_268_44,model,29,2,0.13515785250206153,0.13776114627126135,1.0192611359311152,0.8814999896598539,8,3.62,True,True,True,False,PASS,0.13516,False,1.0,0.13516,False,0.1401,False,0.20677,False
C3,2066_889_268_44,user,29,2,-0.010468767870121892,-0.010513698959995876,1.0042919176765988,1.0148056166365946,8,3.62,True,True,True,False,PASS,0.14821,False,1.0,0.13481,False,0.15015,False,0.40453,False
C3,2067_126_600_52,model,32,2,-0.031966186658990814,-0.03331687073502021,1.0422535252777643,1.0755703960127845,8,4.0,True,True,True,False,PASS,0.10185,False,1.0,0.12955,False,0.10783,False,0.09234,False
C3,2067_126_600_52,user,32,2,0.08692533966306068,0.08628756289997841,0.9926629361984156,0.9063753732984372,8,4.0,True,True,True,False,PASS,0.10946,False,1.0,0.10946,False,0.14338,False,0.13964,False
C3,2068_1074_694_35,model,47,2,0.05327043769743379,0.0547336271157981,1.0274671934680724,0.9727335663522743,8,5.88,True,True,True,False,PASS,0.06889,False,1.0,0.06683,False,0.05091,True,0.06465,False
C3,2068_1074_694_35,user,47,2,-0.026108568040925824,-0.023555779420919798,0.9022241045160169,0.9257798839369367,8,5.88,True,True,True,False,PASS,0.07893,False,1.0,0.07591,False,0.07814,False,0.1014,False
C3,2069_268_29_0,model,31,2,0.012411893574175532,0.011716527333079485,0.943975813445352,0.9322592861122725,8,3.88,True,True,True,False,PASS,0.14791,False,1.0,0.10345,False,0.14047,False,0.14994,False
C3,2069_268_29_0,user,31,2,0.138928420423742,0.1410898030587906,1.0155575268793542,0.8744677238205636,7,4.43,True,True,True,False,PASS,0.11529,True,1.0,0.16681,False,0.15317,False,0.07348,True
C3,206_816_1173_1,model,35,2,0.029750366357287675,0.02965495354613823,0.9967928861781538,0.9671379326320155,8,4.38,True,True,True,False,PASS,0.10896,False,1.0,0.11302,False,0.10913,False,0.06938,False
C3,206_816_1173_1,user,35,2,-0.029760773881201776,-0.02060992915555704,0.6925199337163468,0.7131298628719038,6,5.83,True,True,True,False,PASS,0.09331,False,1.0,0.05371,False,0.09331,False,0.14392,False
C3,2070_125_635_6,model,35,2,-0.021220905602485837,-0.02060992915555726,0.9712087477144704,0.9918186768700277,6,5.83,True,True,True,False,PASS,0.11807,False,1.0,0.05204,False,0.11264,False,0.11807,False
C3,2070_125_635_6,user,35,2,0.3062947982865411,0.26001530598221034,0.8489053925720411,0.5888900865898308,6,5.83,True,True,True,False,PASS,0.15663,True,1.0,0.14739,True,0.16003,True,0.15708,True
C3,2071_347_889_0,model,37,2,0.02153347994458093,0.020950243663178325,0.9729149081846671,0.9519646645214888,7,5.29,True,True,True,False,PASS,0.09967,False,1.0,0.13998,False,0.11517,False,0.08153,False
C3,2071_347_889_0,user,37,2,0.395951062836086,0.40026832000549484,1.0109035120110186,0.6106351920055237,7,5.29,True,True,True,False,PASS,0.08618,True,1.0,0.10802,True,0.09925,True,0.04484,True
C3,2072_29_126_37,model,38,2,0.0005669003167874845,0.0005705884768905101,1.0065058353185012,1.0059352468416107,8,4.75,True,True,True,False,PASS,0.09364,False,1.0,0.13281,False,0.11228,False,0.06884,False
C3,2072_29_126_37,user,38,2,0.10935176432827752,0.102439115678433,0.9367852115390427,0.8343460958606097,8,4.75,True,True,True,False,PASS,0.12121,False,1.0,0.1242,False,0.10935,False,0.12023,False
C3,2073_268_269_11,model,24,2,0.3594711427101397,0.36470011646162526,1.0145462962953384,0.6498461798337132,6,4.0,True,True,True,False,PASS,0.18008,True,1.0,0.16474,True,0.18008,True,0.34344,True
C3,2073_268_269_11,user,24,2,0.03483183684023159,0.03447206833153116,0.9896712737157494,0.9551992053842182,7,3.43,True,True,True,False,PASS,0.15459,False,1.0,0.21991,False,0.19752,False,0.13151,False
C3,2074_259_260_40,model,26,2,0.15324047135749247,0.14417715237901663,0.940855578828571,0.7966784264495543,6,4.33,True,True,True,False,PASS,0.16488,False,1.0,0.15324,False,0.18213,False,0.24687,False
C3,2074_259_260_40,user,26,2,0.37061344413225633,0.3303880948378054,0.8914627897845601,0.5610746949467547,5,5.2,True,True,True,False,PASS,0.22461,True,1.0,0.19273,True,0.22461,True,0.35033,True
C3,2075_1208_1209_40,model,26,2,-0.016222994956766733,-0.016843408472765775,1.0382428471223966,1.0550862555951623,6,4.33,True,True,True,False,PASS,0.15793,False,1.0,0.05691,False,0.09609,False,0.12637,False
C3,2075_1208_1209_40,user,26,2,0.3198493804523547,0.2825579880931125,0.883409521361267,0.6008515332681545,6,4.33,True,True,True,False,PASS,0.20015,True,1.0,0.14546,True,0.162,True,0.20015,True
C3,2077_268_600_50,model,31,2,0.1509248201258902,0.1486368191039551,0.9848401275547214,0.8362033084507663,7,4.43,True,True,True,False,PASS,0.14452,True,1.0,0.15566,False,0.17615,False,0.19724,False
C3,2077_268_600_50,user,31,2,0.021278179397400586,0.01930373508819072,0.9072080241295893,0.8879042890413986,7,4.43,True,True,True,False,PASS,0.16043,False,1.0,0.1248,False,0.13815,False,0.17328,False
C3,2078_890_843_25,model,24,2,0.08186083837062379,0.07937912499948074,0.9696837532996289,0.8903046283001481,7,3.43,True,True,True,False,PASS,0.22775,False,1.0,0.14784,False,0.19745,False,0.08186,False
C3,2078_890_843_25,user,24,2,0.0367791802040052,0.03351832978691516,0.9113397743233292,0.8778214445364141,7,3.43,True,True,True,False,PASS,0.18917,False,1.0,0.20108,False,0.20108,False,0.21177,False
C3,2079_260_297_55,model,24,2,0.14464627914894154,0.13437496651982495,0.9289901358711047,0.7946151693512797,7,3.43,True,True,True,False,PASS,0.26313,False,1.0,0.25418,False,0.25126,False,0.09561,True
C3,2079_260_297_55,user,24,2,0.1238169014414124,0.12859746424817797,1.0386099373438742,0.9100124730956962,7,3.43,True,True,True,False,PASS,0.18613,False,1.0,0.18682,False,0.19768,False,0.08651,True
C3,207_475_219_40,model,32,2,-0.013492641160265072,-0.012727425113239321,0.9432864153180579,0.9560138404312972,6,5.33,True,True,True,False,PASS,0.13738,False,1.0,0.0486,False,0.13383,False,0.24626,False
C3,207_475_219_40,user,32,2,0.332750807431658,0.28841190863055943,0.8667504396358072,0.5783385310052478,6,5.33,True,True,True,False,PASS,0.1707,True,1.0,0.15502,True,0.25271,True,0.28473,True
C3,2080_1060_29_9,model,39,2,0.01634355151140119,0.015154932968146628,0.9272729343787127,0.9121180014105661,8,4.88,True,True,True,False,PASS,0.11908,False,1.0,0.10815,False,0.10975,False,0.0562,False
C3,2080_1060_29_9,user,39,2,0.06816140164149066,0.06643331451555856,0.9746471304240288,0.9082138159084703,7,5.57,True,True,True,False,PASS,0.11394,False,1.0,0.09756,False,0.08841,False,0.0697,False
C3,2081_268_890_9,model,26,2,0.13634711086921003,0.09883529089685095,0.7248799792439898,0.6260446883471389,6,4.33,True,True,True,False,PASS,0.13635,False,1.0,0.13635,False,0.13635,False,0.38156,False
C3,2081_268_890_9,user,26,2,0.03866687887384515,0.03794583412330721,0.9813523932746051,0.9434065591512979,7,3.71,True,True,True,False,PASS,0.17099,False,1.0,0.21232,False,0.17005,False,0.24287,False
C3,2082_256_61_54,model,43,2,0.02397052175215571,0.022611418499785096,0.9433010567553296,0.9206896382555445,8,5.38,True,True,True,False,PASS,0.0954,False,1.0,0.10525,False,0.07645,False,0.11063,False
C3,2082_256_61_54,user,43,2,-0.020262458525345816,-0.01805804143907963,0.8912068304293512,0.9092648718684309,8,5.38,True,True,True,False,PASS,0.11561,False,1.0,0.10487,False,0.10487,False,0.15532,False
C3,2083_1243_1244_54,model,31,2,0.31786360006267667,0.26719131048675204,0.8405847993732751,0.5733934888865231,6,5.17,True,True,True,False,PASS,0.16565,True,1.0,0.16565,True,0.18305,True,0.12741,True
C3,2083_1243_1244_54,user,31,2,-0.018694939795805682,-0.01885413039269279,1.0085151703415929,1.0273693007342857,8,3.88,True,True,True,False,PASS,0.14783,False,1.0,0.13551,False,0.13495,False,0.07903,False
C3,2084_890_262_54,model,30,2,-0.05133936482997884,-0.047705845553807746,0.9292254727302478,0.9769313182840555,8,3.75,True,True,True,False,PASS,0.1687,False,1.0,0.15844,False,0.14622,False,0.18191,False
C3,2084_890_262_54,user,30,2,0.09817410780417739,0.10110726933653003,1.0298771396853768,0.9287698703488467,8,3.75,True,True,True,False,PASS,0.12448,False,1.0,0.1352,False,0.11382,False,0.18945,False
C3,2085_388_1197_32,model,26,2,0.3959198554836085,0.3675553250768723,0.9283578986659068,0.5608025735890345,6,4.33,True,True,True,False,PASS,0.2045,True,1.0,0.23574,True,0.19425,True,0.19062,True
C3,2085_388_1197_32,user,26,2,0.1580796740305226,0.15374061682082052,0.972551453965775,0.8188108371449545,6,4.33,True,True,True,False,PASS,0.179,False,1.0,0.15808,False,0.1973,False,0.36974,False
C3,2086_269_12_50,model,29,2,0.05928515242026113,0.05332037025602687,0.8993882629844475,0.8460678927284206,7,4.14,True,True,True,False,PASS,0.20016,False,1.0,0.13972,False,0.20533,False,0.11221,False
C3,2086_269_12_50,user,29,2,0.3336894379007967,0.3059350153039756,0.9168255885729525,0.6108905732689769,7,4.14,True,True,True,False,PASS,0.17486,True,1.0,0.17259,True,0.17798,True,0.18204,True
C3,2087_167_388_9,model,35,2,-0.003741977403834291,-0.0031705982435676905,0.8473055556986726,0.8504761539422403,6,5.83,True,True,True,False,PASS,0.13938,False,1.0,0.13611,False,0.17921,False,0.17601,False
C3,2087_167_388_9,user,35,2,0.35253414341340444,0.34129392875763975,0.9681159545372497,0.62682202577961,6,5.83,True,True,True,False,PASS,0.1231,True,1.0,0.1397,True,0.24879,True,0.17534,True
C3,2089_262_263_60,model,27,2,-0.051733155415579275,-0.0484338808780298,0.9362251439904261,0.9846590248684559,8,3.38,True,True,True,False,PASS,0.14654,False,1.0,0.14654,False,0.15049,False,0.05299,False
C3,2089_262_263_60,user,27,2,0.053195365914472194,0.054703314727964525,1.0283473717601044,0.9736440570321399,8,3.38,True,True,True,False,PASS,0.15689,False,1.0,0.15689,False,0.15689,False,0.03851,True
C3,208_507_656_29,model,33,2,0.15708800793877134,0.13733099530095927,0.8742296570116744,0.7368986617107152,7,4.71,True,True,True,False,PASS,0.11299,True,1.0,0.10185,True,0.09812,True,0.17209,False
C3,208_507_656_29,user,33,2,0.008036513627308207,0.007688585410483562,0.9567065729046511,0.9490179874941675,8,4.12,True,True,True,False,PASS,0.1321,False,1.0,0.12845,False,0.12816,False,0.17439,False
C3,2090_335_170_29,model,27,2,0.11734520313587553,0.10676177182333524,0.9098094252707919,0.8030476534474567,8,3.38,True,True,True,False,PASS,0.21094,False,1.0,0.2107,False,0.20778,False,0.27716,False
C3,2090_335_170_29,user,27,2,0.2161827602034032,0.2153156639023165,0.9959890589782882,0.7806733950759717,7,3.86,True,True,True,False,PASS,0.15736,True,1.0,0.18757,True,0.1736,True,0.12688,True
C3,2091_141_142_29,model,30,2,0.12575761130408555,0.11601511746990556,0.9225295889994096,0.8065144715295041,8,3.75,True,True,True,False,PASS,0.15573,False,1.0,0.17521,False,0.1631,False,0.17779,False
C3,2091_141_142_29,user,30,2,0.05218210499046164,0.044725154309930515,0.8570975494013862,0.8123723950914556,7,4.29,True,True,True,False,PASS,0.19391,False,1.0,0.18911,False,0.20329,False,0.09169,False
C3,2092_936_706_29,model,38,2,0.06639522333619827,0.043890897950648156,0.6610550540421046,0.6171641560914565,8,4.75,True,True,True,False,PASS,0.16267,False,1.0,0.17541,False,0.17404,False,0.36994,False
C3,2092_936_706_29,user,38,2,0.024545646402169132,0.02205030666188912,0.898338805204189,0.8762884985422998,7,5.43,True,True,True,False,PASS,0.13811,False,1.0,0.12227,False,0.10358,False,0.12227,False
C3,2093_882_1254_56,model,27,2,0.02068083957892592,0.021189549110632422,1.0245981083004427,1.0034085591898103,8,3.38,True,True,True,False,PASS,0.15542,False,1.0,0.16557,False,0.10378,False,0.0075,True
C3,2093_882_1254_56,user,27,2,0.12496295214022715,0.12484982656531818,0.9990947270933386,0.8742449005280204,7,3.86,True,True,True,False,PASS,0.18518,False,1.0,0.12496,False,0.1656,False,0.05046,True
C3,2094_516_407_34,model,29,2,0.12399215780107554,0.1290705491815749,1.0409573594859667,0.9118868103043918,7,4.14,True,True,True,False,PASS,0.13622,False,1.0,0.12399,False,0.11714,True,0.17275,False
C3,2094_516_407_34,user,29,2,0.23871972071760017,0.2218464705079526,0.9293177364696725,0.7074712659617199,7,4.14,True,True,True,False,PASS,0.18757,True,1.0,0.1827,True,0.18757,True,0.23587,True
C3,2095_335_553_50,model,28,2,0.03832900245076238,0.03968849146381581,1.0354689380398,0.9957804465759841,8,3.5,True,True,True,False,PASS,0.14421,False,1.0,0.14421,False,0.12855,False,0.14088,False
C3,2095_335_553_50,user,28,2,-0.010416073512664084,-0.010875827445108621,1.0441388909060174,1.055014718351126,8,3.5,True,True,True,False,PASS,0.14424,False,1.0,0.13545,False,0.13616,False,0.08381,False
C3,2096_1191_520_50,model,32,2,0.09034705984977588,0.07250776959695016,0.8025470858433256,0.7300393162463754,7,4.57,True,True,True,False,PASS,0.19292,False,1.0,0.19574,False,0.19548,False,0.17052,False
C3,2096_1191_520_50,user,32,2,-0.045235794574352936,-0.041003495142630575,0.9064391490953954,0.9474426442380259,8,4.0,True,True,True,False,PASS,0.16074,False,1.0,0.15772,False,0.14579,False,0.14763,False
C3,2097_520_521_59,model,27,2,0.2244143731006193,0.2136563868684186,0.9520619553749473,0.7384055685065287,7,3.86,True,True,True,False,PASS,0.1971,True,1.0,0.14435,True,0.16738,True,0.0979,True
C3,2097_520_521_59,user,27,2,0.04251223019462891,0.040973065236330486,0.9637947726747846,0.9228217074384542,7,3.86,True,True,True,False,PASS,0.16929,False,1.0,0.17833,False,0.17833,False,-0.00316,True
C3,2098_990_752_23,model,26,2,0.17291444894997388,0.14344179337635687,0.8295535407677598,0.6861117473914029,5,5.2,True,True,True,False,PASS,0.19203,False,1.0,0.17291,False,0.18638,False,0.20174,False
C3,2098_990_752_23,user,26,2,0.1367980999044123,0.12699759656874898,0.9283578986659068,0.8013603020971578,5,5.2,True,True,True,False,PASS,0.16843,False,1.0,0.1368,False,0.16658,False,0.14627,False
C3,2099_520_572_23,model,32,2,0.09415125706127787,0.09081074626350016,0.9645197429960648,0.8737089967325646,8,4.0,True,True,True,False,PASS,0.14189,False,1.0,0.14573,False,0.15716,False,0.10479,False
C3,2099_520_572_23,user,32,2,0.17307810629794762,0.1632622264598288,0.9432864153180579,0.7800241888582291,7,4.57,True,True,True,False,PASS,0.14154,True,1.0,0.17308,False,0.14164,True,0.06016,True
C3,209_31_32_15,model,35,2,0.1002734244942814,0.09238448961568313,0.9213257658408966,0.8289412762252135,7,5.0,True,True,True,False,PASS,0.12563,False,1.0,0.1392,False,0.14853,False,0.20382,False
C3,209_31_32_15,user,35,2,0.1696433929644758,0.16828362022260923,0.9919845228387332,0.8237009026161239,7,5.0,True,True,True,False,PASS,0.11759,True,1.0,0.12374,True,0.13557,True,0.17976,False
C3,20_1076_1157_32,model,46,2,0.3861959912172659,0.38469793169738464,0.9961209863542098,0.6114230546568251,7,6.57,True,True,True,False,PASS,0.07726,True,1.0,0.0742,True,0.06457,True,0.01348,True
C3,20_1076_1157_32,user,46,2,0.06532014315497163,0.06638602686250206,1.0163178409606608,0.9499318140981587,7,6.57,True,True,True,False,PASS,0.0721,False,1.0,0.09681,False,0.08957,False,0.01495,True
C3,2100_515_582_1,model,24,2,0.42936570810119595,0.39129804752312036,0.9113397743233292,0.5200417268002089,6,4.0,True,True,True,False,PASS,0.21813,True,1.0,0.17746,True,0.21197,True,0.22036,True
C3,2100_515_582_1,user,24,2,0.07020585713641854,0.06785679785706278,0.9665404088039087,0.8986836109468459,7,3.43,True,True,True,False,PASS,0.22163,False,1.0,0.1884,False,0.21504,False,0.10936,False
C3,2102_1282_872_27,model,27,2,0.18519808392544207,0.1794357119174116,0.9688853583909091,0.7894496464734975,7,3.86,True,True,True,False,PASS,0.14528,True,1.0,0.17916,True,0.14545,True,0.07608,True
C3,2102_1282_872_27,user,27,2,0.003670038932595694,0.0030034990253755556,0.818383423320058,0.8153799242946824,7,3.86,True,True,True,False,PASS,0.15451,False,1.0,0.24857,False,0.20656,False,0.10701,False
C3,2103_520_427_27,model,32,2,0.10226734986205833,0.10570371824876279,1.0336018132017653,0.9278980949530025,7,4.57,True,True,True,False,PASS,0.11409,False,1.0,0.17756,False,0.13375,False,0.11439,False
C3,2103_520_427_27,user,32,2,0.30056575921834666,0.29946194300382534,0.9963275383816442,0.6968655953778189,7,4.57,True,True,True,False,PASS,0.12806,True,1.0,0.15754,True,0.13093,True,0.09495,True
C3,2104_313_167_55,model,28,2,-0.0256832719466232,-0.02401529947061909,0.9350560754303185,0.9590713749009376,6,4.67,True,True,True,False,PASS,0.17465,False,1.0,0.1125,False,0.12896,False,0.21824,False
C3,2104_313_167_55,user,28,2,0.6447203586030286,0.5802109326010075,0.8999420056444328,0.3197310730434253,6,4.67,True,True,True,False,PASS,0.19031,True,1.0,0.14355,True,0.21364,True,0.09149,True
C3,2105_1383_73_55,model,27,2,-0.034879794942509035,-0.035971349588076906,1.0312947552405924,1.0672661048286693,8,3.38,True,True,True,False,PASS,0.17139,False,1.0,0.17139,False,0.16232,False,0.13199,False
C3,2105_1383_73_55,user,27,2,0.09022930782835963,0.0874218552526439,0.9688853583909093,0.8814635031382654,7,3.86,True,True,True,False,PASS,0.14511,False,1.0,0.14511,False,0.17916,False,0.14528,False
C3,2106_4_5_55,model,31,2,0.026013059568364378,0.025252443382075773,0.970760218178502,0.9455077747964262,8,3.88,True,True,True,False,PASS,0.15984,False,1.0,0.1484,False,0.16455,False,0.26844,False
C3,2106_4_5_55,user,31,2,0.23699323578330309,0.21604806733669635,0.9116212394105706,0.6955731720738743,7,4.43,True,True,True,False,PASS,0.15703,True,1.0,0.15742,True,0.15876,True,0.21817,True
C3,2107_648_520_58,model,28,2,-0.018954027917506774,-0.01929454367588823,1.017965350682371,1.0372598943582592,8,3.5,True,True,True,False,PASS,0.16005,False,1.0,0.17612,False,0.15314,False,0.09385,False
C3,2107_648_520_58,user,28,2,-0.04867399690414493,-0.046561769766833794,0.9566046087920249,1.0031663785588587,8,3.5,True,True,True,False,PASS,0.15788,False,1.0,0.18396,False,0.21603,False,0.14817,False
C3,2108_1282_752_58,model,30,2,0.37317909656978343,0.26261593311564035,0.7037262685117518,0.44111033539611144,6,5.0,True,True,True,False,PASS,0.09638,True,1.0,0.16749,True,0.07735,True,0.09638,True
C3,2108_1282_752_58,user,30,2,0.08082971237914323,0.08363312713217774,1.0346829732596932,0.9510498461275154,7,4.29,True,True,True,False,PASS,0.13564,False,1.0,0.09183,False,0.13497,False,0.15314,False
C3,2109_611_601_36,model,29,2,-0.05018081155029571,-0.03903580155252173,0.7779029542676198,0.8169387558201415,8,3.62,True,True,True,False,PASS,0.22662,False,1.0,0.23968,False,0.21814,False,0.15111,False
C3,2109_611_601_36,user,29,2,0.07506708421324146,0.07325608526471528,0.9758749261742774,0.9026188409095621,7,4.14,True,True,True,False,PASS,0.12775,False,1.0,0.11314,False,0.12775,False,0.07507,False
C3,210_281_218_27,model,30,2,-0.0211351764505768,-0.019263541809948492,0.9114445699090803,0.9307081117190288,6,5.0,True,True,True,False,PASS,0.15545,False,1.0,0.03408,False,0.16306,False,0.14186,False
C3,210_281_218_27,user,30,2,0.19752192547485972,0.1692955582775455,0.8570975494013862,0.6878019911238407,6,5.0,True,True,True,False,PASS,0.19391,True,1.0,0.19752,False,0.17726,True,0.10956,True
C3,2110_1229_814_2,model,24,2,0.277593155400901,0.2816311076889204,1.0145462962953382,0.7329151886064178,7,3.43,True,True,True,False,PASS,0.17532,True,1.0,0.17532,True,0.24153,True,-0.01116,True
C3,2110_1229_814_2,user,24,2,0.02609631536732468,0.02633626025431801,1.0091945887231946,0.9828583284688766,7,3.43,True,True,True,False,PASS,0.20116,False,1.0,0.18066,False,0.18066,False,0.02904,False
C3,2112_601_602_2,model,32,2,0.18352970875994237,0.11284622306794356,0.6148662460721653,0.5020200230042218,4,8.0,True,True,True,False,PASS,0.16042,True,0.875,0.18353,False,0.20821,False,0.11818,True
C3,2112_601_602_2,user,32,2,0.08989519873465761,0.08357422230547018,0.9296850497227892,0.846110827417319,5,6.4,True,True,True,False,PASS,0.12722,False,1.0,0.0899,False,0.11644,False,0.15872,False
C3,2113_24_1397_29,model,35,2,0.26831565736324037,0.24707315062905244,0.9208301634614253,0.6737570128323729,6,5.83,True,True,True,False,PASS,0.12147,True,1.0,0.14232,True,0.11914,True,0.20317,True
C3,2113_24_1397_29,user,35,2,0.33251273366444906,0.27741445555847677,0.8342972387891345,0.5568827832306578,6,5.83,True,True,True,False,PASS,0.17039,True,1.0,0.12553,True,0.15325,True,0.07477,True
C3,2114_170_601_50,model,30,2,0.09464097642939527,0.09888860225937846,1.0448814666779356,0.9459928644185571,7,4.29,True,True,True,False,PASS,0.12236,False,1.0,0.09464,False,0.12708,False,0.20918,False
C3,2114_170_601_50,user,30,2,0.23689599607179573,0.19481779355051954,0.8223768944219572,0.6275591008714376,6,5.0,True,True,True,False,PASS,0.23075,True,1.0,0.18643,True,0.17394,True,0.2369,False
C3,2115_813_814_43,model,25,2,0.020093578647064153,0.017101964679911985,0.8511159201803373,0.8340139555004253,5,5.0,True,True,True,False,PASS,0.19511,False,1.0,0.09955,False,0.19189,False,0.16442,False
C3,2115_813_814_43,user,25,2,0.8096309464980981,0.7367798169007783,0.9100193366960302,0.17323951979525187,5,5.0,True,True,True,False,PASS,0.1993,True,1.0,0.1993,True,0.32586,True,0.36284,True
C3,2117_24_4_28,model,27,2,0.06622363518726242,0.066756202109169,1.0080419463594927,0.9412857442503237,8,3.38,True,True,True,False,PASS,0.161,False,1.0,0.161,False,0.161,False,0.23592,False
C3,2117_24_4_28,user,27,2,-0.049899994846978,-0.04937075751184006,0.9893940402847559,1.038764797796596,8,3.38,True,True,True,False,PASS,0.16879,False,1.0,0.15884,False,0.16255,False,0.24421,False
C3,2118_728_195_49,model,27,2,0.026195850346006782,0.02609078033525536,0.9959890589782882,0.9698982786430328,7,3.86,True,True,True,False,PASS,0.18106,False,1.0,0.11212,False,0.19987,False,0.1778,False
C3,2118_728_195_49,user,27,2,0.31149745545365304,0.2707531442312131,0.8691985744695684,0.5984454302383553,7,3.86,True,True,True,False,PASS,0.22608,True,1.0,0.2334,True,0.2119,True,0.2334,True
C3,2119_4_1073_49,model,34,2,0.5467514031961614,0.4689443660732331,0.8576921125979935,0.3887477465247604,5,6.8,True,True,True,False,PASS,0.16432,True,1.0,0.16432,True,0.27501,True,0.42686,True
C3,2119_4_1073_49,user,34,2,0.13699599909233745,0.11900515213554352,0.8686761140763839,0.7496709619408404,5,6.8,True,True,True,False,PASS,0.15733,False,1.0,0.137,False,0.15603,False,0.46969,False
C3,211_475_816_40,model,31,2,0.0022797922044473277,0.0022992050234116324,1.0085151703415929,1.0062159653181812,6,5.17,True,True,True,False,PASS,0.13177,False,1.0,0.15649,False,0.13985,False,0.12736,False
C3,211_475_816_40,user,31,2,0.5022229358865201,0.3793478060487868,0.7553374785226902,0.37598967247390336,5,6.2,True,True,True,False,PASS,0.20846,True,1.0,0.21154,True,0.16886,True,0.26778,True
C3,2120_170_1311_8,model,26,2,-0.02986893897116159,-0.03095029368538693,1.0362033186136739,1.0671536122990608,8,3.25,True,True,True,False,PASS,0.16911,False,1.0,0.15149,False,0.15149,False,0.2076,False
C3,2120_170_1311_8,user,26,2,0.2322384031492857,0.21813849761523463,0.9392869338453577,0.721148436230123,7,3.71,True,True,True,False,PASS,0.20287,True,1.0,0.15206,True,0.18812,True,0.20287,True
C3,2121_24_539_49,model,30,2,0.06770606354047722,0.0699702780177267,1.033441827199064,0.9634715491813373,8,3.75,True,True,True,False,PASS,0.14144,False,1.0,0.13834,False,0.17825,False,0.18669,False
C3,2121_24_539_49,user,30,2,0.06816341559986137,0.06288276777813606,0.9225295889994096,0.8596468212212736,8,3.75,True,True,True,False,PASS,0.15207,False,1.0,0.14878,False,0.15232,False,0.18938,False
C3,2122_702_990_1,model,25,2,-0.018173267987949,-0.019006023099227942,1.0458230799122732,1.0648291030115011,8,3.12,True,True,True,False,PASS,0.1561,False,1.0,0.14748,False,0.14748,False,0.21163,False
C3,2122_702_990_1,user,25,2,0.061392593610215936,0.06239133305434086,1.0162680770658747,0.9538767440115339,8,3.12,True,True,True,False,PASS,0.18871,False,1.0,0.19035,False,0.19035,False,0.15734,False
C3,2123_826_444_50,model,36,2,-0.012486447890715823,-0.012375034797047157,0.9910772787710501,1.0034523135680973,6,6.0,True,True,True,False,PASS,0.12057,False,1.0,0.08236,False,0.08236,False,0.11207,False
C3,2123_826_444_50,user,36,2,0.31647177013288913,0.29680918241250176,0.9378693786427431,0.6410601962302414,6,6.0,True,True,True,False,PASS,0.13679,True,1.0,0.13093,True,0.13517,True,0.18052,True
C3,2124_349_1414_50,model,35,2,0.10265151226151359,0.10587644147422859,1.0314162854659092,0.9255398439916807,7,5.0,True,True,True,False,PASS,0.11803,False,1.0,0.10265,False,0.10053,True,0.2058,False
C3,2124_349_1414_50,user,35,2,0.16250188548582054,0.1478660480268954,0.9099343529758477,0.7620683049489523,8,4.38,True,True,True,False,PASS,0.13304,True,1.0,0.13874,True,0.13411,True,0.21721,False
C3,2125_804_91_50,model,29,2,0.047226248015981964,0.047243064560152925,1.0003560846960629,0.9531130201359099,8,3.62,True,True,True,False,PASS,0.14537,False,1.0,0.11528,False,0.13098,False,0.19652,False
C3,2125_804_91_50,user,29,2,-0.008189164458283061,-0.007984543393769306,0.9750131938910094,0.9829977372847787,8,3.62,True,True,True,False,PASS,0.15385,False,1.0,0.15286,False,0.12619,False,0.07385,False
C3,2126_335_613_28,model,24,2,0.03463444034545031,0.032242090679007074,0.9309257016258528,0.8986836109468457,7,3.43,True,True,True,False,PASS,0.19942,False,1.0,0.23345,False,0.18682,False,0.19185,False
C3,2126_335_613_28,user,24,2,0.30724149449267374,0.2996613925256908,0.9753285213655811,0.6756671288398903,7,3.43,True,True,True,False,PASS,0.21832,True,1.0,0.21449,True,0.23142,True,0.2184,True
C3,2127_662_349_12,model,28,2,0.12064419003839523,0.08864762623984934,0.7347857050690719,0.6461380788292226,6,4.67,True,True,True,False,PASS,0.15731,False,1.0,0.19605,False,0.19605,False,0.04352,True
C3,2127_662_349_12,user,28,2,0.007047011570937719,0.006258908278402586,0.8881648930753405,0.8819059847969379,7,4.0,True,True,True,False,PASS,0.18392,False,1.0,0.13341,False,0.17539,False,0.19951,False
C3,2128_826_933_54,model,32,2,0.013943207769440188,0.01450183546852446,1.0400645036867797,1.0255626682182553,7,4.57,True,True,True,False,PASS,0.13539,False,1.0,0.13413,False,0.13413,False,0.09077,False
C3,2128_826_933_54,user,32,2,0.20822996356741807,0.16719357587186412,0.8029275566661294,0.6357339807942652,7,4.57,True,True,True,False,PASS,0.19567,True,1.0,0.19567,True,0.18093,True,0.37679,False
C3,2129_804_521_23,model,24,2,0.0029281975032457697,0.0029698064885725906,1.0142097605372244,1.0112399540486519,6,4.0,True,True,True,False,PASS,0.1928,False,1.0,0.201,False,0.14402,False,0.01548,False
C3,2129_804_521_23,user,24,2,0.40896530659461194,0.35529455522439213,0.8687645369796096,0.5134699817552175,6,4.0,True,True,True,False,PASS,0.22335,True,1.0,0.25075,True,0.20373,True,0.05767,True
C3,212_219_816_42,model,31,2,0.15066617871700647,0.1565652944944076,1.0391535501041764,0.8825882556097688,7,4.43,True,True,True,False,PASS,0.14536,True,1.0,0.09168,True,0.12135,True,0.16701,False
C3,212_219_816_42,user,31,2,0.4283939030071438,0.36554162932085277,0.8532839210710174,0.4877422917501646,6,5.17,True,True,True,False,PASS,0.19615,True,1.0,0.18696,True,0.16084,True,0.08823,True
C3,2130_182_1313_57,model,24,2,0.25085598755691946,0.25416106125457794,1.0131751836176865,0.7590141223631086,5,4.8,True,True,True,False,PASS,0.20018,True,1.0,0.03301,True,0.20018,True,0.28678,False
C3,2130_182_1313_57,user,24,2,0.48579529396428534,0.4220417236277557,0.8687645369796096,0.44672281335185393,5,4.8,True,True,True,False,PASS,0.2479,True,1.0,0.27808,True,0.35528,True,0.43248,True
C3,2131_629_472_29,model,24,2,0.010301320734215448,0.010868530444428925,1.0550618435099794,1.0441933130655505,7,3.43,True,True,True,False,PASS,0.21027,False,1.0,0.23051,False,0.14422,False,0.08443,False
C3,2131_629_472_29,user,24,2,0.11135441244187784,0.09674076456570446,0.8687645369796094,0.772023772413905,7,3.43,True,True,True,False,PASS,0.22335,False,1.0,0.14756,False,0.19515,False,0.03311,True
C3,2132_804_511_29,model,30,2,0.11349406390245434,0.10997012249552474,0.968950434183427,0.8589803116879022,7,4.29,True,True,True,False,PASS,0.14534,False,1.0,0.152,False,0.18902,False,0.05137,True
C3,2132_804_511_29,user,30,2,0.011423978128126814,0.01182575162412447,1.0351693159328146,1.0233435643086901,8,3.75,True,True,True,False,PASS,0.1351,False,1.0,0.12741,False,0.13157,False,0.10548,False
C3,2133_1130_1466_29,model,28,2,-0.041254003742897706,-0.03921234478328828,0.9505100408597088,0.9897223856429971,8,3.5,True,True,True,False,PASS,0.17096,False,1.0,0.20111,False,0.17117,False,0.2606,False
C3,2133_1130_1466_29,user,28,2,0.03466569838883057,0.03177885977515327,0.9167234832168433,0.88494462344169,8,3.5,True,True,True,False,PASS,0.21702,False,1.0,0.15344,False,0.19251,False,0.24231,False
C3,2134_490_933_5,model,29,2,0.009613232546068065,0.009301232743085253,0.9675447565126858,0.9582435237696005,8,3.62,True,True,True,False,PASS,0.15198,False,1.0,0.17788,False,0.17813,False,0.1903,False
C3,2134_490_933_5,user,29,2,0.12541245304635049,0.11495682585746159,0.9166300719353231,0.8016732460778615,7,4.14,True,True,True,False,PASS,0.17328,False,1.0,0.17845,False,0.18536,False,0.26173,False
C3,2135_1289_572_9,model,26,2,0.10412266874367594,0.10218103016574531,0.9813523932746051,0.8791713631088598,5,5.2,True,True,True,False,PASS,0.16484,False,1.0,0.10412,False,0.13303,False,0.24202,False
C3,2135_1289_572_9,user,26,2,0.6177236273892583,0.5991932822542142,0.9700022075999252,0.37080892534571097,5,5.2,True,True,True,False,PASS,0.18606,True,1.0,0.20942,True,0.18389,True,0.29027,True
C3,2136_985_472_7,model,25,2,0.15270756029806853,0.15271679944879746,1.00006050224829,0.8473437027994926,7,3.57,True,True,True,False,PASS,0.18456,False,1.0,0.22996,False,0.2017,False,0.1217,True
C3,2136_985_472_7,user,25,2,0.22888650869303948,0.20542986209146863,0.8975184394418431,0.6920885773503744,7,3.57,True,True,True,False,PASS,0.18749,True,1.0,0.22889,False,0.19748,True,0.18098,True
C3,2137_572_379_7,model,29,2,-0.0026403909705039184,-0.0023118017749647057,0.875552825619419,0.8778646273943838,7,4.14,True,True,True,False,PASS,0.15077,False,1.0,0.12681,False,0.12696,False,0.08545,False
C3,2137_572_379_7,user,29,2,-0.009876500327381707,-0.010351447442102257,1.048088604159087,1.0584400516011891,8,3.62,True,True,True,False,PASS,0.15968,False,1.0,0.15968,False,0.16411,False,0.03575,False
C3,2138_49_300_55,model,35,2,0.3164655552933581,0.32382185508190786,1.0232451831344822,0.6994233280525743,7,5.0,True,True,True,False,PASS,0.09987,True,1.0,0.09987,True,0.1096,True,0.22081,True
C3,2138_49_300_55,user,35,2,-0.0004528562902443621,-0.00039098148285976464,0.8633676759768321,0.8637586574596918,7,5.0,True,True,True,False,PASS,0.14348,False,1.0,0.11673,False,0.13685,False,0.13583,False
C3,2139_708_922_41,model,30,2,0.1474801945728905,0.1490066018538283,1.0103499136637184,0.8613433118098901,6,5.0,True,True,True,False,PASS,0.14749,False,1.0,0.03583,True,0.07152,True,0.31899,False
C3,2139_708_922_41,user,30,2,0.3196287891378584,0.29169071295649784,0.9125921158206101,0.6209014028641122,6,5.0,True,True,True,False,PASS,0.15837,True,1.0,0.1167,True,0.15385,True,0.20375,True
C3,213_475_218_42,model,27,2,0.13289878437775732,0.12914160068062863,0.9717289837170436,0.842587383036415,7,3.86,True,True,True,False,PASS,0.16897,False,1.0,0.18504,False,0.14755,False,0.15551,False
C3,213_475_218_42,user,27,2,-0.007409991234413113,-0.00738027019660048,0.9959890589782882,1.0033693291748886,8,3.38,True,True,True,False,PASS,0.16003,False,1.0,0.18327,False,0.16596,False,0.09042,False
C3,2140_62_63_41,model,48,2,-0.023866585349261654,-0.024283843407537198,1.0174829391037479,1.041766782511285,8,6.0,True,True,True,False,PASS,0.06665,False,1.0,0.06603,False,0.07847,False,0.06665,False
C3,2140_62_63_41,user,48,2,0.03316649832481008,0.033787893936208846,1.0187356411675794,0.9849477472313706,8,6.0,True,True,True,False,PASS,0.06358,False,1.0,0.0717,False,0.07215,False,0.06259,False
C3,2141_708_347_29,model,28,2,0.49103649427121837,0.5077214028761556,1.0339789583861796,0.526257555510024,7,4.0,True,True,True,False,PASS,0.14392,True,1.0,0.12986,True,0.13,True,0.14708,True
C3,2141_708_347_29,user,28,2,0.012655260390353296,0.013225599337336691,1.04506734191089,1.0318417425735533,7,4.0,True,True,True,False,PASS,0.12353,False,1.0,0.12716,False,0.17652,False,0.1294,False
C3,2142_922_729_41,model,26,2,0.030269641640051397,0.03170848454325159,1.04753419020648,1.0158257056632285,7,3.71,True,True,True,False,PASS,0.16455,False,1.0,0.10737,False,0.12558,False,0.01074,True
C3,2142_922_729_41,user,26,2,0.4298128914415916,0.4097437415306847,0.953307240637676,0.5435634991069913,6,4.33,True,True,True,False,PASS,0.18524,True,1.0,0.24739,True,0.17842,True,0.00433,True
C3,2143_708_300_41,model,30,2,0.5681706878956126,0.5111908378886367,0.8997134994450038,0.38852266155636705,5,6.0,True,True,True,False,PASS,0.1841,True,1.0,0.18081,True,0.18081,True,0.2613,True
C3,2143_708_300_41,user,30,2,0.0019007472713751543,0.00197905102272955,1.0411962981789495,1.03921724715622,6,5.0,True,True,True,False,PASS,0.13264,False,1.0,0.08214,False,0.10075,False,0.22788,False
C3,2144_1078_406_41,model,37,2,0.03316397975588819,0.033525583607489695,1.0109035120110186,0.9773779284035289,7,5.29,True,True,True,False,PASS,0.10393,False,1.0,0.10241,False,0.12092,False,0.16296,False
C3,2144_1078_406_41,user,37,2,0.2734183735936106,0.27580986927471907,1.0087466531589535,0.7329367838842344,7,5.29,True,True,True,False,PASS,0.10473,True,1.0,0.11682,True,0.12401,True,0.068,True
C3,2145_62_600_41,model,28,2,0.26867194996462707,0.25293663883318407,0.9414329961370561,0.688496357303872,6,4.67,True,True,True,False,PASS,0.19385,True,1.0,0.16543,True,0.17261,True,0.10302,True
C3,2145_62_600_41,user,28,2,0.18525520584044777,0.16982779758210864,0.9167234832168437,0.7468956856347351,7,4.0,True,True,True,False,PASS,0.15236,True,1.0,0.18526,False,0.18526,False,0.37765,False
C3,2146_406_724_41,model,31,2,0.15905779246997262,0.16093590857006612,1.0118077591228236,0.8508718505527575,5,6.2,True,True,True,False,PASS,0.16,False,1.0,0.06911,True,0.12508,True,0.27293,False
C3,2146_406_724_41,user,31,2,0.25158432490770416,0.20289604168936226,0.8064733037870956,0.6035772620977333,5,6.2,True,True,True,False,PASS,0.22156,True,1.0,0.04884,True,0.20381,True,0.29808,False
C3,2147_878_1453_41,model,32,2,-0.032549389158382985,-0.031663609313064,0.9727865908325086,1.0044502001455726,8,4.0,True,True,True,False,PASS,0.14356,False,1.0,0.1143,False,0.1425,False,0.15317,False
C3,2147_878_1453_41,user,32,2,0.006964393895531063,0.006826357884379242,0.9801797524346811,0.9733533945503019,8,4.0,True,True,True,False,PASS,0.13236,False,1.0,0.11964,False,0.13236,False,0.13445,False
C3,2148_1078_605_51,model,29,2,0.08324474586590634,0.08534149481495734,1.025187763230469,0.9398462684155116,7,4.14,True,True,True,False,PASS,0.14958,False,1.0,0.16256,False,0.13476,False,0.13791,False
C3,2148_1078_605_51,user,29,2,0.425063438601868,0.3950189926175036,0.9293177364696725,0.5342987438521689,6,4.83,True,True,True,False,PASS,0.16933,True,1.0,0.1469,True,0.16933,True,0.37623,True
C3,2149_706_724_59,model,29,2,0.03431714424146227,0.034519446622070626,1.005895082037856,0.9713756354157854,7,4.14,True,True,True,False,PASS,0.15151,False,1.0,0.10431,False,0.11072,False,0.14322,False
C3,2149_706_724_59,user,29,2,0.3062352248412871,0.2876573953694346,0.9393347728646144,0.6516773774951798,7,4.14,True,True,True,False,PASS,0.19777,True,1.0,0.19777,True,0.16486,True,0.05306,True
C3,214_535_939_50,model,27,2,0.1233364441886686,0.12668007146784444,1.027109807657995,0.9004297361901505,7,3.86,True,True,True,False,PASS,0.15051,False,1.0,0.12334,False,0.17574,False,0.12657,False
C3,214_535_939_50,user,27,2,0.1882796649093937,0.17510257787944428,0.9300132224247867,0.7549106445453424,7,3.86,True,True,True,False,PASS,0.17273,True,1.0,0.14923,True,0.16951,True,0.17273,True
C3,2150_406_729_51,model,26,2,-0.03682287563092734,-0.02669216532305063,0.7248799792439898,0.7515721445670405,6,4.33,True,True,True,False,PASS,0.15146,False,1.0,0.08469,False,0.11685,False,0.18896,False
C3,2150_406_729_51,user,26,2,0.17481871776855376,0.15584438184851457,0.8914627897845601,0.7356184079360455,7,3.71,True,True,True,False,PASS,0.18773,False,1.0,0.18773,False,0.18223,False,0.17787,False
C3,2151_62_878_59,model,25,2,0.3731814465961565,0.35846114074041613,0.9605545613534476,0.6020934206130315,6,4.17,True,True,True,False,PASS,0.17657,True,1.0,0.14996,True,0.1458,True,0.10954,True
C3,2151_62_878_59,user,25,2,0.19213971538971994,0.1749263927761977,0.9104124694959177,0.73548607671972,6,4.17,True,True,True,False,PASS,0.20746,False,1.0,0.19214,False,0.19608,False,0.19939,False
C3,2152_13_154_59,model,27,2,-0.0032347915527222385,-0.003300823872576686,1.0204131607178453,1.023713984590422,8,3.38,True,True,True,False,PASS,0.14529,False,1.0,0.17774,False,0.14651,False,0.07534,False
C3,2152_13_154_59,user,27,2,0.06289274178328422,0.0661239190941183,1.0513759969627032,0.9852520778685849,8,3.38,True,True,True,False,PASS,0.12983,False,1.0,0.12983,False,0.159,False,0.22717,False
C3,2153_348_125_46,model,31,2,0.11295723757977785,0.11101909512594488,0.9828418037182953,0.8718227085923504,6,5.17,True,True,True,False,PASS,0.1414,False,1.0,0.11296,False,0.19474,False,0.17597,False
C3,2153_348_125_46,user,31,2,0.4490968640538647,0.4416806319813855,0.9834863418872823,0.5418057099058968,7,4.43,True,True,True,False,PASS,0.13618,True,1.0,0.16194,True,0.18786,True,0.18452,True
C3,2154_604_729_10,model,28,2,0.278648183677192,0.19225797298872538,0.6899667187906459,0.4977087458019205,6,4.67,True,True,True,False,PASS,0.1722,True,1.0,0.13843,True,0.13843,True,0.27865,False
C3,2154_604_729_10,user,28,2,0.13253261137228065,0.12639817402062115,0.953713751746519,0.8273155777258978,7,4.0,True,True,True,False,PASS,0.15561,False,1.0,0.20547,False,0.18428,False,0.23425,False
C3,2155_469_345_38,model,29,2,0.11284554213348576,0.11540634199289479,1.0226929643031875,0.9072866223102927,8,3.62,True,True,True,False,PASS,0.12852,False,1.0,0.12177,False,0.12709,False,0.10915,True
C3,2155_469_345_38,user,29,2,-0.020052922020558746,-0.021017239049838432,1.048088604159087,1.0691058432089253,8,3.62,True,True,True,False,PASS,0.11798,False,1.0,0.13337,False,0.12924,False,0.15337,False
C3,2156_62_406_28,model,26,2,0.05055197122714156,0.045011930631624786,0.8904090095592099,0.8453970789275851,7,3.71,True,True,True,False,PASS,0.21108,False,1.0,0.23126,False,0.21108,False,0.24981,False
C3,2156_62_406_28,user,26,2,0.0802115549920305,0.07690017055802545,0.9587168652404998,0.8818166946824744,8,3.25,True,True,True,False,PASS,0.19832,False,1.0,0.17644,False,0.15677,False,0.28425,False
C3,2157_977_125_44,model,27,2,-0.005623467372410625,-0.005863609132265024,1.0427035037195311,1.0485671128517962,8,3.38,True,True,True,False,PASS,0.16928,False,1.0,0.13291,False,0.13281,False,0.23872,False
C3,2157_977_125_44,user,27,2,-0.0010830193071227807,-0.0010502515465713458,0.96974406611597,0.9707943176625413,8,3.38,True,True,True,False,PASS,0.18454,False,1.0,0.17542,False,0.17692,False,0.18935,False
C3,2158_348_13_58,model,36,2,0.45389319420006474,0.3757960961872492,0.8279394822157383,0.45214338602848914,6,6.0,True,True,True,False,PASS,0.17264,True,1.0,0.18078,True,0.23916,True,0.1169,True
C3,2158_348_13_58,user,36,2,0.013083745613410087,0.013467940092149133,1.0293642577661606,1.0158963176740115,6,6.0,True,True,True,False,PASS,0.14101,False,1.0,0.08855,False,0.03997,False,0.17355,False
C3,2159_62_345_44,model,32,2,0.14960242666485127,0.1443406516581136,0.9648282776954853,0.8204876260373717,6,5.33,True,True,True,False,PASS,0.13992,True,1.0,0.1496,False,0.1702,False,0.1496,False
C3,2159_62_345_44,user,32,2,0.010179527650571164,0.008053150411843402,0.7911123863779227,0.7830592359660793,6,5.33,True,True,True,False,PASS,0.1992,False,1.0,0.18126,False,0.23552,False,0.08714,False
C3,215_218_219_0,model,29,2,0.04122888105480033,0.04140583201818582,1.0042919176765988,0.9628860856584129,8,3.62,True,True,True,False,PASS,0.12396,False,1.0,0.15011,False,0.13445,False,0.12414,False
C3,215_218_219_0,user,29,2,0.048602325237530636,0.049943326845675484,1.027591305592707,0.9776479787470316,8,3.62,True,True,True,False,PASS,0.144,False,1.0,0.14414,False,0.13036,False,0.21203,False
C3,2160_1387_1078_57,model,26,2,0.15461879601310344,0.14417537327056962,0.9324569650532736,0.788281591782704,7,3.71,True,True,True,False,PASS,0.19374,False,1.0,0.1793,False,0.19631,False,0.19513,False
C3,2160_1387_1078_57,user,26,2,-0.03479830118129063,-0.03289733749127122,0.9453719398508605,0.9782692773421318,8,3.25,True,True,True,False,PASS,0.21716,False,1.0,0.18604,False,0.268,False,0.34885,False
C3,2161_872_469_58,model,33,2,0.02290112436399395,0.022649201294646426,0.9889995327153627,0.9663503314207162,7,4.71,True,True,True,False,PASS,0.1214,False,1.0,0.12712,False,0.12712,False,0.09145,False
C3,2161_872_469_58,user,33,2,0.32416383442117,0.2758459022029385,0.8509459505113872,0.5751000483084487,6,5.5,True,True,True,False,PASS,0.16636,True,1.0,0.18888,True,0.17651,True,0.03955,True
C3,2162_1423_692_44,model,46,2,-0.010534445743800525,-0.010340620601498207,0.98160082200657,0.9919414426080682,8,5.75,True,True,True,False,PASS,0.06786,False,1.0,0.0793,False,0.09154,False,0.1303,False
C3,2162_1423_692_44,user,46,2,-0.017369009628279593,-0.017818714270016134,1.0258912080401146,1.0437099223101307,8,5.75,True,True,True,False,PASS,0.076,False,1.0,0.07423,False,0.07331,False,0.13359,False
C3,2163_13_872_55,model,32,2,0.4389813709062233,0.39554508746320327,0.9010521030690867,0.5055070156058834,6,5.33,True,True,True,False,PASS,0.14897,True,1.0,0.13323,True,0.23258,True,0.22809,True
C3,2163_13_872_55,user,32,2,0.41984370675625565,0.3735819657119943,0.8898119936066613,0.516230027894667,5,6.4,True,True,True,False,PASS,0.16331,True,1.0,0.1523,True,0.1523,True,0.09915,True
C3,2165_1078_891_55,model,27,2,0.17607103121504578,0.18029654955020846,1.0239989412568489,0.8437023917066404,7,3.86,True,True,True,False,PASS,0.1516,True,1.0,0.14432,True,0.19571,False,0.06759,True
C3,2165_1078_891_55,user,27,2,0.332531876158325,0.34970738797768885,1.0516507229856853,0.7019433350079964,6,4.5,True,True,True,False,PASS,0.15103,True,1.0,0.17558,True,0.15261,True,-0.00944,True
C3,2166_154_9_28,model,27,2,0.40364845276968625,0.3773471443610389,0.9348410523360674,0.5574939079750285,6,4.5,True,True,True,False,PASS,0.17059,True,1.0,0.2166,True,0.22393,True,0.14619,True
C3,2166_154_9_28,user,27,2,-0.015189820010916911,-0.015620411485735453,1.0283473717601048,1.0439677832458403,6,4.5,True,True,True,False,PASS,0.15689,False,1.0,0.05241,False,0.17319,False,0.16059,False
C3,2167_481_348_34,model,34,2,0.5546922855131703,0.5768437851780215,1.0399347534540846,0.4630909682760631,6,5.67,True,True,True,False,PASS,0.09659,True,1.0,0.09029,True,0.10232,True,0.22611,True
C3,2167_481_348_34,user,34,2,0.0731974663005131,0.06253057254095773,0.8542723635301486,0.7917417909891908,6,5.67,True,True,True,False,PASS,0.15764,False,1.0,0.10486,False,0.11969,False,0.24612,False
C3,2168_1295_1336_17,model,27,2,-0.04543461951324368,-0.046525002277969296,1.0239989412568489,1.0705239435348182,8,3.38,True,True,True,False,PASS,0.15159,False,1.0,0.15122,False,0.15159,False,0.36284,False
C3,2168_1295_1336_17,user,27,2,0.07973890894150668,0.07254721091579219,0.9098094252707919,0.8372622143549997,8,3.38,True,True,True,False,PASS,0.18913,False,1.0,0.18898,False,0.18898,False,0.27185,False
C3,2169_154_406_22,model,26,2,0.07745189048517354,0.07867091564472473,1.0157391272429244,0.9370682115981996,7,3.71,True,True,True,False,PASS,0.16638,False,1.0,0.1384,False,0.1384,False,0.1297,False
C3,2169_154_406_22,user,26,2,0.1700618127702651,0.17193069444672493,1.0109894258212129,0.8390587313744879,7,3.71,True,True,True,False,PASS,0.175,False,1.0,0.17165,False,0.18271,False,0.04743,True
C3,216_1193_828_9,model,31,2,0.14479256417377942,0.10936725033185735,0.7553374785226902,0.6459702281908328,7,4.43,True,True,True,False,PASS,0.23247,False,1.0,0.20846,False,0.2407,False,0.21026,False
C3,216_1193_828_9,user,31,2,0.02966967921363656,0.030843565809534734,1.0395651933897094,1.0087216275801747,7,4.43,True,True,True,False,PASS,0.15653,False,1.0,0.10384,False,0.16616,False,0.05793,False
C3,2170_1202_1376_22,model,25,2,-0.006441008215555163,-0.006725462581222752,1.044163018606408,1.0508884811876307,8,3.12,True,True,True,False,PASS,0.15326,False,1.0,0.20816,False,0.14973,False,0.00851,False
C3,2170_1202_1376_22,user,25,2,-0.014771106791205456,-0.015011404294833053,1.0162680770658747,1.0312794813607078,8,3.12,True,True,True,False,PASS,0.16457,False,1.0,0.14528,False,0.15507,False,0.00288,False
C3,2171_891_13_22,model,27,2,-0.023356876451744262,-0.02455685926538731,1.0513759969627032,1.0759328562280905,8,3.38,True,True,True,False,PASS,0.14673,False,1.0,0.13945,False,0.15376,False,0.2157,False
C3,2171_891_13_22,user,27,2,0.3267231194884851,0.34119838036977224,1.0443043666574605,0.7031059862876883,7,3.86,True,True,True,False,PASS,0.1458,True,1.0,0.10071,True,0.13592,True,0.14804,True
C3,2175_891_102_60,model,26,2,0.04438402287813088,0.04386068373469665,0.9882088393638582,0.9443481556291615,8,3.25,True,True,True,False,PASS,0.15881,False,1.0,0.13511,False,0.16134,False,0.14946,False
C3,2175_891_102_60,user,26,2,0.010591933421355499,0.009965479650063114,0.940855578828571,0.9308900991785078,7,3.71,True,True,True,False,PASS,0.1585,False,1.0,0.13651,False,0.1585,False,0.05084,False
C3,2176_12_13_10,model,31,2,0.05612951014479931,0.05832717973257662,1.0391535501041769,0.9808263703716003,7,4.43,True,True,True,False,PASS,0.14536,False,1.0,0.09168,False,0.0996,False,0.10134,False
C3,2176_12_13_10,user,31,2,0.19228290665542863,0.167337001390773,0.8702645716222778,0.7029275702315048,7,4.43,True,True,True,False,PASS,0.15076,True,1.0,0.19228,False,0.16183,True,0.26248,False
C3,2177_706_72_10,model,28,2,-0.025465710955297375,-0.025264992733050606,0.9921180986229243,1.017383091355975,6,4.67,True,True,True,False,PASS,0.17288,False,1.0,0.15611,False,0.15611,False,0.21802,False
C3,2177_706_72_10,user,28,2,0.4118092543334107,0.3896817753628933,0.9462676500402235,0.5565858746773302,6,4.67,True,True,True,False,PASS,0.16609,True,1.0,0.18443,True,0.17908,True,0.23148,True
C3,2178_396_1202_6,model,28,2,-0.02789550791630258,-0.02891201091297191,1.0364396661899555,1.0653516771029274,8,3.5,True,True,True,False,PASS,0.14477,False,1.0,0.14392,False,0.17039,False,0.0041,False
C3,2178_396_1202_6,user,28,2,0.4084046521160294,0.42289033141709886,1.0354689380398,0.612578606622701,6,4.67,True,True,True,False,PASS,0.15599,True,1.0,0.09963,True,0.12981,True,0.01918,True
C3,2179_694_673_40,model,32,2,0.06921912758397082,0.07233981796209754,1.0450842200277801,0.9727444020656826,7,4.57,True,True,True,False,PASS,0.11209,False,1.0,0.06922,False,0.10006,False,0.07849,False
C3,2179_694_673_40,user,32,2,0.46972908855174084,0.4680040265030093,0.9963275383816442,0.5283235118786349,6,5.33,True,True,True,False,PASS,0.12002,True,1.0,0.10769,True,0.13764,True,0.11645,True
C3,217_536_558_14,model,27,2,0.19256059209800833,0.17908389676909364,0.9300132224247867,0.750929325655693,7,3.86,True,True,True,False,PASS,0.16951,True,1.0,0.12927,True,0.16318,True,0.12993,True
C3,217_536_558_14,user,27,2,0.13600790619254563,0.14195369744801245,1.0437165119434262,0.9017628144954137,7,3.86,True,True,True,False,PASS,0.15992,False,1.0,0.14458,False,0.11953,True,0.14492,False
C3,2180_534_514_47,model,29,2,-0.020230639158404267,-0.01952479743490898,0.9651102608292005,0.9846350582641095,8,3.62,True,True,True,False,PASS,0.16268,False,1.0,0.16221,False,0.16221,False,-0.024,True
C3,2180_534_514_47,user,29,2,0.18250200388160473,0.15416533598876225,0.8447322917548596,0.6905669557660974,7,4.14,True,True,True,False,PASS,0.20479,False,1.0,0.20975,False,0.16636,True,0.20479,False
C3,2182_706_490_15,model,35,2,0.013253426756698721,0.01314719421722188,0.9919845228387332,0.9788373286215113,8,4.38,True,True,True,False,PASS,0.12449,False,1.0,0.10984,False,0.10984,False,0.12502,False
C3,2182_706_490_15,user,35,2,-0.007081296346583965,-0.006673590208414848,0.9424249292481884,0.9490985194566033,8,4.38,True,True,True,False,PASS,0.11245,False,1.0,0.10489,False,0.09692,False,0.19066,False
C3,2183_348_349_60,model,32,2,0.3419112069389631,0.3050365325772656,0.8921513141033711,0.5871147815261055,5,6.4,True,True,True,False,PASS,0.1471,True,1.0,0.12442,True,0.39773,False,0.35265,False
C3,2183_348_349_60,user,32,2,0.21006476377666877,0.20073777116083136,0.9555994425330969,0.7548616713722656,5,6.4,True,True,True,False,PASS,0.12659,True,1.0,0.03836,True,0.11723,True,0.30882,False
C3,2184_936_250_59,model,33,2,0.3701067903022522,0.34193355176842355,0.9238780825641685,0.5819445307957449,6,5.5,True,True,True,False,PASS,0.13642,True,1.0,0.10487,True,0.14705,True,0.05584,True
C3,2184_936_250_59,user,33,2,-0.040612521146770025,-0.042131107734435735,1.0373920787182276,1.0795231864526633,8,4.12,True,True,True,False,PASS,0.12048,False,1.0,0.11407,False,0.11238,False,0.0363,False
C3,2185_1272_1102_42,model,24,2,0.1440229023115798,0.14606943326530342,1.0142097605372244,0.868140327271921,5,4.8,True,True,True,False,PASS,0.19679,False,1.0,0.14402,False,0.17651,False,0.36081,False
C3,2185_1272_1102_42,user,24,2,0.5843839890547003,0.564830739679389,0.9665404088039087,0.40170966912451966,5,4.8,True,True,True,False,PASS,0.22892,True,1.0,0.23099,True,0.23099,True,0.46875,True
C3,2186_427_490_58,model,29,2,0.27003887031351276,0.26421239436208177,0.9784235656716143,0.7142111713095325,7,4.14,True,True,True,False,PASS,0.15001,True,1.0,0.14868,True,0.16897,True,0.27855,False
C3,2186_427_490_58,user,29,2,0.46813936118382893,0.4787628309960905,1.0226929643031875,0.5439301333070969,6,4.83,True,True,True,False,PASS,0.16403,True,1.0,0.15058,True,0.14117,True,0.2502,True
C3,2187_349_1102_42,model,25,2,0.2633401873159912,0.25129253731720413,0.9542506211392239,0.7029580838220197,7,3.57,True,True,True,False,PASS,0.18416,True,1.0,0.13422,True,0.26345,False,0.0762,True
C3,2187_349_1102_42,user,25,2,0.10905736142317314,0.11182010556732758,1.0253329450492958,0.9135128394819683,7,3.57,True,True,True,False,PASS,0.16659,False,1.0,0.19068,False,0.18318,False,-0.01387,True
C3,2188_73_1189_36,model,26,2,0.08559478458149553,0.0899785833493092,1.0512157228883474,0.9612371395390382,8,3.25,True,True,True,False,PASS,0.15142,False,1.0,0.16452,False,0.14666,False,0.01939,True
C3,2188_73_1189_36,user,26,2,0.021698120577863314,0.021760539866615414,1.0028767140696868,0.9811161742030714,7,3.71,True,True,True,False,PASS,0.15703,False,1.0,0.15542,False,0.19777,False,0.04594,False
C3,2189_804_349_5,model,26,2,-0.051907032948015866,-0.051294988784380324,0.9882088393638586,1.039503828148239,8,3.25,True,True,True,False,PASS,0.1739,False,1.0,0.13084,False,0.13084,False,0.36407,False
C3,2189_804_349_5,user,26,2,0.0048383875607594055,0.004917131393850305,1.0162748089321187,1.0113576775382684,8,3.25,True,True,True,False,PASS,0.18543,False,1.0,0.14898,False,0.20408,False,0.1336,False
C3,218_535_558_0,model,24,2,0.3006293627075425,0.27808851617176567,0.9250211412060074,0.6469326250342418,6,4.0,True,True,True,False,PASS,0.21431,True,1.0,0.22812,True,0.20577,True,0.06704,True
C3,218_535_558_0,user,24,2,0.029365091602710242,0.025511350209592387,0.8687645369796096,0.8432531867700173,7,3.43,True,True,True,False,PASS,0.21123,False,1.0,0.30477,False,0.2041,False,0.09014,False
C3,2190_1102_761_59,model,28,2,0.1246430193094009,0.13060374406463326,1.0478223713470554,0.9172186272824221,8,3.5,True,True,True,False,PASS,0.1368,False,1.0,0.14923,False,0.1368,False,0.05647,True
C3,2190_1102_761_59,user,28,2,2.218112537523847e-06,2.2746458163691585e-06,1.0254871102745857,1.0254848356287694,8,3.5,True,True,True,False,PASS,0.12321,False,1.0,0.14388,False,0.14388,False,0.08367,False
C3,2191_90_471_60,model,32,2,0.10100631289487978,0.09500211282957616,0.9405561900714823,0.8455540772419061,7,4.57,True,True,True,False,PASS,0.1432,False,1.0,0.15449,False,0.16249,False,0.17278,False
C3,2191_90_471_60,user,32,2,0.39247369510881996,0.33313083629628737,0.8487978696353681,0.5156670333390807,6,5.33,True,True,True,False,PASS,0.18584,True,1.0,0.11649,True,0.14883,True,0.2162,True
C3,2192_1267_772_60,model,36,2,-0.012743920571667955,-0.012375034797046713,0.9710539804021266,0.9834290151991734,6,6.0,True,True,True,False,PASS,0.15086,False,1.0,0.08406,False,0.08406,False,0.11202,False
C3,2192_1267_772_60,user,36,2,0.09810290346117538,0.07852125841040569,0.8003968857199094,0.7218756273095037,7,5.14,True,True,True,False,PASS,0.14302,False,1.0,0.14131,False,0.15529,False,0.22,False
C3,2194_572_1102_33,model,29,2,-0.010222091257719461,-0.009369876244892827,0.9166300719353231,0.9259999481802159,7,4.14,True,True,True,False,PASS,0.1685,False,1.0,0.15048,False,0.19112,False,0.30922,False
C3,2194_572_1102_33,user,29,2,0.49169225807258443,0.4430776015239122,0.901127878768643,0.4580502772447308,7,4.14,True,True,True,False,PASS,0.16686,True,1.0,0.12524,True,0.16022,True,0.44969,True
C3,2195_804_706_27,model,31,2,0.09178445714831139,0.09153716296928138,0.9973057074507679,0.9057685444814865,7,4.43,True,True,True,False,PASS,0.13759,False,1.0,0.12293,False,0.1587,False,0.24418,False
C3,2195_804_706_27,user,31,2,0.4959377237419821,0.4684542008108472,0.9445827134831277,0.4761285126722805,7,4.43,True,True,True,False,PASS,0.14145,True,1.0,0.13109,True,0.15621,True,0.24848,True
C3,2196_692_1102_50,model,31,2,0.10483941784278561,0.10455694978042596,0.9973057074507679,0.8927487576703419,8,3.88,True,True,True,False,PASS,0.12823,False,1.0,0.12368,False,0.14132,False,0.02655,True
C3,2196_692_1102_50,user,31,2,0.04479975813374236,0.04657226922811608,1.0395651933897094,0.9929929241615933,8,3.88,True,True,True,False,PASS,0.1279,False,1.0,0.12615,False,0.12889,False,0.10582,False
C3,2198_471_472_6,model,30,2,-0.03425005281041855,-0.03578524887137169,1.0448231735422653,1.080608422413637,8,3.75,True,True,True,False,PASS,0.1216,False,1.0,0.17381,False,0.11233,False,0.13834,False
C3,2198_471_472_6,user,30,2,0.09739493501530405,0.10082024825511327,1.035169315932815,0.9343490676777018,8,3.75,True,True,True,False,PASS,0.11191,False,1.0,0.09096,True,0.11903,False,0.09096,True
C3,2199_90_692_6,model,34,2,0.16264915664176818,0.15333485294913296,0.9427337719730708,0.7893989190239379,7,4.86,True,True,True,False,PASS,0.15128,True,1.0,0.152,True,0.11665,True,0.0727,True
C3,2199_90_692_6,user,34,2,0.024447157889068597,0.02262185501881575,0.925336806898563,0.9027149518797473,7,4.86,True,True,True,False,PASS,0.13928,False,1.0,0.07634,False,0.13582,False,0.10853,False
C3,219_535_536_46,model,29,2,0.008805620443006056,0.008107718631137795,0.9207435959356418,0.912635877304504,7,4.14,True,True,True,False,PASS,0.15753,False,1.0,0.10147,False,0.18152,False,0.23491,False
C3,219_535_536_46,user,29,2,0.18452313047891347,0.1806336288443201,0.9789213329272134,0.7982877040828933,7,4.14,True,True,True,False,PASS,0.15142,True,1.0,0.17601,True,0.1505,True,0.24468,False
C3,21_679_680_57,model,30,2,0.11754976790196749,0.11340931314354674,0.964777006094357,0.8513676929508103,5,6.0,True,True,True,False,PASS,0.14684,False,1.0,0.11755,False,0.17291,False,0.20684,False
C3,21_679_680_57,user,30,2,0.6194735752242565,0.5817897739625282,0.9391680246440111,0.3573782506814829,5,6.0,True,True,True,False,PASS,0.17064,True,1.0,0.14801,True,0.21987,True,0.21144,True
C3,2201_472_1022_41,model,31,2,0.17070687672866303,0.16760338991955204,0.9818197903412881,0.814216400421736,6,5.17,True,True,True,False,PASS,0.14251,True,1.0,0.14666,True,0.13371,True,0.36505,False
C3,2201_472_1022_41,user,31,2,0.46026576025806815,0.4124757188708702,0.8961685932049294,0.48369287433405916,6,5.17,True,True,True,False,PASS,0.1522,True,1.0,0.14885,True,0.195,True,0.37184,True
C3,2202_471_842_41,model,24,2,0.011953829708919094,0.01261202960969654,1.0550618435099794,1.042449813900283,7,3.43,True,True,True,False,PASS,0.16513,False,1.0,0.14405,False,0.15359,False,0.12075,False
C3,2202_471_842_41,user,24,2,0.1761690595617262,0.16365931857853278,0.9289901358711047,0.7653308172925719,7,3.43,True,True,True,False,PASS,0.24892,False,1.0,0.17617,False,0.25576,False,0.17617,False
C3,2203_648_90_41,model,25,2,0.32097290840359716,0.2930846282205424,0.9131132894618397,0.6200286612412973,6,4.17,True,True,True,False,PASS,0.22862,True,1.0,0.26643,True,0.2043,True,0.17408,True
C3,2203_648_90_41,user,25,2,0.018043565540206818,0.018870377285858053,1.0458230799122732,1.0269527026264151,7,3.57,True,True,True,False,PASS,0.17352,False,1.0,0.1076,False,0.15778,False,0.17352,False
C3,2204_316_471_14,model,30,2,0.07274795123118356,0.06330276850298922,0.8701656532129849,0.8068628847099957,7,4.29,True,True,True,False,PASS,0.14331,False,1.0,0.11662,False,0.15989,False,0.07785,False
C3,2204_316_471_14,user,30,2,0.02917292183219641,0.027984629929957316,0.95926729900165,0.9312826690716927,7,4.29,True,True,True,False,PASS,0.1406,False,1.0,0.08858,False,0.14018,False,0.13983,False
C3,2206_654_655_1,model,42,2,0.22825504708594951,0.2143699023798772,0.939168290544551,0.7247983881646738,8,5.25,True,True,True,False,PASS,0.0826,True,1.0,0.10105,True,0.09797,True,0.03541,True
C3,2206_654_655_1,user,42,2,-0.03137547504033466,-0.02986400513462306,0.9518263897592456,0.9816903948938687,8,5.25,True,True,True,False,PASS,0.09484,False,1.0,0.10835,False,0.09429,False,0.04936,False
C3,2208_90_601_8,model,29,2,0.3590356881873337,0.36141014319920517,1.006613423372644,0.6452032801734389,6,4.83,True,True,True,False,PASS,0.16608,True,1.0,0.12735,True,0.16608,True,0.12051,True
C3,2208_90_601_8,user,29,2,-0.022006575913559524,-0.0219355116564528,0.996770771728148,1.0187062833846008,6,4.83,True,True,True,False,PASS,0.15585,False,1.0,0.04798,False,0.12018,False,0.05716,False
C3,2209_945_337_8,model,25,2,0.12575805377517266,0.12576566242016662,1.00006050224829,0.8742948398281234,7,3.57,True,True,True,False,PASS,0.1641,False,1.0,0.19642,False,0.19642,False,0.10591,True
C3,2209_945_337_8,user,25,2,0.18423111920175594,0.18424226559867263,1.00006050224829,0.8158182366496174,7,3.57,True,True,True,False,PASS,0.19181,False,1.0,0.23037,False,0.1865,False,0.14369,True
C3,2210_471_946_41,model,28,2,0.03319028953738544,0.030426317833687544,0.9167234832168437,0.8862971653831562,7,4.0,True,True,True,False,PASS,0.15236,False,1.0,0.21928,False,0.18526,False,-0.00646,True
C3,2210_471_946_41,user,28,2,0.5143130628973426,0.5043484492579141,0.9806253926678558,0.47627694340994164,6,4.67,True,True,True,False,PASS,0.16588,True,1.0,0.17283,True,0.16919,True,0.06428,True
C3,2212_945_946_1,model,26,2,0.41308632140233,0.37533647214244514,0.9086151070513954,0.5332786349089502,6,4.33,True,True,True,False,PASS,0.15287,True,1.0,0.15287,True,0.17682,True,0.12932,True
C3,2212_945_946_1,user,26,2,0.06610475889403263,0.06532530706309969,0.9882088393638586,0.9228835323007589,6,4.33,True,True,True,False,PASS,0.15256,False,1.0,0.0661,False,0.17271,False,0.04044,True
C3,2214_472_388_29,model,27,2,0.04167885279188947,0.042860338726515845,1.0283473717601048,0.985487033033589,7,3.86,True,True,True,False,PASS,0.16622,False,1.0,0.12324,False,0.13909,False,0.15189,False
C3,2214_472_388_29,user,27,2,0.31150132192374336,0.28875078194148907,0.92696486858626,0.638214086644771,6,4.5,True,True,True,False,PASS,0.17476,True,1.0,0.18318,True,0.18367,True,0.17476,True
C3,2215_810_811_29,model,32,2,0.03738711352794295,0.0373618295514998,0.999323724833043,0.9619618952815432,8,4.0,True,True,True,False,PASS,0.1295,False,1.0,0.14821,False,0.13149,False,0.08786,False
C3,2215_810_811_29,user,32,2,0.24973549358437885,0.24956660367175998,0.999323724833043,0.749757121161283,7,4.57,True,True,True,False,PASS,0.13692,True,1.0,0.11244,True,0.12561,True,0.15945,True
C3,2216_553_554_36,model,25,2,-0.02715990769492918,-0.01935575693370295,0.712659157428459,0.7320149143621619,6,4.17,True,True,True,False,PASS,0.14205,False,1.0,0.20846,False,0.20846,False,0.10239,False
C3,2216_553_554_36,user,25,2,0.11826108830103213,0.10065389499086108,0.8511159201803373,0.7504620251894762,7,3.57,True,True,True,False,PASS,0.19511,False,1.0,0.31874,False,0.2656,False,0.31874,False
C3,2217_90_91_40,model,24,2,0.39936465193921283,0.38600207394715746,0.9665404088039087,0.5805383348567512,6,4.0,True,True,True,False,PASS,0.22669,True,1.0,0.17912,True,0.18382,True,0.3189,True
C3,2217_90_91_40,user,24,2,-0.020453621751381393,-0.020413923564062575,0.9980591120828692,1.0184730356469318,6,4.0,True,True,True,False,PASS,0.16963,False,1.0,0.14931,False,0.2465,False,0.33315,False
C3,2218_45_46_29,model,26,2,0.025490275709648538,0.024097791394963708,0.9453719398508605,0.9212741484558968,7,3.71,True,True,True,False,PASS,0.15811,False,1.0,0.25235,False,0.16075,False,0.15811,False
C3,2218_45_46_29,user,26,2,0.08291267107786335,0.08572923932245669,1.0339702992073225,0.9482410598848658,7,3.71,True,True,True,False,PASS,0.15983,False,1.0,0.17279,False,0.17183,False,0.15585,False
C3,2219_692_388_41,model,33,2,0.11939992448575021,0.12246207316591118,1.025646152569606,0.9031840794036947,8,4.12,True,True,True,False,PASS,0.10629,True,1.0,0.10005,True,0.09483,True,0.19031,False
C3,2219_692_388_41,user,33,2,-0.03252385775419178,-0.033903892670546165,1.042431464520119,1.076335357190665,8,4.12,True,True,True,False,PASS,0.10583,False,1.0,0.11128,False,0.13551,False,0.02209,False
C3,221_1156_722_30,model,26,2,0.8194942543104596,0.8491626659013363,1.0362033186136739,0.1870406527123376,5,5.2,True,True,True,False,PASS,0.15983,True,1.0,0.11727,True,0.12253,True,0.05666,True
C3,221_1156_722_30,user,26,2,0.04339414507875417,0.04561660758808439,1.0512157228883474,1.005599115300263,5,5.2,True,True,True,False,PASS,0.14446,False,1.0,0.04339,False,0.15291,False,0.00146,True
C3,2221_407_731_50,model,31,2,0.40832896125019796,0.38946978738952664,0.9538137735738131,0.5643439861842865,6,5.17,True,True,True,False,PASS,0.16065,True,1.0,0.14379,True,0.15083,True,0.05547,True
C3,2221_407_731_50,user,31,2,0.05808414283036713,0.060382253174326106,1.0395651933897094,0.9791829402153833,7,4.43,True,True,True,False,PASS,0.12309,False,1.0,0.12346,False,0.10384,False,0.14491,False
C3,2222_951_45_27,model,26,2,-0.024980907075078773,-0.025374084750177106,1.0157391272429244,1.0411132119931015,8,3.25,True,True,True,False,PASS,0.16929,False,1.0,0.12521,False,0.15001,False,0.00775,False
C3,2222_951_45_27,user,26,2,-0.013967681401170197,-0.014473357821231048,1.0362033186136739,1.050676676434905,8,3.25,True,True,True,False,PASS,0.16594,False,1.0,0.15757,False,0.18284,False,0.2682,False
C3,2224_981_542_41,model,32,2,-0.029552978024109156,-0.029846582254699605,1.009934844141627,1.0397814263963265,8,4.0,True,True,True,False,PASS,0.11107,False,1.0,0.11775,False,0.12507,False,0.10809,False
C3,2224_981_542_41,user,32,2,0.13473393336700354,0.13735727401944442,1.0194705267402469,0.8821132527208024,8,4.0,True,True,True,False,PASS,0.12603,True,1.0,0.12857,True,0.10262,True,0.08261,True
C3,2225_731_810_41,model,31,2,0.10563164452390375,0.11038360168084949,1.044986113568178,0.9346025118873285,7,4.43,True,True,True,False,PASS,0.10682,False,1.0,0.13768,False,0.13501,False,0.08244,True
C3,2225_731_810_41,user,31,2,0.22397781137538064,0.22662248742095836,1.0118077591228236,0.7851852717018653,7,4.43,True,True,True,False,PASS,0.10242,True,1.0,0.14325,True,0.14786,True,0.137,True
C3,2226_337_185_23,model,33,2,0.7775610722037809,0.7164097070924778,0.9213549040746258,0.20494519698214808,5,6.6,True,True,True,False,PASS,0.15889,True,1.0,0.13681,True,0.13681,True,0.03194,True
C3,2226_337_185_23,user,33,2,0.0800111081339921,0.08046021549173066,1.0056130625885902,0.9251528470968595,5,6.6,True,True,True,False,PASS,0.11306,False,1.0,0.08001,False,0.15648,False,0.1656,False
C3,2227_1517_1523_23,model,32,2,0.14498769587429403,0.13855016135163356,0.9555994425330969,0.8170492811814634,6,5.33,True,True,True,False,PASS,0.13996,True,1.0,0.15965,False,0.12229,True,0.17318,False
C3,2227_1517_1523_23,user,32,2,0.3279909065039511,0.3386918852222185,1.0326258396378392,0.6939339544156207,7,4.57,True,True,True,False,PASS,0.12332,True,1.0,0.12332,True,0.12585,True,0.2279,True
C3,2228_1341_1342_23,model,36,2,-0.03672470161074097,-0.03286002994527404,0.8947664243421213,0.9276264542873953,8,4.5,True,True,True,False,PASS,0.11644,False,1.0,0.11425,False,0.20908,False,0.10352,False
C3,2228_1341_1342_23,user,36,2,-0.0023400820787348605,-0.0021960288356041024,0.9384409442558362,0.9406369730914403,8,4.5,True,True,True,False,PASS,0.11982,False,1.0,0.07915,False,0.10402,False,0.05378,False
C3,2229_45_754_23,model,26,2,-0.05123965114072651,-0.05360676560083877,1.0461969277193384,1.0998036933201771,8,3.25,True,True,True,False,PASS,0.15652,False,1.0,0.16597,False,0.16127,False,0.12505,False
C3,2229_45_754_23,user,26,2,0.4684216675191727,0.494413575856667,1.055488270803422,0.5610746949467549,6,4.33,True,True,True,False,PASS,0.16273,True,1.0,0.13161,True,0.17449,True,0.03395,True
C3,222_1193_535_36,model,30,2,-0.01871393922826089,-0.019501100892780565,1.042062852450164,1.0615639533429446,8,3.75,True,True,True,False,PASS,0.1108,False,1.0,0.09036,False,0.11944,False,0.26234,False
C3,222_1193_535_36,user,30,2,-0.04409756703702333,-0.04143752215853125,0.9396781941221661,0.9811157162806974,8,3.75,True,True,True,False,PASS,0.1542,False,1.0,0.14134,False,0.13344,False,0.10954,False
C3,2230_990_1021_50,model,35,2,-0.0051550920386498455,-0.005060388135730731,0.9816290568220547,0.9866894449577854,8,4.38,True,True,True,False,PASS,0.10336,False,1.0,0.10302,False,0.14135,False,0.09798,False
C3,2230_990_1021_50,user,35,2,-0.00791796019598786,-0.008027065917014742,1.013779523807428,1.0218065897244428,8,4.38,True,True,True,False,PASS,0.10066,False,1.0,0.08846,False,0.0724,False,0.10066,False
C3,2231_337_401_23,model,27,2,0.013221861117615532,0.012588030949333029,0.9520619553749473,0.9394739244256143,8,3.38,True,True,True,False,PASS,0.18463,False,1.0,0.17299,False,0.17334,False,0.35081,False
C3,2231_337_401_23,user,27,2,0.28959991670878604,0.29352603922038245,1.0135570567706496,0.7200310175502671,7,3.86,True,True,True,False,PASS,0.18338,True,1.0,0.2032,True,0.20198,True,0.18338,True
C3,2232_981_522_50,model,33,2,0.03405472248820748,0.0341130299818051,1.0017121705695242,0.9675991405877191,8,4.12,True,True,True,False,PASS,0.12626,False,1.0,0.09884,False,0.15003,False,0.19621,False
C3,2232_981_522_50,user,33,2,0.043184908387221846,0.043545407153117166,1.0083477950830153,0.9648023879298981,8,4.12,True,True,True,False,PASS,0.1011,False,1.0,0.08738,False,0.12478,False,0.16335,False
C3,2234_45_1517_15,model,29,2,-0.01967959557649776,-0.01856376120730019,0.9432999339412163,0.9618636951485164,6,4.83,True,True,True,False,PASS,0.15045,False,1.0,0.12437,False,0.14473,False,0.10488,False
C3,2234_45_1517_15,user,29,2,0.4545513642572166,0.4344934323645173,0.9558731235457274,0.5213796911812101,6,4.83,True,True,True,False,PASS,0.1681,True,1.0,0.16313,True,0.16723,True,0.1681,True
C3,2235_135_294_56,model,32,2,-0.028171117069809737,-0.022542110013889505,0.8001851668866659,0.8227272769005554,6,5.33,True,True,True,False,PASS,0.18981,False,1.0,0.07653,False,0.15231,False,0.50319,False
C3,2235_135_294_56,user,32,2,0.20391220942452412,0.19234761706764447,0.9432864153180579,0.7509387982504134,6,5.33,True,True,True,False,PASS,0.15385,True,1.0,0.17421,True,0.17085,True,0.35856,False
C3,2237_1187_1188_58,model,24,2,0.06880711586945415,0.07107034036344073,1.0328923028583343,0.9618219624948936,7,3.43,True,True,True,False,PASS,0.18087,False,1.0,0.21611,False,0.17188,False,0.11594,False
C3,2237_1187_1188_58,user,24,2,0.06193544292021986,0.06503510569839133,1.0500466716959496,0.9850115659975582,8,3.0,True,True,True,False,PASS,0.18968,False,1.0,0.17388,False,0.19044,False,0.03622,True
C3,2238_799_693_50,model,27,2,0.10741477333947812,0.1107762923803608,1.0312947552405924,0.9205184628602316,7,3.86,True,True,True,False,PASS,0.17841,False,1.0,0.13961,False,0.14538,False,0.03394,True
C3,2238_799_693_50,user,27,2,0.15386009839850753,0.1464843461354649,0.9520619553749475,0.8055776092394826,7,3.86,True,True,True,False,PASS,0.18369,False,1.0,0.15386,False,0.18621,False,0.1124,True
C3,2239_981_799_17,model,29,2,0.017521872177866434,0.017625165051811775,1.0058950820378556,0.9882699169860438,8,3.62,True,True,True,False,PASS,0.14943,False,1.0,0.13868,False,0.1241,False,0.1241,False
C3,2239_981_799_17,user,29,2,-0.04421276195141432,-0.04237432736265778,0.9584184631854304,1.0007927905480882,8,3.62,True,True,True,False,PASS,0.15184,False,1.0,0.13488,False,0.15,False,0.07837,False
C3,223_558_631_40,model,34,2,0.00963377145854781,0.009859347012726394,1.0234150825716792,1.0135557355589528,7,4.86,True,True,True,False,PASS,0.13278,False,1.0,0.1041,False,0.10814,False,0.26984,False
C3,223_558_631_40,user,34,2,0.1739306893649786,0.15111047026090163,0.8687970525075612,0.7176865822466596,7,4.86,True,True,True,False,PASS,0.11616,True,1.0,0.09145,True,0.1146,True,0.17393,False
C3,2241_1474_1266_10,model,36,2,0.07195026110287916,0.06667988911009959,0.9267497864219888,0.8600698973118892,6,6.0,True,True,True,False,PASS,0.12267,False,1.0,0.07195,False,0.07195,False,0.06892,True
C3,2241_1474_1266_10,user,36,2,0.2026654105844924,0.18157151248591263,0.8959176208819039,0.7143461083959912,6,6.0,True,True,True,False,PASS,0.13176,True,1.0,0.14847,True,0.16469,True,0.08006,True
C3,2243_857_1351_15,model,34,2,0.12056646421319693,0.12220541473515056,1.0135937512362931,0.8913883365011426,8,4.25,True,True,True,False,PASS,0.11061,True,1.0,0.13358,False,0.11074,True,0.0262,True
C3,2243_857_1351_15,user,34,2,-0.03792187124203179,-0.0373527096124886,0.9849912039964857,1.0223439136089743,8,4.25,True,True,True,False,PASS,0.1216,False,1.0,0.12956,False,0.11515,False,0.17465,False
C3,2244_1295_554_44,model,36,2,0.07300823140234775,0.07235679930612593,0.9910772787710501,0.9187204794649242,8,4.5,True,True,True,False,PASS,0.10791,False,1.0,0.09515,False,0.11324,False,0.10955,False
C3,2244_1295_554_44,user,36,2,0.06697656620082498,0.06899397549521336,1.0301211215925776,0.9611271460973643,7,5.14,True,True,True,False,PASS,0.10334,False,1.0,0.10682,False,0.10447,False,0.09455,False
C3,2245_1021_981_44,model,39,2,0.011837501388901175,0.011320086261783047,0.9562901739041605,0.9449700876423774,7,5.57,True,True,True,False,PASS,0.11249,False,1.0,0.07655,False,0.09496,False,0.1916,False
C3,2245_1021_981_44,user,39,2,0.2289681984801534,0.2189600383431083,0.9562901739041607,0.7373301355610524,7,5.57,True,True,True,False,PASS,0.11839,True,1.0,0.12625,True,0.10624,True,0.05558,True
C3,2246_1419_315_50,model,37,2,0.13369948054075875,0.13512621702486016,1.0106712193520189,0.8755450023271587,8,4.62,True,True,True,False,PASS,0.09962,True,1.0,0.10883,True,0.10021,True,0.09474,True
C3,2246_1419_315_50,user,37,2,0.0053615662552181,0.004876414085732361,0.9095129769190918,0.9046365628333595,8,4.62,True,True,True,False,PASS,0.12361,False,1.0,0.15093,False,0.11761,False,0.15136,False
C3,2248_687_427_36,model,28,2,0.004353937903198657,0.004425631911196604,1.0164664746241043,1.0120408427129077,8,3.5,True,True,True,False,PASS,0.14693,False,1.0,0.14021,False,0.14021,False,0.14021,False
C3,2248_687_427_36,user,28,2,-0.01795408281069376,-0.018564143843380343,1.0339789583861796,1.05254310222956,8,3.5,True,True,True,False,PASS,0.16136,False,1.0,0.1328,False,0.14353,False,0.02611,False
C3,2249_1022_511_41,model,36,2,0.08058088345557071,0.07675591178095698,0.9525325175080429,0.8757766057270859,7,5.14,True,True,True,False,PASS,0.11559,False,1.0,0.12752,False,0.10017,False,0.39273,False
C3,2249_1022_511_41,user,36,2,0.06482972870097146,0.06346149752527042,0.9788950038336263,0.9154335063083558,7,5.14,True,True,True,False,PASS,0.11979,False,1.0,0.10767,False,0.10695,False,0.35118,False
C3,224_633_634_40,model,32,2,-0.007824468194947773,-0.007976814712165714,1.0194705267402469,1.0274473414524126,8,4.0,True,True,True,False,PASS,0.10793,False,1.0,0.09471,False,0.09146,False,0.08261,False
C3,224_633_634_40,user,32,2,0.01452330306254121,0.015011312379121344,1.0336018132017653,1.018590500822644,8,4.0,True,True,True,False,PASS,0.09423,False,1.0,0.10258,False,0.09441,False,0.01676,False
C3,2250_1427_1428_41,model,34,2,0.13602194801065826,0.13853660080198038,1.0184871105589892,0.8799505097570088,7,4.86,True,True,True,False,PASS,0.12245,True,1.0,0.13602,False,0.12423,True,0.08245,True
C3,2250_1427_1428_41,user,34,2,0.13363526143699445,0.12453252084671695,0.931883692280056,0.807351171433339,7,4.86,True,True,True,False,PASS,0.11876,True,1.0,0.13364,False,0.11557,True,0.15687,False
C3,2251_731_262_50,model,30,2,0.12285675829416288,0.11386994312969612,0.9268512755077818,0.8129813323780857,7,4.29,True,True,True,False,PASS,0.145,False,1.0,0.15287,False,0.17273,False,0.11582,True
C3,2251_731_262_50,user,30,2,0.06921557730404494,0.07017678708359987,1.0138871886502165,0.9437104015666167,8,3.75,True,True,True,False,PASS,0.13928,False,1.0,0.14588,False,0.13928,False,0.14723,False
C3,2252_180_1298_15,model,27,2,-0.0176642989133629,-0.018088223385328117,1.0239989412568489,1.042087164642177,8,3.38,True,True,True,False,PASS,0.15087,False,1.0,0.18071,False,0.16034,False,0.15087,False
C3,2252_180_1298_15,user,27,2,0.3404266451527871,0.35800992749852,1.0516507229856857,0.6936407954871657,7,3.86,True,True,True,False,PASS,0.13501,True,1.0,0.12098,True,0.13856,True,0.04317,True
C3,2253_660_1281_15,model,27,2,0.11870551930062409,0.11301500881915072,0.9520619553749473,0.8390469465557966,7,3.86,True,True,True,False,PASS,0.16096,False,1.0,0.18132,False,0.17304,False,0.05492,True
C3,2253_660_1281_15,user,27,2,0.0887054165403578,0.07248652589963778,0.8171600870242123,0.7446735611245745,7,3.86,True,True,True,False,PASS,0.21312,False,1.0,0.26051,False,0.21965,False,0.20463,False
C3,2254_687_1021_6,model,31,2,0.1258378170155196,0.1237597743276746,0.9834863418872823,0.8597265675596077,7,4.43,True,True,True,False,PASS,0.13917,False,1.0,0.15875,False,0.12584,False,0.06399,True
C3,2254_687_1021_6,user,31,2,0.19623038331391304,0.19570168125421739,0.9973057074507679,0.8016040261965505,7,4.43,True,True,True,False,PASS,0.13079,True,1.0,0.13909,True,0.13397,True,0.05307,True
C3,2255_993_1338_21,model,24,2,0.03958053025871387,0.03917171379548612,0.9896712737157494,0.9504995599202632,7,3.43,True,True,True,False,PASS,0.22587,False,1.0,0.18064,False,0.21663,False,0.22587,False
C3,2255_993_1338_21,user,24,2,0.23303074013133998,0.2272815272050268,0.9753285213655811,0.7480469941605543,7,3.43,True,True,True,False,PASS,0.22125,True,1.0,0.18411,True,0.17984,True,0.31617,False
C3,2256_669_670_56,model,32,2,0.019473536332795353,0.015556033584517515,0.7988294123199196,0.783273378735402,7,4.57,True,True,True,False,PASS,0.192,False,1.0,0.20661,False,0.16486,False,0.192,False
C3,2256_669_670_56,user,32,2,0.2672114179329454,0.25470725384426607,0.9532049783448358,0.6984977245005697,7,4.57,True,True,True,False,PASS,0.1372,True,1.0,0.12522,True,0.15138,True,0.03731,True
C3,2257_1014_799_6,model,28,2,0.12805813916195286,0.12660159673287252,0.9886259285148734,0.8620243317820009,7,4.0,True,True,True,False,PASS,0.15434,False,1.0,0.17816,False,0.178,False,0.15711,False
C3,2257_1014_799_6,user,28,2,0.04449094335756087,0.03631192627584923,0.8161644491109293,0.7798525228350801,7,4.0,True,True,True,False,PASS,0.22818,False,1.0,0.21357,False,0.21357,False,0.11511,False
C3,2258_687_514_21,model,24,2,0.44098394182397765,0.38311121003415105,0.8687645369796096,0.4856533269454586,5,4.8,True,True,True,False,PASS,0.20373,True,1.0,0.25075,True,0.17827,True,0.22335,True
C3,2258_687_514_21,user,24,2,0.0645672897616785,0.06779866771467846,1.0500466716959496,0.9822480039812711,6,4.0,True,True,True,False,PASS,0.17267,False,1.0,0.06457,False,0.17267,False,0.12292,False
C3,2259_515_12_15,model,28,2,0.09774961922734804,0.06317062861929978,0.6462493574770481,0.5830787288577484,6,4.67,True,True,True,False,PASS,0.16784,False,1.0,0.13904,False,0.13904,False,0.2409,False
C3,2259_515_12_15,user,28,2,-0.04047434783500892,-0.036945473317605004,0.9128120721848528,0.9497575455024578,8,3.5,True,True,True,False,PASS,0.12898,False,1.0,0.18905,False,0.16701,False,0.18769,False
C3,225_558_1156_40,model,26,2,-0.02097685868523115,-0.022051203666721975,1.0512157228883474,1.0732669265550694,8,3.25,True,True,True,False,PASS,0.14811,False,1.0,0.19885,False,0.16452,False,0.05304,False
C3,225_558_1156_40,user,26,2,0.04668317180792625,0.04601209846773502,0.9856249411896796,0.9396128427219446,8,3.25,True,True,True,False,PASS,0.18759,False,1.0,0.14525,False,0.19301,False,0.03145,True
C3,2260_795_993_22,model,25,2,0.2128260303157348,0.20704172187147896,0.9728214239786618,0.7657797021071828,7,3.57,True,True,True,False,PASS,0.1583,True,1.0,0.17768,True,0.1583,True,0.12316,True
C3,2260_795_993_22,user,25,2,-0.05429045523683865,-0.05730281960125838,1.0554860767197196,1.112788896320978,8,3.12,True,True,True,False,PASS,0.16701,False,1.0,0.18185,False,0.16639,False,0.20186,False
C3,2261_514_254_6,model,29,2,0.020888843516980414,0.021152504324245536,1.0126220873381906,0.991469583013945,8,3.62,True,True,True,False,PASS,0.12949,False,1.0,0.0924,False,0.12126,False,0.44424,False
C3,2261_514_254_6,user,29,2,-0.014194926382829352,-0.014687810427676862,1.0347225502658273,1.0494103606935041,8,3.62,True,True,True,False,PASS,0.13958,False,1.0,0.12542,False,0.14464,False,0.21438,False
C3,2262_669_1022_22,model,36,2,0.014795872993705593,0.015150031501867112,1.0239363036106206,1.0087862721087535,8,4.5,True,True,True,False,PASS,0.09666,False,1.0,0.08235,False,0.10977,False,0.056,False
C3,2262_669_1022_22,user,36,2,0.06787375390082458,0.06214484579791313,0.9155946478032969,0.8534498020053838,7,5.14,True,True,True,False,PASS,0.12553,False,1.0,0.12724,False,0.13752,False,0.08619,False
C3,2263_1492_12_11,model,26,2,-0.01684161095963514,-0.017115704960112277,1.0162748089321187,1.033390513892231,8,3.25,True,True,True,False,PASS,0.18849,False,1.0,0.1945,False,0.17001,False,0.04752,False
C3,2263_1492_12_11,user,26,2,0.044476830966884574,0.039291255956121485,0.883409521361267,0.8441182654051456,7,3.71,True,True,True,False,PASS,0.21587,False,1.0,0.25368,False,0.21602,False,0.26394,False
C3,2265_1088_1089_16,model,26,2,0.40565051359157084,0.27665886685349594,0.6820128597989399,0.40535399294544394,5,5.2,True,True,True,False,PASS,0.18252,True,0.846,0.14388,True,0.14388,True,-0.00804,True
C3,2265_1088_1089_16,user,26,2,0.4271430900185113,0.4318371473213134,1.0109894258212129,0.5791522784998995,5,5.2,True,True,True,False,PASS,0.16918,True,1.0,0.11148,True,0.16985,True,0.19052,True
C3,2266_212_841_16,model,34,2,0.4091174448672747,0.36385445435268937,0.889364310707236,0.5255098563545466,6,5.67,True,True,True,False,PASS,0.158,True,1.0,0.15306,True,0.1531,True,0.2192,True
C3,2266_212_841_16,user,34,2,0.20378247579378767,0.17512462342295465,0.8593703788355551,0.6842457554126005,7,4.86,True,True,True,False,PASS,0.16558,True,1.0,0.14508,True,0.14892,True,0.16778,True
C3,2267_430_890_9,model,27,2,0.19291671798272308,0.19335096146780684,1.00225093755287,0.8088999760850633,7,3.86,True,True,True,False,PASS,0.15893,True,1.0,0.16048,True,0.16583,True,0.18837,True
C3,2267_430_890_9,user,27,2,0.06403103056376243,0.06417516041500737,1.00225093755287,0.9380757771378627,7,3.86,True,True,True,False,PASS,0.16508,False,1.0,0.15675,False,0.16204,False,0.17117,False
C3,2268_314_795_6,model,27,2,0.41141537937859884,0.36312433931999777,0.8826221806983984,0.5194978413784006,7,3.86,True,True,True,False,PASS,0.17723,True,1.0,0.11624,True,0.14803,True,0.06618,True
C3,2268_314_795_6,user,27,2,0.010215926923598998,0.010354424824867037,1.0135570567706496,1.0032026319457825,7,3.86,True,True,True,False,PASS,0.15595,False,1.0,0.20262,False,0.16848,False,0.13857,False
C3,226_563_684_7,model,24,2,0.1286280449866433,0.13049910664090913,1.0145462962953384,0.8840471896544293,6,4.0,True,True,True,False,PASS,0.17865,False,1.0,0.18243,False,0.18927,False,0.15364,False
C3,226_563_684_7,user,24,2,0.3971368738669574,0.38384883641847534,0.9665404088039087,0.5826915723854333,7,3.43,True,True,True,False,PASS,0.19794,True,1.0,0.29102,True,0.25922,True,0.10031,True
C3,2270_1060_799_54,model,27,2,0.15182205253732722,0.1381291343624177,0.9098094252707921,0.7716802909083744,5,5.4,True,True,True,False,PASS,0.19362,False,1.0,0.15182,False,0.21835,False,-0.00435,True
C3,2270_1060_799_54,user,27,2,0.30100852459205374,0.29891573794392956,0.9930474173415504,0.6941316793976209,6,4.5,True,True,True,False,PASS,0.15307,True,1.0,0.16823,True,0.15466,True,0.06785,True
C3,2271_952_992_54,model,25,2,0.6101990700779284,0.42348725695802947,0.6940149169744654,0.2705276600164359,4,6.25,True,True,True,False,PASS,0.16262,True,0.84,0.19971,True,0.16262,True,0.047,True
C3,2271_952_992_54,user,25,2,0.2687863325017389,0.2813679118542556,1.0468088508646,0.7654409390103445,5,5.0,True,True,True,False,PASS,0.19457,True,1.0,0.10329,True,0.17562,True,0.01134,True
C3,2272_259_993_60,model,27,2,0.05535004205358832,0.05776975282809316,1.0437165119434262,0.985946759115333,8,3.38,True,True,True,False,PASS,0.12837,False,1.0,0.12278,False,0.1372,False,0.23089,False
C3,2272_259_993_60,user,27,2,-0.0241023554012195,-0.025156026308981616,1.0437165119434262,1.0688725382524078,8,3.38,True,True,True,False,PASS,0.13284,False,1.0,0.17377,False,0.15299,False,0.31859,False
C3,2273_430_795_12,model,28,2,-0.02289778929452252,-0.023224812550040275,1.014281870241333,1.0375066827913733,8,3.5,True,True,True,False,PASS,0.14174,False,1.0,0.146,False,0.13181,False,0.08719,False
C3,2273_430_795_12,user,28,2,0.04028500947448296,0.04051749631986157,1.0057710510289408,0.9652535547090793,8,3.5,True,True,True,False,PASS,0.1547,False,1.0,0.13662,False,0.19623,False,0.05769,False
C3,2274_514_1088_12,model,32,2,-0.022631906346169513,-0.021948367336355523,0.9697975504423347,0.9917459177786903,8,4.0,True,True,True,False,PASS,0.1358,False,1.0,0.15043,False,0.13455,False,0.14208,False
C3,2274_514_1088_12,user,32,2,-0.03681439092912948,-0.03749235866880629,1.0184158347473942,1.0559081934162005,8,4.0,True,True,True,False,PASS,0.13789,False,1.0,0.12848,False,0.0897,False,0.07545,False
C3,2276_212_952_9,model,29,2,0.2172911492939484,0.21822374501857156,1.0042919176765988,0.7860681726580272,7,4.14,True,True,True,False,PASS,0.13974,True,1.0,0.14843,True,0.13383,True,0.0008,True
C3,2276_212_952_9,user,29,2,0.23946031974243065,0.2482030815694627,1.0365102737540648,0.7883071921846021,7,4.14,True,True,True,False,PASS,0.13043,True,1.0,0.10009,True,0.17099,True,0.09205,True
C3,2277_1065_1479_9,model,27,2,0.03505960543493528,0.03601006459484157,1.027109807657995,0.9910997430631534,8,3.38,True,True,True,False,PASS,0.15948,False,1.0,0.17356,False,0.18972,False,0.14812,False
C3,2277_1065_1479_9,user,27,2,0.05535004205358832,0.05776975282809316,1.0437165119434262,0.985946759115333,8,3.38,True,True,True,False,PASS,0.14113,False,1.0,0.12632,False,0.14726,False,0.14698,False
C3,2279_992_765_25,model,34,2,0.0591574816234821,0.05901350284477047,0.9975661780258327,0.9385526751810622,8,4.25,True,True,True,False,PASS,0.12141,False,1.0,0.14596,False,0.12248,False,0.06777,False
C3,2279_992_765_25,user,34,2,-0.04090482263361613,-0.03928124621398266,0.9603084351648259,0.9995896813788085,8,4.25,True,True,True,False,PASS,0.12753,False,1.0,0.09936,False,0.11548,False,0.14126,False
C3,227_215_273_7,model,30,2,0.28074225893135574,0.25620317207842347,0.9125921158206101,0.6563889437421866,6,5.0,True,True,True,False,PASS,0.17427,True,1.0,0.18012,True,0.18442,True,0.23766,True
C3,227_215_273_7,user,30,2,0.47413468629986305,0.4180869385794117,0.8817893958405643,0.46370245726115256,6,5.0,True,True,True,False,PASS,0.16057,True,1.0,0.10475,True,0.15718,True,0.22971,True
C3,2280_1024_181_25,model,25,2,0.21931656339781241,0.21317897058932833,0.9720149143621621,0.7588359437728338,7,3.57,True,True,True,False,PASS,0.18628,True,1.0,0.19966,True,0.1885,True,0.08696,True
C3,2280_1024_181_25,user,25,2,0.2670833203033101,0.2778409445600092,1.0402781583083598,0.7624372137483506,6,4.17,True,True,True,False,PASS,0.17035,True,1.0,0.21448,True,0.17134,True,0.03338,True
C3,2281_1088_4_25,model,29,2,0.13574372289937062,0.14139039239375717,1.0415980155382398,0.9002076231444827,7,4.14,True,True,True,False,PASS,0.15031,False,1.0,0.13574,False,0.11706,True,0.13306,True
C3,2281_1088_4_25,user,29,2,0.25145602249376175,0.22290442646678033,0.8864549126967529,0.6635504862299726,6,4.83,True,True,True,False,PASS,0.18474,True,1.0,0.14065,True,0.19447,True,0.24945,True
C3,2282_514_515_25,model,28,2,0.2526334368750961,0.24910578807245642,0.9860364928480002,0.7369307047755438,6,4.67,True,True,True,False,PASS,0.16898,True,1.0,0.19893,True,0.18887,True,0.05014,True
C3,2282_514_515_25,user,28,2,0.1761327257275463,0.15706206428472158,0.8917256213230671,0.7346635570383455,7,4.0,True,True,True,False,PASS,0.19478,False,1.0,0.17613,False,0.23806,False,0.17539,True
C3,2283_188_189_25,model,35,2,0.1979579852812948,0.19656225354797985,0.9929493537159835,0.7963871001680036,7,5.0,True,True,True,False,PASS,0.11871,True,1.0,0.1263,True,0.13924,True,0.34515,False
C3,2283_188_189_25,user,35,2,0.1209163096405911,0.11240549947992473,0.9296140430851413,0.8172085436052166,7,5.0,True,True,True,False,PASS,0.12874,False,1.0,0.15025,False,0.12429,False,0.20578,False
C3,2285_1065_367_4,model,32,2,-0.03837767471706307,-0.03908443163264175,1.0184158347473942,1.057500266380036,8,4.0,True,True,True,False,PASS,0.13028,False,1.0,0.12692,False,0.13397,False,0.10277,False
C3,2285_1065_367_4,user,32,2,0.09830233813873904,0.09141841479876622,0.9299719267078146,0.8385535119090484,7,4.57,True,True,True,False,PASS,0.12893,False,1.0,0.1346,False,0.11638,False,0.11259,False
C3,2286_181_212_39,model,24,2,0.0809047380415335,0.08208160233278239,1.0145462962953384,0.932464693962556,8,3.0,True,True,True,False,PASS,0.17254,False,1.0,0.17254,False,0.17082,False,0.06961,True
C3,2286_181_212_39,user,24,2,0.03113297974737865,0.03154316247211608,1.0131751836176865,0.9816320211455705,8,3.0,True,True,True,False,PASS,0.19015,False,1.0,0.19015,False,0.17343,False,0.03113,False
C3,2287_1181_1182_39,model,29,2,0.05302612604555896,0.047691075396909643,0.8993882629844475,0.8516971875875379,7,4.14,True,True,True,False,PASS,0.17345,False,1.0,0.1688,False,0.20566,False,0.17312,False
C3,2287_1181_1182_39,user,29,2,0.05684954245028982,0.052343852142975766,0.9207435959356418,0.868399743792666,7,4.14,True,True,True,False,PASS,0.17966,False,1.0,0.14297,False,0.14144,False,0.0914,False
C3,2288_1024_814_4,model,29,2,0.5138799203747626,0.4492068712183265,0.8741475457743683,0.4249406745560418,6,4.83,True,True,True,False,PASS,0.15867,True,1.0,0.15867,True,0.20822,True,0.15524,True
C3,2288_1024_814_4,user,29,2,-0.020546109651915324,-0.020634291863115717,1.0042919176765988,1.0249262095397145,6,4.83,True,True,True,False,PASS,0.14698,False,1.0,0.14156,False,0.11035,False,0.09177,False
C3,2289_1088_1130_4,model,26,2,0.162554187698933,0.14543423382444853,0.8946815574742844,0.7492473236498358,6,4.33,True,True,True,False,PASS,0.19198,False,1.0,0.16255,False,0.18009,False,0.13857,True
C3,2289_1088_1130_4,user,26,2,0.11726608806422587,0.12151150961299417,1.0362033186136739,0.9146918090006797,8,3.25,True,True,True,False,PASS,0.16594,False,1.0,0.12253,False,0.15655,False,0.01501,True
C3,228_499_500_7,model,25,2,0.06885491670635774,0.07118209829302957,1.0337983356598404,0.9626162373668108,8,3.12,True,True,True,False,PASS,0.17931,False,1.0,0.17545,False,0.14758,False,0.09811,False
C3,228_499_500_7,user,25,2,-0.03894928537702196,-0.039943508412620066,1.025526091839021,1.065469600251641,8,3.12,True,True,True,False,PASS,0.17375,False,1.0,0.1452,False,0.19766,False,0.0588,False
C3,2290_4_353_4,model,24,2,0.4465633740036838,0.41485296949074113,0.9289901358711047,0.5141371663803636,6,4.0,True,True,True,False,PASS,0.24892,True,1.0,0.22713,True,0.21488,True,0.05727,True
C3,2290_4_353_4,user,24,2,0.053745006183044654,0.054239169410823296,1.0091945887231946,0.9549554193123713,6,4.0,True,True,True,False,PASS,0.1977,False,1.0,0.17022,False,0.17022,False,0.09691,False
C3,2292_180_181_6,model,26,2,-0.015467979976973193,-0.01571143248202178,1.0157391272429244,1.0314505597249461,8,3.25,True,True,True,False,PASS,0.16305,False,1.0,0.16172,False,0.16638,False,0.22841,False
C3,2292_180_181_6,user,26,2,0.1051325065699931,0.10915307294634369,1.0382428471223966,0.9290897741760529,8,3.25,True,True,True,False,PASS,0.15408,False,1.0,0.17097,False,0.15779,False,0.11111,False
C3,2293_146_575_35,model,32,2,0.16650568025057166,0.16059801592266632,0.9645197429960648,0.8039217270733985,8,4.0,True,True,True,False,PASS,0.13764,True,1.0,0.14757,True,0.12067,True,0.12067,True
C3,2293_146_575_35,user,32,2,0.03467406301465062,0.03531261482914916,1.0184158347473942,0.983103219918245,8,4.0,True,True,True,False,PASS,0.1121,False,1.0,0.13401,False,0.15797,False,0.29495,False
C3,2294_599_1123_17,model,34,2,0.0990851553001835,0.0991600821871963,1.0007561868050345,0.9015961046178382,7,4.86,True,True,True,False,PASS,0.10814,False,1.0,0.09985,False,0.11008,False,0.05549,True
C3,2294_599_1123_17,user,34,2,0.037245500325991346,0.038451876221510695,1.0323898426644975,0.9939379664429868,8,4.25,True,True,True,False,PASS,0.10819,False,1.0,0.09542,False,0.11471,False,0.17143,False
C3,2295_27_28_34,model,37,2,0.18378807280352782,0.18996772775340753,1.0336238084202878,0.8436560806668802,7,5.29,True,True,True,False,PASS,0.09629,True,1.0,0.10226,True,0.12956,True,0.14668,True
C3,2295_27_28_34,user,37,2,0.10318475755869036,0.1026725415333366,0.9950359332378872,0.8923633917045506,8,4.62,True,True,True,False,PASS,0.10797,False,1.0,0.09934,True,0.08974,True,0.05755,True
C3,2297_857_146_50,model,26,2,0.3714271847679478,0.3511368381774188,0.9453719398508605,0.5942351016734417,6,4.33,True,True,True,False,PASS,0.17965,True,1.0,0.1807,True,0.15126,True,0.08285,True
C3,2297_857_146_50,user,26,2,0.22304646280993778,0.2186611352036827,0.9803389502303297,0.761677815026647,7,3.71,True,True,True,False,PASS,0.17345,True,1.0,0.21077,True,0.15636,True,0.03931,True
C3,2298_145_181_37,model,25,2,-0.030815196040770456,-0.03217608811687911,1.044163018606408,1.076339106723287,8,3.12,True,True,True,False,PASS,0.15824,False,1.0,0.15005,False,0.18633,False,0.0808,False
C3,2298_145_181_37,user,25,2,0.06889204565683987,0.0661745686966475,0.9605545613534476,0.8943799926568001,7,3.57,True,True,True,False,PASS,0.17707,False,1.0,0.19463,False,0.23511,False,0.08619,False
C3,2299_692_693_54,model,30,2,0.45621943497571565,0.4044497412718995,0.8865245762566607,0.4820748349847612,6,5.0,True,True,True,False,PASS,0.1259,True,1.0,0.12079,True,0.12454,True,0.21001,True
C3,2299_692_693_54,user,30,2,-0.022651036728007994,-0.022558652593980044,0.9959214169692412,1.0184800695632212,6,5.0,True,True,True,False,PASS,0.13324,False,1.0,0.14206,False,0.11015,False,0.10658,False
C3,22_679_680_54,model,35,2,0.6851908617497872,0.663565563646936,0.9684390155939526,0.30487345194701665,6,5.83,True,True,True,False,PASS,0.1135,True,1.0,0.13704,True,0.08992,True,0.0751,True
C3,22_679_680_54,user,35,2,-0.007801629414549041,-0.00718474709762873,0.9209290413397611,0.9281137884373898,6,5.83,True,True,True,False,PASS,0.14278,False,1.0,0.14039,False,0.06572,False,0.08419,False
C3,2301_145_146_0,model,34,2,0.11713523519189968,0.11537717634208078,0.9849912039964857,0.8696140276544049,7,4.86,True,True,True,False,PASS,0.13153,False,1.0,0.11096,True,0.09252,True,0.16176,False
C3,2301_145_146_0,user,34,2,0.1772414361202715,0.170816266734797,0.9637490559424573,0.7929327892076603,7,4.86,True,True,True,False,PASS,0.12786,True,1.0,0.09947,True,0.11246,True,0.1296,True
C3,2302_857_181_49,model,36,2,0.06062864467006075,0.061833930150741345,1.0198798024801596,0.9580458723294183,7,5.14,True,True,True,False,PASS,0.10742,False,1.0,0.10333,False,0.12229,False,0.08837,False
C3,2302_857_181_49,user,36,2,0.17762439351648138,0.16274367600851758,0.9162236829448595,0.7534800069363419,8,4.5,True,True,True,False,PASS,0.12855,True,1.0,0.14241,True,0.13255,True,0.10313,True
C3,2303_715_612_46,model,32,2,0.1002925007297861,0.08722410770441036,0.8696972063685463,0.782473098664136,7,4.57,True,True,True,False,PASS,0.14077,False,1.0,0.17745,False,0.15141,False,0.06787,True
C3,2303_715_612_46,user,32,2,0.19641308053319537,0.19627748144771706,0.9993096229379927,0.8030321414902757,7,4.57,True,True,True,False,PASS,0.13699,True,1.0,0.13894,True,0.1582,True,0.11741,True
C3,2305_400_1059_3,model,24,2,0.0653749299493271,0.06752526194456276,1.0328923028583343,0.9653670409137716,8,3.0,True,True,True,False,PASS,0.18659,False,1.0,0.15411,False,0.15194,False,0.22614,False
C3,2305_400_1059_3,user,24,2,-0.049075499201737094,-0.05100865445862701,1.0393914537464652,1.0904001082050923,8,3.0,True,True,True,False,PASS,0.17435,False,1.0,0.19011,False,0.21132,False,0.1737,False
C3,2306_1024_1389_58,model,32,2,0.15450303570511245,0.15439637035325116,0.9993096229379927,0.8449132525847416,8,4.0,True,True,True,False,PASS,0.13387,True,1.0,0.14784,True,0.13048,True,0.12312,True
C3,2306_1024_1389_58,user,32,2,-0.041376130044384805,-0.03732860867105314,0.9021773817660128,0.939505990437066,8,4.0,True,True,True,False,PASS,0.13512,False,1.0,0.16394,False,0.1354,False,0.11656,False
C3,2307_693_661_46,model,26,2,0.12475925211658911,0.11794389618780243,0.9453719398508605,0.8274280436630581,7,3.71,True,True,True,False,PASS,0.19553,False,1.0,0.21741,False,0.21716,False,0.17542,False
C3,2307_693_661_46,user,26,2,0.12862191865797082,0.13022207646919948,1.0124407863599343,0.8822187098907348,7,3.71,True,True,True,False,PASS,0.17077,False,1.0,0.18977,False,0.17031,False,0.09323,True
C3,2308_314_315_60,model,37,2,-0.003261106033928748,-0.0033438622463999312,1.0253767315782383,1.0287205938246382,8,4.62,True,True,True,False,PASS,0.12061,False,1.0,0.11132,False,0.12187,False,0.06381,False
C3,2308_314_315_60,user,37,2,-0.03236198765040857,-0.030610715222652796,0.9458848928973723,0.9764956081200251,8,4.62,True,True,True,False,PASS,0.11918,False,1.0,0.10527,False,0.12411,False,0.13419,False
C3,2309_400_207_50,model,24,2,0.15523854033823026,0.14359893174282456,0.9250211412060074,0.7814222094631829,7,3.43,True,True,True,False,PASS,0.20239,False,1.0,0.17732,False,0.15524,False,0.08815,True
C3,2309_400_207_50,user,24,2,0.025779560041205164,0.025926521890903942,1.0057007120937627,0.9797741902028587,8,3.0,True,True,True,False,PASS,0.19032,False,1.0,0.19011,False,0.19424,False,0.01224,True
C3,230_210_153_55,model,31,2,0.18188763015068468,0.15734060088759605,0.8650428880581232,0.7077022871705272,5,6.2,True,True,True,False,PASS,0.17811,True,1.0,0.06923,True,0.12263,True,0.12395,True
C3,230_210_153_55,user,31,2,0.29726423908038646,0.296463322255879,0.9973057074507679,0.7008423851948888,6,5.17,True,True,True,False,PASS,0.13847,True,1.0,0.12013,True,0.18974,True,0.05827,True
C3,2310_204_876_50,model,33,2,0.017677196192482085,0.015708275997325716,0.8886180719092924,0.8729097959119667,8,4.12,True,True,True,False,PASS,0.163,False,1.0,0.14953,False,0.15046,False,0.14411,False
C3,2310_204_876_50,user,33,2,0.20742503963365352,0.21508989054229333,1.0369523897509056,0.8218624992086123,7,4.71,True,True,True,False,PASS,0.10517,True,1.0,0.12814,True,0.10786,True,0.12814,True
C3,2311_946_791_35,model,27,2,0.2694800058675003,0.23417851099956122,0.8690014320197975,0.6348229210202363,7,3.86,True,True,True,False,PASS,0.20088,True,1.0,0.19683,True,0.20852,True,0.28825,False
C3,2311_946_791_35,user,27,2,0.07984101555668457,0.0832505066614806,1.0427035037195311,0.9594529970580505,7,3.86,True,True,True,False,PASS,0.16265,False,1.0,0.13347,False,0.13623,False,0.12279,False
C3,2313_143_207_0,model,24,2,-0.030273142142634633,-0.029260215182320914,0.9665404088039087,0.9958006239862296,6,4.0,True,True,True,False,PASS,0.18442,False,1.0,0.07301,False,0.18983,False,0.07177,False
C3,2313_143_207_0,user,24,2,0.5022124821183195,0.5280741010714902,1.0514953727236869,0.5234212716521967,6,4.0,True,True,True,False,PASS,0.18258,True,1.0,0.21645,True,0.19702,True,0.00672,True
C3,2315_985_403_33,model,25,2,0.08472986475518811,0.0800319342651552,0.9445540187794854,0.8645220845143302,7,3.57,True,True,True,False,PASS,0.20763,False,1.0,0.16067,False,0.19122,False,0.05203,True
C3,2315_985_403_33,user,25,2,0.06385936842787403,0.05859179369902545,0.9175128903005354,0.85892109660151,7,3.57,True,True,True,False,PASS,0.18093,False,1.0,0.2313,False,0.1821,False,0.09237,False
C3,2316_1069_70_33,model,34,2,-0.029830181148015285,-0.028351742334541186,0.9504381550303638,0.978789897364905,8,4.25,True,True,True,False,PASS,0.13195,False,1.0,0.11627,False,0.10346,False,0.0611,False
C3,2316_1069_70_33,user,34,2,0.09650035440556921,0.09169983578208307,0.9502538757183145,0.8585540399362315,8,4.25,True,True,True,False,PASS,0.1236,False,1.0,0.12501,False,0.14911,False,0.11494,False
C3,2317_577_724_6,model,31,2,0.02112011669684125,0.01838008930978907,0.870264571622278,0.8518844823124889,7,4.43,True,True,True,False,PASS,0.14402,False,1.0,0.15122,False,0.25915,False,0.13325,False
C3,2317_577_724_6,user,31,2,0.12349731995396483,0.12316458204496272,0.9973057074507679,0.8741411254058051,7,4.43,True,True,True,False,PASS,0.13224,False,1.0,0.14581,False,0.09746,True,0.16302,False
C3,2318_868_1251_33,model,42,2,0.6506363294737704,0.5822127507226253,0.8948359080924893,0.3126231573698639,6,7.0,True,True,True,False,PASS,0.10108,True,1.0,0.10859,True,0.12911,True,0.03257,True
C3,2318_868_1251_33,user,42,2,0.014860907247411563,0.013771519683255518,0.9266944106426751,0.9129228909594196,6,7.0,True,True,True,False,PASS,0.10227,False,1.0,0.04658,False,0.09679,False,0.06751,False
C3,2319_253_254_43,model,32,2,-0.03532714359669973,-0.03591537323760807,1.016650925634511,1.0525662988721192,8,4.0,True,True,True,False,PASS,0.15646,False,1.0,0.15646,False,0.13949,False,0.06681,False
C3,2319_253_254_43,user,32,2,0.03823877475436702,0.03025116834809516,0.7911123863779227,0.7608612180298275,7,4.57,True,True,True,False,PASS,0.22474,False,1.0,0.22474,False,0.23125,False,0.13222,False
C3,231_292_293_53,model,32,2,0.06817220778094667,0.06081992475709963,0.8921513141033711,0.8313313893462715,7,4.57,True,True,True,False,PASS,0.13648,False,1.0,0.14173,False,0.14633,False,0.25681,False
C3,231_292_293_53,user,32,2,0.2654544597013254,0.257199267380101,0.9689016627164121,0.7117023953363111,7,4.57,True,True,True,False,PASS,0.13719,True,1.0,0.0975,True,0.14005,True,0.27983,False
C3,2321_259_403_12,model,31,2,0.13569168370594842,0.117379125958463,0.8650428880581232,0.7476637620996602,7,4.43,True,True,True,False,PASS,0.1825,False,1.0,0.19813,False,0.19349,False,0.23295,False
C3,2321_259_403_12,user,31,2,0.08789356459361361,0.08603239193364098,0.9788246992987715,0.8927923073651305,7,4.43,True,True,True,False,PASS,0.13859,False,1.0,0.08789,False,0.09513,False,0.24469,False
C3,2322_505_71_41,model,27,2,0.020639256594862043,0.02154153290229477,1.0437165119434262,1.0221749790411314,7,3.86,True,True,True,False,PASS,0.14358,False,1.0,0.10546,False,0.12374,False,0.09289,False
C3,2322_505_71_41,user,27,2,0.12185317480456617,0.10642518841171456,0.8733887203382616,0.7669635319265471,7,3.86,True,True,True,False,PASS,0.23432,False,1.0,0.24602,False,0.18783,False,0.25757,False
C3,2323_1119_1069_25,model,29,2,0.0001987554093760864,0.00020395020024799315,1.0261366012035282,1.0259326510032802,8,3.62,True,True,True,False,PASS,0.1342,False,1.0,0.15799,False,0.12335,False,0.14527,False
C3,2323_1119_1069_25,user,29,2,0.004635231616229049,0.004591079219119942,0.990474608225721,0.985883529006601,8,3.62,True,True,True,False,PASS,0.14598,False,1.0,0.14183,False,0.12753,False,0.23533,False
C3,2324_70_577_41,model,31,2,0.38059012341191184,0.3935890923868153,1.0341547722215447,0.6405656798347295,7,4.43,True,True,True,False,PASS,0.11247,True,1.0,0.12902,True,0.12678,True,0.34964,True
C3,2324_70_577_41,user,31,2,0.0665668513507934,0.0681570898058177,1.023889344662617,0.9557322548567992,7,4.43,True,True,True,False,PASS,0.1125,False,1.0,0.15575,False,0.13862,False,0.3192,False
C3,2325_1143_726_35,model,26,2,0.016076869105220215,0.014607686143090937,0.9086151070513954,0.8940074209083044,6,4.33,True,True,True,False,PASS,0.18654,False,1.0,0.171,False,0.18654,False,0.30481,False
C3,2325_1143_726_35,user,26,2,0.14515540179234637,0.12104487137067632,0.833898496893959,0.7128536255232827,6,4.33,True,True,True,False,PASS,0.19272,False,1.0,0.17997,False,0.19924,False,0.17663,False
C3,2326_253_71_35,model,29,2,0.09420326898751782,0.09685792691343731,1.028180104092473,0.9313221771790356,8,3.62,True,True,True,False,PASS,0.11985,False,1.0,0.1009,False,0.12646,False,0.03242,True
C3,2326_253_71_35,user,29,2,0.04840432233764274,0.04868966978880995,1.0058950820378556,0.9572054122490457,8,3.62,True,True,True,False,PASS,0.15146,False,1.0,0.17322,False,0.1697,False,0.05812,False
C3,2327_868_70_50,model,31,2,0.22492564545354107,0.20367902709804453,0.905539369187294,0.7018603420892495,7,4.43,True,True,True,False,PASS,0.16589,True,1.0,0.13792,True,0.16831,True,0.06249,True
C3,2327_868_70_50,user,31,2,0.1693750900809517,0.1492051609723225,0.8809156110323596,0.7317104500600371,7,4.43,True,True,True,False,PASS,0.15998,True,1.0,0.17757,False,0.17757,False,0.14035,True
C3,2328_577_715_35,model,26,2,-0.013270963326836008,-0.013479836707273263,1.0157391272429244,1.0292189639501976,8,3.25,True,True,True,False,PASS,0.16929,False,1.0,0.1791,False,0.16305,False,0.07499,False
C3,2328_577_715_35,user,26,2,-0.03407345943873099,-0.034408216701767635,1.0098245751547061,1.0442327918564738,8,3.25,True,True,True,False,PASS,0.1707,False,1.0,0.18557,False,0.1707,False,0.20325,False
C3,2329_1230_467_35,model,25,2,0.025629438214432268,0.026803858009838866,1.0458230799122732,1.0190192219024343,8,3.12,True,True,True,False,PASS,0.15875,False,1.0,0.14748,False,0.17966,False,0.03648,False
C3,2329_1230_467_35,user,25,2,0.03526689224210226,0.03722371373071365,1.05548607671972,1.0182623629890064,8,3.12,True,True,True,False,PASS,0.16888,False,1.0,0.21199,False,0.15944,False,0.05313,False
C3,232_215_633_36,model,37,2,-0.023768180372226687,-0.023820598483824895,1.0022053901803716,1.0260259886641965,8,4.62,True,True,True,False,PASS,0.08742,False,1.0,0.09732,False,0.07412,False,0.14998,False
C3,232_215_633_36,user,37,2,-0.0019504420181013851,-0.0017801754634287903,0.9127036061095848,0.9144837815730136,8,4.62,True,True,True,False,PASS,0.11993,False,1.0,0.12543,False,0.11332,False,0.17085,False
C3,2330_1069_726_35,model,27,2,0.32883399504667243,0.32751506128660635,0.9959890589782882,0.6684739976916818,6,4.5,True,True,True,False,PASS,0.17235,True,1.0,0.1295,True,0.17071,True,0.12891,True
C3,2330_1069_726_35,user,27,2,0.1041863371180298,0.09754186847016255,0.9362251439904263,0.8386832755202638,6,4.5,True,True,True,False,PASS,0.16933,False,1.0,0.10419,False,0.1256,False,0.05597,True
C3,2331_1143_868_8,model,29,2,-0.010181713817633033,-0.009334855763532768,0.9168255885729525,0.9261604443364853,7,4.14,True,True,True,False,PASS,0.18857,False,1.0,0.15576,False,0.17259,False,0.15416,False
C3,2331_1143_868_8,user,29,2,0.4629524605410348,0.4342765306829828,0.938058586351308,0.5037820556683252,7,4.14,True,True,True,False,PASS,0.15788,True,1.0,0.15145,True,0.5412,False,0.10196,True
C3,2332_70_71_8,model,34,2,0.02194534322470456,0.022601341961853594,1.0298923890336131,1.0072910470717595,7,4.86,True,True,True,False,PASS,0.12965,False,1.0,0.12106,False,0.10256,False,0.16855,False
C3,2332_70_71_8,user,34,2,0.3669651470704102,0.30663804071267897,0.8356053515181479,0.5289673108054689,6,5.67,True,True,True,False,PASS,0.17232,True,1.0,0.1707,True,0.16782,True,0.27045,True
C3,2333_1069_1230_36,model,30,2,-0.036094530910568676,-0.03705237485511326,1.0265370935812361,1.0635894684363494,8,3.75,True,True,True,False,PASS,0.15557,False,1.0,0.10266,False,0.1173,False,0.10871,False
C3,2333_1069_1230_36,user,30,2,0.2338627016661765,0.22207533175793404,0.9495970506444069,0.7275217188864729,7,4.29,True,True,True,False,PASS,0.17366,True,1.0,0.16783,True,0.16908,True,0.09339,True
C3,2334_467_868_8,model,33,2,0.4882832684605537,0.4954193558026214,1.0146146464624237,0.5191952906598023,6,5.5,True,True,True,False,PASS,0.11552,True,1.0,0.11552,True,0.11357,True,0.06845,True
C3,2334_467_868_8,user,33,2,0.04289810576420791,0.04445531446374407,1.0363001739073388,0.9918448594435947,6,5.5,True,True,True,False,PASS,0.10958,False,1.0,0.0429,False,0.124,False,0.08336,False
C3,2335_551_552_8,model,29,2,0.5042662314241816,0.47528266959909893,0.9425232942066627,0.46724062460756377,6,4.83,True,True,True,False,PASS,0.18704,True,1.0,0.14451,True,0.18086,True,0.02484,True
C3,2335_551_552_8,user,29,2,0.07419591214119121,0.06670396825836322,0.8990248429243488,0.8323208746659856,6,4.83,True,True,True,False,PASS,0.15186,False,1.0,0.0742,False,0.18676,False,0.07141,True
C3,2337_868_715_28,model,33,2,0.0,0.0,0.926073508102937,0.926073508102937,4,8.25,True,True,True,False,PASS,0.14196,False,1.0,0.0,False,0.13017,False,0.36905,False
C3,2337_868_715_28,user,33,2,1.0,0.926073508102937,0.926073508102937,0.0,4,8.25,True,True,True,True,PASS,0.14182,True,1.0,0.1252,True,0.17742,True,0.36905,True
C3,2338_1230_551_53,model,31,2,0.3435406038455629,0.2776592623633982,0.8082283702575626,0.5305691078941643,7,4.43,True,True,True,False,PASS,0.18886,True,1.0,0.17737,True,0.15429,True,0.24726,True
C3,2338_1230_551_53,user,31,2,-0.0042530039471367935,-0.0038114085642005913,0.8961685932049291,0.8999800017691297,7,4.43,True,True,True,False,PASS,0.14676,False,1.0,0.16569,False,0.18108,False,0.24948,False
C3,2339_467_552_53,model,27,2,0.409485643781854,0.3576401424195227,0.8733887203382616,0.515748577918739,7,3.86,True,True,True,False,PASS,0.21673,True,1.0,0.21404,True,0.21404,True,0.04575,True
C3,2339_467_552_53,user,27,2,0.12941854560753882,0.12545593418430012,0.9693814251687288,0.8439254909844287,6,4.5,True,True,True,False,PASS,0.18864,False,1.0,0.16433,False,0.17317,False,0.12744,True
C3,233_210_500_53,model,28,2,0.19583859545277796,0.16744584717597022,0.8550196491597387,0.6875738019837685,6,4.67,True,True,True,False,PASS,0.19584,False,1.0,0.19584,False,0.21282,False,0.19584,False
C3,233_210_500_53,user,28,2,-0.027465415968457082,-0.025018415061986432,0.9109061042701508,0.9359245193321373,6,4.67,True,True,True,False,PASS,0.16813,False,1.0,0.15838,False,0.15413,False,0.16813,False
C3,2340_71_467_29,model,27,2,0.4943283250849509,0.44974456934061247,0.9098094252707921,0.46006485593017965,5,5.4,True,True,True,False,PASS,0.13881,True,1.0,0.19135,True,0.18471,True,0.16062,True
C3,2340_71_467_29,user,27,2,0.35294921846971156,0.2884160140798372,0.8171600870242123,0.5287440729443751,5,5.4,True,True,True,False,PASS,0.19417,True,1.0,0.07157,True,0.3174,True,0.18859,True
C3,2341_552_1230_29,model,31,2,0.09000759398156805,0.08837123705210692,0.9818197903412881,0.8934485532891812,7,4.43,True,True,True,False,PASS,0.15271,False,1.0,0.15923,False,0.15215,False,0.12407,False
C3,2341_552_1230_29,user,31,2,-0.029244244702259194,-0.02858035462835795,0.9772984366441867,1.0058787912725446,8,3.88,True,True,True,False,PASS,0.15172,False,1.0,0.14928,False,0.11596,False,0.1581,False
C3,2342_551_715_29,model,34,2,0.05676079275576519,0.05147245806051526,0.9068312044547193,0.8553587463942041,6,5.67,True,True,True,False,PASS,0.14949,False,1.0,0.05676,False,0.10399,False,0.14366,False
C3,2342_551_715_29,user,34,2,0.4897751458964127,0.4092587329516242,0.8356053515181481,0.4263466185665239,5,6.8,True,True,True,False,PASS,0.16769,True,1.0,0.16151,True,0.31545,True,0.16958,True
C3,2343_467_468_29,model,29,2,0.1302621998091454,0.1355973955541614,1.0409573594859667,0.9053599639318053,6,4.83,True,True,True,False,PASS,0.11795,True,1.0,0.13026,False,0.16681,False,0.01675,True
C3,2343_467_468_29,user,29,2,0.5744058168344625,0.5418369690753988,0.9432999339412163,0.40146296486581745,6,4.83,True,True,True,False,PASS,0.18011,True,1.0,0.13459,True,0.17418,True,0.02084,True
C3,2344_551_396_15,model,36,2,0.14432249281979068,0.12870731823685488,0.8918035970842481,0.7630962788473932,7,5.14,True,True,True,False,PASS,0.14432,False,1.0,0.14756,False,0.12659,True,0.11938,True
C3,2344_551_396_15,user,36,2,-0.021855785629386237,-0.02060334508081374,0.9426952400700469,0.9632985851508606,8,4.5,True,True,True,False,PASS,0.11873,False,1.0,0.11165,False,0.11165,False,0.05504,False
C3,2345_308_309_15,model,34,2,-0.0309802575872869,-0.030515281221022983,0.9849912039964857,1.0155064852175086,8,4.25,True,True,True,False,PASS,0.1091,False,1.0,0.10975,False,0.12559,False,0.26769,False
C3,2345_308_309_15,user,34,2,0.15535172705366324,0.1601559539500088,1.0309248373832758,0.870768883433267,7,4.86,True,True,True,False,PASS,0.10619,True,1.0,0.09594,True,0.09015,True,0.16432,False
C3,2346_551_815_35,model,25,2,0.21864428925500276,0.22866324399389693,1.0458230799122732,0.8171598359183763,5,5.0,True,True,True,False,PASS,0.17352,True,1.0,0.12567,True,0.1076,True,0.2327,False
C3,2346_551_815_35,user,25,2,0.5652862259680681,0.5429882628239036,0.9605545613534476,0.4175662985295441,6,4.17,True,True,True,False,PASS,0.19462,True,1.0,0.25515,True,0.23511,True,0.13731,True
C3,2347_309_1475_35,model,24,2,-0.02772734465099283,-0.02873604607321889,1.0363793011888696,1.0651153472620885,6,4.0,True,True,True,False,PASS,0.18596,False,1.0,0.10035,False,0.18135,False,0.01119,False
C3,2347_309_1475_35,user,24,2,0.6563271387248737,0.6649743692908447,1.0131751836176865,0.3482008143268418,5,4.8,True,True,True,False,PASS,0.19609,True,1.0,0.19502,True,0.19502,True,0.00086,True
C3,2348_308_468_35,model,29,2,-0.039058589838639725,-0.03908429626805088,1.000658150473874,1.039742446741925,8,3.62,True,True,True,False,PASS,0.14274,False,1.0,0.18508,False,0.14906,False,0.14274,False
C3,2348_308_468_35,user,29,2,0.30092066712036236,0.29805427987306365,0.9904746082257214,0.6924203283526578,7,4.14,True,True,True,False,PASS,0.14598,True,1.0,0.1666,True,0.15658,True,0.17929,True
C3,2349_965_966_38,model,30,2,0.08134327251365756,0.0788175992200093,0.968950434183427,0.8901328349634177,5,6.0,True,True,True,False,PASS,0.11967,False,1.0,0.08134,False,0.15442,False,0.11967,False
C3,2349_965_966_38,user,30,2,0.6615794320259439,0.5833737276667006,0.881789395840564,0.29841566817386345,6,5.0,True,True,True,False,PASS,0.16057,True,1.0,0.15237,True,0.16619,True,0.16057,True
C3,234_286_211_9,model,25,2,0.006990439217738471,0.006794811177583959,0.9720149143621621,0.9652201031845782,8,3.12,True,True,True,False,PASS,0.1924,False,1.0,0.26752,False,0.18628,False,0.18628,False
C3,234_286_211_9,user,25,2,-0.05014163875703724,-0.05243928307673329,1.0458230799122732,1.0982623629890065,8,3.12,True,True,True,False,PASS,0.18596,False,1.0,0.16091,False,0.19393,False,-0.00634,False
C3,2350_308_889_38,model,35,2,0.18411659611151204,0.1886534554371737,1.0246412296418617,0.835987774204688,8,4.38,True,True,True,False,PASS,0.09941,True,1.0,0.0858,True,0.13163,True,0.16006,True
C3,2350_308_889_38,user,35,2,-0.016749518126794746,-0.015025819833703324,0.8970896786377415,0.9121154984714448,8,4.38,True,True,True,False,PASS,0.13801,False,1.0,0.13177,False,0.13625,False,0.09457,False
C3,2351_866_873_36,model,27,2,0.1967026436132887,0.1993693525196909,1.0135570567706496,0.8141877042509587,7,3.86,True,True,True,False,PASS,0.1625,True,1.0,0.1967,False,0.14198,True,0.15807,True
C3,2351_866_873_36,user,27,2,0.1905172462189842,0.19094608864296791,1.00225093755287,0.8113048489099022,7,3.86,True,True,True,False,PASS,0.15345,True,1.0,0.13966,True,0.17048,True,0.53947,False
C3,2352_866_549_46,model,33,2,-0.029750799877477675,-0.03074210553695189,1.0333203027668734,1.0640624083038253,8,4.12,True,True,True,False,PASS,0.13102,False,1.0,0.09994,False,0.12449,False,0.06919,False
C3,2352_866_549_46,user,33,2,0.011483918509643892,0.009794678135795265,0.8529038348338985,0.8431091566981033,7,4.71,True,True,True,False,PASS,0.12554,False,1.0,0.13586,False,0.10785,False,0.05366,False
C3,2354_966_1008_38,model,26,2,0.4478165854080545,0.4527378325549052,1.0109894258212129,0.5582515932663077,5,5.2,True,True,True,False,PASS,0.17672,True,1.0,0.18157,True,0.18023,True,0.13133,True
C3,2354_966_1008_38,user,26,2,0.2014552687252959,0.15014788520331301,0.7453162488793205,0.5951683636760075,6,4.33,True,True,True,False,PASS,0.11138,True,1.0,0.0563,True,0.10504,True,0.06957,True
C3,2356_889_866_38,model,27,2,-0.02700349087353659,-0.02766772566653386,1.0245981083004427,1.0522658339669766,8,3.38,True,True,True,False,PASS,0.15967,False,1.0,0.15207,False,0.15742,False,0.20394,False
C3,2356_889_866_38,user,27,2,0.11366857418207929,0.09084372043710576,0.7991982048757673,0.7083544844386616,7,3.86,True,True,True,False,PASS,0.23978,False,1.0,0.23978,False,0.24366,False,0.15435,False
C3,2358_361_1062_53,model,34,2,0.35530903534414243,0.32001719180106614,0.9006728227192602,0.580655630918194,6,5.67,True,True,True,False,PASS,0.15183,True,1.0,0.10743,True,0.15204,True,0.09365,True
C3,2358_361_1062_53,user,34,2,0.24434775576066045,0.2304364835152417,0.9430677306525177,0.712631247137276,7,4.86,True,True,True,False,PASS,0.12948,True,1.0,0.13931,True,0.24527,False,0.14188,True
C3,2359_866_367_10,model,27,2,-0.025423523512239667,-0.026112750344644997,1.027109807657995,1.05322255800264,8,3.38,True,True,True,False,PASS,0.15286,False,1.0,0.11521,False,0.14926,False,0.05055,False
C3,2359_866_367_10,user,27,2,0.02652745026642769,0.027068959372150925,1.0204131607178453,0.9933442013456943,8,3.38,True,True,True,False,PASS,0.15004,False,1.0,0.13377,False,0.12961,False,0.0648,False
C3,235_722_500_30,model,24,2,0.005106734429067046,0.005307896122125122,1.0393914537464652,1.0340835576243401,7,3.43,True,True,True,False,PASS,0.18784,False,1.0,0.07299,False,0.19845,False,0.12211,False
C3,235_722_500_30,user,24,2,0.06616973494628216,0.06147103105830165,0.9289901358711047,0.867519104812803,8,3.0,True,True,True,False,PASS,0.25153,False,1.0,0.26903,False,0.26903,False,0.05727,True
C3,2360_873_1062_26,model,36,2,0.010740460832257215,0.00995016930693493,0.9264192163013366,0.9164690469944017,8,4.5,True,True,True,False,PASS,0.14741,False,1.0,0.15303,False,0.12614,False,0.04833,False
C3,2360_873_1062_26,user,36,2,0.24056151072781687,0.20558659058073236,0.8546113214816944,0.649024730900962,7,5.14,True,True,True,False,PASS,0.13341,True,1.0,0.13341,True,0.1046,True,0.1491,True
C3,2361_212_361_10,model,27,2,0.14548622906490166,0.14535452432343687,0.9990947270933386,0.8537402027699017,7,3.86,True,True,True,False,PASS,0.18066,False,1.0,0.15129,False,0.18957,False,0.18142,False
C3,2361_212_361_10,user,27,2,0.25880711798403416,0.2608884309443167,1.0080419463594927,0.747153515415176,7,3.86,True,True,True,False,PASS,0.15761,True,1.0,0.14815,True,0.14368,True,0.37232,False
C3,2362_367_1062_35,model,33,2,0.08609631041296058,0.08475355401467177,0.9844040192680932,0.8996504652534214,7,4.71,True,True,True,False,PASS,0.12271,False,1.0,0.10327,False,0.13016,False,0.05033,True
C3,2362_367_1062_35,user,33,2,0.08616440463595727,0.08634329506178329,1.0020761522879642,0.9157328572261809,8,4.12,True,True,True,False,PASS,0.12941,False,1.0,0.09928,False,0.12405,False,0.14831,False
C3,2363_583_249_38,model,27,2,0.13232119187608907,0.10636794668823002,0.8038617637894109,0.6974938171011809,7,3.86,True,True,True,False,PASS,0.20854,False,1.0,0.13344,False,0.28488,False,0.19535,False
C3,2363_583_249_38,user,27,2,0.35211840619306656,0.3244207780541558,0.9213400161656867,0.5969192381115309,6,4.5,True,True,True,False,PASS,0.16995,True,1.0,0.21429,True,0.25749,True,0.14709,True
C3,2364_1057_1062_34,model,34,2,0.25171452343912737,0.2158935613801023,0.8576921125979935,0.6417985512178912,6,5.67,True,True,True,False,PASS,0.15208,True,1.0,0.15854,True,0.15854,True,0.11406,True
C3,2364_1057_1062_34,user,34,2,-0.022342124641950786,-0.021182567667550778,0.9480999684236493,0.9692825360912001,6,5.67,True,True,True,False,PASS,0.1328,False,1.0,0.06312,False,0.09108,False,0.12518,False
C3,2365_1078_887_22,model,29,2,0.22897199633526977,0.23733182660348517,1.0365102737540648,0.7991784471505796,7,4.14,True,True,True,False,PASS,0.14588,True,1.0,0.17349,True,0.14117,True,0.03023,True
C3,2365_1078_887_22,user,29,2,0.14952212163213635,0.14466934476782556,0.9675447565126858,0.8228754117448602,7,4.14,True,True,True,False,PASS,0.15628,False,1.0,0.18534,False,0.13659,True,0.00548,True
C3,2366_534_343_60,model,31,2,0.10161328179788481,0.1046904299345841,1.030282932331818,0.9255925023972338,7,4.43,True,True,True,False,PASS,0.11357,False,1.0,0.11678,False,0.11075,False,0.03958,True
C3,2366_534_343_60,user,31,2,0.19241165697499824,0.19390569260749357,1.0077647875185103,0.8138590949110167,8,3.88,True,True,True,False,PASS,0.12052,True,1.0,0.15282,True,0.12537,True,0.14607,True
C3,2367_600_249_59,model,25,2,0.03021987217973104,0.028650629301191888,0.9480724845821265,0.9194218552809346,7,3.57,True,True,True,False,PASS,0.18323,False,1.0,0.21825,False,0.19685,False,0.06329,False
C3,2367_600_249_59,user,25,2,0.1377855267675877,0.1253874936753533,0.9100193366960302,0.7846318430206769,7,3.57,True,True,True,False,PASS,0.24258,False,1.0,0.14585,False,0.2115,False,0.11737,True
C3,2368_583_1062_11,model,29,2,0.13268387389659855,0.11928609888848363,0.8990248429243488,0.7797387440358652,7,4.14,True,True,True,False,PASS,0.18216,False,1.0,0.13268,False,0.18344,False,0.31468,False
C3,2368_583_1062_11,user,29,2,0.2286552510948518,0.2296366206088729,1.0042919176765988,0.7746552970677258,7,4.14,True,True,True,False,PASS,0.14351,True,1.0,0.13407,True,0.12066,True,0.28849,False
C3,2369_361_611_38,model,33,2,-0.027400592519965523,-0.026973253406981312,0.9844040192680932,1.0113772726750745,8,4.12,True,True,True,False,PASS,0.12493,False,1.0,0.14811,False,0.11391,False,0.04648,False
C3,2369_361_611_38,user,33,2,0.043208870138108334,0.042711486299976786,0.9884888487817024,0.9457773624817256,8,4.12,True,True,True,False,PASS,0.13129,False,1.0,0.12505,False,0.14521,False,0.41557,False
C3,236_892_827_28,model,31,2,0.08992082573864754,0.09239217445078918,1.027483607849916,0.9350914333991269,8,3.88,True,True,True,False,PASS,0.14692,False,1.0,0.14648,False,0.13481,False,0.23364,False
C3,236_892_827_28,user,31,2,0.08041678805183419,0.0767026400704055,0.9538137735738131,0.8771111335034076,7,4.43,True,True,True,False,PASS,0.15656,False,1.0,0.12212,False,0.1372,False,0.23833,False
C3,2370_887_249_19,model,24,2,0.12182912175250674,0.12490885262033591,1.0252791025949082,0.9003702499745723,7,3.43,True,True,True,False,PASS,0.19987,False,1.0,0.14081,False,0.1575,False,0.26858,False
C3,2370_887_249_19,user,24,2,0.1518798478548746,0.14679801023472594,0.9665404088039087,0.8197423985691827,7,3.43,True,True,True,False,PASS,0.21097,False,1.0,0.22163,False,0.2753,False,0.36682,False
C3,2371_878_249_28,model,24,2,0.20413222351321314,0.20529592254852158,1.0057007120937627,0.8004047895452411,6,4.0,True,True,True,False,PASS,0.19414,True,1.0,0.18903,True,0.20275,True,0.01374,True
C3,2371_878_249_28,user,24,2,0.5161037753255376,0.5291504156116114,1.0252791025949082,0.4961286869832968,6,4.0,True,True,True,False,PASS,0.1829,True,1.0,0.16409,True,0.33334,True,0.0069,True
C3,2372_887_965_6,model,32,2,-0.0437918815737708,-0.041742639527205805,0.9532049783448358,0.9949476178720416,8,4.0,True,True,True,False,PASS,0.13897,False,1.0,0.14095,False,0.13764,False,0.10554,False
C3,2372_887_965_6,user,32,2,0.05205611412326696,0.04896170036970626,0.9405561900714825,0.8915944897017762,8,4.0,True,True,True,False,PASS,0.13388,False,1.0,0.15987,False,0.14963,False,0.20401,False
C3,2373_249_250_46,model,49,2,0.04264225462517287,0.040850961969912336,0.9579925435227085,0.9171415815527961,8,6.12,True,True,True,False,PASS,0.0713,False,1.0,0.05274,False,0.07495,False,0.06275,False
C3,2373_249_250_46,user,49,2,0.03326174071444988,0.03398834908060744,1.0218451695717146,0.9878568204911071,8,6.12,True,True,True,False,PASS,0.06098,False,1.0,0.06782,False,0.06595,False,0.04725,False
C3,2375_670_1119_22,model,24,2,-0.05359479440178076,-0.05654582258408114,1.0550618435099794,1.1116076660940606,8,3.0,True,True,True,False,PASS,0.16794,False,1.0,0.16794,False,0.2017,False,0.13493,False
C3,2375_670_1119_22,user,24,2,-0.023569162613389538,-0.02449758619231779,1.0393914537464652,1.063889039938783,8,3.0,True,True,True,False,PASS,0.17244,False,1.0,0.21561,False,0.19503,False,0.21636,False
C3,2376_583_343_37,model,27,2,0.21570476334642377,0.22678681061295025,1.0513759969627032,0.824589186349753,7,3.86,True,True,True,False,PASS,0.14673,True,1.0,0.15024,True,0.15024,True,0.03915,True
C3,2376_583_343_37,user,27,2,0.26911651891835564,0.28103955584609386,1.0443043666574605,0.7632648108113667,7,3.86,True,True,True,False,PASS,0.13592,True,1.0,0.1491,True,0.21895,True,0.0768,True
C3,2377_1269_1270_27,model,29,2,0.26174860732124333,0.25354091036905135,0.96864282474627,0.7151019143772186,7,4.14,True,True,True,False,PASS,0.16012,True,1.0,0.16012,True,0.18436,True,0.04954,True
C3,2377_1269_1270_27,user,29,2,-0.022146035794178228,-0.022276588491998206,1.005895082037856,1.0281716705298543,8,3.62,True,True,True,False,PASS,0.14274,False,1.0,0.13396,False,0.14943,False,0.16479,False
C3,2378_1214_841_50,model,30,2,0.14500166973862275,0.1470153352808794,1.0138871886502165,0.8668718533693371,7,4.29,True,True,True,False,PASS,0.13722,True,1.0,0.07895,True,0.13766,True,0.10691,True
C3,2378_1214_841_50,user,30,2,0.2926536131860774,0.3024404847474278,1.0334418271990635,0.7310013424516357,7,4.29,True,True,True,False,PASS,0.12885,True,1.0,0.13075,True,0.13394,True,0.12964,True
C3,2379_205_1294_50,model,28,2,0.16947271001938943,0.14504114210032426,0.855837745697995,0.7107966035976707,7,4.0,True,True,True,False,PASS,0.22656,False,1.0,0.23077,False,0.26027,False,0.19807,False
C3,2379_205_1294_50,user,28,2,0.039720272324147404,0.03711064043374879,0.9342997482720649,0.8971891078383161,8,3.5,True,True,True,False,PASS,0.17802,False,1.0,0.19134,False,0.22036,False,0.17531,False
C3,237_595_615_14,model,25,2,0.27502799186931176,0.2879017361243128,1.0468088508646,0.7589071147402873,7,3.57,True,True,True,False,PASS,0.16754,True,1.0,0.16594,True,0.15103,True,0.03357,True
C3,237_595_615_14,user,25,2,0.04713306740359857,0.04656556886972518,0.9879596519994355,0.9413940831297103,7,3.57,True,True,True,False,PASS,0.19678,False,1.0,0.15638,False,0.18717,False,-0.00415,True
C3,2380_430_431_37,model,28,2,0.04808892855906007,0.049722940261404336,1.0339789583861796,0.9842560181247753,8,3.5,True,True,True,False,PASS,0.14245,False,1.0,0.11292,False,0.11413,False,0.05308,False
C3,2380_430_431_37,user,28,2,-0.017247777538937033,-0.01800907531009943,1.0441388909060174,1.0621479662161168,8,3.5,True,True,True,False,PASS,0.14683,False,1.0,0.14424,False,0.14424,False,0.11501,False
C3,2381_1486_1487_22,model,39,2,-0.021488243743552665,-0.021773972303732902,1.0132969712923128,1.0350709435960457,8,4.88,True,True,True,False,PASS,0.0979,False,1.0,0.08537,False,0.09757,False,0.04559,False
C3,2381_1486_1487_22,user,39,2,-0.038082453940988706,-0.03383503747708694,0.8884678894253132,0.9223029269024001,8,4.88,True,True,True,False,PASS,0.09987,False,1.0,0.10207,False,0.07593,False,0.11607,False
C3,2382_204_1294_0,model,27,2,0.005458284176466409,0.005532282444917103,1.0135570567706496,1.0080247743257325,8,3.38,True,True,True,False,PASS,0.15707,False,1.0,0.12799,False,0.14195,False,0.12609,False
C3,2382_204_1294_0,user,27,2,0.020849200240819654,0.020907536671702864,1.002798017679786,0.9818904810080831,8,3.38,True,True,True,False,PASS,0.19427,False,1.0,0.14584,False,0.1651,False,-0.00061,True
C3,2383_1047_819_0,model,32,2,-0.0321891388033958,-0.030759923096145503,0.9555994425330969,0.9863593656292424,8,4.0,True,True,True,False,PASS,0.14854,False,1.0,0.17587,False,0.15175,False,0.0989,False
C3,2383_1047_819_0,user,32,2,0.3032328352832815,0.3107768210271715,1.024878525232409,0.7141017042052376,7,4.57,True,True,True,False,PASS,0.11403,True,1.0,0.09701,True,0.13292,True,0.09221,True
C3,2384_752_925_36,model,28,2,0.2366300393252311,0.21643257494876167,0.9146453914555224,0.6982128165067607,6,4.67,True,True,True,False,PASS,0.16324,True,1.0,0.16858,True,0.16858,True,0.0668,True
C3,2384_752_925_36,user,28,2,0.229334683307046,0.1962732783718658,0.8558377456979948,0.659564467326129,7,4.0,True,True,True,False,PASS,0.20482,True,1.0,0.23035,False,0.23077,False,0.21435,True
C3,2385_958_959_36,model,26,2,0.2051465445634768,0.1995035002958876,0.9724926184859861,0.7729891181900985,5,5.2,True,True,True,False,PASS,0.19868,True,1.0,0.20515,False,0.16151,True,0.26817,False
C3,2385_958_959_36,user,26,2,0.482967447634303,0.4483666448098179,0.9283578986659068,0.4799912538560889,5,5.2,True,True,True,False,PASS,0.19696,True,1.0,0.17462,True,0.22139,True,0.27736,True
C3,2386_786_1255_58,model,31,2,0.17605572445914283,0.17303492578235513,0.9828418037182953,0.8098068779359402,7,4.43,True,True,True,False,PASS,0.12806,True,1.0,0.17606,False,0.17429,True,0.18976,False
C3,2386_786_1255_58,user,31,2,0.07348989928916864,0.06714454567510153,0.9136567926280675,0.846512246952966,7,4.43,True,True,True,False,PASS,0.15782,False,1.0,0.14058,False,0.15304,False,0.23742,False
C3,2387_1417_1436_35,model,31,2,0.14818262948783123,0.1440719923326409,0.9722596557410402,0.8281876634083993,7,4.43,True,True,True,False,PASS,0.1394,True,1.0,0.14017,True,0.16866,False,0.21598,False
C3,2387_1417_1436_35,user,31,2,-0.03435539777422747,-0.034980712283294135,1.0182013467920246,1.0531820590753187,8,3.88,True,True,True,False,PASS,0.12115,False,1.0,0.11629,False,0.14279,False,0.18328,False
C3,2388_819_772_58,model,30,2,0.06487670531344715,0.06695022631283143,1.0319609479144511,0.9650107216016197,8,3.75,True,True,True,False,PASS,0.10812,False,1.0,0.10262,False,0.10868,False,0.33941,False
C3,2388_819_772_58,user,30,2,-0.01883856156923288,-0.01950110089278101,1.0351693159328146,1.0546704168255956,8,3.75,True,True,True,False,PASS,0.11031,False,1.0,0.09739,False,0.11392,False,0.06582,False
C3,2389_78_79_28,model,25,2,0.043209741105169994,0.040813934611309444,0.9445540187794854,0.903740084168176,7,3.57,True,True,True,False,PASS,0.17206,False,1.0,0.15987,False,0.19607,False,0.06947,False
C3,2389_78_79_28,user,25,2,-3.587653893526996e-05,-3.752051244587662e-05,1.0458230799122732,1.045860600424719,8,3.12,True,True,True,False,PASS,0.18436,False,1.0,0.192,False,0.16251,False,0.09903,False
C3,238_80_294_6,model,31,2,0.024468125725857943,0.02368107716774437,0.9678337210241722,0.9441526438564278,8,3.88,True,True,True,False,PASS,0.14731,False,1.0,0.11517,False,0.13258,False,0.02524,False
C3,238_80_294_6,user,31,2,0.15861303674369576,0.1601080345522743,1.0094254409301444,0.8493174063778701,7,4.43,True,True,True,False,PASS,0.12093,True,1.0,0.1592,False,0.135,True,0.18593,False
C3,2390_73_938_44,model,24,2,0.07377497751407708,0.06611390714023524,0.896156249286826,0.8300423421465908,5,4.8,True,True,True,False,PASS,0.2241,False,1.0,0.07377,False,0.22134,False,0.2241,False
C3,2390_73_938_44,user,24,2,0.7605651215409002,0.7353354044491809,0.9668276701400611,0.23149226569088022,5,4.8,True,True,True,False,PASS,0.21145,True,1.0,0.22915,True,0.22915,True,0.22915,True
C3,2391_772_169_44,model,30,2,-0.01571642430592772,-0.015086367025232805,0.9599109015873746,0.9749972686126074,8,3.75,True,True,True,False,PASS,0.15687,False,1.0,0.11193,False,0.14387,False,0.07131,False
C3,2391_772_169_44,user,30,2,-0.040343763814953894,-0.04076131828730811,1.0103499136637184,1.0511112319510265,8,3.75,True,True,True,False,PASS,0.13136,False,1.0,0.1212,False,0.11516,False,0.04702,False
C3,2392_819_205_44,model,29,2,-0.03140523098223723,-0.030647577466276887,0.9758749261742774,1.0065225036405543,8,3.62,True,True,True,False,PASS,0.15494,False,1.0,0.18251,False,0.17727,False,0.15494,False
C3,2392_819_205_44,user,29,2,0.09529942079858002,0.09860845972756294,1.0347225502658273,0.9361140905382643,8,3.62,True,True,True,False,PASS,0.13775,False,1.0,0.0953,False,0.14882,False,0.0953,False
C3,2393_772_316_41,model,28,2,0.22823096014675,0.1953286704304834,0.8558377456979948,0.6605090752675113,6,4.67,True,True,True,False,PASS,0.18456,True,1.0,0.11207,True,0.18456,True,0.23077,False
C3,2393_772_316_41,user,28,2,0.44944397549537973,0.40078070829852686,0.8917256213230671,0.49094491302454024,6,4.67,True,True,True,False,PASS,0.17359,True,1.0,0.20441,True,0.19774,True,0.15024,True
C3,2394_482_1039_34,model,26,2,-0.014462451542931482,-0.01433969134029689,0.9915117985169954,1.0058514898572923,6,4.33,True,True,True,False,PASS,0.20884,False,1.0,0.15354,False,0.12537,False,-0.03965,True
C3,2394_482_1039_34,user,26,2,0.4487746666248684,0.4166235064823557,0.9283578986659068,0.5117343921835511,6,4.33,True,True,True,False,PASS,0.17826,True,1.0,0.17462,True,0.17749,True,0.08114,True
C3,2395_1417_819_34,model,35,2,-0.03417312344498193,-0.03473516839953228,1.0164469880973925,1.0511821564969248,8,4.38,True,True,True,False,PASS,0.09782,False,1.0,0.09903,False,0.09331,False,0.18537,False
C3,2395_1417_819_34,user,35,2,0.023405653832677734,0.021954301252121278,0.9379913677724245,0.9160370665203033,8,4.38,True,True,True,False,PASS,0.12227,False,1.0,0.15158,False,0.12846,False,0.08247,False
C3,2396_205_1498_34,model,24,2,0.24896717914452376,0.246395665297378,0.9896712737157494,0.7432756084183714,7,3.43,True,True,True,False,PASS,0.163,True,1.0,0.163,True,0.18058,True,0.07909,True
C3,2396_205_1498_34,user,24,2,-0.05505178459520541,-0.05769473128106317,1.0480083743931516,1.1057031056742148,8,3.0,True,True,True,False,PASS,0.1931,False,1.0,0.20096,False,0.22281,False,-0.02993,False
C3,2397_431_984_18,model,26,2,-0.023500479880403925,-0.023637383623362318,1.0058255722289549,1.0294629558523172,6,4.33,True,True,True,False,PASS,0.1595,False,1.0,0.14433,False,0.14442,False,0.13854,False
C3,2397_431_984_18,user,26,2,0.43096254828293606,0.42248937217228133,0.9803389502303297,0.5578495780580484,6,4.33,True,True,True,False,PASS,0.1803,True,1.0,0.2122,True,0.19625,True,-0.00986,True
C3,2398_1273_167_4,model,34,2,0.16874983339551206,0.1677135634324156,0.9938591348966392,0.8261455714642236,7,4.86,True,True,True,False,PASS,0.13871,True,1.0,0.12826,True,0.16132,True,0.16122,True
C3,2398_1273_167_4,user,34,2,0.05871071659628997,0.05334082737199619,0.9085364728007235,0.8551956454287273,7,4.86,True,True,True,False,PASS,0.14789,False,1.0,0.08774,False,0.17298,False,0.16616,False
C3,2399_204_205_36,model,32,2,0.330996637439733,0.3192527916759329,0.9645197429960648,0.6452669513201319,6,5.33,True,True,True,False,PASS,0.13641,True,1.0,0.12798,True,0.28648,True,0.19461,True
C3,2399_204_205_36,user,32,2,0.13394080665575905,0.11918213619564533,0.8898119936066613,0.770629857411016,6,5.33,True,True,True,False,PASS,0.15176,False,1.0,0.12169,True,0.16948,False,0.2605,False
C3,239_862_1064_6,model,46,2,0.1356993912436939,0.1275396373353811,0.939868898205599,0.812329260870218,7,6.57,True,True,True,False,PASS,0.0972,True,1.0,0.08828,True,0.10165,True,0.06275,True
C3,239_862_1064_6,user,46,2,0.0013627665638696578,0.0013699162578821866,1.0052464554106955,1.0038765391528133,8,5.75,True,True,True,False,PASS,0.07679,False,1.0,0.08326,False,0.08057,False,0.05129,False
C3,23_113_954_23,model,36,2,0.31827741773368945,0.25480836730263423,0.8005857566553423,0.545777389352708,7,5.14,True,True,True,False,PASS,0.14375,True,1.0,0.16935,True,0.14106,True,0.17574,True
C3,23_113_954_23,user,36,2,0.08572498935875734,0.0567780805514323,0.6623282309644528,0.6055501504130205,6,6.0,True,True,True,False,PASS,0.08572,False,1.0,0.08572,False,0.24195,False,0.04351,True
C3,2400_984_147_4,model,27,2,0.12313997476383377,0.12502866618543362,1.0153377603432363,0.8903090941578027,7,3.86,True,True,True,False,PASS,0.15895,False,1.0,0.13137,False,0.13127,False,0.1089,True
C3,2400_984_147_4,user,27,2,0.02757947331525828,0.02578242385691054,0.9348410523360674,0.9090586284791569,7,3.86,True,True,True,False,PASS,0.17958,False,1.0,0.10184,False,0.15678,False,0.14571,False
C3,2401_772_1003_34,model,26,2,0.0138160369431022,0.014316223330531619,1.0362033186136739,1.0218870952831423,8,3.25,True,True,True,False,PASS,0.15644,False,1.0,0.15638,False,0.15638,False,0.08468,False
C3,2401_772_1003_34,user,26,2,0.04319267803652556,0.034622953039852966,0.8015931082248322,0.7669701551849792,7,3.71,True,True,True,False,PASS,0.19749,False,1.0,0.17538,False,0.15789,False,0.09392,False
C3,2403_417_431_27,model,41,2,-0.016947794907042738,-0.016286701102816492,0.9609923410182686,0.9772790421210851,6,6.83,True,True,True,False,PASS,0.11469,False,1.0,0.05233,False,0.0602,False,0.16083,False
C3,2403_417_431_27,user,41,2,0.2975467076177384,0.2567306953368558,0.8628248566160597,0.6060941612792039,6,6.83,True,True,True,False,PASS,0.1277,True,1.0,0.1389,True,0.1201,True,0.18998,True
C3,2405_628_649_55,model,34,2,0.2800900507014797,0.28068087961389376,1.0021094248472389,0.7214285452333451,7,4.86,True,True,True,False,PASS,0.11239,True,1.0,0.13201,True,0.10013,True,0.13201,True
C3,2405_628_649_55,user,34,2,0.003979447456923093,0.0038462187080197108,0.9665207920583039,0.9626745733502842,8,4.25,True,True,True,False,PASS,0.12505,False,1.0,0.16917,False,0.14765,False,0.15439,False
C3,2406_758_222_44,model,25,2,0.23454283638198223,0.17212784948504178,0.7338866202023333,0.5617587707172915,6,4.17,True,True,True,False,PASS,0.17171,True,1.0,0.06018,True,0.16687,True,0.06018,True
C3,2406_758_222_44,user,25,2,0.013081560720358341,0.013608461893973356,1.0402781583083598,1.0266696964143864,7,3.57,True,True,True,False,PASS,0.17134,False,1.0,0.13303,False,0.18184,False,0.17134,False
C3,2407_1215_417_21,model,25,2,0.07859802718560384,0.05454820331157362,0.6940149169744654,0.6394667136628918,6,4.17,True,True,True,False,PASS,0.16262,False,0.84,0.0786,False,0.11655,False,0.28072,False
C3,2407_1215_417_21,user,25,2,0.015131488532528017,0.01551773629847042,1.025526091839021,1.0100083555405506,7,3.57,True,True,True,False,PASS,0.1863,False,1.0,0.18733,False,0.16984,False,0.08874,False
C3,2408_194_1471_56,model,34,2,0.32756635037925785,0.293463809720689,0.8958911969465582,0.6024273872258692,6,5.67,True,True,True,False,PASS,0.13563,True,1.0,0.11055,True,0.28362,True,0.1097,True
C3,2408_194_1471_56,user,34,2,0.0362132001232615,0.03346771664687975,0.9241855603195315,0.8907178436726517,6,5.67,True,True,True,False,PASS,0.14186,False,1.0,0.10304,False,0.2251,False,0.1412,False
C3,2409_1148_1149_56,model,28,2,0.03989517642782772,0.03912222305009194,0.9806253926678558,0.9415031696177638,7,4.0,True,True,True,False,PASS,0.14012,False,1.0,0.11273,False,0.16686,False,0.13895,False
C3,2409_1148_1149_56,user,28,2,0.23248947187766256,0.18620721152249076,0.8009275001513797,0.614720288628889,7,4.0,True,True,True,False,PASS,0.20397,True,1.0,0.2072,True,0.19861,True,0.20397,True
C3,240_210_211_9,model,24,2,0.02152715784344171,0.015200783613993574,0.7061212504011309,0.6909204667871374,5,4.8,True,True,True,False,PASS,0.20841,False,0.833,0.11146,False,0.18066,False,0.22007,False
C3,240_210_211_9,user,24,2,0.4822464804767256,0.4772654885783383,0.9896712737157494,0.5124057851374111,5,4.8,True,True,True,False,PASS,0.21991,True,1.0,0.21991,True,0.17322,True,0.18984,True
C3,2411_859_1196_35,model,40,2,-0.027185692786842637,-0.028117039932050503,1.034258723973318,1.0623757639053686,8,5.0,True,True,True,False,PASS,0.07966,False,1.0,0.10893,False,0.13509,False,0.14941,False
C3,2411_859_1196_35,user,40,2,0.26563371608116454,0.2671778417769599,1.0058129883456646,0.7386351465687047,8,5.0,True,True,True,False,PASS,0.08215,True,1.0,0.06478,True,0.10583,True,0.14412,True
C3,2412_1148_87_35,model,27,2,0.14381167280154922,0.14734916790398955,1.0245981083004427,0.8772489403964532,6,4.5,True,True,True,False,PASS,0.19075,False,1.0,0.0538,True,0.20424,False,0.12208,True
C3,2412_1148_87_35,user,27,2,0.21655669862342009,0.16045696427480494,0.740946667984769,0.5804897037099641,5,5.4,True,True,True,False,PASS,0.10165,True,1.0,0.21656,False,0.11118,True,0.06348,True
C3,2415_194_195_42,model,30,2,0.022811339339787007,0.02204455142298123,0.9663856687507881,0.9443411173278069,8,3.75,True,True,True,False,PASS,0.16218,False,1.0,0.15146,False,0.15225,False,0.10666,False
C3,2415_194_195_42,user,30,2,-0.011673266955683813,-0.011084899872502163,0.9495970506444069,0.9606819505169091,8,3.75,True,True,True,False,PASS,0.15736,False,1.0,0.15589,False,0.16674,False,0.38792,False
C3,2416_583_841_0,model,30,2,0.291932774628311,0.30219985061035737,1.035169315932815,0.7329694653224577,7,4.29,True,True,True,False,PASS,0.12336,True,1.0,0.14204,True,0.12708,True,0.21817,True
C3,2416_583_841_0,user,30,2,0.1363925253402381,0.13828663407011743,1.0138871886502165,0.8756005545800991,7,4.29,True,True,True,False,PASS,0.13719,False,1.0,0.16353,False,0.14261,False,0.0095,True
C3,2417_870_871_2,model,28,2,-0.04969245476938051,-0.048998573821807834,0.9860364928480002,1.035035066669808,8,3.5,True,True,True,False,PASS,0.16662,False,1.0,0.12577,False,0.16264,False,0.16626,False
C3,2417_870_871_2,user,28,2,0.04410522846254975,0.04473513361241621,1.0142818702413325,0.9695467366289163,8,3.5,True,True,True,False,PASS,0.14986,False,1.0,0.16855,False,0.14218,False,0.32248,False
C3,2418_628_629_4,model,29,2,0.06558305549766967,0.06394434440591423,0.9750131938910094,0.9110688494850951,8,3.62,True,True,True,False,PASS,0.15491,False,1.0,0.14894,False,0.15491,False,0.18796,False
C3,2418_628_629_4,user,29,2,0.021611900619177594,0.02170465711746994,1.0042919176765988,0.9825872605591288,8,3.62,True,True,True,False,PASS,0.14677,False,1.0,0.13586,False,0.17431,False,0.09227,False
C3,2419_180_859_22,model,26,2,0.2202590161291802,0.22848815997696015,1.0373612122327542,0.8088730522557941,7,3.71,True,True,True,False,PASS,0.14103,True,1.0,0.20053,True,0.18445,True,0.24043,False
C3,2419_180_859_22,user,26,2,0.006297579243042188,0.006532864437694075,1.0373612122327542,1.0308283477950602,8,3.25,True,True,True,False,PASS,0.16076,False,1.0,0.18194,False,0.15766,False,0.08436,False
C3,241_595_215_9,model,30,2,0.18616416001090758,0.17290303358976922,0.9287664907124906,0.7558634571227214,5,6.0,True,True,True,False,PASS,0.15288,True,1.0,0.18616,False,0.15564,True,0.3527,False
C3,241_595_215_9,user,30,2,0.5146498548512386,0.4411051293927757,0.8570975494013862,0.4159924200086105,5,6.0,True,True,True,False,PASS,0.19584,True,1.0,0.19584,True,0.27264,True,0.51465,False
C3,2420_629_870_9,model,27,2,0.043015477644559735,0.04522544069337586,1.0513759969627032,1.0061505562693274,8,3.38,True,True,True,False,PASS,0.14673,False,1.0,0.12983,False,0.12983,False,0.159,False
C3,2420_629_870_9,user,27,2,-0.023012109373819846,-0.02112537922521862,0.9180114209457175,0.9391368001709361,8,3.38,True,True,True,False,PASS,0.14769,False,1.0,0.18987,False,0.14693,False,0.13963,False
C3,2421_955_907_14,model,27,2,-0.01748446618421229,-0.017299026640219983,0.9893940402847559,1.0066930669249758,8,3.38,True,True,True,False,PASS,0.16879,False,1.0,0.16299,False,0.16203,False,-0.01644,False
C3,2421_955_907_14,user,27,2,-0.006557352747610889,-0.006253949196814768,0.9537307870303815,0.9599847362271963,8,3.38,True,True,True,False,PASS,0.15057,False,1.0,0.14658,False,0.15028,False,0.13839,False
C3,2423_194_841_36,model,31,2,0.03429466500102469,0.029845431946046275,0.8702645716222778,0.8404191396762315,7,4.43,True,True,True,False,PASS,0.15647,False,1.0,0.14296,False,0.14296,False,0.09681,False
C3,2423_194_841_36,user,31,2,-0.019567824213816608,-0.020089303251296986,1.0266498222685467,1.0467391255198437,8,3.88,True,True,True,False,PASS,0.14023,False,1.0,0.14914,False,0.11702,False,0.11824,False
C3,2424_1185_629_1,model,27,2,-0.007164771038134689,-0.007367873466328723,1.0283473717601044,1.035715245226433,6,4.5,True,True,True,False,PASS,0.15237,False,1.0,0.0744,False,0.12435,False,0.21464,False
C3,2424_1185_629_1,user,27,2,0.29851893273713226,0.2715953386260205,0.9098094252707919,0.6382140866447714,6,4.5,True,True,True,False,PASS,0.18774,True,1.0,0.18774,True,0.1713,True,0.12221,True
C3,2425_1101_538_6,model,31,2,0.286761026929594,0.24955796225884763,0.870264571622278,0.6207066093634304,6,5.17,True,True,True,False,PASS,0.14617,True,1.0,0.18064,True,0.1726,True,0.12619,True
C3,2425_1101_538_6,user,31,2,-0.00207664498404794,-0.0021395318835770727,1.030282932331818,1.032422464215395,6,5.17,True,True,True,False,PASS,0.1392,False,1.0,0.06185,False,0.1103,False,0.14892,False
C3,2426_1113_1114_2,model,43,2,0.007842561689609027,0.007954987574735117,1.0143353523473138,1.0063803647725786,7,6.14,True,True,True,False,PASS,0.09843,False,1.0,0.07899,False,0.07335,False,0.08144,False
C3,2426_1113_1114_2,user,43,2,0.3166318312858597,0.22712831016743296,0.7173262057862347,0.4901978956188018,6,7.17,True,True,True,False,PASS,0.1499,True,1.0,0.14884,True,0.16615,True,0.17622,True
C3,2428_907_986_1,model,27,2,-0.006461592202062865,-0.005280155246152662,0.8171600870242123,0.8224402422703649,6,4.5,True,True,True,False,PASS,0.22116,False,1.0,0.17436,False,0.16996,False,0.05829,False
C3,2428_907_986_1,user,27,2,0.1446614155238215,0.1436556450749038,0.9930474173415504,0.8493917722666466,7,3.86,True,True,True,False,PASS,0.17625,False,1.0,0.18894,False,0.14104,True,0.1961,False
C3,2429_1455_1456_1,model,34,2,0.1587656057937034,0.15541996828607685,0.9789271896082214,0.8235072213221446,7,4.86,True,True,True,False,PASS,0.12861,True,1.0,0.15877,False,0.13024,True,0.43492,False
C3,2429_1455_1456_1,user,34,2,0.1717984732278269,0.14355572361181945,0.8356053515181481,0.6920496279063286,7,4.86,True,True,True,False,PASS,0.16605,True,1.0,0.19422,False,0.16208,True,0.32206,False
C3,242_836_837_29,model,24,2,0.08970955480197332,0.0817558854278767,0.9113397743233292,0.8295838888954525,6,4.0,True,True,True,False,PASS,0.20285,False,1.0,0.28772,False,0.1922,False,0.40087,False
C3,242_836_837_29,user,24,2,0.5452722688223469,0.5065525591000176,0.9289901358711047,0.42243757677108706,6,4.0,True,True,True,False,PASS,0.22131,True,1.0,0.25418,True,0.22713,True,0.2712,True
C3,2430_537_538_40,model,28,2,-0.029949931320517292,-0.03048799233960331,1.017965350682371,1.0484533430219742,8,3.5,True,True,True,False,PASS,0.14522,False,1.0,0.12555,False,0.15872,False,0.25817,False
C3,2430_537_538_40,user,28,2,-0.03354987958636004,-0.03415261493848032,1.017965350682371,1.0521179656208512,8,3.5,True,True,True,False,PASS,0.14995,False,1.0,0.11176,False,0.15573,False,0.11332,False
C3,2431_907_908_58,model,31,2,-0.01863785150823923,-0.018214743141408696,0.9772984366441867,0.9955131797855954,6,5.17,True,True,True,False,PASS,0.13613,False,1.0,0.10899,False,0.137,False,0.11257,False
C3,2431_907_908_58,user,31,2,0.49504335771371777,0.4469419177715357,0.9028338847644957,0.45589196699296,6,5.17,True,True,True,False,PASS,0.15661,True,1.0,0.14618,True,0.27246,True,0.16934,True
C3,2433_244_1239_52,model,34,2,0.3096373892237995,0.3211293584731889,1.037114281573674,0.7159849231004851,7,4.86,True,True,True,False,PASS,0.1178,True,1.0,0.10512,True,0.10512,True,0.12189,True
C3,2433_244_1239_52,user,34,2,-0.013913166518398485,-0.014309679795282415,1.0284991397436083,1.0428088195388907,8,4.25,True,True,True,False,PASS,0.10218,False,1.0,0.11941,False,0.11992,False,0.13802,False
C3,2434_498_465_52,model,25,2,-0.05071515205227148,-0.05071822043299301,1.00006050224829,1.050778722681283,8,3.12,True,True,True,False,PASS,0.18289,False,1.0,0.16558,False,0.19348,False,0.07634,False
C3,2434_498_465_52,user,25,2,0.10660529445632527,0.07823619924422709,0.7338866202023333,0.6556504209581062,6,4.17,True,True,True,False,PASS,0.16687,False,1.0,0.25515,False,0.16958,False,0.10661,False
C3,2435_1430_1356_47,model,34,2,0.03332482831868559,0.03142757021688758,0.9430677306525177,0.9116401604356301,7,4.86,True,True,True,False,PASS,0.12447,False,1.0,0.13453,False,0.12911,False,0.12295,False
C3,2435_1430_1356_47,user,34,2,0.0737524261304151,0.06980476548063486,0.9464741587917438,0.8766693933111089,8,4.25,True,True,True,False,PASS,0.14301,False,1.0,0.10539,False,0.12762,False,0.10772,False
C3,2436_498_505_47,model,25,2,0.2512477575132926,0.24671547845783204,0.9819609173816377,0.7352454389238057,6,4.17,True,True,True,False,PASS,0.17675,True,1.0,0.17319,True,0.18979,True,0.251,True
C3,2436_498_505_47,user,25,2,0.1808672633946478,0.1758056775394672,0.9720149143621621,0.796209236822695,7,3.57,True,True,True,False,PASS,0.17384,True,1.0,0.18087,False,0.1885,False,0.34212,False
C3,2438_64_498_53,model,26,2,0.17681610337715514,0.16065778269844444,0.9086151070513956,0.7479573243529511,7,3.71,True,True,True,False,PASS,0.1683,True,1.0,0.17682,False,0.15737,True,0.34581,False
C3,2438_64_498_53,user,26,2,0.03196092811441705,0.03249547065883562,1.0167248755262976,0.984229404867462,7,3.71,True,True,True,False,PASS,0.17255,False,1.0,0.10822,False,0.13618,False,0.1917,False
C3,2439_465_1430_5,model,28,2,0.0857700723685973,0.08849831232823413,1.0318087636432463,0.9433104513150121,7,4.0,True,True,True,False,PASS,0.14456,False,1.0,0.15099,False,0.1445,False,0.19133,False
C3,2439_465_1430_5,user,28,2,0.04555432697734548,0.04217787462470424,0.9258807543283346,0.8837028797036304,8,3.5,True,True,True,False,PASS,0.15058,False,1.0,0.17167,False,0.15053,False,0.16079,False
C3,2440_1381_466_5,model,40,2,0.017340254860685606,0.01658858560502774,0.9566517757843297,0.940063190179302,7,5.71,True,True,True,False,PASS,0.11263,False,1.0,0.13867,False,0.10172,False,0.13399,False
C3,2440_1381_466_5,user,40,2,0.3319894682353646,0.2615262032532132,0.7877545171637904,0.5262283139105772,7,5.71,True,True,True,False,PASS,0.12633,True,1.0,0.10981,True,0.1138,True,0.21782,True
C3,2441_498_1430_38,model,25,2,0.014770996229389753,0.014496107545376447,0.9813899699286117,0.9668938623832353,8,3.12,True,True,True,False,PASS,0.18657,False,1.0,0.16767,False,0.16329,False,0.2431,False
C3,2441_498_1430_38,user,25,2,-0.02126916437153098,-0.022243782990194916,1.0458230799122732,1.068066862902468,8,3.12,True,True,True,False,PASS,0.18337,False,1.0,0.192,False,0.19144,False,0.03808,False
C3,2442_64_65_5,model,26,2,0.12503804221005838,0.11820745651927667,0.9453719398508605,0.8271644833315839,7,3.71,True,True,True,False,PASS,0.15811,False,1.0,0.15811,False,0.17819,False,0.07438,True
C3,2442_64_65_5,user,26,2,-0.05066333912314611,-0.05325809866027553,1.0512157228883474,1.104473821548623,8,3.25,True,True,True,False,PASS,0.17647,False,1.0,0.12696,False,0.14417,False,0.0522,False
C3,2443_465_65_28,model,25,2,0.09449637648028657,0.0919280995283761,0.9728214239786618,0.8808933244502857,7,3.57,True,True,True,False,PASS,0.17049,False,1.0,0.17607,False,0.18084,False,0.05869,True
C3,2443_465_65_28,user,25,2,0.13161412885351442,0.13002944894032697,0.9879596519994355,0.8579302030591085,7,3.57,True,True,True,False,PASS,0.17957,False,1.0,0.19678,False,0.18635,False,0.14174,False
C3,2444_465_466_16,model,31,2,-0.013381516462894831,-0.011432628845157167,0.8543597339552904,0.8657923628004476,6,5.17,True,True,True,False,PASS,0.18269,False,1.0,0.09063,False,0.15703,False,0.22572,False
C3,2444_465_466_16,user,31,2,0.19885938060771566,0.18904968826392599,0.9506702056809632,0.7616205174170372,6,5.17,True,True,True,False,PASS,0.15775,True,1.0,0.15775,True,0.16041,True,0.19886,False
C3,2445_512_513_4,model,42,2,-0.03191456810333381,-0.030981035439700433,0.9707490115294444,1.0017300469691448,8,5.25,True,True,True,False,PASS,0.10197,False,1.0,0.1179,False,0.10698,False,0.06438,False
C3,2445_512_513_4,user,42,2,-0.02040627730545873,-0.019423603773284004,0.9518445467801293,0.9712681505534133,8,5.25,True,True,True,False,PASS,0.10266,False,1.0,0.08417,False,0.07906,False,0.07208,False
C3,2447_513_466_39,model,34,2,0.006724495945599892,0.006391217520045123,0.9504381550303638,0.9440469375103187,8,4.25,True,True,True,False,PASS,0.13006,False,1.0,0.14522,False,0.14543,False,0.13314,False
C3,2447_513_466_39,user,34,2,-0.007611364117816755,-0.00662224564058822,0.8700471476705212,0.8766693933111094,8,4.25,True,True,True,False,PASS,0.13606,False,1.0,0.13606,False,0.12036,False,0.12639,False
C3,2448_1356_253_12,model,27,2,-0.028148434590658182,-0.02825558038056819,1.0038064564324145,1.0320620368129827,8,3.38,True,True,True,False,PASS,0.15456,False,1.0,0.13016,False,0.16113,False,0.1302,False
C3,2448_1356_253_12,user,27,2,-0.04766209516075795,-0.05011078281697312,1.0513759969627032,1.1014867797796764,8,3.38,True,True,True,False,PASS,0.1362,False,1.0,0.09234,False,0.13015,False,0.18939,False
C3,2449_971_886_12,model,41,2,-0.02936174030769747,-0.0291830241036537,0.9939132966176083,1.023096320721262,8,5.12,True,True,True,False,PASS,0.10138,False,1.0,0.09442,False,0.08788,False,0.08998,False
C3,2449_971_886_12,user,41,2,0.05378082226276303,0.051596711653346894,0.9593886720670617,0.9077919604137148,8,5.12,True,True,True,False,PASS,0.09753,False,1.0,0.05876,False,0.07212,False,0.13609,False
C3,244_1263_596_29,model,31,2,0.2709759221769738,0.2583887389251486,0.9535487022215775,0.6951599632964289,6,5.17,True,True,True,False,PASS,0.16283,True,1.0,0.13795,True,0.17554,True,0.16058,True
C3,244_1263_596_29,user,31,2,0.20489937730301896,0.1809285720279673,0.8830118197987394,0.7020832477707721,7,4.43,True,True,True,False,PASS,0.1687,True,1.0,0.18549,True,0.15799,True,0.04852,True
C3,2450_513_1356_26,model,38,2,0.06936386154609493,0.05992640865644505,0.8639427984646106,0.8040163898081656,7,5.43,True,True,True,False,PASS,0.13868,False,1.0,0.10705,False,0.12646,False,0.17754,False
C3,2450_513_1356_26,user,38,2,0.0634120101005412,0.0649391537002233,1.0240828763709078,0.9591437226706845,7,5.43,True,True,True,False,PASS,0.11313,False,1.0,0.08323,False,0.13446,False,0.3226,False
C3,2451_710_1080_22,model,34,2,-0.03643422094209394,-0.03602559597887156,0.988784583486173,1.0248101794650446,8,4.25,True,True,True,False,PASS,0.11786,False,1.0,0.11382,False,0.12702,False,0.08841,False
C3,2451_710_1080_22,user,34,2,-0.035442084546083864,-0.03329161380291046,0.9393243718388731,0.9726159856417835,8,4.25,True,True,True,False,PASS,0.12271,False,1.0,0.10904,False,0.13584,False,0.1498,False
C3,2453_103_104_22,model,33,2,-0.04121808258123615,-0.04051624886556471,0.9829726743283554,1.0234889231939202,8,4.12,True,True,True,False,PASS,0.13643,False,1.0,0.09413,False,0.11208,False,0.13643,False
C3,2453_103_104_22,user,33,2,0.11406534997181038,0.1095781915069376,0.9606615114407511,0.8510833199338135,8,4.12,True,True,True,False,PASS,0.13937,False,1.0,0.14882,False,0.13937,False,0.22295,False
C3,2454_710_886_22,model,29,2,0.024581117678506036,0.024506932699087658,0.9969820339177153,0.9724751012186277,7,4.14,True,True,True,False,PASS,0.15512,False,1.0,0.15088,False,0.13827,False,0.10431,False
C3,2454_710_886_22,user,29,2,0.16433612459440985,0.16277075862498136,0.990474608225721,0.8277038496007396,7,4.14,True,True,True,False,PASS,0.15738,True,1.0,0.18221,False,0.15738,True,0.04929,True
C3,2455_971_1253_60,model,34,2,0.07750405237924156,0.0774633477770168,0.9994748067878363,0.9220114590108195,7,4.86,True,True,True,False,PASS,0.13389,False,1.0,0.10588,False,0.1401,False,0.14741,False
C3,2455_971_1253_60,user,34,2,0.1778282042462463,0.17138176396226235,0.9637490559424573,0.792367291980195,7,4.86,True,True,True,False,PASS,0.1172,True,1.0,0.13501,True,0.11494,True,0.15003,True
C3,2457_103_1356_53,model,30,2,-0.012106321609247581,-0.012330237631866137,1.0184957933421754,1.0308260309740416,6,5.0,True,True,True,False,PASS,0.14934,False,1.0,0.1074,False,0.09102,False,0.10413,False
C3,2457_103_1356_53,user,30,2,0.4751070566535471,0.41894436444611993,0.881789395840564,0.4628450313944441,5,6.0,True,True,True,False,PASS,0.17292,True,1.0,0.17523,True,0.17523,True,0.08151,True
C3,2458_710_512_53,model,27,2,-0.016639985223791,-0.0171134876411021,1.0284556993857248,1.0455691870268269,8,3.38,True,True,True,False,PASS,0.13813,False,1.0,0.13516,False,0.13767,False,0.22838,False
C3,2458_710_512_53,user,27,2,0.04811118497248683,0.0484980925413272,1.0080419463594927,0.9595438538181655,8,3.38,True,True,True,False,PASS,0.17073,False,1.0,0.19018,False,0.20819,False,0.161,False
C3,2460_104_367_38,model,28,2,0.27097838796862334,0.24596773131427885,0.9077023933833407,0.6617346620690618,7,4.0,True,True,True,False,PASS,0.15382,True,1.0,0.16259,True,0.16259,True,0.14353,True
C3,2460_104_367_38,user,28,2,-0.00213344414139303,-0.002111592218862146,0.9897574433251317,0.9918690355439939,8,3.5,True,True,True,False,PASS,0.16208,False,1.0,0.16823,False,0.16914,False,0.2786,False
C3,2461_530_531_38,model,31,2,0.04001983062334999,0.03923047635447541,0.9802759217972795,0.9410454454428041,7,4.43,True,True,True,False,PASS,0.14674,False,1.0,0.11098,False,0.12987,False,0.10446,False
C3,2461_530_531_38,user,31,2,0.010805986193851655,0.010933580675913213,1.0118077591228236,1.0008741784469104,8,3.88,True,True,True,False,PASS,0.14325,False,1.0,0.14919,False,0.14786,False,0.13307,False
C3,2462_353_1356_38,model,29,2,-0.0348697784754381,-0.035831881189303916,1.027591305592707,1.063423186782011,8,3.62,True,True,True,False,PASS,0.14477,False,1.0,0.16675,False,0.16045,False,0.09823,False
C3,2462_353_1356_38,user,29,2,-0.04454616771616372,-0.04084106643504126,0.9168255885729525,0.9576666550079938,8,3.62,True,True,True,False,PASS,0.17817,False,1.0,0.17986,False,0.189,False,0.20271,False
C3,2463_1131_886_19,model,30,2,-0.021461347739031435,-0.021083741608302953,0.9824052927467488,1.0034890343550518,8,3.75,True,True,True,False,PASS,0.14183,False,1.0,0.15876,False,0.15345,False,0.0727,False
C3,2463_1131_886_19,user,30,2,-0.03272226286891871,-0.032571867415780664,0.9954038798068303,1.027975747222611,8,3.75,True,True,True,False,PASS,0.15039,False,1.0,0.14592,False,0.14311,False,0.14437,False
C3,2464_971_710_5,model,41,2,0.06783344656773606,0.06451725023895993,0.9511126664415512,0.8865954162025913,8,5.12,True,True,True,False,PASS,0.10353,False,1.0,0.10007,False,0.10575,False,0.03812,True
C3,2464_971_710_5,user,41,2,-0.02150517435728367,-0.021763076569352835,1.0119925655000241,1.033755642069377,8,5.12,True,True,True,False,PASS,0.08177,False,1.0,0.0833,False,0.09345,False,0.10834,False
C3,2465_104_786_19,model,26,2,-0.0020127664270498005,-0.0019823807820796846,0.9849035414334423,0.986885922215522,8,3.25,True,True,True,False,PASS,0.16485,False,1.0,0.21544,False,0.18338,False,0.19834,False
C3,2465_104_786_19,user,26,2,0.16366398704853963,0.16570009574622557,1.0124407863599343,0.8467406906137087,7,3.71,True,True,True,False,PASS,0.15992,True,1.0,0.15202,True,0.17141,False,0.01447,True
C3,2466_653_468_6,model,32,2,0.10446079307790489,0.05569518179567512,0.5331682840483386,0.4774731022526635,5,6.4,True,True,True,False,PASS,0.13664,False,1.0,0.15147,False,0.15147,False,0.13664,False
C3,2466_653_468_6,user,32,2,0.04848428800440038,0.042698977794037196,0.8806765975435564,0.8379776197495192,6,5.33,True,True,True,False,PASS,0.16907,False,1.0,0.11282,False,0.16677,False,0.19356,False
C3,2467_886_530_28,model,38,2,0.014127944564523234,0.014326177424881736,1.0140312597811494,0.9997050823562676,8,4.75,True,True,True,False,PASS,0.09342,False,1.0,0.08914,False,0.10742,False,0.1048,False
C3,2467_886_530_28,user,38,2,0.22770809441699993,0.2020886922007501,0.8874901558425357,0.6854014636417856,7,5.43,True,True,True,False,PASS,0.11895,True,1.0,0.12166,True,0.12355,True,0.15699,True
C3,2468_1057_876_22,model,24,2,-0.04755574673198681,-0.049457075420889396,1.039981050021526,1.0894381254424155,8,3.0,True,True,True,False,PASS,0.1838,False,1.0,0.19683,False,0.17081,False,0.03658,False
C3,2468_1057_876_22,user,24,2,-0.00804568455280394,-0.00816001180365733,1.0142097605372244,1.0223697723408818,8,3.0,True,True,True,False,PASS,0.18076,False,1.0,0.23707,False,0.19002,False,0.11463,False
C3,2469_786_309_22,model,29,2,0.11516360537585847,0.1177770089616792,1.0226929643031875,0.9049159553415083,6,4.83,True,True,True,False,PASS,0.1589,False,1.0,0.14622,False,0.15028,False,0.28374,False
C3,2469_786_309_22,user,29,2,0.3634150741769499,0.28535818177609495,0.785212838026503,0.49985465625040804,5,5.8,True,True,True,False,PASS,0.20052,True,1.0,0.20052,True,0.29929,True,0.40242,False
C3,246_827_836_9,model,33,2,-0.026647976546259514,-0.0215625883911138,0.8091641912729194,0.8307267796640332,6,5.5,True,True,True,False,PASS,0.19372,False,1.0,0.07262,False,0.16537,False,0.20774,False
C3,246_827_836_9,user,33,2,0.17244448126848919,0.1618613438362636,0.9386287264493663,0.7767673826131027,6,5.5,True,True,True,False,PASS,0.13675,True,1.0,0.17244,False,0.13187,True,0.17244,False
C3,2470_339_340_22,model,24,2,0.636804670995896,0.5915852578318316,0.9289901358711047,0.3374048780392731,6,4.0,True,True,True,False,PASS,0.24724,True,1.0,0.16041,True,0.25322,True,0.18297,True
C3,2470_339_340_22,user,24,2,-0.02892924661646051,-0.029094163922510408,1.0057007120937627,1.034794876016273,6,4.0,True,True,True,False,PASS,0.19778,False,1.0,0.11923,False,0.16656,False,0.16297,False
C3,2471_104_530_44,model,26,2,0.01681493191931519,0.017330266168570807,1.0306474181238674,1.0133171519552966,8,3.25,True,True,True,False,PASS,0.16483,False,1.0,0.16483,False,0.17244,False,0.09335,False
C3,2471_104_530_44,user,26,2,0.039762503420005355,0.041283134759500406,1.038242847122397,0.9969597123628966,8,3.25,True,True,True,False,PASS,0.15486,False,1.0,0.18574,False,0.15602,False,0.09998,False
C3,2472_418_843_17,model,24,2,0.33243450311573497,0.32140687612155494,0.9668276701400611,0.6454207940185062,7,3.43,True,True,True,False,PASS,0.18578,True,1.0,0.19439,True,0.15282,True,0.10389,True
C3,2472_418_843_17,user,24,2,0.01885826386215446,0.019829377188657737,1.0514953727236869,1.0316659955350291,7,3.43,True,True,True,False,PASS,0.18258,False,1.0,0.20825,False,0.19489,False,0.08763,False
C3,2473_710_309_44,model,27,2,0.006311796844495635,0.006490719696120806,1.0283473717601044,1.0218566520639836,6,4.5,True,True,True,False,PASS,0.16861,False,1.0,0.10855,False,0.12324,False,0.08127,False
C3,2473_710_309_44,user,27,2,0.4244983482917453,0.43025329649858346,1.0135570567706496,0.5833037602720661,6,4.5,True,True,True,False,PASS,0.15795,True,1.0,0.15648,True,0.15648,True,0.20282,True
C3,2474_530_339_2,model,30,2,0.13355263440723167,0.1294058830952276,0.968950434183427,0.8395445510881994,7,4.29,True,True,True,False,PASS,0.1636,False,1.0,0.13355,False,0.16235,False,0.11534,True
C3,2474_530_339_2,user,30,2,0.21093752056689785,0.2138668497084193,1.0138871886502165,0.8000203389417972,7,4.29,True,True,True,False,PASS,0.14474,True,1.0,0.14585,True,0.1447,True,0.05261,True
C3,2478_530_417_31,model,37,2,0.12244386938320893,0.1215839793349458,0.992977271523722,0.8713932921887761,8,4.62,True,True,True,False,PASS,0.10806,True,1.0,0.0911,True,0.09381,True,0.13833,False
C3,2478_530_417_31,user,37,2,0.11429410087033107,0.10900537049567693,0.9537270048551824,0.8447216343595054,7,5.29,True,True,True,False,PASS,0.11271,True,1.0,0.11458,False,0.11353,True,0.1178,False
C3,2479_309_737_55,model,27,2,0.19847168717883626,0.1762136024139419,0.8878525945877694,0.7116389921738275,7,3.86,True,True,True,False,PASS,0.15198,True,1.0,0.19847,False,0.19847,True,0.29421,False
C3,2479_309_737_55,user,27,2,0.012709129925360042,0.01040094125573554,0.8183834233200578,0.8079824820643222,7,3.86,True,True,True,False,PASS,0.19316,False,1.0,0.24857,False,0.20656,False,0.30058,False
C3,247_1064_596_48,model,31,2,0.0844458611968431,0.07715453469182265,0.9136567926280675,0.8365022579362449,7,4.43,True,True,True,False,PASS,0.15858,False,1.0,0.16155,False,0.13593,False,0.08741,False
C3,247_1064_596_48,user,31,2,0.02064876961765094,0.019984575533621984,0.9678337210241722,0.9478491454905502,7,4.43,True,True,True,False,PASS,0.13291,False,1.0,0.07763,False,0.21865,False,0.16227,False
C3,2480_1335_1171_34,model,43,2,0.09683937852691805,0.09125481013668435,0.9423316374476589,0.8510768273109746,7,6.14,True,True,True,False,PASS,0.10057,False,1.0,0.09701,False,0.1003,False,0.22759,False
C3,2480_1335_1171_34,user,43,2,0.04070548279009053,0.03735231027611552,0.9176235660619332,0.8802712557858177,7,6.14,True,True,True,False,PASS,0.10275,False,1.0,0.08072,False,0.08555,False,0.15395,False
C3,2481_802_340_19,model,28,2,-0.026378940754625657,-0.02565795266259785,0.9726680423321631,0.9983259949947609,6,4.67,True,True,True,False,PASS,0.18777,False,1.0,0.09362,False,0.17354,False,0.20784,False
C3,2481_802_340_19,user,28,2,0.24730515173668666,0.2205283400887923,0.8917256213230671,0.6711972812342748,6,4.67,True,True,True,False,PASS,0.17539,True,1.0,0.14047,True,0.16079,True,0.23098,True
C3,2482_417_418_54,model,31,2,0.19683179976571652,0.16002663937158235,0.8130121228483287,0.6529854834767463,7,4.43,True,True,True,False,PASS,0.17635,True,1.0,0.19732,False,0.17527,True,0.21917,False
C3,2482_417_418_54,user,31,2,0.2380580832532389,0.2269999763394822,0.9535487022215775,0.7265487258820953,6,5.17,True,True,True,False,PASS,0.15774,True,1.0,0.15498,True,0.15498,True,0.12589,True
C3,2483_661_339_53,model,25,2,0.0602458488500299,0.06300649919626755,1.0458230799122732,0.9828165807160056,7,3.57,True,True,True,False,PASS,0.18436,False,1.0,0.1545,False,0.13912,False,0.02635,True
C3,2483_661_339_53,user,25,2,0.19108376827650728,0.1959244828780684,1.0253329450492958,0.8294084621712274,7,3.57,True,True,True,False,PASS,0.17033,True,1.0,0.18329,True,0.18329,True,0.07544,True
C3,2484_973_974_52,model,30,2,-0.02206439235972608,-0.021974400903463698,0.9959214169692412,1.0178958178727049,8,3.75,True,True,True,False,PASS,0.13324,False,1.0,0.13631,False,0.12827,False,0.04899,False
C3,2484_973_974_52,user,30,2,0.05310210029772565,0.05479929375948922,1.0319609479144511,0.9771616541549619,8,3.75,True,True,True,False,PASS,0.12939,False,1.0,0.11373,False,0.14055,False,0.10981,False
C3,2485_1305_1306_22,model,29,2,0.10115927064316435,0.09489332241585613,0.938058586351308,0.8431652639354519,7,4.14,True,True,True,False,PASS,0.1619,False,1.0,0.16246,False,0.15788,False,0.16489,False
C3,2485_1305_1306_22,user,29,2,0.018770229859105803,0.01870961650217562,0.996770771728148,0.9780611552259724,7,4.14,True,True,True,False,PASS,0.1528,False,1.0,0.09286,False,0.14034,False,0.15895,False
C3,2486_802_737_19,model,28,2,0.09587338761077177,0.08632105111267807,0.9003650884135396,0.8140440373008615,7,4.0,True,True,True,False,PASS,0.18261,False,1.0,0.1939,False,0.1828,False,0.06454,True
C3,2486_802_737_19,user,28,2,0.05856196988792908,0.05356343587255141,0.9146453914555224,0.861081955582971,7,4.0,True,True,True,False,PASS,0.21552,False,1.0,0.19119,False,0.19119,False,0.10219,False
C3,2487_731_340_21,model,30,2,0.2487575217820025,0.23284523179782202,0.9360329292951988,0.7031876974973768,7,4.29,True,True,True,False,PASS,0.1472,True,1.0,0.14618,True,0.13761,True,0.19499,True
C3,2487_731_340_21,user,30,2,0.07047336780187666,0.0727257634395484,1.0319609479144511,0.9592351844749027,7,4.29,True,True,True,False,PASS,0.13665,False,1.0,0.08443,False,0.12633,False,0.18625,False
C3,2488_512_812_38,model,42,2,0.039547340017794114,0.03632851975741169,0.9186084257769516,0.8822799060195399,8,5.25,True,True,True,False,PASS,0.10678,False,1.0,0.1084,False,0.10737,False,0.03267,True
C3,2488_512_812_38,user,42,2,0.0352116938725426,0.03153690048546742,0.895637131221889,0.8641002307364216,8,5.25,True,True,True,False,PASS,0.1019,False,1.0,0.11021,False,0.11312,False,0.08486,False
C3,2489_493_494_16,model,24,2,0.1621545169695163,0.1506399467516243,0.9289901358711047,0.7783501891194804,7,3.43,True,True,True,False,PASS,0.25153,False,1.0,0.16215,False,0.22144,False,0.12706,True
C3,2489_493_494_16,user,24,2,0.3503983065823838,0.35111075302930783,1.0020332474031421,0.6509224943738343,6,4.0,True,True,True,False,PASS,0.20845,True,1.0,0.22797,True,0.21331,True,0.15642,True
C3,248_210_862_26,model,31,2,0.05320837324154818,0.048614191636830006,0.9136567926280675,0.8650426009912375,7,4.43,True,True,True,False,PASS,0.14089,False,1.0,0.12306,False,0.11759,False,0.11872,False
C3,248_210_862_26,user,31,2,0.4204831469046557,0.4321209684379943,1.0276772603587307,0.5955562919207364,6,5.17,True,True,True,False,PASS,0.1268,True,1.0,0.13296,True,0.1597,True,0.0834,True
C3,2490_941_942_36,model,34,2,0.149508048503572,0.12258042079124576,0.8198917852126009,0.6973113644213551,7,4.86,True,True,True,False,PASS,0.17927,False,1.0,0.14951,False,0.14504,True,0.05318,True
C3,2490_941_942_36,user,34,2,0.2029666870747996,0.18757888142042267,0.9241855603195315,0.7366066788991088,7,4.86,True,True,True,False,PASS,0.1591,True,1.0,0.1312,True,0.14096,True,0.13281,True
C3,2491_1305_362_36,model,31,2,0.00040056708734369163,0.0003914735882321052,0.9772984366441867,0.9769069630559546,8,3.88,True,True,True,False,PASS,0.13349,False,1.0,0.14638,False,0.14384,False,0.09182,False
C3,2491_1305_362_36,user,31,2,-0.022451294944912863,-0.022987641667973957,1.023889344662617,1.046876986330591,8,3.88,True,True,True,False,PASS,0.12447,False,1.0,0.15501,False,0.14392,False,0.12643,False
C3,2492_1361_1292_59,model,25,2,0.10019406018058422,0.10488402900109595,1.0468088508646,0.9419248218635041,7,3.57,True,True,True,False,PASS,0.16479,False,1.0,0.17181,False,0.16485,False,0.14545,False
C3,2492_1361_1292_59,user,25,2,0.10954257590209629,0.10522162094516485,0.9605545613534476,0.8553329404082828,7,3.57,True,True,True,False,PASS,0.19446,False,1.0,0.16139,False,0.16139,False,0.23511,False
C3,2493_1171_974_16,model,31,2,-0.01317006635471742,-0.013288128779208375,1.0089644517583365,1.0222525805375449,6,5.17,True,True,True,False,PASS,0.14019,False,1.0,0.04758,False,0.12679,False,0.05419,False
C3,2493_1171_974_16,user,31,2,0.5741963311888615,0.5070221473248363,0.8830118197987394,0.37598967247390314,5,6.2,True,True,True,False,PASS,0.18239,True,1.0,0.19801,True,0.18354,True,0.02959,True
C3,2494_493_841_16,model,32,2,0.07550934306099158,0.07545721314257503,0.9993096229379927,0.9238524097954177,8,4.0,True,True,True,False,PASS,0.13387,False,1.0,0.12312,False,0.15227,False,0.21925,False
C3,2494_493_841_16,user,32,2,0.022695915427348546,0.02311387965529943,1.0184158347473942,0.9953019550920947,8,4.0,True,True,True,False,PASS,0.12712,False,1.0,0.13553,False,0.12597,False,0.19174,False
C3,2495_250_512_50,model,49,2,0.07437298703443612,0.06244314430553766,0.8395944118343032,0.7771512675287655,7,7.0,True,True,True,False,PASS,0.09509,False,1.0,0.07736,False,0.07437,False,0.0838,False
C3,2495_250_512_50,user,49,2,0.26937260154933357,0.2319328034670256,0.8610111129826574,0.6290783095156318,8,6.12,True,True,True,False,PASS,0.08582,True,1.0,0.08601,True,0.0995,True,0.06613,True
C3,2496_362_1292_50,model,27,2,-0.012144485082071601,-0.012771756516849475,1.0516507229856857,1.0644224795025352,8,3.38,True,True,True,False,PASS,0.14198,False,1.0,0.15209,False,0.18244,False,0.0503,False
C3,2496_362_1292_50,user,27,2,0.3171058629000362,0.3309686251428361,1.0437165119434262,0.7127478868005901,7,3.86,True,True,True,False,PASS,0.12986,True,1.0,0.12278,True,0.12632,True,0.07859,True
C3,2497_1084_1496_50,model,31,2,0.27813710671777464,0.25835281534525134,0.9288685655574954,0.6705157502122441,6,5.17,True,True,True,False,PASS,0.15117,True,1.0,0.14386,True,0.16487,True,0.22063,True
C3,2497_1084_1496_50,user,31,2,0.08553357918349569,0.07189822649763689,0.8405847993732753,0.7686865728756385,7,4.43,True,True,True,False,PASS,0.20459,False,1.0,0.19038,False,0.21384,False,0.20459,False
C3,2498_361_362_34,model,31,2,-0.02895584443703229,-0.0265143340774191,0.9156816039358643,0.9421959380132834,8,3.88,True,True,True,False,PASS,0.1435,False,1.0,0.13329,False,0.1435,False,0.15811,False
C3,2498_361_362_34,user,31,2,-0.04399357387675937,-0.04597267378744929,1.044986113568178,1.0909587873556272,8,3.88,True,True,True,False,PASS,0.13247,False,1.0,0.14228,False,0.12385,False,0.1476,False
C3,2499_1323_1324_31,model,25,2,-0.003061732144073883,-0.0029409607766326396,0.9605545613534476,0.9634955221300803,7,3.57,True,True,True,False,PASS,0.18928,False,1.0,0.16211,False,0.19722,False,0.01939,False
C3,2499_1323_1324_31,user,25,2,0.49573724263465885,0.4219298594326608,0.8511159201803373,0.4291860607476765,6,4.17,True,True,True,False,PASS,0.20994,True,1.0,0.22966,True,0.21953,True,0.37882,True
C3,249_235_236_26,model,28,2,0.22852690378523552,0.23097844948026203,1.0107276021090734,0.7797491526288114,6,4.67,True,True,True,False,PASS,0.17645,True,1.0,0.0766,True,0.15883,True,0.2323,False
C3,249_235_236_26,user,28,2,0.35152974469495685,0.2806439776373292,0.7983505858966801,0.5177066082593509,5,5.6,True,True,True,False,PASS,0.2014,True,1.0,0.19608,True,0.23128,True,0.25321,True
C3,24_1135_829_8,model,25,2,0.057316365495820656,0.04878287116036795,0.8511159201803375,0.8023330490199696,7,3.57,True,True,True,False,PASS,0.19084,False,1.0,0.16442,False,0.19084,False,0.181,False
C3,24_1135_829_8,user,25,2,0.2928477391930452,0.27741566146597574,0.9473034083527734,0.6698877468867976,6,4.17,True,True,True,False,PASS,0.17878,True,1.0,0.22043,True,0.22043,True,0.05637,True
C3,2500_512_1084_31,model,46,2,-0.025743678464448878,-0.02564733496768179,0.9962575862303387,1.0219049211980205,8,5.75,True,True,True,False,PASS,0.08693,False,1.0,0.09505,False,0.09505,False,0.04874,False
C3,2500_512_1084_31,user,46,2,0.13030992286609444,0.10873225579525736,0.8344127093605133,0.7256804535652559,8,5.75,True,True,True,False,PASS,0.12207,True,1.0,0.06863,True,0.11208,True,0.04806,True
C3,250_595_596_48,model,32,2,-0.0009753201296150393,-0.0008453591511294878,0.8667504396358072,0.8675957987869367,8,4.0,True,True,True,False,PASS,0.16741,False,1.0,0.15502,False,0.16549,False,0.15068,False
C3,250_595_596_48,user,32,2,0.0727281388014442,0.07413754651655902,1.0193791253061302,0.9452415787895712,7,4.57,True,True,True,False,PASS,0.13057,False,1.0,0.13532,False,0.12849,False,0.16401,False
C3,252_596_211_14,model,30,2,0.02739199858384644,0.027814059108595357,1.0154081683180947,0.9875941092094993,7,4.29,True,True,True,False,PASS,0.1251,False,1.0,0.16957,False,0.16957,False,0.23272,False
C3,252_596_211_14,user,30,2,0.40711938709270407,0.3755796808483238,0.9225295889994096,0.5469499081510858,6,5.0,True,True,True,False,PASS,0.18938,True,1.0,0.15207,True,0.14574,True,0.27407,True
C3,253_596_836_34,model,27,2,-0.04959973599743087,-0.049364058132837174,0.9952484048583261,1.0446124629911633,8,3.38,True,True,True,False,PASS,0.15453,False,1.0,0.21043,False,0.16661,False,0.09371,False
C3,253_596_836_34,user,27,2,0.3833577733614353,0.3716199046906187,0.9693814251687288,0.5977615204781102,6,4.5,True,True,True,False,PASS,0.1681,True,1.0,0.17031,True,0.16689,True,0.14594,True
C3,254_862_595_21,model,25,2,0.1378433181161016,0.14549170304039238,1.05548607671972,0.9099943736793277,7,3.57,True,True,True,False,PASS,0.16859,False,1.0,0.15801,False,0.17166,False,0.39415,False
C3,254_862_595_21,user,25,2,0.2145392841530393,0.18960958857843835,0.8837989244113558,0.6941893358329174,6,4.17,True,True,True,False,PASS,0.22974,False,1.0,0.21454,False,0.19735,True,0.56365,False
C3,255_827_828_26,model,26,2,0.45671029626222986,0.4430099956079788,0.9700022075999252,0.5269922119919463,5,5.2,True,True,True,False,PASS,0.17386,True,1.0,0.12771,True,0.23121,True,0.08041,True
C3,255_827_828_26,user,26,2,0.4672062396684971,0.41649697781963224,0.8914627897845601,0.4749658119649278,5,5.2,True,True,True,False,PASS,0.23772,True,1.0,0.0815,True,0.18773,True,0.14283,True
C3,256_211_215_14,model,32,2,0.2570085293117178,0.22852621663290573,0.8891775586005289,0.6606513419676232,6,5.33,True,True,True,False,PASS,0.15878,True,1.0,0.19426,True,0.26987,False,0.13196,True
C3,256_211_215_14,user,32,2,0.08780518717674468,0.07240496505848704,0.8246091989160247,0.7522042338575377,6,5.33,True,True,True,False,PASS,0.19036,False,1.0,0.16196,False,0.10251,False,0.19829,False
C3,257_862_828_21,model,29,2,0.26564067359701166,0.2784149627981716,1.048088604159087,0.7696736413609153,6,4.83,True,True,True,False,PASS,0.15407,True,1.0,0.08433,True,0.11225,True,0.09645,True
C3,257_862_828_21,user,29,2,0.3267345446077134,0.32152737004296794,0.984062981246757,0.662535611203789,7,4.14,True,True,True,False,PASS,0.16846,True,1.0,0.16548,True,0.13791,True,0.1906,True
C3,258_49_350_7,model,30,2,0.33026577196178414,0.31681315502247553,0.95926729900165,0.6424541439791744,6,5.0,True,True,True,False,PASS,0.17221,True,1.0,0.17057,True,0.12981,True,0.13761,True
C3,258_49_350_7,user,30,2,0.02307720553007107,0.022321351364563036,0.9672467203828856,0.9449253690183226,6,5.0,True,True,True,False,PASS,0.14427,False,1.0,0.03165,False,0.0993,False,0.05557,False
C3,259_836_828_34,model,27,2,0.5039715994728511,0.4643292016053636,0.9213400161656867,0.4570108145603231,6,4.5,True,True,True,False,PASS,0.18221,True,1.0,0.18448,True,0.18221,True,0.14785,True
C3,259_836_828_34,user,27,2,-0.007318856224368693,-0.00711194472087695,0.9717289837170437,0.9788409284379207,6,4.5,True,True,True,False,PASS,0.1786,False,1.0,0.11509,False,0.15402,False,0.10572,False
C3,25_679_680_54,model,33,2,1.0,0.926073508102937,0.926073508102937,0.0,4,8.25,True,True,True,True,PASS,0.16392,True,1.0,0.13709,True,0.35433,True,0.36905,True
C3,25_679_680_54,user,33,2,0.0,0.0,0.8779640505715596,0.8779640505715596,4,8.25,True,True,True,False,PASS,0.17497,False,1.0,0.0,False,0.13866,False,0.33448,False
C3,260_862_827_7,model,35,2,0.1618352422138955,0.14481342080348392,0.894820057871486,0.7500066370680021,7,5.0,True,True,True,False,PASS,0.13139,True,1.0,0.18778,False,0.15291,True,0.10634,True
C3,260_862_827_7,user,35,2,0.36477917453231745,0.2485065037995393,0.6812518947062944,0.4327453909067551,6,5.83,True,True,True,False,PASS,0.13713,True,1.0,0.11458,True,0.11458,True,0.24195,True
C3,262_827_685_7,model,31,2,0.17204465838304778,0.16248637288288237,0.9444429975914485,0.7819566247085661,7,4.43,True,True,True,False,PASS,0.15687,True,1.0,0.16553,True,0.16256,True,0.20424,False
C3,262_827_685_7,user,31,2,0.1220598093947129,0.1267588452322621,1.0384978139884982,0.9117389687562361,7,4.43,True,True,True,False,PASS,0.13171,False,1.0,0.11002,True,0.12759,False,0.1863,False
C3,263_292_684_14,model,31,2,0.4065928323392661,0.3985731635175408,0.9802759217972795,0.5817027582797387,6,5.17,True,True,True,False,PASS,0.15738,True,1.0,0.15591,True,0.14535,True,0.1128,True
C3,263_292_684_14,user,31,2,0.015039854602156856,0.013010119261024022,0.8650428880581232,0.8520327687970992,7,4.43,True,True,True,False,PASS,0.15455,False,1.0,0.0999,False,0.15162,False,0.09675,False
C3,264_722_684_6,model,26,2,0.07611423337186206,0.06347154480103179,0.833898496893959,0.7704269520929272,6,4.33,True,True,True,False,PASS,0.17997,False,1.0,0.25906,False,0.2059,False,0.14847,False
C3,264_722_684_6,user,26,2,0.31721000486023593,0.2944844135478507,0.9283578986659068,0.6338734851180561,7,3.71,True,True,True,False,PASS,0.16843,True,1.0,0.16658,True,0.16843,True,0.16843,True
C3,265_1176_838_42,model,28,2,0.1268723179377143,0.12674553648695308,0.9990007162096347,0.8722551797226816,5,5.6,True,True,True,False,PASS,0.1609,False,1.0,0.12687,False,0.18649,False,0.0709,True
C3,265_1176_838_42,user,28,2,0.7007025367008256,0.7125159852599106,1.0168594345536512,0.3043434492937407,5,5.6,True,True,True,False,PASS,0.17024,True,1.0,0.13353,True,0.18427,True,0.11871,True
C3,266_292_722_42,model,26,2,0.10452707885510518,0.09881696730419465,0.9453719398508605,0.8465549725466659,7,3.71,True,True,True,False,PASS,0.16887,False,1.0,0.20794,False,0.1814,False,0.21466,False
C3,266_292_722_42,user,26,2,0.1111150427239959,0.09905492597376397,0.8914627897845601,0.7924078638107961,7,3.71,True,True,True,False,PASS,0.22507,False,1.0,0.22461,False,0.2117,False,0.22461,False
C3,268_722_838_10,model,29,2,-0.023993224610624905,-0.023481205865764077,0.9786598611412118,1.002141067006976,8,3.62,True,True,True,False,PASS,0.15359,False,1.0,0.1307,False,0.15303,False,0.21325,False
C3,268_722_838_10,user,29,2,0.20310881785728852,0.19159253446765878,0.9432999339412163,0.7517073994735575,7,4.14,True,True,True,False,PASS,0.18376,True,1.0,0.20311,False,0.18555,True,0.2195,False
C3,26_475_113_0,model,30,2,0.2383775573745018,0.23740531471408044,0.9959214169692412,0.7585161022551608,5,6.0,True,True,True,False,PASS,0.14408,True,1.0,0.047,True,0.12955,True,0.20869,True
C3,26_475_113_0,user,30,2,0.4848889274556137,0.4288005435678486,0.8843273568194658,0.45552681325161726,5,6.0,True,True,True,False,PASS,0.18915,True,1.0,0.23154,True,0.16679,True,0.17863,True
C3,270_123_124_4,model,31,2,0.03227166777824639,0.03354850255490116,1.0395651933897094,1.0060166908348083,7,4.43,True,True,True,False,PASS,0.14769,False,1.0,0.10874,False,0.10874,False,0.39287,False
C3,270_123_124_4,user,31,2,0.2582646284540375,0.22340998008113877,0.8650428880581232,0.6416329079769845,7,4.43,True,True,True,False,PASS,0.19349,True,1.0,0.16761,True,0.1544,True,0.40385,False
C3,271_684_597_10,model,28,2,0.2778316564180523,0.2775540237473434,0.9990007162096347,0.7214466924622913,6,4.67,True,True,True,False,PASS,0.13165,True,1.0,0.07849,True,0.11861,True,0.07389,True
C3,271_684_597_10,user,28,2,0.3123155305741995,0.2784997605501214,0.8917256213230671,0.6132258607729457,7,4.0,True,True,True,False,PASS,0.17255,True,1.0,0.14736,True,0.15272,True,0.12535,True
C3,272_1064_292_42,model,24,2,0.030181535770654445,0.02958593208722582,0.9802659583675748,0.950680026280349,7,3.43,True,True,True,False,PASS,0.20463,False,1.0,0.18041,False,0.18982,False,0.16794,False
C3,272_1064_292_42,user,24,2,0.19014605939915008,0.19265126864591342,1.0131751836176865,0.8205239149717731,7,3.43,True,True,True,False,PASS,0.16915,True,1.0,0.19015,True,0.17343,True,0.31883,False
C3,273_124_685_42,model,27,2,0.10777000844848328,0.10472324078482187,0.9717289837170436,0.8670057429322218,7,3.86,True,True,True,False,PASS,0.17049,False,1.0,0.16912,False,0.22158,False,0.27016,False
C3,273_124_685_42,user,27,2,0.2796355860027238,0.2614148254893992,0.9348410523360674,0.6734262268466682,8,3.38,True,True,True,False,PASS,0.1581,True,1.0,0.13559,True,0.20301,True,0.27964,False
C3,274_1064_124_34,model,26,2,0.01790720426715092,0.013363394874491896,0.7462580241520888,0.7328946292775969,6,4.33,True,True,True,False,PASS,0.19221,False,1.0,0.10644,False,0.14751,False,0.01374,True
C3,274_1064_124_34,user,26,2,0.2610947710486009,0.23275627299714674,0.8914627897845601,0.6587065167874133,6,4.33,True,True,True,False,PASS,0.20036,True,1.0,0.24058,True,0.20036,True,0.08605,True
C3,275_685_281_9,model,24,2,0.07250311187187794,0.0744946274306546,1.0274680011293298,0.9529733736986752,6,4.0,True,True,True,False,PASS,0.17824,False,1.0,0.11895,False,0.20563,False,0.03427,True
C3,275_685_281_9,user,24,2,0.6039516284859707,0.6272701630205448,1.0386099373438742,0.41133977432332935,6,4.0,True,True,True,False,PASS,0.19611,True,1.0,0.19611,True,0.18445,True,-0.00403,True
C3,277_914_454_25,model,30,2,-0.00812392755919085,-0.007629732998116312,0.9391680246440111,0.9467977576421274,7,4.29,True,True,True,False,PASS,0.18244,False,1.0,0.18979,False,0.14781,False,0.10469,False
C3,277_914_454_25,user,30,2,0.1845141951592633,0.1627026606734947,0.881789395840564,0.7190867351670693,8,3.75,True,True,True,False,PASS,0.17998,True,1.0,0.15215,True,0.16057,True,0.06364,True
C3,278_455_1076_4,model,31,2,0.14193374765778682,0.11476200684085802,0.8085603933854973,0.6937983865446393,6,5.17,True,True,True,False,PASS,0.17465,False,1.0,0.16316,False,0.20524,False,0.20504,False
C3,278_455_1076_4,user,31,2,0.07512832888381665,0.06532581235862134,0.8695230325120826,0.8041972201534613,6,5.17,True,True,True,False,PASS,0.15681,False,1.0,0.07513,False,0.11917,False,0.18069,False
C3,279_631_292_57,model,41,2,0.014629729175554697,0.014633217035826762,1.0002384090799092,0.9856051920440825,8,5.12,True,True,True,False,PASS,0.08727,False,1.0,0.11544,False,0.10289,False,0.19038,False
C3,279_631_292_57,user,41,2,0.06219184440945471,0.05998726806436383,0.9645520025008982,0.9045647344365344,7,5.86,True,True,True,False,PASS,0.09747,False,1.0,0.07943,False,0.09687,False,0.15182,False
C3,280_1076_454_57,model,31,2,0.29251139659862224,0.2789238626116374,0.9535487022215775,0.6746248396099401,6,5.17,True,True,True,False,PASS,0.13645,True,1.0,0.15498,True,0.15498,True,0.13078,True
C3,280_1076_454_57,user,31,2,0.14988445019287658,0.12087780773336154,0.8064733037870956,0.685595496053734,7,4.43,True,True,True,False,PASS,0.21839,False,1.0,0.14891,True,0.19431,False,0.19642,False
C3,281_914_828_4,model,38,2,0.08075233667237268,0.07564759479190064,0.9367852115390427,0.8611376167471421,8,4.75,True,True,True,False,PASS,0.11668,False,1.0,0.11734,False,0.12032,False,0.21573,False
C3,281_914_828_4,user,38,2,0.11648084213547441,0.11833288932823782,1.0159000154773037,0.8975671261490659,7,5.43,True,True,True,False,PASS,0.08122,True,1.0,0.10306,True,0.10067,True,0.07472,True
C3,283_1076_609_7,model,25,2,0.08744107164271665,0.08965621150569314,1.0253329450492958,0.9356767335436027,7,3.57,True,True,True,False,PASS,0.18103,False,1.0,0.20303,False,0.19693,False,0.19424,False
C3,283_1076_609_7,user,25,2,0.1655444274005382,0.16505864387529656,0.9970655398501196,0.832006895974823,8,3.12,True,True,True,False,PASS,0.18787,False,1.0,0.16554,False,0.22936,False,0.19443,False
C3,284_454_455_29,model,30,2,0.2669751741979768,0.21955421464469316,0.8223768944219572,0.602822679777264,6,5.0,True,True,True,False,PASS,0.15487,True,1.0,0.26698,False,0.18533,True,0.30276,False
C3,284_454_455_29,user,30,2,0.3931923320739033,0.3233522889614635,0.8223768944219572,0.49902460546049365,6,5.0,True,True,True,False,PASS,0.17331,True,1.0,0.29674,True,0.17219,True,0.28889,True
C3,286_914_915_57,model,24,2,0.12395715504157094,0.11833771602378429,0.954666279522936,0.8363285634991517,5,4.8,True,True,True,False,PASS,0.1913,False,1.0,0.12396,False,0.16361,False,0.32146,False
C3,286_914_915_57,user,24,2,0.2332661708529817,0.20265337691409713,0.8687645369796094,0.6661111600655123,5,4.8,True,True,True,False,PASS,0.22593,True,1.0,0.10754,True,0.23238,True,0.02182,True
C3,287_1156_455_40,model,27,2,0.4480880124791669,0.38947746168379405,0.8691985744695684,0.47972111278577434,6,4.5,True,True,True,False,PASS,0.16263,True,1.0,0.12854,True,0.17591,True,0.1687,True
C3,287_1156_455_40,user,27,2,-0.009632048824335097,-0.009893171815315238,1.027109807657995,1.0370029794733102,6,4.5,True,True,True,False,PASS,0.15472,False,1.0,0.07656,False,0.08204,False,0.08902,False
C3,289_473_736_23,model,33,2,0.10031881356621543,0.09300529105884647,0.927097198946221,0.8340919078873745,7,4.71,True,True,True,False,PASS,0.14813,False,1.0,0.10032,False,0.105,False,0.1355,False
C3,289_473_736_23,user,33,2,0.06996560751363516,0.06325114505240159,0.9040319565591561,0.8407808115067545,7,4.71,True,True,True,False,PASS,0.14567,False,1.0,0.13661,False,0.14416,False,0.10025,False
C3,28_112_113_11,model,29,2,0.10693506357758628,0.09379700954389725,0.8771398866363719,0.7833428770924746,7,4.14,True,True,True,False,PASS,0.1659,False,1.0,0.15547,False,0.17784,False,0.27494,False
C3,28_112_113_11,user,29,2,0.045748809059207626,0.03592255219771301,0.785212838026503,0.74929028582879,7,4.14,True,True,True,False,PASS,0.17501,False,1.0,0.15504,False,0.18607,False,0.21863,False
C3,290_1378_270_10,model,28,2,0.08979125604822141,0.08389194792288579,0.9342997482720649,0.8504078003491791,7,4.0,True,True,True,False,PASS,0.18869,False,1.0,0.16304,False,0.23501,False,0.0501,True
C3,290_1378_270_10,user,28,2,0.049205449961417944,0.048473246998972375,0.9851194743057996,0.9366462273068272,8,3.5,True,True,True,False,PASS,0.15746,False,1.0,0.15746,False,0.15842,False,0.02184,True
C3,292_734_562_25,model,26,2,0.5910186629074667,0.5212230718279404,0.8819062823901823,0.36068321056224195,6,4.33,True,True,True,False,PASS,0.16002,True,1.0,0.11625,True,0.12445,True,0.16172,True
C3,292_734_562_25,user,26,2,-0.006418615180954829,-0.006664081300057578,1.0382428471223966,1.0449069284224541,6,4.33,True,True,True,False,PASS,0.16627,False,1.0,0.15128,False,0.13649,False,0.03474,False
C3,293_823_503_38,model,26,2,-0.007252943363827975,-0.006048218569153163,0.833898496893959,0.8399467154631122,6,4.33,True,True,True,False,PASS,0.20991,False,1.0,0.09327,False,0.20744,False,0.05436,False
C3,293_823_503_38,user,26,2,0.059865234803438534,0.06052311936058041,1.0109894258212129,0.9504663064606325,7,3.71,True,True,True,False,PASS,0.19029,False,1.0,0.20479,False,0.18143,False,0.08676,False
C3,294_302_303_45,model,48,2,-0.0005015018296039433,-0.0005005333149035174,0.9980687713518597,0.9985693046667632,8,6.0,True,True,True,False,PASS,0.06647,False,1.0,0.0667,False,0.06216,False,0.11131,False
C3,294_302_303_45,user,48,2,-0.006998564720245562,-0.007129687317532163,1.0187356411675794,1.0258653284851116,8,6.0,True,True,True,False,PASS,0.06636,False,1.0,0.06933,False,0.08698,False,0.0846,False
C3,295_196_40_19,model,32,2,0.018189015266805088,0.018891502857285802,1.038621529542765,1.0197300266854792,7,4.57,True,True,True,False,PASS,0.13554,False,1.0,0.07759,False,0.11827,False,0.28596,False
C3,295_196_40_19,user,32,2,0.41026151601847616,0.3770259903869524,0.9189894144737987,0.5419634240868463,6,5.33,True,True,True,False,PASS,0.15947,True,1.0,0.15641,True,0.15465,True,0.11345,True
C3,296_854_303_19,model,44,2,0.11578708768836796,0.11217630847035087,0.9688153550615659,0.856639046591215,8,5.5,True,True,True,False,PASS,0.07152,True,1.0,0.07152,True,0.08481,True,0.05466,True
C3,296_854_303_19,user,44,2,0.06739702209985625,0.06588703875038804,0.9775956963316421,0.9117086575812541,7,6.29,True,True,True,False,PASS,0.09308,False,1.0,0.0863,False,0.1174,False,0.08818,False
C3,297_355_1271_32,model,26,2,-0.021841983289824743,-0.019448298707901657,0.8904090095592097,0.9098573082671113,8,3.25,True,True,True,False,PASS,0.19127,False,1.0,0.23769,False,0.17778,False,0.2402,False
C3,297_355_1271_32,user,26,2,0.061670352478696566,0.06336305917409346,1.0274476572187847,0.9640845980446913,8,3.25,True,True,True,False,PASS,0.17719,False,1.0,0.1328,False,0.17251,False,0.11565,False
C3,298_473_474_23,model,26,2,-0.05082538962917723,-0.04530894363071358,0.8914627897845601,0.9367717334152736,8,3.25,True,True,True,False,PASS,0.22461,False,1.0,0.23772,False,0.20092,False,0.22461,False
C3,298_473_474_23,user,26,2,0.1811426281492554,0.16463481942115743,0.9088684485989896,0.7442336291778322,7,3.71,True,True,True,False,PASS,0.20249,False,1.0,0.18114,False,0.20329,False,0.36142,False
C3,299_303_838_32,model,29,2,0.013125960610108659,0.0132208816501449,1.0072315499684754,0.9940106683183305,8,3.62,True,True,True,False,PASS,0.14348,False,1.0,0.17388,False,0.1426,False,0.30769,False
C3,299_303_838_32,user,29,2,0.10511959829726443,0.09855234783973832,0.9375259174891937,0.8389735696494554,8,3.62,True,True,True,False,PASS,0.16868,False,1.0,0.17139,False,0.161,False,0.29298,False
C3,29_475_113_11,model,28,2,0.3033906733122655,0.2429939335452368,0.8009275001513799,0.5579335666061431,6,4.67,True,True,True,False,PASS,0.22872,True,1.0,0.25039,True,0.1732,True,0.12904,True
C3,29_475_113_11,user,28,2,0.008283301002183973,0.008331104354955654,1.0057710510289408,0.9974399466739852,6,4.67,True,True,True,False,PASS,0.17223,False,1.0,0.10702,False,0.16756,False,0.13486,False
C3,2_618_619_22,model,34,2,0.02264965001473409,0.02152709157208732,0.9504381550303638,0.9289110634582765,8,4.25,True,True,True,False,PASS,0.14434,False,1.0,0.10995,False,0.11637,False,0.10562,False
C3,2_618_619_22,user,34,2,-0.026444682319483607,-0.02742615770521528,1.037114281573674,1.0645404392788893,8,4.25,True,True,True,False,PASS,0.125,False,1.0,0.14703,False,0.125,False,0.26039,False
C3,300_570_571_22,model,30,2,0.021249805280563548,0.02199714639598649,1.035169315932815,1.0131721695368285,8,3.75,True,True,True,False,PASS,0.1396,False,1.0,0.16341,False,0.13509,False,0.09104,False
C3,300_570_571_22,user,30,2,0.03821424771733601,0.035253774240595614,0.9225295889994096,0.887275814758814,7,4.29,True,True,True,False,PASS,0.15682,False,1.0,0.16571,False,0.17265,False,0.11409,False
C3,301_1025_969_45,model,24,2,0.012640109852472735,0.011304046920043831,0.8942997372631587,0.8829956903431149,8,3.0,True,True,True,False,PASS,0.19279,False,1.0,0.19279,False,0.1719,False,0.27465,False
C3,301_1025_969_45,user,24,2,-0.017199713268634214,-0.01744411707549043,1.0142097605372244,1.0316538776127149,8,3.0,True,True,True,False,PASS,0.18497,False,1.0,0.18497,False,0.19786,False,0.28888,False
C3,302_288_1056_2,model,36,2,0.018426518060341804,0.01909099064769504,1.0360606700179202,1.0169696793702252,8,4.5,True,True,True,False,PASS,0.11664,False,1.0,0.10655,False,0.10842,False,0.03843,False
C3,302_288_1056_2,user,36,2,0.10228411021900857,0.09689108783362388,0.9472740939542098,0.8503830061205859,7,5.14,True,True,True,False,PASS,0.11585,False,1.0,0.13353,False,0.1569,False,0.11455,False
C3,304_1056_473_46,model,31,2,0.011413723400585616,0.009932959105825812,0.870264571622278,0.8603316125164522,7,4.43,True,True,True,False,PASS,0.17625,False,1.0,0.18272,False,0.17625,False,0.18272,False
C3,304_1056_473_46,user,31,2,0.07624139085512113,0.06732204928296748,0.8830118197987394,0.815689770515772,7,4.43,True,True,True,False,PASS,0.17161,False,1.0,0.20323,False,0.17161,False,0.26204,False
C3,305_1082_1201_23,model,27,2,-0.039493894922873175,-0.038064009479232386,0.9637947726747846,1.001858782154017,8,3.38,True,True,True,False,PASS,0.17256,False,1.0,0.14194,False,0.17639,False,0.26281,False
C3,305_1082_1201_23,user,27,2,0.058504950218262144,0.058668648103327836,1.002798017679786,0.9441293695764581,8,3.38,True,True,True,False,PASS,0.17477,False,1.0,0.205,False,0.14743,False,0.23518,False
C3,306_1056_474_23,model,29,2,0.3319333398966032,0.32493662753456454,0.9789213329272134,0.6539847053926489,6,4.83,True,True,True,False,PASS,0.15776,True,1.0,0.16914,True,0.20886,True,0.19736,True
C3,306_1056_474_23,user,29,2,0.09602006140395526,0.06685652555298993,0.6962766381884024,0.6294201126354124,5,5.8,True,True,True,False,PASS,0.20799,False,1.0,0.11765,False,0.14567,False,-0.00126,True
C3,307_273_1082_36,model,26,2,-0.027091561471480573,-0.027472014043990578,1.0140432131573704,1.041515227201361,6,4.33,True,True,True,False,PASS,0.1657,False,1.0,0.12462,False,0.14629,False,0.2727,False
C3,307_273_1082_36,user,26,2,0.4894508986974852,0.454385607814937,0.9283578986659068,0.4739722908509698,6,4.33,True,True,True,False,PASS,0.21206,True,1.0,0.20876,True,0.2162,True,0.39149,True
C3,308_1099_482_49,model,40,2,-0.025064521799145145,-0.024964692757887486,0.9960171176590704,1.020981810416958,8,5.0,True,True,True,False,PASS,0.08296,False,1.0,0.10967,False,0.08823,False,0.13221,False
C3,308_1099_482_49,user,40,2,0.045112214855149796,0.046002460259509714,1.0197340212006525,0.9737315609411428,8,5.0,True,True,True,False,PASS,0.08554,False,1.0,0.07865,False,0.06441,False,0.07582,False
C3,309_1389_1464_37,model,35,2,0.12828054159057117,0.10919977150809967,0.8512574873329506,0.7420577158248509,6,5.83,True,True,True,False,PASS,0.16244,False,1.0,0.12828,False,0.16244,False,0.16244,False
C3,309_1389_1464_37,user,35,2,-0.019568794178331923,-0.013331278111106126,0.6812518947062944,0.6945831728174006,5,7.0,True,True,True,False,PASS,0.13713,False,1.0,0.101,False,0.101,False,0.16097,False
C3,30_793_794_18,model,29,2,-0.0229233454903674,-0.024019833858083928,1.0478328247583792,1.0718526586164632,6,4.83,True,True,True,False,PASS,0.15628,False,1.0,0.15401,False,0.13596,False,0.05992,False
C3,30_793_794_18,user,29,2,0.29182481739838145,0.1668340985296649,0.5716926340158149,0.40485853548615003,5,5.8,True,True,True,False,PASS,0.25824,True,0.862,0.25824,True,0.25824,True,0.03862,True
C3,311_984_1291_49,model,27,2,0.15170799018907472,0.10855025917563788,0.7155210417088179,0.60697078253318,6,4.5,True,True,True,False,PASS,0.13843,True,1.0,0.10706,True,0.10706,True,0.13843,True
C3,311_984_1291_49,user,27,2,0.09125785813539786,0.07970358393768573,0.8733887203382614,0.7936851364005757,7,3.86,True,True,True,False,PASS,0.17779,False,1.0,0.17841,False,0.17881,False,0.12499,False
C3,312_1082_1140_49,model,28,2,0.1159606019803461,0.10135193377296081,0.8740204176426983,0.7726684838697375,7,4.0,True,True,True,False,PASS,0.20901,False,1.0,0.16204,False,0.19974,False,0.1862,False
C3,312_1082_1140_49,user,28,2,0.16156315210952854,0.15408499994237201,0.9537137517465192,0.7996287518041472,7,4.0,True,True,True,False,PASS,0.16156,False,1.0,0.16156,False,0.19232,False,0.0766,True
C3,313_696_522_31,model,31,2,0.28785000018929535,0.2502922050731997,0.8695230325120828,0.6192308274388831,7,4.43,True,True,True,False,PASS,0.15681,True,1.0,0.15189,True,0.15516,True,0.19808,True
C3,313_696_522_31,user,31,2,0.03295713412681422,0.03346986562685861,1.0155575268793542,0.9820876612524956,7,4.43,True,True,True,False,PASS,0.13071,False,1.0,0.09966,False,0.13228,False,0.22075,False
C3,314_1056_1082_27,model,28,2,0.13812704693597427,0.09751093285181478,0.7059510430061812,0.6084401101543664,6,4.67,True,True,True,False,PASS,0.09239,True,1.0,0.19094,False,0.13813,False,0.05757,True
C3,314_1056_1082_27,user,28,2,0.36135514459382206,0.37171186282705126,1.028660774277534,0.6569489114504827,6,4.67,True,True,True,False,PASS,0.19135,True,1.0,0.19135,True,0.1665,True,0.09687,True
C3,315_570_1180_45,model,24,2,0.0034968490018027288,0.003634594967515614,1.0393914537464652,1.0357568587789496,7,3.43,True,True,True,False,PASS,0.18784,False,1.0,0.16152,False,0.17213,False,0.15358,False
C3,315_570_1180_45,user,24,2,0.004809846152996621,0.004468299631191441,0.9289901358711047,0.9245218362399132,8,3.0,True,True,True,False,PASS,0.25322,False,1.0,0.26903,False,0.21035,False,0.15437,False
C3,316_587_1140_14,model,24,2,-0.015180616915109815,-0.014806088649231386,0.9753285213655811,0.9901346100148125,8,3.0,True,True,True,False,PASS,0.16984,False,1.0,0.16984,False,0.22303,False,0.23586,False
C3,316_587_1140_14,user,24,2,-0.03490941478041399,-0.03523039249188731,1.0091945887231946,1.0444249812150819,8,3.0,True,True,True,False,PASS,0.1768,False,1.0,0.1768,False,0.17841,False,0.0925,False
C3,317_1082_473_14,model,32,2,0.27020339505796515,0.27928271906518565,1.0336018132017653,0.7543190941365796,7,4.57,True,True,True,False,PASS,0.10795,True,1.0,0.1059,True,0.12146,True,0.24831,True
C3,317_1082_473_14,user,32,2,0.07547308350346284,0.07774788291549428,1.0301405389369982,0.9523926560215039,7,4.57,True,True,True,False,PASS,0.11944,False,1.0,0.11697,False,0.12535,False,0.17844,False
C3,318_1099_1140_49,model,28,2,0.16705805250611083,0.15879035631352678,0.9505100408597088,0.791719684546182,7,4.0,True,True,True,False,PASS,0.16706,False,1.0,0.14879,True,0.1357,True,0.11864,True
C3,318_1099_1140_49,user,28,2,0.09296268480893903,0.09327800464167635,1.0033918967958528,0.9101138921541765,7,4.0,True,True,True,False,PASS,0.16395,False,1.0,0.17722,False,0.17722,False,0.10517,False
C3,319_964_510_49,model,36,2,-0.007632918270852027,-0.007564811868957855,0.9910772787710499,0.9986420906400078,8,4.5,True,True,True,False,PASS,0.08988,False,1.0,0.09471,False,0.10333,False,0.05584,False
C3,319_964_510_49,user,36,2,-0.014696169747311789,-0.015285116725492598,1.0400748622469156,1.0553599789724082,8,4.5,True,True,True,False,PASS,0.08409,False,1.0,0.08301,False,0.08324,False,0.07505,False
C3,31_1237_1238_6,model,36,2,0.11068578063223464,0.08859255411151767,0.8003968857199094,0.7118043316083917,7,5.14,True,True,True,False,PASS,0.14899,False,1.0,0.14302,False,0.15099,False,0.16405,False
C3,31_1237_1238_6,user,36,2,0.052880647397736416,0.054473471807897855,1.0301211215925776,0.9756476497846798,7,5.14,True,True,True,False,PASS,0.1172,False,1.0,0.10229,False,0.12449,False,0.1018,False
C3,320_1180_1140_14,model,27,2,0.07097113517734555,0.047563756082138364,0.6701845188650869,0.6226207627829485,5,5.4,True,True,True,False,PASS,0.23264,False,0.852,0.07097,False,0.1026,False,0.07097,False
C3,320_1180_1140_14,user,27,2,0.13605475796893024,0.12975961139693593,0.9537307870303817,0.8239711756334458,6,4.5,True,True,True,False,PASS,0.1738,False,1.0,0.13605,False,0.15168,False,0.11539,True
C3,321_237_238_4,model,32,2,0.007993608808189123,0.007988202929057775,0.999323724833043,0.9913355219039852,7,4.57,True,True,True,False,PASS,0.1295,False,1.0,0.08296,False,0.11249,False,0.06881,False
C3,321_237_238_4,user,32,2,0.25691858971431997,0.26530077442231903,1.0326258396378387,0.7673250652155197,7,4.57,True,True,True,False,PASS,0.12245,True,1.0,0.09119,True,0.1096,True,0.21201,True
C3,324_114_433_55,model,29,2,-0.009308228345398671,-0.008368328526126012,0.8990248429243488,0.9073931714504748,8,3.62,True,True,True,False,PASS,0.15621,False,1.0,0.16346,False,0.19631,False,0.22914,False
C3,324_114_433_55,user,29,2,0.2861687930063293,0.2816081155855945,0.984062981246757,0.7024548656611624,7,4.14,True,True,True,False,PASS,0.14719,True,1.0,0.16085,True,0.15288,True,0.25374,True
C3,325_237_1099_37,model,34,2,0.1070100891231717,0.08153804453016444,0.7619659529141388,0.6804279083839744,7,4.86,True,True,True,False,PASS,0.21324,False,1.0,0.19681,False,0.21402,False,0.21324,False
C3,325_237_1099_37,user,34,2,-0.011227149764692839,-0.010545935400261053,0.9393243718388731,0.9498703072391341,7,4.86,True,True,True,False,PASS,0.1586,False,1.0,0.0807,False,0.14581,False,0.24424,False
C3,326_500_1099_6,model,30,2,0.20101445117135233,0.18649376682660712,0.9277629829092873,0.7412692160826801,7,4.29,True,True,True,False,PASS,0.16824,True,1.0,0.15681,True,0.18393,True,0.15033,True
C3,326_500_1099_6,user,30,2,0.11669781578064684,0.1160503844401013,0.9944520697648489,0.8784016853247476,7,4.29,True,True,True,False,PASS,0.13914,False,1.0,0.16018,False,0.1594,False,0.16333,False
C3,327_238_112_58,model,30,2,0.3392338714076507,0.3221354837673891,0.9495970506444069,0.6274615668770178,6,5.0,True,True,True,False,PASS,0.16461,True,1.0,0.143,True,0.17832,True,0.09121,True
C3,327_238_112_58,user,30,2,0.06345465816435057,0.05853879971645637,0.9225295889994096,0.8639907892829533,7,4.29,True,True,True,False,PASS,0.16072,False,1.0,0.13933,False,0.15421,False,0.12581,False
C3,328_237_124_37,model,30,2,0.09926252349220029,0.09440456997792479,0.9510595404653679,0.8566549704874431,7,4.29,True,True,True,False,PASS,0.15526,False,1.0,0.15189,False,0.1618,False,0.10656,False
C3,328_237_124_37,user,30,2,-0.01211929938258211,-0.012618569653666922,1.0411962981789495,1.0538148678326165,8,3.75,True,True,True,False,PASS,0.1314,False,1.0,0.11645,False,0.14062,False,0.07613,False
C3,329_500_86_37,model,27,2,-0.0358467680341089,-0.033228694619979904,0.92696486858626,0.9601935632062399,8,3.38,True,True,True,False,PASS,0.20062,False,1.0,0.20062,False,0.19025,False,0.4005,False
C3,329_500_86_37,user,27,2,-0.000575415094908694,-0.0005577967047661891,0.9693814251687288,0.969939221873495,8,3.38,True,True,True,False,PASS,0.15197,False,1.0,0.19219,False,0.16993,False,0.25015,False
C3,32_113_1238_18,model,37,2,0.04861503002361483,0.04380958473856,0.9011530943677177,0.8573435096291577,8,4.62,True,True,True,False,PASS,0.1158,False,1.0,0.15964,False,0.119,False,0.17102,False
C3,32_113_1238_18,user,37,2,0.2194831045581458,0.19621271748484104,0.8939764082517799,0.6977636907669389,7,5.29,True,True,True,False,PASS,0.12798,True,1.0,0.13357,True,0.13561,True,0.123,True
C3,330_939_1180_55,model,27,2,0.042143707969977975,0.040866238703618274,0.9696877819277379,0.9288215432241196,7,3.86,True,True,True,False,PASS,0.16205,False,1.0,0.20834,False,0.17869,False,0.21294,False
C3,330_939_1180_55,user,27,2,0.1836731080080219,0.1604180207636775,0.8733887203382614,0.7129706995745839,7,3.86,True,True,True,False,PASS,0.23396,False,1.0,0.23929,False,0.25052,False,0.05516,True
C3,331_237_500_22,model,27,2,-0.002361481564045021,-0.0021199161584124493,0.8977059955451059,0.8998259117035183,8,3.38,True,True,True,False,PASS,0.16702,False,1.0,0.15823,False,0.14452,False,0.14212,False
C3,331_237_500_22,user,27,2,0.007263971199797699,0.007375384249200367,1.0153377603432363,1.007962376094036,8,3.38,True,True,True,False,PASS,0.16111,False,1.0,0.17584,False,0.17821,False,0.01427,False
C3,332_451_579_46,model,29,2,0.06870339302318275,0.061187500373011905,0.8906037632284808,0.8294162628554689,5,5.8,True,True,True,False,PASS,0.19227,False,1.0,0.0687,False,0.12156,False,0.12186,False
C3,332_451_579_46,user,29,2,0.5483918042491831,0.39922522560693585,0.7279926915638811,0.3287674659569453,4,7.25,True,True,True,False,PASS,0.16749,True,1.0,0.09638,True,0.09638,True,0.11681,True
C3,333_68_69_35,model,31,2,0.0244307957319873,0.024364972021074793,0.9973057074507679,0.9729407354296931,8,3.88,True,True,True,False,PASS,0.12257,False,1.0,0.17233,False,0.11191,False,0.13909,False
C3,333_68_69_35,user,31,2,-0.005865488703485662,-0.005335245221673501,0.909599436872659,0.9149346820943325,8,3.88,True,True,True,False,PASS,0.15555,False,1.0,0.13366,False,0.14832,False,0.13366,False
C3,334_479_582_19,model,37,2,0.11689623785127812,0.11631595712234455,0.9950359332378872,0.8787199761155426,6,6.17,True,True,True,False,PASS,0.13133,False,1.0,0.11528,True,0.09313,True,0.15707,False
C3,334_479_582_19,user,37,2,0.4139114828747914,0.2803493228040489,0.6773170941209544,0.3969677713169055,6,6.17,True,True,True,False,PASS,0.18505,True,1.0,0.20495,True,0.28682,True,0.18615,True
C3,337_238_695_55,model,29,2,-0.018040321261398377,-0.016995178805864652,0.9420663057830319,0.9590614845888965,6,4.83,True,True,True,False,PASS,0.16109,False,1.0,0.11344,False,0.14361,False,0.34048,False
C3,337_238_695_55,user,29,2,0.662530915908831,0.5904154998110316,0.8911516212056692,0.30073612139463757,5,5.8,True,True,True,False,PASS,0.16523,True,1.0,0.1501,True,0.22777,True,0.36776,True
C3,338_1210_1291_38,model,38,2,-0.00723843067929146,-0.006980475578467482,0.9643631178838301,0.9713435934622976,8,4.75,True,True,True,False,PASS,0.12292,False,1.0,0.12846,False,0.10679,False,0.20812,False
C3,338_1210_1291_38,user,38,2,0.18845207137670583,0.13463126914818346,0.7144058866780116,0.5797746175298282,7,5.43,True,True,True,False,PASS,0.17269,True,1.0,0.13769,True,0.17093,True,0.34799,False
C3,339_1339_51_44,model,28,2,0.17048279094213833,0.17356133722752665,1.0180578125708486,0.844496475343322,7,4.0,True,True,True,False,PASS,0.17761,False,1.0,0.17048,False,0.1525,True,0.05342,True
C3,339_1339_51_44,user,28,2,0.09379407428742882,0.08027250909798334,0.8558377456979948,0.7755652366000114,7,4.0,True,True,True,False,PASS,0.23578,False,1.0,0.1909,False,0.22941,False,0.13043,False
C3,33_1135_829_46,model,24,2,0.38457785235769804,0.2896314339975453,0.7531152202913586,0.46348378629381326,5,4.8,True,True,True,False,PASS,0.14241,True,1.0,0.16962,True,0.14241,True,0.09833,True
C3,33_1135_829_46,user,24,2,-0.02718192788403777,-0.026318483983908125,0.9682346335472145,0.9945531175311226,6,4.0,True,True,True,False,PASS,0.21079,False,1.0,0.09137,False,0.13588,False,0.13452,False
C3,341_479_914_6,model,31,2,0.1240282362373287,0.10083645963644461,0.8130121228483287,0.7121756632118841,7,4.43,True,True,True,False,PASS,0.2036,False,1.0,0.24222,False,0.16292,False,0.22389,False
C3,341_479_914_6,user,31,2,-0.0064192179923268835,-0.00581260621584645,0.9055006735702794,0.9113132797861259,8,3.88,True,True,True,False,PASS,0.14242,False,1.0,0.19477,False,0.16533,False,0.17362,False
C3,342_300_301_30,model,36,2,-0.01544180145573401,-0.015078888818762515,0.9764980376148578,0.9915769264336203,8,4.5,True,True,True,False,PASS,0.11113,False,1.0,0.11418,False,0.13548,False,0.46087,False
C3,342_300_301_30,user,36,2,0.08355877817813205,0.08413259892005431,1.006867270613974,0.9227346716939198,8,4.5,True,True,True,False,PASS,0.08986,False,1.0,0.08356,False,0.16025,False,0.51391,False
C3,343_610_144_30,model,24,2,0.08701521183658127,0.0882809608901578,1.0145462962953382,0.9262653354051804,8,3.0,True,True,True,False,PASS,0.20744,False,1.0,0.17865,False,0.1976,False,0.09556,False
C3,343_610_144_30,user,24,2,0.03471897068999435,0.03386240234640714,0.9753285213655811,0.941466119019174,7,3.43,True,True,True,False,PASS,0.18411,False,1.0,0.26589,False,0.22017,False,0.18411,False
C3,344_1531_1532_40,model,24,2,0.06973846443310854,0.07203232312611751,1.0328923028583343,0.9608599797322168,7,3.43,True,True,True,False,PASS,0.18893,False,1.0,0.18639,False,0.18087,False,0.22707,False
C3,344_1531_1532_40,user,24,2,0.06482734384321606,0.06660802139711297,1.0274680011293298,0.9608599797322168,7,3.43,True,True,True,False,PASS,0.17561,False,1.0,0.16072,False,0.18569,False,0.02847,True
C3,345_1440_1441_40,model,24,2,0.049145332121048595,0.04269572170485192,0.8687645369796096,0.8260688152747577,6,4.0,True,True,True,False,PASS,0.21123,False,1.0,0.15836,False,0.22335,False,0.05767,False
C3,345_1440_1441_40,user,24,2,0.3476394725569969,0.36678114279282203,1.0550618435099794,0.6882807007171574,6,4.0,True,True,True,False,PASS,0.15691,True,1.0,0.16513,True,0.19973,True,0.0734,True
C3,346_479_238_40,model,42,2,0.026582204399067475,0.02709897365249736,1.0194404213311976,0.9923414476787003,7,6.0,True,True,True,False,PASS,0.08552,False,1.0,0.0766,False,0.10619,False,0.03592,False
C3,346_479_238_40,user,42,2,0.36162489050026564,0.3227743650602799,0.8925667827061334,0.5697924176458535,7,6.0,True,True,True,False,PASS,0.10699,True,1.0,0.09969,True,0.11161,True,0.09194,True
C3,348_448_718_26,model,37,2,0.0449893147650083,0.04632631207433424,1.0297181078731572,0.983391795798823,7,5.29,True,True,True,False,PASS,0.11399,False,1.0,0.08352,False,0.12417,False,0.15916,False
C3,348_448_718_26,user,37,2,0.3463612977365612,0.2818400060408984,0.8137167976985206,0.5318767916576221,6,6.17,True,True,True,False,PASS,0.16161,True,1.0,0.16116,True,0.17983,True,0.04563,True
C3,349_914_127_40,model,37,2,0.079588827368804,0.08228995904369096,1.0339385786194621,0.9516486195757712,8,4.62,True,True,True,False,PASS,0.12214,False,1.0,0.11186,False,0.11126,False,0.15606,False
C3,349_914_127_40,user,37,2,0.17521269657217262,0.15189622775007272,0.8669247761249111,0.7150285483748384,7,5.29,True,True,True,False,PASS,0.14469,True,1.0,0.12503,True,0.12503,True,0.11643,True
C3,34_1135_829_58,model,30,2,0.12795196936728223,0.11870910076930752,0.9277629829092873,0.8090538821399798,5,6.0,True,True,True,False,PASS,0.14724,False,1.0,0.12795,False,0.12795,False,0.12827,False
C3,34_1135_829_58,user,30,2,0.1977316851301923,0.163547202339972,0.8271168185932758,0.6635696162533038,5,6.0,True,True,True,False,PASS,0.18884,True,1.0,0.05368,True,0.18258,True,0.16936,True
C3,350_816_215_7,model,31,2,0.12884326309006325,0.09388938327759744,0.7287100700947587,0.6348206868171613,6,5.17,True,True,True,False,PASS,0.10807,True,1.0,0.12884,False,0.07146,True,0.22318,False
C3,350_816_215_7,user,31,2,0.30208454572367144,0.27071868237013275,0.8961685932049291,0.6254499108347964,6,5.17,True,True,True,False,PASS,0.16935,True,1.0,0.195,True,0.25392,True,0.16471,True
C3,351_626_627_25,model,27,2,0.32076641381216175,0.33191923513503574,1.034769292677272,0.7028500575422363,7,3.86,True,True,True,False,PASS,0.16305,True,1.0,0.16453,True,0.13961,True,0.10929,True
C3,351_626_627_25,user,27,2,0.08703558455617141,0.08912434643719047,1.0239989412568489,0.9348745948196584,7,3.86,True,True,True,False,PASS,0.15715,False,1.0,0.13872,False,0.15047,False,0.27791,False
C3,352_474_563_49,model,32,2,0.12854691343653238,0.13351159185145267,1.038621529542765,0.9051099376913123,7,4.57,True,True,True,False,PASS,0.15068,False,1.0,0.13233,False,0.15068,False,0.10117,True
C3,352_474_563_49,user,32,2,0.07176469100400203,0.0695329284381071,0.9689016627164121,0.899368734278305,7,4.57,True,True,True,False,PASS,0.13365,False,1.0,0.16271,False,0.12534,False,0.22251,False
C3,353_51_718_40,model,33,2,0.011135296782438455,0.011012803314478514,0.9889995327153627,0.9779867294008842,6,5.5,True,True,True,False,PASS,0.12276,False,1.0,0.06527,False,0.13658,False,0.03005,False
C3,353_51_718_40,user,33,2,0.6039813993798978,0.5917374218423208,0.9797278897162267,0.3879904678739059,6,5.5,True,True,True,False,PASS,0.10457,True,1.0,0.14122,True,0.14029,True,0.04091,True
C3,354_864_1301_40,model,24,2,0.052838846704179224,0.04815414263089168,0.9113397743233292,0.8631856316924376,7,3.43,True,True,True,False,PASS,0.16021,False,1.0,0.16021,False,0.21158,False,0.09667,False
C3,354_864_1301_40,user,24,2,0.04183380371243552,0.04350636311125311,1.039981050021526,0.996474686910273,7,3.43,True,True,True,False,PASS,0.17157,False,1.0,0.20209,False,0.1872,False,0.08976,False
C3,355_1291_563_30,model,32,2,0.010879279653875142,0.009861404992229428,0.9064391490953951,0.8965777441031657,8,4.0,True,True,True,False,PASS,0.15402,False,1.0,0.17276,False,0.14763,False,0.13726,False
C3,355_1291_563_30,user,32,2,0.1338289222679475,0.13629349358485587,1.0184158347473942,0.8821223411625383,7,4.57,True,True,True,False,PASS,0.1476,False,1.0,0.13383,False,0.126,True,0.15212,False
C3,356_47_1301_57,model,25,2,0.053654899839178365,0.01932599361489329,0.3601906568238826,0.34086466320898934,5,5.0,True,True,True,False,PASS,0.38076,False,1.0,0.06622,False,0.11817,False,0.30802,False
C3,356_47_1301_57,user,25,2,0.10609933053743532,0.10321570181661055,0.9728214239786618,0.8696057221620512,8,3.12,True,True,True,False,PASS,0.16174,False,1.0,0.13987,False,0.15609,False,0.17768,False
C3,357_119_120_0,model,35,2,-0.03779358082483908,-0.03627272464772324,0.9597588758745961,0.9960316005223193,8,4.38,True,True,True,False,PASS,0.12994,False,1.0,0.1189,False,0.13885,False,0.14402,False
C3,357_119_120_0,user,35,2,0.21875247083253108,0.21650048399538857,0.9897053193110374,0.7732048353156489,7,5.0,True,True,True,False,PASS,0.12386,True,1.0,0.12386,True,0.10066,True,0.16999,True
C3,358_846_1404_0,model,34,2,0.14843274890020397,0.1291511799764833,0.8700989568233066,0.7409477768468233,7,4.86,True,True,True,False,PASS,0.15435,False,1.0,0.14877,False,0.13188,True,0.34278,False
C3,358_846_1404_0,user,34,2,0.09941743901662169,0.10121661202504662,1.0180971570603838,0.9168805450353372,7,4.86,True,True,True,False,PASS,0.12688,False,1.0,0.09942,False,0.09942,False,0.27752,False
C3,359_718_972_0,model,37,2,0.501428372662266,0.4347006797129135,0.8669247761249111,0.43222409641199766,5,7.4,True,True,True,False,PASS,0.15375,True,1.0,0.09821,True,0.14469,True,0.21722,True
C3,359_718_972_0,user,37,2,0.17079298143987068,0.15391062372082764,0.9011530943677177,0.7472424706468901,5,7.4,True,True,True,False,PASS,0.13167,True,1.0,0.0409,True,0.12894,True,0.21248,False
C3,35_84_85_3,model,26,2,0.13568876985733266,0.137897078660995,1.0162748089321187,0.8783777302711238,7,3.71,True,True,True,False,PASS,0.17137,False,1.0,0.19037,False,0.14048,False,0.21433,False
C3,35_84_85_3,user,26,2,0.2705101896546442,0.26642644378469116,0.9849035414334423,0.7184770976487511,7,3.71,True,True,True,False,PASS,0.17428,True,1.0,0.16255,True,0.20354,True,0.3805,False
C3,360_474_149_40,model,29,2,-0.001852631955587868,-0.0015540454694792372,0.8388311908320264,0.8403852363015056,7,4.14,True,True,True,False,PASS,0.21667,False,1.0,0.14288,False,0.22584,False,0.16042,False
C3,360_474_149_40,user,29,2,0.26938182766972824,0.25998316596497817,0.9651102608292005,0.7051270948642223,7,4.14,True,True,True,False,PASS,0.18167,True,1.0,0.17663,True,0.17663,True,0.29913,False
C3,361_1291_112_57,model,32,2,0.03752852924453333,0.03353911115139119,0.893696391160246,0.8601572800088548,6,5.33,True,True,True,False,PASS,0.14468,False,1.0,0.12839,False,0.14973,False,0.24814,False
C3,361_1291_112_57,user,32,2,0.32347457045481687,0.2667401064124517,0.8246091989160247,0.557869092503573,6,5.33,True,True,True,False,PASS,0.17347,True,1.0,0.20384,True,0.20384,True,0.36293,False
C3,362_851_961_57,model,31,2,0.1020021482007877,0.08959663588638367,0.8783798916667499,0.7887832557803662,7,4.43,True,True,True,False,PASS,0.18103,False,1.0,0.14268,False,0.12929,False,0.20732,False
C3,362_851_961_57,user,31,2,0.29863568347118513,0.25833267410712557,0.8650428880581235,0.6067102139509979,6,5.17,True,True,True,False,PASS,0.17536,True,1.0,0.13154,True,0.18668,True,0.20612,True
C3,364_474_852_57,model,26,2,0.20858306855023645,0.18594404419161792,0.8914627897845601,0.7055187455929421,7,3.71,True,True,True,False,PASS,0.23982,False,1.0,0.25655,False,0.23982,False,0.29342,False
C3,364_474_852_57,user,26,2,-0.01297436551294032,-0.011552491946036358,0.8904090095592097,0.901961501505246,7,3.71,True,True,True,False,PASS,0.17172,False,1.0,0.21926,False,0.16128,False,0.05661,False
C3,365_208_209_0,model,29,2,0.010675391734855709,0.010521122908158542,0.9855491179594402,0.9750279950512817,7,4.14,True,True,True,False,PASS,0.16359,False,1.0,0.13495,False,0.16282,False,0.40549,False
C3,365_208_209_0,user,29,2,0.14708845440182414,0.13797758760477397,0.938058586351308,0.800080998746534,7,4.14,True,True,True,False,PASS,0.16188,False,1.0,0.16501,False,0.16501,False,0.29386,False
C3,366_718_775_29,model,33,2,0.33736834185514797,0.28104722655631587,0.8330574973658492,0.5520102708095334,6,5.5,True,True,True,False,PASS,0.16563,True,1.0,0.17457,True,0.29255,True,0.29255,True
C3,366_718_775_29,user,33,2,-0.013123634902765762,-0.012341745564353523,0.9404212823501013,0.9527630279144548,6,5.5,True,True,True,False,PASS,0.12663,False,1.0,0.04727,False,0.18683,False,0.25122,False
C3,367_415_416_29,model,30,2,-0.04298065456990016,-0.04236818119633701,0.9857500221973801,1.028118203393717,8,3.75,True,True,True,False,PASS,0.13183,False,1.0,0.13183,False,0.13183,False,0.18157,False
C3,367_415_416_29,user,30,2,-0.0371380029149618,-0.03710336560426364,0.9990673351289925,1.0361707007332561,8,3.75,True,True,True,False,PASS,0.14427,False,1.0,0.10298,False,0.17319,False,0.18418,False
C3,368_851_224_58,model,37,2,0.19853266722520382,0.18079502820663051,0.9106563203603527,0.7298612921537222,7,5.29,True,True,True,False,PASS,0.12545,True,1.0,0.14013,True,0.12545,True,0.07782,True
C3,368_851_224_58,user,37,2,-0.010970485710777682,-0.01108755417019558,1.0106712193520189,1.0217587735222144,8,4.62,True,True,True,False,PASS,0.11429,False,1.0,0.11371,False,0.09772,False,0.14534,False
C3,36_506_723_3,model,25,2,0.2148376643125587,0.20569284031576318,0.9574337952981509,0.7517409549823877,6,4.17,True,True,True,False,PASS,0.19781,True,1.0,0.21484,False,0.22048,False,0.13547,True
C3,36_506_723_3,user,25,2,-0.02666807483660135,-0.025616140926812525,0.9605545613534476,0.9861707022802602,6,4.17,True,True,True,False,PASS,0.22752,False,1.0,0.06078,False,0.10402,False,0.05566,False
C3,370_852_853_29,model,28,2,0.22660283720143898,0.22221249621031125,0.9806253926678555,0.7584128964575443,7,4.0,True,True,True,False,PASS,0.17304,True,1.0,0.15687,True,0.16745,True,0.00614,True
C3,370_852_853_29,user,28,2,0.10434238975737611,0.10904482391237114,1.04506734191089,0.9360225179985189,7,4.0,True,True,True,False,PASS,0.14956,False,1.0,0.16453,False,0.14635,False,0.24493,False
C3,371_721_156_20,model,31,2,0.024166716321691328,0.022259207420490812,0.921068759370987,0.8988095519504962,8,3.88,True,True,True,False,PASS,0.14966,False,1.0,0.10727,False,0.10727,False,0.28691,False
C3,371_721_156_20,user,31,2,-0.01686138797451059,-0.01732806499949069,1.0276772603587307,1.0450053253582214,8,3.88,True,True,True,False,PASS,0.12748,False,1.0,0.1254,False,0.13579,False,0.17096,False
C3,372_718_964_14,model,40,2,-0.002377234138318367,-0.002303925933845097,0.9691623962101068,0.9714663221439519,6,6.67,True,True,True,False,PASS,0.09842,False,1.0,0.05246,False,0.06545,False,0.12315,False
C3,372_718_964_14,user,40,2,0.5000908585718088,0.3765858203580871,0.7530348013830223,0.3764489810249352,5,8.0,True,True,True,False,PASS,0.16008,True,1.0,0.17689,True,0.17557,True,0.15823,True
C3,373_1164_860_50,model,39,2,0.0006128673343460663,0.0005848362738682944,0.9542624334715422,0.9536775971976739,8,4.88,True,True,True,False,PASS,0.11442,False,1.0,0.11442,False,0.11453,False,0.04579,False
C3,373_1164_860_50,user,39,2,-0.039211858149499276,-0.03150160003808011,0.803369223615392,0.8348708236534721,8,4.88,True,True,True,False,PASS,0.13506,False,1.0,0.13506,False,0.14244,False,0.13506,False
C3,374_1301_852_0,model,29,2,0.0688417066860876,0.07123206630688061,1.0347225502658273,0.9634904839589467,6,4.83,True,True,True,False,PASS,0.15052,False,1.0,0.06884,False,0.11506,False,0.09625,False
C3,374_1301_852_0,user,29,2,0.361175901615424,0.32483736678573794,0.8993882629844475,0.5745508961987096,6,4.83,True,True,True,False,PASS,0.15865,True,1.0,0.13686,True,0.23354,True,0.05613,True
C3,375_1206_1104_24,model,26,2,0.019664886916465302,0.0204169281804909,1.0382428471223966,1.0178259189419057,6,4.33,True,True,True,False,PASS,0.15879,False,1.0,0.12172,False,0.12671,False,0.0982,False
C3,375_1206_1104_24,user,26,2,0.5558183749934424,0.5159983786488113,0.9283578986659068,0.4123595200170955,5,5.2,True,True,True,False,PASS,0.20488,True,1.0,0.24747,True,0.18599,True,0.13273,True
C3,376_853_581_24,model,26,2,-0.036392155608282954,-0.03762840802309575,1.033970299207322,1.0715987072304178,8,3.25,True,True,True,False,PASS,0.1685,False,1.0,0.15375,False,0.14377,False,0.05128,False
C3,376_853_581_24,user,26,2,0.14205683643793696,0.14361795950436784,1.0109894258212129,0.867371466316845,7,3.71,True,True,True,False,PASS,0.17389,False,1.0,0.18305,False,0.17389,False,0.18305,False
C3,377_850_851_46,model,28,2,0.5136060750633713,0.4395634654590309,0.855837745697995,0.41627428023896407,5,5.6,True,True,True,False,PASS,0.22999,True,1.0,0.23776,True,0.23452,True,0.10146,True
C3,377_850_851_46,user,28,2,0.03431203156400742,0.03492845924367938,1.0179653506823705,0.9830368914386911,6,4.67,True,True,True,False,PASS,0.15223,False,1.0,0.07449,False,0.12362,False,0.07628,False
C3,378_31_721_40,model,31,2,0.13605259318480412,0.1396783706123541,1.0266498222685472,0.8869714516561931,7,4.43,True,True,True,False,PASS,0.13492,True,1.0,0.13605,False,0.13069,True,0.19313,False
C3,378_31_721_40,user,31,2,0.14179048901159408,0.13246021829270493,0.9341967801653733,0.8017365618726684,7,4.43,True,True,True,False,PASS,0.16081,False,1.0,0.14179,False,0.16016,False,0.20271,False
C3,37_1468_636_3,model,25,2,0.24192388817577046,0.24867062268817852,1.0278878392840074,0.7792172165958289,6,4.17,True,True,True,False,PASS,0.16687,True,1.0,0.2013,True,0.18983,True,0.16586,True
C3,37_1468_636_3,user,25,2,0.3371310216337613,0.2938597235063348,0.8716484234594294,0.5777886999530946,7,3.57,True,True,True,False,PASS,0.15889,True,1.0,0.16572,True,0.15889,True,0.088,True
C3,380_852_149_46,model,29,2,0.3126263823563492,0.32000358307533183,1.0235974989166898,0.703593915841358,6,4.83,True,True,True,False,PASS,0.1782,True,1.0,0.17423,True,0.23577,True,0.11664,True
C3,380_852_149_46,user,29,2,-0.025856977057746606,-0.02168963885666597,0.8388311908320264,0.8605208296886924,6,4.83,True,True,True,False,PASS,0.2275,False,1.0,0.10343,False,0.2612,False,0.21747,False
C3,381_1301_850_7,model,24,2,0.42782039738462674,0.44433851612207853,1.0386099373438742,0.5942714212217957,6,4.0,True,True,True,False,PASS,0.19339,True,1.0,0.19611,True,0.1921,True,0.22639,True
C3,381_1301_850_7,user,24,2,-0.00015400830486502452,-0.0001590739926713436,1.0328923028583343,1.0330513768510057,7,3.43,True,True,True,False,PASS,0.18627,False,1.0,0.21673,False,0.22118,False,0.15008,False
C3,382_851_31_46,model,28,2,0.00334520492475434,0.0031661582153658108,0.9464766095303779,0.9433104513150121,7,4.0,True,True,True,False,PASS,0.15627,False,1.0,0.13705,False,0.14617,False,0.08672,False
C3,382_851_31_46,user,28,2,0.1364321384960263,0.14245410177317708,1.0441388909060174,0.9016847891328403,8,3.5,True,True,True,False,PASS,0.14424,False,1.0,0.13643,False,0.15815,False,0.024,True
C3,383_850_1068_54,model,32,2,-0.01641060827113974,-0.012982635471294635,0.7911123863779227,0.8040950218492173,8,4.0,True,True,True,False,PASS,0.14791,False,1.0,0.26969,False,0.19207,False,0.22038,False
C3,383_850_1068_54,user,32,2,0.5458978714805572,0.3850400730909752,0.7053335306962977,0.32029345760532246,5,6.4,True,True,True,False,PASS,0.14036,True,1.0,0.11365,True,0.12556,True,0.22566,True
C3,385_371_1488_31,model,35,2,0.008373966695625278,0.007831388778896109,0.9352065829193443,0.9273751941404482,7,5.0,True,True,True,False,PASS,0.13915,False,1.0,0.14317,False,0.11688,False,0.09002,False
C3,385_371_1488_31,user,35,2,0.607180445481066,0.6017733312653464,0.9910947161491086,0.3893213848837622,6,5.83,True,True,True,False,PASS,0.10937,True,1.0,0.1228,True,0.10734,True,0.1077,True
C3,386_31_47_57,model,28,2,-0.015590546729329373,-0.01309423792155695,0.8398831772155689,0.8529774151371259,6,4.67,True,True,True,False,PASS,0.18947,False,1.0,0.14539,False,0.17681,False,0.16968,False
C3,386_31_47_57,user,28,2,0.17119164585070662,0.16326782683193886,0.9537137517465192,0.7904459249145803,6,4.67,True,True,True,False,PASS,0.17589,False,1.0,0.17119,False,0.15734,True,0.17589,False
C3,388_776_47_40,model,26,2,0.34191187495093145,0.31066629486068387,0.9086151070513954,0.5979488121907115,6,4.33,True,True,True,False,PASS,0.20227,True,1.0,0.20227,True,0.1762,True,0.22193,True
C3,388_776_47_40,user,26,2,0.05472034907022222,0.04878115504012526,0.8914627897845601,0.8426816347444348,7,3.71,True,True,True,False,PASS,0.22461,False,1.0,0.141,False,0.22461,False,0.07275,False
C3,389_1411_48_18,model,30,2,0.00424281225433715,0.004446848394295655,1.048089834696299,1.0436429863020034,6,5.0,True,True,True,False,PASS,0.13546,False,1.0,0.09186,False,0.09186,False,0.09838,False
C3,389_1411_48_18,user,30,2,0.46425929232312635,0.3817961150272282,0.8223768944219572,0.44058077939472895,5,6.0,True,True,True,False,PASS,0.22588,True,1.0,0.25648,True,0.23075,True,0.22588,True
C3,38_435_1407_16,model,25,2,0.06589100822113673,0.0557196582462639,0.8456337177185577,0.7899140594722938,7,3.57,True,True,True,False,PASS,0.19969,False,1.0,0.14989,False,0.21187,False,0.15558,False
C3,38_435_1407_16,user,25,2,0.06493934621660727,0.05958268724142646,0.9175128903005352,0.8579302030591087,7,3.57,True,True,True,False,PASS,0.21541,False,1.0,0.16516,False,0.17061,False,0.07018,False
C3,390_910_1173_40,model,30,2,0.17076618043925648,0.10863275677446493,0.6361491279774034,0.5275163712029385,5,6.0,True,True,True,False,PASS,0.09086,True,0.867,0.09086,True,0.17077,False,0.09086,True
C3,390_910_1173_40,user,30,2,0.0662028244966288,0.050977361851484604,0.7700179295836613,0.7190405677321767,6,5.0,True,True,True,False,PASS,0.22652,False,1.0,0.09888,False,0.26209,False,0.11458,False
C3,391_511_264_40,model,35,2,0.12053695539323674,0.11359703165826318,0.9424249292481884,0.8288278975899253,7,5.0,True,True,True,False,PASS,0.12042,True,1.0,0.12054,False,0.11435,True,0.08474,True
C3,391_511_264_40,user,35,2,0.21401966237813577,0.18448409938101307,0.8619960303229595,0.6775119309419464,7,5.0,True,True,True,False,PASS,0.13344,True,1.0,0.12588,True,0.12588,True,0.12592,True
C3,392_380_381_12,model,29,2,0.0077390033759625965,0.007741759116627556,1.0003560846960629,0.9926143255794353,7,4.14,True,True,True,False,PASS,0.14587,False,1.0,0.10703,False,0.16096,False,0.07736,False
C3,392_380_381_12,user,29,2,0.205728850696459,0.18495534768239086,0.8990248429243488,0.714069495241958,7,4.14,True,True,True,False,PASS,0.19076,True,1.0,0.20573,False,0.15192,True,0.14101,True
C3,393_703_1124_40,model,24,2,0.16215451696951677,0.15063994675162473,0.9289901358711047,0.77835018911948,7,3.43,True,True,True,False,PASS,0.24892,False,1.0,0.21293,False,0.21293,False,0.09301,True
C3,393_703_1124_40,user,24,2,0.2540446854409292,0.2640518749170109,1.0393914537464652,0.7753395788294544,7,3.43,True,True,True,False,PASS,0.17213,True,1.0,0.16987,True,0.18787,True,0.09028,True
C3,394_1301_910_24,model,29,2,0.48063015774867907,0.40419523308435734,0.8409693536037132,0.4367741205193558,6,4.83,True,True,True,False,PASS,0.17775,True,1.0,0.15788,True,0.16371,True,0.15788,True
C3,394_1301_910_24,user,29,2,0.02283602056566088,0.019155566324957962,0.8388311908320264,0.8196756245070684,7,4.14,True,True,True,False,PASS,0.18154,False,1.0,0.10872,False,0.20974,False,0.18154,False
C3,395_381_264_24,model,25,2,0.22025583564028609,0.23034863639797543,1.0458230799122732,0.8154744435142978,7,3.57,True,True,True,False,PASS,0.192,True,1.0,0.18596,True,0.16339,True,0.22087,False
C3,395_381_264_24,user,25,2,0.0301981336433363,0.02983453760530297,0.9879596519994353,0.9581251143941323,7,3.57,True,True,True,False,PASS,0.19678,False,1.0,0.18974,False,0.18629,False,0.26628,False
C3,396_1309_1174_24,model,25,2,0.013081560720358768,0.0136084618939738,1.0402781583083598,1.026669696414386,7,3.57,True,True,True,False,PASS,0.17134,False,1.0,0.13303,False,0.20943,False,0.2508,False
C3,396_1309_1174_24,user,25,2,0.21964748643297638,0.19988345991068746,0.9100193366960302,0.7101358767853427,7,3.57,True,True,True,False,PASS,0.24392,False,1.0,0.18208,True,0.24701,False,0.23478,False
C3,397_1173_864_40,model,32,2,0.057336219631503565,0.05163323623756455,0.9005343667477251,0.8489011305101606,7,4.57,True,True,True,False,PASS,0.14921,False,1.0,0.13989,False,0.18218,False,0.3112,False
C3,397_1173_864_40,user,32,2,0.15367001174835884,0.12157024970896757,0.7911123863779227,0.6695421366689551,7,4.57,True,True,True,False,PASS,0.21869,False,1.0,0.16434,False,0.17893,False,0.50703,False
C3,399_381_910_16,model,28,2,0.08756782905378331,0.07884301614819134,0.9003650884135396,0.8215220722653482,7,4.0,True,True,True,False,PASS,0.16334,False,1.0,0.21446,False,0.1639,False,0.08757,False
C3,399_381_910_16,user,28,2,0.48161886696778516,0.46073704695522333,0.9566424377349848,0.4959053907797615,5,5.6,True,True,True,False,PASS,0.15824,True,1.0,0.15824,True,0.15824,True,0.15824,True
C3,39_855_856_10,model,52,2,-0.013479483553117073,-0.013098551004581904,0.9717398261562417,0.9848383771608236,8,6.5,True,True,True,False,PASS,0.06825,False,1.0,0.0713,False,0.06884,False,0.05582,False
C3,39_855_856_10,user,52,2,-0.0032294304313057465,-0.0030893611220095263,0.9566272405380207,0.9597166016600303,8,6.5,True,True,True,False,PASS,0.0702,False,1.0,0.07831,False,0.09879,False,0.08571,False
C3,3_653_1240_24,model,28,2,0.036307391589631845,0.034510540263370415,0.9505100408597088,0.9159995005963384,7,4.0,True,True,True,False,PASS,0.16706,False,1.0,0.19377,False,0.19025,False,0.20672,False
C3,3_653_1240_24,user,28,2,0.048099551275410775,0.048051486173497415,0.9990007162096347,0.9509492300361373,8,3.5,True,True,True,False,PASS,0.14859,False,1.0,0.16696,False,0.1441,False,0.13412,False
C3,401_703_381_16,model,28,2,0.12232610783340356,0.12434038758390775,1.0164664746241043,0.8921260870401966,7,4.0,True,True,True,False,PASS,0.14666,False,1.0,0.14657,False,0.15166,False,0.02182,True
C3,401_703_381_16,user,28,2,0.1813992326858311,0.1793359848459154,0.9886259285148736,0.8092899436689582,7,4.0,True,True,True,False,PASS,0.17832,True,1.0,0.14096,True,0.15962,True,0.05258,True
C3,402_1115_39_21,model,25,2,0.12096939108945462,0.12584181537422157,1.0402781583083598,0.9144363429341382,7,3.57,True,True,True,False,PASS,0.16117,False,1.0,0.12097,False,0.17035,False,0.02221,True
C3,402_1115_39_21,user,25,2,0.051449791319663755,0.036964980165908434,0.7184670572566672,0.6815020770907587,7,3.57,True,True,True,False,PASS,0.28806,False,1.0,0.24693,False,0.26648,False,0.13978,False
C3,403_1309_381_1,model,31,2,-0.017189068519082494,-0.017110584031144738,0.9954340464783984,1.0125446305095431,8,3.88,True,True,True,False,PASS,0.13301,False,1.0,0.14514,False,0.14411,False,0.13339,False
C3,403_1309_381_1,user,31,2,0.19738555702831487,0.19379704621793847,0.9818197903412881,0.7880227441233496,7,4.43,True,True,True,False,PASS,0.13899,True,1.0,0.17671,True,0.13496,True,0.19739,False
C3,404_1115_864_1,model,34,2,-0.0205147672259851,-0.020921985860353765,1.0198500246131412,1.040772010473495,6,5.67,True,True,True,False,PASS,0.13438,False,1.0,0.07595,False,0.06282,False,0.17237,False
C3,404_1115_864_1,user,34,2,0.5962846940805031,0.5063340566525731,0.8491481697905432,0.34281411313797006,5,6.8,True,True,True,False,PASS,0.16985,True,1.0,0.16283,True,0.21693,True,0.04102,True
C3,405_910_265_21,model,29,2,0.03958610981948576,0.03835071347997232,0.9687921762166858,0.9304414627367135,7,4.14,True,True,True,False,PASS,0.14712,False,1.0,0.17692,False,0.15617,False,0.00326,True
C3,405_910_265_21,user,29,2,0.1368128422528569,0.1394480130046114,1.0192611359311152,0.8798131229265038,8,3.62,True,True,True,False,PASS,0.13471,True,1.0,0.12247,True,0.13787,False,0.19718,False
C3,407_1527_344_21,model,34,2,0.08107018163010618,0.08118115776738444,1.0013688897082358,0.9201877319408514,7,4.86,True,True,True,False,PASS,0.1351,False,1.0,0.12351,False,0.12835,False,0.22633,False
C3,407_1527_344_21,user,34,2,0.19955245444928718,0.18442349692835225,0.9241855603195315,0.7397620633911792,7,4.86,True,True,True,False,PASS,0.12227,True,1.0,0.14783,True,0.19404,True,0.24447,False
C3,408_1174_775_38,model,26,2,0.011008558366560093,0.011419851452069807,1.0373612122327542,1.0259413607806844,8,3.25,True,True,True,False,PASS,0.16692,False,1.0,0.17625,False,0.1815,False,0.2549,False
C3,408_1174_775_38,user,26,2,0.1413215318341095,0.12790346955533027,0.9050529519130175,0.7771494823576872,7,3.71,True,True,True,False,PASS,0.1753,False,1.0,0.16916,False,0.1735,False,0.14132,False
C3,409_1115_264_37,model,34,2,0.10002427698119941,0.08493543173320783,0.8491481697905432,0.7642127380573354,7,4.86,True,True,True,False,PASS,0.16686,False,1.0,0.17636,False,0.13135,False,0.16398,False
C3,409_1115_264_37,user,34,2,0.05589400524675008,0.039779677428124494,0.7116984594772344,0.6719187820491099,7,4.86,True,True,True,False,PASS,0.20029,False,1.0,0.20756,False,0.19736,False,0.20643,False
C3,40_967_968_18,model,34,2,0.197409139158464,0.15778947692947543,0.7993017830993876,0.6415123061699122,7,4.86,True,True,True,False,PASS,0.17224,True,1.0,0.19646,True,0.19005,True,0.29219,False
C3,40_967_968_18,user,34,2,0.03884617295851542,0.04004748454022011,1.0309248373832758,0.9908773528430557,7,4.86,True,True,True,False,PASS,0.1191,False,1.0,0.0971,False,0.08523,False,0.19002,False
C3,410_615_1173_9,model,29,2,-0.045902133894910185,-0.048097762621541085,1.0478328247583792,1.0959305873799203,8,3.62,True,True,True,False,PASS,0.15058,False,1.0,0.11386,False,0.13885,False,0.16306,False
C3,410_615_1173_9,user,29,2,0.16764687801242445,0.15726259339454507,0.938058586351308,0.7807959929567629,7,4.14,True,True,True,False,PASS,0.16765,False,1.0,0.16765,False,0.15193,True,0.19668,False
C3,411_265_415_9,model,31,2,0.15658349723061085,0.16132530468152484,1.030282932331818,0.868957627650293,7,4.43,True,True,True,False,PASS,0.13489,True,1.0,0.15658,False,0.12901,True,0.05408,True
C3,411_265_415_9,user,31,2,0.4013069292875165,0.3658399202611361,0.9116212394105708,0.5457813191494347,6,5.17,True,True,True,False,PASS,0.18399,True,1.0,0.13196,True,0.16732,True,0.15933,True
C3,412_1173_1174_2,model,28,2,-0.004044008075342228,-0.0036061456136200487,0.8917256213230671,0.8953317669366871,8,3.5,True,True,True,False,PASS,0.17359,False,1.0,0.21719,False,0.19774,False,0.11202,False
C3,412_1173_1174_2,user,28,2,0.11151620540273907,0.10199778334422271,0.9146453914555224,0.8126476081112997,7,4.0,True,True,True,False,PASS,0.18994,False,1.0,0.19119,False,0.1834,False,0.17899,False
C3,413_998_470_2,model,29,2,0.0754298248517161,0.07905713984079954,1.048088604159087,0.9690314643182873,7,4.14,True,True,True,False,PASS,0.14717,False,1.0,0.12595,False,0.20951,False,0.11587,False
C3,413_998_470_2,user,29,2,0.05193714131467921,0.04367754415943048,0.8409693536037132,0.7972918094442827,7,4.14,True,True,True,False,PASS,0.15962,False,1.0,0.14634,False,0.14889,False,0.07352,False
C3,414_264_265_53,model,27,2,0.23647351248289203,0.20653329846132695,0.8733887203382614,0.6668554218769345,7,3.86,True,True,True,False,PASS,0.23432,True,1.0,0.23647,False,0.23536,True,0.18718,True
C3,414_264_265_53,user,27,2,0.020078940001412495,0.020560813303006187,1.0239989412568489,1.0034381279538427,7,3.86,True,True,True,False,PASS,0.15159,False,1.0,0.12333,False,0.1519,False,0.21938,False
C3,415_1173_1115_53,model,35,2,0.019424046778432083,0.019141865673119374,0.985472589284225,0.9663307236111056,8,4.38,True,True,True,False,PASS,0.11192,False,1.0,0.13508,False,0.11653,False,0.08623,False
C3,415_1173_1115_53,user,35,2,0.11883449961291112,0.097530889130099,0.8207287399517309,0.7231978508216319,8,4.38,True,True,True,False,PASS,0.16173,False,1.0,0.1519,False,0.16541,False,0.21784,False
C3,416_963_1125_18,model,29,2,0.31211956241727945,0.31345915388443046,1.0042919176765988,0.6908327637921683,6,4.83,True,True,True,False,PASS,0.15404,True,1.0,0.15948,True,0.13569,True,0.10288,True
C3,416_963_1125_18,user,29,2,0.06501629040770038,0.05491752492034252,0.8446733053511496,0.7897557804308071,6,4.83,True,True,True,False,PASS,0.20551,False,1.0,0.10918,False,0.18919,False,0.10704,False
C3,417_998_264_17,model,30,2,-0.01631924773192508,-0.01420360221631145,0.8703588823230604,0.8845624845393718,8,3.75,True,True,True,False,PASS,0.14102,False,1.0,0.1588,False,0.19179,False,0.05418,False
C3,417_998_264_17,user,30,2,0.08420238116948169,0.08643686763833913,1.0265370935812361,0.940100225942897,8,3.75,True,True,True,False,PASS,0.14839,False,1.0,0.10336,False,0.15839,False,0.03119,True
C3,418_1309_1125_21,model,30,2,0.37193080331782735,0.33463116460447395,0.899713499445004,0.56508233484053,6,5.0,True,True,True,False,PASS,0.18533,True,1.0,0.19036,True,0.18081,True,0.13358,True
C3,418_1309_1125_21,user,30,2,0.025238266729790484,0.02583863385125329,1.0237879695896133,0.99794933573836,6,5.0,True,True,True,False,PASS,0.15175,False,1.0,0.04845,False,0.1179,False,0.15222,False
C3,419_1115_265_21,model,32,2,0.05699432231586818,0.05546902273104737,0.9732376924078955,0.9177686696768481,8,4.0,True,True,True,False,PASS,0.14581,False,1.0,0.13365,False,0.10555,False,0.06986,False
C3,419_1115_265_21,user,32,2,0.10378060233637312,0.09997619389862045,0.9633418157911452,0.8633656218925247,7,4.57,True,True,True,False,PASS,0.14155,False,1.0,0.14229,False,0.13653,False,0.12791,False
C3,420_581_582_40,model,29,2,0.09717480875620248,0.09783953859136552,1.0068405571739354,0.9090010185825699,7,4.14,True,True,True,False,PASS,0.16563,False,1.0,0.16452,False,0.17261,False,0.16452,False
C3,420_581_582_40,user,29,2,0.01208210662299648,0.008795685320237001,0.7279926915638811,0.7191970062436441,6,4.83,True,True,True,False,PASS,0.11681,False,1.0,0.11681,False,0.07735,False,0.0398,False
C3,421_998_499_40,model,29,2,0.42880681026389134,0.41384585249912165,0.9651102608292005,0.5512644083300788,6,4.83,True,True,True,False,PASS,0.17848,True,1.0,0.16618,True,0.17848,True,0.20922,True
C3,421_998_499_40,user,29,2,0.0020459476200490115,0.0020472941614446682,1.000658150473874,0.9986108563124294,6,4.83,True,True,True,False,PASS,0.14762,False,1.0,0.08841,False,0.0792,False,0.19457,False
C3,422_1309_265_4,model,29,2,-0.004340515461699082,-0.003408228464178653,0.785212838026503,0.7886210664906816,6,4.83,True,True,True,False,PASS,0.19634,False,1.0,0.09181,False,0.19567,False,0.18607,False
C3,422_1309_265_4,user,29,2,0.04109631740438765,0.04002970131608685,0.9740459448518148,0.934016243535728,7,4.14,True,True,True,False,PASS,0.16416,False,1.0,0.1717,False,0.16804,False,0.14485,False
C3,423_581_1174_4,model,32,2,-0.020005687131575918,-0.020637537012790697,1.031583513081013,1.0522210500938036,6,5.33,True,True,True,False,PASS,0.1487,False,1.0,0.04185,False,0.11488,False,0.17187,False
C3,423_581_1174_4,user,32,2,0.5234562778461215,0.45370595895324906,0.8667504396358072,0.41304448068255817,5,6.4,True,True,True,False,PASS,0.16924,True,1.0,0.18378,True,0.2085,True,0.35136,True
C3,424_351_1036_49,model,25,2,0.025181660636295355,0.024188358986648062,0.9605545613534476,0.9363662023667996,7,3.57,True,True,True,False,PASS,0.19446,False,1.0,0.19321,False,0.18926,False,0.11673,False
C3,424_351_1036_49,user,25,2,0.20941580330226,0.21901188039187236,1.0458230799122732,0.8268111995204008,7,3.57,True,True,True,False,PASS,0.17645,True,1.0,0.17832,True,0.17352,True,0.18498,True
C3,425_998_265_31,model,32,2,-0.03852741656369906,-0.03968865366277918,1.0301405389369982,1.0698291925997774,8,4.0,True,True,True,False,PASS,0.11811,False,1.0,0.13115,False,0.12654,False,0.13918,False
C3,425_998_265_31,user,32,2,-0.030047194448925993,-0.03120766305701239,1.038621529542765,1.0698291925997774,8,4.0,True,True,True,False,PASS,0.11027,False,1.0,0.09282,False,0.10462,False,0.16435,False
C3,426_32_1309_49,model,35,2,0.062649568976125,0.06341204259614552,1.0121704527657818,0.9487584101696362,8,4.38,True,True,True,False,PASS,0.10069,False,1.0,0.08685,False,0.08601,False,0.14739,False
C3,426_32_1309_49,user,35,2,-0.02528438118738198,-0.026179887078306985,1.0354173544643404,1.0615972415426473,8,4.38,True,True,True,False,PASS,0.09534,False,1.0,0.0947,False,0.10448,False,0.04411,False
C3,428_1304_1501_49,model,33,2,0.00774772611407379,0.007934202138444535,1.0240684843043186,1.016134282165874,7,4.71,True,True,True,False,PASS,0.13587,False,1.0,0.0983,False,0.13227,False,0.11155,False
C3,428_1304_1501_49,user,33,2,0.28737410647425254,0.24163490165694956,0.840837417892412,0.5992025162354624,7,4.71,True,True,True,False,PASS,0.15208,True,1.0,0.22275,True,0.16089,True,0.10366,True
C3,429_351_1174_27,model,24,2,-0.007638391052314278,-0.0072125431094984815,0.9442489995734411,0.9514615426829396,7,3.43,True,True,True,False,PASS,0.17512,False,1.0,0.17143,False,0.17143,False,0.08622,False
C3,429_351_1174_27,user,24,2,0.18486591284330026,0.18316596880145064,0.9908044483934118,0.8076384795919611,7,3.43,True,True,True,False,PASS,0.18487,True,1.0,0.18487,False,0.18487,False,0.07565,True
C3,42_793_855_6,model,27,2,0.02448591033329542,0.02159420515451249,0.8819033011465843,0.8603090959920718,7,3.86,True,True,True,False,PASS,0.19714,False,1.0,0.1618,False,0.15989,False,0.1862,False
C3,42_793_855_6,user,27,2,0.17573885995730668,0.15275196655379808,0.8691985744695684,0.7164466079157703,7,3.86,True,True,True,False,PASS,0.2119,False,1.0,0.21251,False,0.20112,False,0.26557,False
C3,430_499_351_7,model,30,2,0.06032609811374583,0.0599554200123289,0.9938554272030322,0.9339000071907033,7,4.29,True,True,True,False,PASS,0.15641,False,1.0,0.16858,False,0.16858,False,0.05635,True
C3,430_499_351_7,user,30,2,0.04435435439063224,0.036686232494338444,0.827116818593276,0.7904305860989376,7,4.29,True,True,True,False,PASS,0.21541,False,1.0,0.20893,False,0.20421,False,0.09453,False
C3,432_678_1013_7,model,42,2,0.07419713240237374,0.06406839090907857,0.8634887742242295,0.799420383315151,7,6.0,True,True,True,False,PASS,0.12397,False,1.0,0.12709,False,0.14369,False,0.07492,False
C3,432_678_1013_7,user,42,2,0.1666796947931932,0.16113116187727383,0.9667114046326778,0.805580242755404,8,5.25,True,True,True,False,PASS,0.10636,True,1.0,0.09015,True,0.15955,True,0.02698,True
C3,434_1018_904_13,model,36,2,0.12412168074476176,0.12454940456826114,1.0034460041221882,0.8788965995539271,8,4.5,True,True,True,False,PASS,0.10233,True,1.0,0.09679,True,0.09529,True,0.12548,False
C3,434_1018_904_13,user,36,2,-0.0099712472861289,-0.010264045561688917,1.0293642577661606,1.0396283033278495,8,4.5,True,True,True,False,PASS,0.09587,False,1.0,0.08744,False,0.11248,False,0.06731,False
C3,435_351_270_13,model,34,2,0.45928705032541645,0.429552816499833,0.9352600213645998,0.5057072048647668,6,5.67,True,True,True,False,PASS,0.11745,True,1.0,0.15864,True,0.132,True,0.05141,True
C3,435_351_270_13,user,34,2,-0.005153582245469304,-0.00488434066989929,0.9477564220874297,0.952640762757329,6,5.67,True,True,True,False,PASS,0.13402,False,1.0,0.12175,False,0.07998,False,0.10699,False
C3,436_664_1055_38,model,38,2,0.08109973398603104,0.08034843333641639,0.9907360898403925,0.9103876565039761,8,4.75,True,True,True,False,PASS,0.1069,False,1.0,0.09232,False,0.11006,False,0.10148,False
C3,436_664_1055_38,user,38,2,-0.01923660190365415,-0.0193306383753602,1.0048884138777225,1.0242190522530827,8,4.75,True,True,True,False,PASS,0.10058,False,1.0,0.10896,False,0.08994,False,0.07547,False
C3,438_608_354_7,model,25,2,0.325610964440605,0.29224184466988523,0.8975184394418431,0.6052765947719578,6,4.17,True,True,True,False,PASS,0.16689,True,1.0,0.09966,True,0.16689,True,0.31176,True
C3,438_608_354_7,user,25,2,-0.027563676782010126,-0.028853900817779277,1.0468088508646,1.0756627516823793,6,4.17,True,True,True,False,PASS,0.17181,False,1.0,0.11037,False,0.14555,False,0.28824,False
C3,43_967_968_21,model,35,2,0.3918248051794791,0.405702203192442,1.0354173544643408,0.6297151512718988,7,5.0,True,True,True,False,PASS,0.09096,True,1.0,0.12922,True,0.08111,True,0.1119,True
C3,43_967_968_21,user,35,2,0.06870126089247232,0.06601753827847268,0.9609363412092238,0.8949188029307511,7,5.0,True,True,True,False,PASS,0.11588,False,1.0,0.12309,False,0.14626,False,0.07511,False
C3,440_1199_143_7,model,25,2,0.1674071084913258,0.14248285518832438,0.8511159201803375,0.7086330649920132,6,4.17,True,True,True,False,PASS,0.21953,False,1.0,0.08878,True,0.21953,False,0.26562,False
C3,440_1199_143_7,user,25,2,0.5004535632174901,0.5131315258342031,1.0253329450492958,0.5122014192150928,5,5.0,True,True,True,False,PASS,0.20506,True,1.0,0.17676,True,0.18356,True,0.20506,True
C3,441_350_351_24,model,36,2,0.26786149731894443,0.26335993749694797,0.9831944498666174,0.7198345123696694,8,4.5,True,True,True,False,PASS,0.10674,True,1.0,0.12372,True,0.12078,True,0.17831,True
C3,441_350_351_24,user,36,2,0.06953310605562726,0.06303558372725593,0.906554982267393,0.843519398540137,7,5.14,True,True,True,False,PASS,0.12727,False,1.0,0.14583,False,0.13285,False,0.11371,False
C3,442_274_275_31,model,26,2,0.3584301091108171,0.3530190838196189,0.9849035414334423,0.6318844576138234,6,4.33,True,True,True,False,PASS,0.16068,True,1.0,0.16146,True,0.20354,True,0.05355,True
C3,442_274_275_31,user,26,2,-0.003599401293895162,-0.0035450630813974593,0.9849035414334423,0.9884486045148397,8,3.25,True,True,True,False,PASS,0.16485,False,1.0,0.19935,False,0.18533,False,0.13074,False
C3,443_354_904_31,model,27,2,0.10180873498845415,0.10203790009324987,1.00225093755287,0.9002130374596202,7,3.86,True,True,True,False,PASS,0.15685,False,1.0,0.17941,False,0.16085,False,0.03807,True
C3,443_354_904_31,user,27,2,0.28770294289374454,0.29550251433823305,1.027109807657995,0.7316072933197619,7,3.86,True,True,True,False,PASS,0.15243,True,1.0,0.15243,True,0.16902,True,0.06739,True
C3,444_608_1055_45,model,40,2,0.17443226737084044,0.1721724757968024,0.9870448764549178,0.8148724006581154,8,5.0,True,True,True,False,PASS,0.08367,True,1.0,0.07906,True,0.09118,True,0.11425,True
C3,444_608_1055_45,user,40,2,-0.015409705265262537,-0.01590361101999238,1.032051602949424,1.0479552139694164,8,5.0,True,True,True,False,PASS,0.07985,False,1.0,0.07985,False,0.0733,False,0.11788,False
C3,445_1117_1199_13,model,26,2,0.17264259534157014,0.15686567024791154,0.9086151070513956,0.751749436803484,6,4.33,True,True,True,False,PASS,0.20227,False,1.0,0.19339,False,0.15269,True,0.15515,True
C3,445_1117_1199_13,user,26,2,0.21169643683313802,0.18871949616672012,0.8914627897845601,0.7027432936178399,7,3.71,True,True,True,False,PASS,0.2117,False,1.0,0.22461,False,0.21716,False,0.24289,False
C3,446_642_643_13,model,36,2,-0.0271474079328088,-0.026460081689551385,0.9746816990793897,1.0011417807689411,8,4.5,True,True,True,False,PASS,0.09644,False,1.0,0.1285,False,0.11253,False,0.15663,False
C3,446_642_643_13,user,36,2,0.1384636249724939,0.14238989464691576,1.0283559647900438,0.885966070143128,8,4.5,True,True,True,False,PASS,0.09822,True,1.0,0.08717,True,0.13013,True,0.16803,False
C3,447_1055_904_11,model,25,2,0.20112894840570145,0.20079363355157742,0.998332836437609,0.7975392028860315,7,3.57,True,True,True,False,PASS,0.18641,True,1.0,0.20113,False,0.19545,True,0.18241,True
C3,447_1055_904_11,user,25,2,0.1937322174938674,0.18592330708428606,0.9596922468002591,0.773768939715973,7,3.57,True,True,True,False,PASS,0.21146,False,1.0,0.21693,False,0.18806,True,0.17167,True
C3,448_608_609_13,model,27,2,0.04996659398765361,0.046036222512329084,0.9213400161656867,0.8753037936533576,8,3.38,True,True,True,False,PASS,0.19135,False,1.0,0.21767,False,0.19331,False,0.15618,False
C3,448_608_609_13,user,27,2,0.26355145390779783,0.19213256602801299,0.7290134931117839,0.5368809270837709,5,5.4,True,True,True,False,PASS,0.14043,True,1.0,0.22343,True,0.11918,True,0.14043,True
C3,449_1117_1055_53,model,33,2,0.1391125436021735,0.12104461606561912,0.8701200691993378,0.7490754531337187,6,5.5,True,True,True,False,PASS,0.15644,False,1.0,0.13911,False,0.23087,False,0.15709,False
C3,449_1117_1055_53,user,33,2,0.5984778440261543,0.5207475830583079,0.8701200691993378,0.3493724861410299,6,5.5,True,True,True,False,PASS,0.14026,True,1.0,0.14943,True,0.14812,True,0.10546,True
C3,44_653_793_52,model,32,2,0.3016752368138188,0.2772363492407759,0.9189894144737987,0.6417530652330228,6,5.33,True,True,True,False,PASS,0.15996,True,1.0,0.14613,True,0.215,True,0.30168,False
C3,44_653_793_52,user,32,2,0.28330100176120204,0.24933310381649731,0.8800996193676128,0.6307665155511155,7,4.57,True,True,True,False,PASS,0.1604,True,1.0,0.15595,True,0.18963,True,0.3936,False
C3,450_1055_1076_53,model,36,2,-0.0051356523726634904,-0.00521684249553811,1.015809115762349,1.0210259582578871,6,6.0,True,True,True,False,PASS,0.12252,False,1.0,0.0507,False,0.08827,False,0.1638,False
C3,450_1055_1076_53,user,36,2,0.46300341857009014,0.39864467341118526,0.8609972570879363,0.462352583676751,5,7.2,True,True,True,False,PASS,0.14925,True,1.0,0.14911,True,0.15434,True,0.18308,True
C3,451_1117_608_29,model,34,2,0.08329264399861604,0.08359655472227545,1.0036487102470233,0.9200521555247478,7,4.86,True,True,True,False,PASS,0.13507,False,1.0,0.13898,False,0.13532,False,0.06503,True
C3,451_1117_608_29,user,34,2,0.42905731051966645,0.39652857093180915,0.9241855603195315,0.5276569893877223,6,5.67,True,True,True,False,PASS,0.14069,True,1.0,0.13778,True,0.28356,True,0.10531,True
C3,452_1117_1076_33,model,32,2,0.09120300531649186,0.08875328701783802,0.9731399388632771,0.8843866518454391,5,6.4,True,True,True,False,PASS,0.13169,False,1.0,0.0912,False,0.1559,False,0.0752,True
C3,452_1117_1076_33,user,32,2,0.7918293009232902,0.7406760135192836,0.9353985924183903,0.1947225788991067,5,6.4,True,True,True,False,PASS,0.12794,True,1.0,0.12357,True,0.12228,True,0.27295,True
C3,453_455_1199_40,model,28,2,-0.011207495651881137,-0.010721141993606076,0.9566046087920249,0.967325750785631,8,3.5,True,True,True,False,PASS,0.1568,False,1.0,0.15518,False,0.1568,False,0.0991,False
C3,453_455_1199_40,user,28,2,0.2716619530030992,0.2590746536802787,0.9536655789164673,0.6945909252361886,6,4.67,True,True,True,False,PASS,0.16006,True,1.0,0.15756,True,0.14103,True,0.11288,True
C3,454_115_524_28,model,28,2,0.04280561137489266,0.036634657942312576,0.8558377456979948,0.8192030877556822,7,4.0,True,True,True,False,PASS,0.23776,False,1.0,0.18787,False,0.21574,False,0.23776,False
C3,454_115_524_28,user,28,2,0.1407906804123378,0.14752362461322122,1.0478223713470554,0.9002987467338341,7,4.0,True,True,True,False,PASS,0.14685,False,1.0,0.14079,False,0.14617,False,0.13695,True
C3,455_1296_1500_28,model,27,2,0.03536947264949981,0.03429734548144725,0.9696877819277376,0.9353904364462904,6,4.5,True,True,True,False,PASS,0.16205,False,1.0,0.18687,False,0.18687,False,0.19065,False
C3,455_1296_1500_28,user,27,2,0.47673835954359045,0.41637790577793854,0.8733887203382616,0.4570108145603231,6,4.5,True,True,True,False,PASS,0.23396,True,1.0,0.18951,True,0.203,True,0.20258,True
C3,456_140_1432_28,model,39,2,0.07581599814542751,0.07242611434251245,0.9552880145901039,0.8828619002475915,7,5.57,True,True,True,False,PASS,0.12247,False,1.0,0.0927,False,0.10881,False,0.12247,False
C3,456_140_1432_28,user,39,2,0.13283575635247608,0.10688922968487413,0.8046721200671788,0.6977828903823047,7,5.57,True,True,True,False,PASS,0.15937,False,1.0,0.15022,False,0.12837,True,0.15995,False
C3,457_1155_1218_28,model,32,2,0.18664459007106912,0.14765684705565263,0.7911123863779227,0.6434555393222701,7,4.57,True,True,True,False,PASS,0.21803,False,1.0,0.18664,False,0.21032,False,0.43918,False
C3,457_1155_1218_28,user,32,2,0.2926263291127197,0.29652868602658256,1.0133356315738755,0.716806945547293,6,5.33,True,True,True,False,PASS,0.13454,True,1.0,0.11692,True,0.09863,True,0.30034,False
C3,458_455_768_28,model,26,2,0.24280281402189507,0.2552128566363763,1.051111609494617,0.7958987528582406,7,3.71,True,True,True,False,PASS,0.17237,True,1.0,0.15687,True,0.18184,True,0.13834,True
C3,458_455_768_28,user,26,2,0.029817164370669513,0.028424918689842982,0.953307240637676,0.924882321947833,7,3.71,True,True,True,False,PASS,0.18647,False,1.0,0.15939,False,0.16453,False,0.24581,False
C3,459_455_634_55,model,49,2,0.1086178701457482,0.08640128065049424,0.795461009634577,0.7090597289840828,8,6.12,True,True,True,False,PASS,0.10149,True,1.0,0.10736,True,0.09196,True,0.09257,True
C3,459_455_634_55,user,49,2,0.02693182053037947,0.02605472418840149,0.9674327125049491,0.9413779883165476,7,7.0,True,True,True,False,PASS,0.09447,False,1.0,0.09356,False,0.07534,False,0.06841,False
C3,45_967_968_39,model,33,2,0.10596369219314258,0.10702250062563978,1.0099921813838582,0.9029696807582184,8,4.12,True,True,True,False,PASS,0.10677,False,1.0,0.10596,False,0.12565,False,0.25235,False
C3,45_967_968_39,user,33,2,0.42011824380269097,0.4312957884911395,1.026605711257086,0.5953099227659466,6,5.5,True,True,True,False,PASS,0.10623,True,1.0,0.13869,True,0.12473,True,0.12047,True
C3,460_115_1076_55,model,46,2,-0.022930112252102206,-0.02293657749824729,1.0002819544044967,1.023218531902744,8,5.75,True,True,True,False,PASS,0.06959,False,1.0,0.08078,False,0.0892,False,0.10261,False
C3,460_115_1076_55,user,46,2,0.18321739015467592,0.17905217905790205,0.9772662895522226,0.7982141104943206,8,5.75,True,True,True,False,PASS,0.07866,True,1.0,0.0723,True,0.07735,True,0.10707,True
C3,461_1086_1349_0,model,27,2,-0.050401635774499944,-0.05079952368794749,1.007894345239661,1.0586938689276084,8,3.38,True,True,True,False,PASS,0.17098,False,1.0,0.17857,False,0.18224,False,0.17707,False
C3,461_1086_1349_0,user,27,2,0.11611673594381967,0.11169788486775467,0.9619447529234463,0.8502468680556916,7,3.86,True,True,True,False,PASS,0.14607,False,1.0,0.14457,False,0.16044,False,0.08121,True
C3,462_768_114_28,model,39,2,-0.03326493191404887,-0.029512856956620315,0.8872062937894085,0.9167191507460288,8,4.88,True,True,True,False,PASS,0.11949,False,1.0,0.14373,False,0.11824,False,0.17233,False
C3,462_768_114_28,user,39,2,0.1023611464801477,0.09744930449984979,0.9520145861081134,0.8545652816082636,7,5.57,True,True,True,False,PASS,0.10839,False,1.0,0.10236,False,0.12793,False,0.07082,True
C3,463_1092_392_28,model,35,2,-0.011036483712373143,-0.010042475665946737,0.9099343529758477,0.9199768286417944,6,5.83,True,True,True,False,PASS,0.13874,False,1.0,0.08568,False,0.09292,False,0.08093,False
C3,463_1092_392_28,user,35,2,0.25263407568104435,0.21339491624728346,0.8446798622553946,0.6312849460081111,6,5.83,True,True,True,False,PASS,0.15837,True,1.0,0.14409,True,0.27328,False,0.08119,True
C3,464_755_497_28,model,39,2,-0.028937597744107053,-0.028880664990685756,0.99803256808237,1.0269132330730557,8,4.88,True,True,True,False,PASS,0.09262,False,1.0,0.0889,False,0.10507,False,0.17789,False
C3,464_755_497_28,user,39,2,0.019518346954501626,0.01884387601610371,0.9654442591900766,0.9466003831739729,8,4.88,True,True,True,False,PASS,0.09541,False,1.0,0.09576,False,0.1011,False,0.05358,False
C3,465_140_524_28,model,32,2,-0.031169742691351435,-0.03176070003386511,1.0189593269461812,1.0507200269800463,8,4.0,True,True,True,False,PASS,0.12776,False,1.0,0.1818,False,0.11542,False,0.15944,False
C3,465_140_524_28,user,32,2,-0.006999734612514673,-0.007069236318215655,1.0099291915405937,1.0169984278588093,8,4.0,True,True,True,False,PASS,0.12885,False,1.0,0.15136,False,0.12176,False,0.12176,False
C3,466_1155_1199_9,model,30,2,0.08672680462489209,0.07669488589932905,0.8843273568194658,0.8076324709201368,7,4.29,True,True,True,False,PASS,0.20332,False,1.0,0.17556,False,0.23324,False,0.23089,False
C3,466_1155_1199_9,user,30,2,0.39065560511126024,0.3960807131967048,1.0138871886502165,0.6178064754535117,6,5.0,True,True,True,False,PASS,0.1429,True,1.0,0.16135,True,0.14473,True,0.12308,True
C3,468_497_634_30,model,63,2,0.0390776471740632,0.03677971564884153,0.9411957553384415,0.9044160396895999,8,7.88,True,True,True,False,PASS,0.05757,False,1.0,0.05815,False,0.0832,False,0.07892,False
C3,468_497_634_30,user,63,2,0.024209483689321975,0.022423841878049355,0.9262420531479485,0.9038182112698991,8,7.88,True,True,True,False,PASS,0.05728,False,1.0,0.07278,False,0.09056,False,0.0787,False
C3,469_455_140_35,model,28,2,0.4526137381792421,0.387363921355265,0.8558377456979948,0.46847382434272977,6,4.67,True,True,True,False,PASS,0.22391,True,1.0,0.15831,True,0.23239,True,0.28424,True
C3,469_455_140_35,user,28,2,0.018292021027420585,0.01895857616759944,1.0364396661899555,1.017481090022356,6,4.67,True,True,True,False,PASS,0.14392,False,1.0,0.11322,False,0.11322,False,0.14542,False
C3,46_671_672_34,model,28,2,-0.005354811809476643,-0.005412256099937673,1.010727602109073,1.0161398582090106,6,4.67,True,True,True,False,PASS,0.16459,False,1.0,0.09552,False,0.11657,False,0.1696,False
C3,46_671_672_34,user,28,2,0.2725842660834422,0.19243114694868046,0.7059510430061812,0.5135198960575007,6,4.67,True,True,True,False,PASS,0.09239,True,1.0,0.2267,True,0.13813,True,0.21283,True
C3,470_1156_524_59,model,24,2,0.23303074013133954,0.22728152720502637,0.9753285213655811,0.7480469941605548,7,3.43,True,True,True,False,PASS,0.17984,True,1.0,0.17984,True,0.17823,True,0.02724,True
C3,470_1156_524_59,user,24,2,-0.04473878276935944,-0.04499382568935295,1.0057007120937627,1.0506945377831156,8,3.0,True,True,True,False,PASS,0.19545,False,1.0,0.19424,False,0.19424,False,0.12649,False
C3,471_114_115_38,model,31,2,0.1127664412277263,0.11546035760859219,1.023889344662617,0.9084289870540248,7,4.43,True,True,True,False,PASS,0.13654,False,1.0,0.12821,False,0.14174,False,0.04457,True
C3,471_114_115_38,user,31,2,0.04711187094705649,0.04635478825977002,0.983930107803673,0.9375753195439029,8,3.88,True,True,True,False,PASS,0.13624,False,1.0,0.13557,False,0.12533,False,0.18127,False
C3,472_1019_198_37,model,33,2,0.009814135099804264,0.010176790845080275,1.0369523897509056,1.0267755989058254,8,4.12,True,True,True,False,PASS,0.1072,False,1.0,0.1376,False,0.11834,False,0.05331,False
C3,472_1019_198_37,user,33,2,0.21696588658892318,0.22188369643487071,1.0226662814291405,0.8007825849942698,8,4.12,True,True,True,False,PASS,0.10299,True,1.0,0.11785,True,0.12092,True,0.05585,True
C3,473_1155_1125_35,model,35,2,-0.030187571472094294,-0.028062790367095247,0.9296140430851413,0.9576768334522365,8,4.38,True,True,True,False,PASS,0.13302,False,1.0,0.11576,False,0.13061,False,0.15104,False
C3,473_1155_1125_35,user,35,2,-0.019323099844125585,-0.019428923418323363,1.0054765319773447,1.024905455395668,8,4.38,True,True,True,False,PASS,0.11463,False,1.0,0.09944,False,0.09199,False,0.12033,False
C3,474_115_1019_35,model,35,2,0.04923287647326202,0.05120252677877213,1.0400068094046833,0.9888042826259111,7,5.0,True,True,True,False,PASS,0.10761,False,1.0,0.13175,False,0.08555,False,0.21442,False
C3,474_115_1019_35,user,35,2,0.2901904970212972,0.28107694925444715,0.9685946029921815,0.6875176537377343,7,5.0,True,True,True,False,PASS,0.12781,True,1.0,0.1054,True,0.12432,True,0.25812,True
C3,475_1155_634_7,model,34,2,-0.032993971480452924,-0.034053056640316326,1.0320993536801366,1.066152410320453,8,4.25,True,True,True,False,PASS,0.09599,False,1.0,0.09661,False,0.10754,False,0.16113,False
C3,475_1155_634_7,user,34,2,0.012690780182387871,0.012060818800004425,0.9503607049109795,0.938299886110975,8,4.25,True,True,True,False,PASS,0.14364,False,1.0,0.12846,False,0.10914,False,0.08972,False
C3,476_1019_1125_24,model,30,2,0.5282406184845684,0.46579697583195356,0.8817893958405643,0.4159924200086107,5,6.0,True,True,True,False,PASS,0.17292,True,1.0,0.22836,True,0.17292,True,0.45637,True
C3,476_1019_1125_24,user,30,2,0.14719772359323693,0.13535884842673762,0.9195716151207975,0.7842127666940599,5,6.0,True,True,True,False,PASS,0.17264,False,1.0,0.1472,False,0.1472,False,0.323,False
C3,477_34_1132_37,model,32,2,0.06276896434482487,0.06360602812760119,1.0133356315738755,0.9497296034462743,6,5.33,True,True,True,False,PASS,0.13395,False,1.0,0.06656,False,0.08829,False,0.22434,False
C3,477_34_1132_37,user,32,2,0.2875615775737936,0.25654843931809845,0.8921513141033711,0.6356028747852727,6,5.33,True,True,True,False,PASS,0.16027,True,1.0,0.12676,True,0.13425,True,0.17451,True
C3,478_1125_115_37,model,28,2,-0.026929438157451288,-0.024933448514859236,0.9258807543283346,0.9508142028431938,6,4.67,True,True,True,False,PASS,0.18622,False,1.0,0.11715,False,0.13383,False,0.29075,False
C3,478_1125_115_37,user,28,2,0.25002389495768423,0.2139798866312167,0.8558377456979948,0.6418578590667781,6,4.67,True,True,True,False,PASS,0.23103,True,1.0,0.25002,False,0.2755,False,0.42056,False
C3,479_1155_1156_37,model,28,2,-0.03230061563644642,-0.03332805828475749,1.0318087636432463,1.0651368219280037,8,3.5,True,True,True,False,PASS,0.13958,False,1.0,0.11531,False,0.14549,False,0.07366,False
C3,479_1155_1156_37,user,28,2,-0.016131457654960317,-0.016644579378727986,1.0318087636432463,1.0484533430219742,8,3.5,True,True,True,False,PASS,0.13624,False,1.0,0.10535,False,0.14294,False,0.09643,False
C3,480_1019_114_15,model,27,2,-0.00947879208779969,-0.009893171815315238,1.0437165119434262,1.0536096837587414,6,4.5,True,True,True,False,PASS,0.17843,False,1.0,0.07534,False,0.10165,False,0.09043,False
C3,480_1019_114_15,user,27,2,0.39667484111610773,0.28382919553507724,0.7155210417088179,0.4316918461737407,5,5.4,True,True,True,False,PASS,0.10909,True,1.0,0.10909,True,0.11006,True,-0.0026,True
C3,481_1132_1296_37,model,32,2,0.0013844911203795246,0.0014282182137905775,1.031583513081013,1.0301552948672223,8,4.0,True,True,True,False,PASS,0.10249,False,1.0,0.11524,False,0.11782,False,0.05334,False
C3,481_1132_1296_37,user,32,2,-0.02826333011241906,-0.027806067704394866,0.9838213541643747,1.0116274218687695,8,4.0,True,True,True,False,PASS,0.12602,False,1.0,0.15039,False,0.11501,False,0.18987,False
C3,482_634_156_37,model,42,2,-0.03243857821147005,-0.03251790661689968,1.0024454957585527,1.0349634023754524,8,5.25,True,True,True,False,PASS,0.07528,False,1.0,0.08187,False,0.06928,False,0.05782,False
C3,482_634_156_37,user,42,2,-0.010538577667625781,-0.01081411706659674,1.02614578623996,1.0369599033065566,8,5.25,True,True,True,False,PASS,0.07556,False,1.0,0.07419,False,0.07486,False,0.08948,False
C3,483_1019_755_9,model,24,2,0.2170054552441478,0.22555361559712828,1.0393914537464652,0.813837838149337,7,3.43,True,True,True,False,PASS,0.16987,True,1.0,0.13219,True,0.20238,True,0.23265,False
C3,483_1019_755_9,user,24,2,0.0345650630971023,0.033408530216206156,0.9665404088039087,0.9331318785877025,8,3.0,True,True,True,False,PASS,0.18442,False,1.0,0.22163,False,0.24777,False,0.11747,False
C3,484_1515_1516_32,model,33,2,0.09376080417330808,0.08900642694725658,0.9492924866849106,0.860286059737654,7,4.71,True,True,True,False,PASS,0.13886,False,1.0,0.13886,False,0.13719,False,0.19736,False
C3,484_1515_1516_32,user,33,2,-0.01997072101618557,-0.018216046291381294,0.9121376377256397,0.930353684017021,8,4.12,True,True,True,False,PASS,0.13486,False,1.0,0.12948,False,0.12535,False,0.05857,False
C3,485_1132_535_32,model,29,2,-0.04011400177053561,-0.041506862213376516,1.0347225502658273,1.0762294124792038,8,3.62,True,True,True,False,PASS,0.13035,False,1.0,0.10866,False,0.1195,False,0.03319,False
C3,485_1132_535_32,user,29,2,0.01807644808591116,0.018183010230330643,1.0058950820378556,0.987712071807525,8,3.62,True,True,True,False,PASS,0.13695,False,1.0,0.16858,False,0.14943,False,0.09803,False
C3,486_1296_609_32,model,29,2,0.4284308880938948,0.39279640113951786,0.9168255885729525,0.5240291874334346,6,4.83,True,True,True,False,PASS,0.17259,True,1.0,0.189,True,0.17443,True,0.25652,True
C3,486_1296_609_32,user,29,2,-0.0003016641811159585,-0.00030384568071539775,1.0072315499684754,1.0075353956491908,7,4.14,True,True,True,False,PASS,0.15031,False,1.0,0.18189,False,0.12328,False,0.23937,False
C3,487_1132_84_58,model,29,2,-0.01661574822032151,-0.017074198407119878,1.027591305592707,1.044665503999827,8,3.62,True,True,True,False,PASS,0.14477,False,1.0,0.14313,False,0.16045,False,0.05385,False
C3,487_1132_84_58,user,29,2,0.08567227332996843,0.08194862394791536,0.9565361202951698,0.8745874963472544,7,4.14,True,True,True,False,PASS,0.1367,False,1.0,0.13567,False,0.15641,False,0.17778,False
C3,489_34_1296_49,model,45,2,0.05443766353754996,0.027175191209035887,0.4991983388539629,0.47202314764492703,5,9.0,True,True,True,False,PASS,0.0998,False,1.0,0.11173,False,0.14576,False,0.11173,False
C3,489_34_1296_49,user,45,2,0.05235021082372481,0.04341010319580263,0.8292249928462451,0.7858148896504424,6,7.5,True,True,True,False,PASS,0.08117,False,1.0,0.13748,False,0.13748,False,0.06604,False
C3,48_855_967_43,model,30,2,0.1639365611829478,0.1355946869367617,0.8271168185932758,0.6915221316565141,6,5.0,True,True,True,False,PASS,0.1373,True,1.0,0.22233,False,0.1588,True,0.08358,True
C3,48_855_967_43,user,30,2,0.006298979956720829,0.006581687415753379,1.0448814666779356,1.0382997792621822,8,3.75,True,True,True,False,PASS,0.13612,False,1.0,0.12172,False,0.12236,False,0.30579,False
C3,490_1132_634_49,model,26,2,0.16652149334651425,0.14844771501777465,0.8914627897845601,0.7430150747667854,7,3.71,True,True,True,False,PASS,0.23982,False,1.0,0.16652,False,0.23772,False,0.29342,False
C3,490_1132_634_49,user,26,2,0.051642650844888706,0.04885291025123517,0.9459799110229128,0.8971270007716776,7,3.71,True,True,True,False,PASS,0.18392,False,1.0,0.21291,False,0.19027,False,0.19315,False
C3,492_588_589_10,model,30,2,0.31915257662101,0.23002490872162507,0.7207364927364412,0.4907115840148162,5,6.0,True,True,True,False,PASS,0.11102,True,1.0,0.08769,True,0.23502,True,0.05518,True
C3,492_588_589_10,user,30,2,-0.006679761212672442,-0.006631086119695873,0.9927130489508778,0.9993441350705736,6,5.0,True,True,True,False,PASS,0.18147,False,1.0,0.06936,False,0.11593,False,0.09766,False
C3,494_1111_876_48,model,31,2,0.1375053888052174,0.1357180157981538,0.9870014330158688,0.851283417217715,7,4.43,True,True,True,False,PASS,0.14361,False,1.0,0.13751,False,0.13916,False,0.25889,False
C3,494_1111_876_48,user,31,2,0.14399458910927865,0.12456149522783322,0.8650428880581235,0.7404813928302902,7,4.43,True,True,True,False,PASS,0.16518,False,1.0,0.15021,False,0.15906,False,0.14464,False
C3,495_1433_756_48,model,28,2,-0.04514975941625105,-0.043500842714311205,0.9634789482101572,1.0069797909244684,8,3.5,True,True,True,False,PASS,0.1417,False,1.0,0.14889,False,0.155,False,0.12497,False
C3,495_1433_756_48,user,28,2,0.11067736422265803,0.11266572188351853,1.0179653506823705,0.905299628798852,7,4.0,True,True,True,False,PASS,0.16137,False,1.0,0.17274,False,0.14839,False,0.34649,False
C3,497_755_756_32,model,31,2,-0.04046317781435707,-0.03981293890895954,0.983930107803673,1.0237430467126325,8,3.88,True,True,True,False,PASS,0.13581,False,1.0,0.12111,False,0.12127,False,-0.00115,False
C3,497_755_756_32,user,31,2,0.16785700763007014,0.1718670015393804,1.023889344662617,0.8520223431232365,7,4.43,True,True,True,False,PASS,0.12643,True,1.0,0.13547,True,0.13524,True,0.11223,True
C3,498_749_559_14,model,26,2,0.01722147044307147,0.016761666627923777,0.9733005484829154,0.9565388818549916,6,4.33,True,True,True,False,PASS,0.19626,False,1.0,0.09493,False,0.20609,False,0.05243,False
C3,498_749_559_14,user,26,2,0.5291392537633265,0.4807839197032605,0.9086151070513956,0.4278311873481351,5,5.2,True,True,True,False,PASS,0.1683,True,1.0,0.20667,True,0.14486,True,0.05952,True
C3,499_972_587_29,model,33,2,-0.005025592799684058,-0.004808017664200026,0.9567065729046511,0.9615145905688511,8,4.12,True,True,True,False,PASS,0.13801,False,1.0,0.15085,False,0.15445,False,0.13146,False
C3,499_972_587_29,user,33,2,0.13677711018726296,0.12984148305124288,0.9492924866849106,0.8194510036336677,7,4.71,True,True,True,False,PASS,0.12467,True,1.0,0.14005,False,0.13719,False,0.20294,False
C3,4_968_475_24,model,31,2,0.2854745367504591,0.25849738531470423,0.9055006735702796,0.6470032882555754,7,4.43,True,True,True,False,PASS,0.14792,True,1.0,0.15721,True,0.16585,True,0.00915,True
C3,4_968_475_24,user,31,2,3.142038788703991e-05,3.0707095960758046e-05,0.9772984366441867,0.9772677295482259,8,3.88,True,True,True,False,PASS,0.14653,False,1.0,0.15391,False,0.13028,False,0.11897,False
C3,501_849_563_54,model,27,2,0.22427886451236623,0.1958826304753739,0.8733887203382616,0.6775060898628877,7,3.86,True,True,True,False,PASS,0.21673,True,1.0,0.23377,False,0.21404,True,0.24231,False
C3,501_849_563_54,user,27,2,0.248142147847544,0.2405443889248816,0.9693814251687288,0.7288370362438472,6,4.5,True,True,True,False,PASS,0.18864,True,1.0,0.1629,True,0.19213,True,0.34948,False
C3,502_372_888_44,model,28,2,0.016343553303818863,0.015863772264959497,0.9706440190856624,0.954780246820703,7,4.0,True,True,True,False,PASS,0.1598,False,1.0,0.10062,False,0.16586,False,0.14851,False
C3,502_372_888_44,user,28,2,0.14711480830297088,0.1417420207698853,0.9634789482101572,0.8217369274402719,7,4.0,True,True,True,False,PASS,0.15044,False,1.0,0.14711,False,0.15355,False,0.14711,False
C3,503_1252_1124_14,model,34,2,-0.011466880168691374,-0.011396463604419038,0.9938591348966392,1.0052555985010583,6,5.67,True,True,True,False,PASS,0.14915,False,1.0,0.04104,False,0.13176,False,0.15971,False
C3,503_1252_1124_14,user,34,2,0.3163174323929057,0.2512315711041819,0.7942387784436773,0.5430072073394954,6,5.67,True,True,True,False,PASS,0.16677,True,1.0,0.18759,True,0.21019,True,0.26481,True
C3,504_457_480_14,model,36,2,0.0013681984456735648,0.0013335579857068902,0.9746816990793897,0.9733481410936828,8,4.5,True,True,True,False,PASS,0.12279,False,1.0,0.11883,False,0.14715,False,0.32477,False
C3,504_457_480_14,user,36,2,0.3375951272198163,0.3024574232001015,0.8959176208819039,0.5934601976818024,7,5.14,True,True,True,False,PASS,0.13763,True,1.0,0.1148,True,0.11688,True,0.39764,False
C3,505_1210_849_30,model,40,2,-0.02312123711184583,-0.02285711630561771,0.9885767009373039,1.0114338172429216,8,5.0,True,True,True,False,PASS,0.11313,False,1.0,0.10308,False,0.11003,False,0.13207,False
C3,505_1210_849_30,user,40,2,0.25819515627303374,0.20403701644032002,0.790243393352263,0.586206376911943,7,5.71,True,True,True,False,PASS,0.13775,True,1.0,0.16788,True,0.13327,True,0.18719,True
C3,507_662_1327_10,model,32,2,0.2591854351786321,0.256441632411992,0.9894137463212429,0.7329721139092509,7,4.57,True,True,True,False,PASS,0.13909,True,1.0,0.12906,True,0.17445,True,0.11712,True
C3,507_662_1327_10,user,32,2,0.00017712465881456163,0.00017948672800716103,1.0133356315738755,1.0131561448458684,8,4.0,True,True,True,False,PASS,0.12213,False,1.0,0.15782,False,0.13046,False,0.10774,False
C3,508_970_1224_53,model,33,2,-0.00861814219138107,-0.007449688068056903,0.86441925679844,0.8718689448664969,6,5.5,True,True,True,False,PASS,0.16978,False,1.0,0.12617,False,0.12617,False,0.17164,False
C3,508_970_1224_53,user,33,2,0.156194522763643,0.13011901823573357,0.833057497365849,0.7029384791301154,6,5.5,True,True,True,False,PASS,0.15619,False,1.0,0.15619,False,0.16469,False,0.18898,False
C3,509_324_325_26,model,26,2,0.1626196490757082,0.10851967524201378,0.6673220355523707,0.5588023603103569,6,4.33,True,True,True,False,PASS,0.19971,False,1.0,0.23821,False,0.23821,False,0.23821,False
C3,509_324_325_26,user,26,2,0.1424119683282901,0.13961199953119086,0.9803389502303297,0.8407269506991388,7,3.71,True,True,True,False,PASS,0.15784,False,1.0,0.18682,False,0.18047,False,0.19851,False
C3,50_831_652_49,model,31,2,0.14422567271577377,0.13756443313925393,0.9538137735738131,0.8162493404345592,6,5.17,True,True,True,False,PASS,0.15332,False,1.0,0.14423,False,0.13387,True,0.25399,False
C3,50_831_652_49,user,31,2,0.4461519406215714,0.39395743699499286,0.8830118197987394,0.4890543828037466,7,4.43,True,True,True,False,PASS,0.16732,True,1.0,0.20323,True,0.1942,True,0.2267,True
C3,510_174_175_26,model,27,2,-0.014736544387702027,-0.010918993461677462,0.7409466679847688,0.7518656614464463,6,4.5,True,True,True,False,PASS,0.1732,False,1.0,0.13337,False,0.13337,False,0.27635,False
C3,510_174_175_26,user,27,2,0.2352993241853612,0.2055077756467104,0.8733887203382616,0.6678809446915512,6,4.5,True,True,True,False,PASS,0.20163,True,1.0,0.2353,False,0.22752,True,0.16124,True
C3,511_293_970_14,model,25,2,0.12300672953967373,0.12843907802504773,1.044163018606408,0.9157239405813602,7,3.57,True,True,True,False,PASS,0.1707,False,1.0,0.1707,False,0.19293,False,0.04385,True
C3,511_293_970_14,user,25,2,0.15300401099503144,0.1487221806444028,0.9720149143621621,0.8232927337177594,7,3.57,True,True,True,False,PASS,0.19949,False,1.0,0.17384,False,0.17419,False,0.03329,True
C3,512_1284_970_14,model,27,2,-0.027720190634704777,-0.026716574831276985,0.9637947726747846,0.9905113475060616,6,4.5,True,True,True,False,PASS,0.18179,False,1.0,0.19933,False,0.17833,False,0.1816,False
C3,512_1284_970_14,user,27,2,0.3365542619070779,0.30620023959811415,0.9098094252707921,0.603609185672678,6,4.5,True,True,True,False,PASS,0.1789,True,1.0,0.17878,True,0.22253,True,0.25198,True
C3,513_48_124_38,model,28,2,0.09380949532668607,0.08078861818626581,0.861198729456162,0.7804101112698962,7,4.0,True,True,True,False,PASS,0.19336,False,1.0,0.20169,False,0.18086,False,0.25516,False
C3,513_48_124_38,user,28,2,0.11035262299218447,0.11146180708841857,1.0100512707913853,0.8985894637029668,7,4.0,True,True,True,False,PASS,0.15396,False,1.0,0.13991,False,0.17109,False,0.10993,True
C3,514_379_163_44,model,37,2,-0.01869694648629071,-0.018859484808005922,1.0086933083877836,1.0275527931957895,8,4.62,True,True,True,False,PASS,0.08453,False,1.0,0.08674,False,0.08631,False,0.09694,False
C3,514_379_163_44,user,37,2,-0.011843512856259321,-0.012293154009524132,1.0379651847152067,1.0502583387247308,8,4.62,True,True,True,False,PASS,0.08316,False,1.0,0.08172,False,0.13022,False,0.06671,False
C3,515_963_324_17,model,25,2,0.42841778265575464,0.40584162570873406,0.9473034083527734,0.5414617826440393,5,5.0,True,True,True,False,PASS,0.19357,True,1.0,0.09202,True,0.20644,True,0.15748,True
C3,515_963_324_17,user,25,2,0.5082667191341796,0.5084489187834784,1.0003584725153933,0.4919095537319149,5,5.0,True,True,True,False,PASS,0.21118,True,1.0,0.16688,True,0.17413,True,0.03119,True
C3,516_1284_293_44,model,40,2,0.09896893933689825,0.0888707994563549,0.8979665746829066,0.8090957752265517,7,5.71,True,True,True,False,PASS,0.10662,False,1.0,0.09897,False,0.11721,False,0.11015,False
C3,516_1284_293_44,user,40,2,-0.02142990244326456,-0.02175663848511844,1.0152467349171985,1.037003373402317,8,5.0,True,True,True,False,PASS,0.10282,False,1.0,0.08825,False,0.09854,False,0.04276,False
C3,517_48_49_44,model,29,2,0.10915677873447714,0.0910221682243254,0.8338663826434086,0.7428442144190832,7,4.14,True,True,True,False,PASS,0.15744,False,1.0,0.10916,False,0.17153,False,0.15744,False
C3,517_48_49_44,user,29,2,0.06188845689669236,0.06329288943982836,1.0226929643031875,0.9594000748633591,7,4.14,True,True,True,False,PASS,0.15041,False,1.0,0.10137,False,0.18752,False,0.09377,False
C3,518_124_1327_44,model,26,2,0.14042283917939766,0.14519304504186348,1.033970299207322,0.8887772541654586,8,3.25,True,True,True,False,PASS,0.15575,False,1.0,0.16941,False,0.17411,False,0.06904,True
C3,518_124_1327_44,user,26,2,0.11353691800455053,0.11618625160320906,1.023334556241454,0.9071483046382449,7,3.71,True,True,True,False,PASS,0.18068,False,1.0,0.19708,False,0.15513,False,0.10433,True
C3,519_1094_270_21,model,37,2,0.015867766623271135,0.015133517535353413,0.9537270048551826,0.9385934873198292,6,6.17,True,True,True,False,PASS,0.14111,False,1.0,0.10901,False,0.10053,False,0.14818,False
C3,519_1094_270_21,user,37,2,0.1910499224241634,0.14806577287973477,0.7750109029147025,0.6269451300349678,6,6.17,True,True,True,False,PASS,0.14314,True,1.0,0.19105,False,0.13357,True,0.11048,True
C3,51_793_937_49,model,34,2,-0.0013310334093590214,-0.0013380467553540942,1.0052690983905883,1.0066071451459424,7,4.86,True,True,True,False,PASS,0.12148,False,1.0,0.10796,False,0.13034,False,0.14853,False
C3,51_793_937_49,user,34,2,0.12656452295003925,0.10922243921535602,0.8629783186436144,0.7537558794282584,7,4.86,True,True,True,False,PASS,0.13564,False,1.0,0.17052,False,0.13564,False,0.24268,False
C3,520_324_293_44,model,32,2,0.13177653601429812,0.11106569041181347,0.8428335860927665,0.731767895680953,7,4.57,True,True,True,False,PASS,0.14165,False,1.0,0.1136,True,0.13172,True,0.1136,True
C3,520_324_293_44,user,32,2,0.038246915553002934,0.03875696232765491,1.0133356315738755,0.9745786692462206,7,4.57,True,True,True,False,PASS,0.13025,False,1.0,0.11883,False,0.13395,False,0.09168,False
C3,521_578_137_14,model,31,2,0.089262742438085,0.09164157865926303,1.0266498222685467,0.9350082436092837,8,3.88,True,True,True,False,PASS,0.12525,False,1.0,0.10377,False,0.11283,False,0.18436,False
C3,521_578_137_14,user,31,2,-0.04385041946854471,-0.0436502004913486,0.9954340464783984,1.039084246969747,8,3.88,True,True,True,False,PASS,0.14152,False,1.0,0.10779,False,0.11809,False,0.17335,False
C3,522_615_998_2,model,25,2,0.153836190669216,0.14114668793373664,0.9175128903005354,0.7763662023667988,7,3.57,True,True,True,False,PASS,0.23105,False,1.0,0.15384,False,0.20294,False,0.33729,False
C3,522_615_998_2,user,25,2,0.040007539074366084,0.039285839771646236,0.9819609173816377,0.9426750776099915,7,3.57,True,True,True,False,PASS,0.17361,False,1.0,0.17319,False,0.16853,False,0.12555,False
C3,523_368_369_2,model,26,2,0.21648855901813308,0.20097886373528417,0.9283578986659068,0.7273790349306226,7,3.71,True,True,True,False,PASS,0.19425,True,1.0,0.19372,True,0.19372,True,0.23512,False
C3,523_368_369_2,user,26,2,-0.05544012316181365,-0.051468276240280386,0.9283578986659068,0.9798261749061872,8,3.25,True,True,True,False,PASS,0.2045,False,1.0,0.19672,False,0.19672,False,0.22139,False
C3,524_226_1265_20,model,35,2,0.4478595568552436,0.40752279609112585,0.9099343529758475,0.5024115568847216,6,5.83,True,True,True,False,PASS,0.13233,True,1.0,0.15141,True,0.10863,True,0.07889,True
C3,524_226_1265_20,user,35,2,-0.016850837454607297,-0.01708303397048816,1.013779523807428,1.0308625577779162,6,5.83,True,True,True,False,PASS,0.12009,False,1.0,0.03316,False,0.06278,False,0.05504,False
C3,525_1327_1284_20,model,31,2,0.45600526528421464,0.3944641116511677,0.8650428880581232,0.47057877640695556,6,5.17,True,True,True,False,PASS,0.1825,True,1.0,0.21786,True,0.30295,True,0.21161,True
C3,525_1327_1284_20,user,31,2,-0.013044401705724419,-0.011943648108470262,0.9156148651286091,0.9275585132370794,6,5.17,True,True,True,False,PASS,0.15163,False,1.0,0.11147,False,0.16223,False,0.2115,False
C3,526_124_633_20,model,27,2,0.23617914223795747,0.23938103627732077,1.0135570567706496,0.7741760204933288,7,3.86,True,True,True,False,PASS,0.1625,True,1.0,0.1967,True,0.18264,True,0.05132,True
C3,526_124_633_20,user,27,2,0.1521517152365856,0.15154144368041933,0.9959890589782879,0.8444476152978686,7,3.86,True,True,True,False,PASS,0.17567,False,1.0,0.17698,False,0.17429,False,0.07562,True
C3,527_293_1327_7,model,33,2,0.4393483493199979,0.34105808908300717,0.776281712702188,0.4352236236191809,6,5.5,True,True,True,False,PASS,0.22789,True,1.0,0.21846,True,0.21846,True,0.22789,True
C3,527_293_1327_7,user,33,2,0.06747677316539623,0.06912517717584832,1.0244292062753444,0.9553040290994961,6,5.5,True,True,True,False,PASS,0.13455,False,1.0,0.06748,False,0.10828,False,0.1111,False
C3,528_742_1382_49,model,38,2,0.0877728414480456,0.08695972173041744,0.9907360898403925,0.9037763681099751,8,4.75,True,True,True,False,PASS,0.10026,False,1.0,0.10026,False,0.10026,False,0.02874,True
C3,528_742_1382_49,user,38,2,-0.014690861298632504,-0.012689886404978257,0.8637945827015256,0.8764844691065039,8,4.75,True,True,True,False,PASS,0.1265,False,1.0,0.17391,False,0.13576,False,0.02558,False
C3,529_1175_924_9,model,26,2,0.20791249279501314,0.21428447389487748,1.0306474181238674,0.8163629442289899,7,3.71,True,True,True,False,PASS,0.17012,True,1.0,0.14784,True,0.21562,False,0.05989,True
C3,529_1175_924_9,user,26,2,0.003232853975104615,0.0031692926722020065,0.9803389502303297,0.9771696575581277,7,3.71,True,True,True,False,PASS,0.19206,False,1.0,0.20112,False,0.15296,False,0.00127,True
C3,52_1433_1434_49,model,28,2,0.03357344087429315,0.03322956300336788,0.9897574433251322,0.9565278803217643,8,3.5,True,True,True,False,PASS,0.16335,False,1.0,0.13747,False,0.16201,False,0.21037,False
C3,52_1433_1434_49,user,28,2,0.0008240482400789593,0.0008634561810239028,1.0478223713470554,1.0469589151660315,8,3.5,True,True,True,False,PASS,0.13026,False,1.0,0.15273,False,0.1406,False,0.05505,False
C3,530_1327_1224_49,model,31,2,0.46688490871185767,0.39245635731996686,0.8405847993732753,0.4481284420533085,7,4.43,True,True,True,False,PASS,0.15207,True,1.0,0.19743,True,0.19743,True,0.15207,True
C3,530_1327_1224_49,user,31,2,0.18378256530081843,0.1598031735032175,0.8695230325120826,0.7097198590088651,6,5.17,True,True,True,False,PASS,0.16388,True,1.0,0.18378,False,0.16388,True,0.19845,False
C3,531_935_2_43,model,25,2,0.28020802934863154,0.23594419229662433,0.8420322317140503,0.606088039417426,6,4.17,True,True,True,False,PASS,0.20247,True,1.0,0.18321,True,0.20669,True,0.13604,True
C3,531_935_2_43,user,25,2,0.09564287043565027,0.09296629651585997,0.9720149143621621,0.8790486178463022,7,3.57,True,True,True,False,PASS,0.20686,False,1.0,0.13177,False,0.18628,False,0.26393,False
C3,532_124_354_9,model,29,2,0.46807137260161463,0.4091634416069413,0.8741475457743683,0.46498410416742697,6,4.83,True,True,True,False,PASS,0.18433,True,1.0,0.18238,True,0.37675,True,0.23413,True
C3,532_124_354_9,user,29,2,0.06038139766892165,0.0569577684323721,0.9432999339412163,0.8863421655088441,6,4.83,True,True,True,False,PASS,0.1626,False,1.0,0.13074,False,0.19162,False,0.31153,False
C3,533_1224_124_57,model,28,2,0.33229555329953864,0.344081723690421,1.0354689380398,0.6913872143493789,6,4.67,True,True,True,False,PASS,0.15245,True,1.0,0.14565,True,0.17118,True,0.15021,True
C3,533_1224_124_57,user,28,2,0.06645986973813699,0.05687886509606954,0.8558377456979948,0.7989588806019252,6,4.67,True,True,True,False,PASS,0.23103,False,1.0,0.1116,False,0.1624,False,0.35557,False
C3,536_146_446_44,model,38,2,0.03794089805203511,0.030688205751477904,0.8088423660765673,0.7781541603250894,8,4.75,True,True,True,False,PASS,0.14791,False,1.0,0.15104,False,0.18848,False,0.12016,False
C3,536_146_446_44,user,38,2,-0.025989182891161776,-0.026578526549106307,1.0226764981574297,1.049255024706536,8,4.75,True,True,True,False,PASS,0.12107,False,1.0,0.09758,False,0.09758,False,0.12113,False
C3,537_49_344_14,model,26,2,0.0578490024426166,0.05468882365761363,0.9453719398508605,0.8906831161932469,7,3.71,True,True,True,False,PASS,0.17811,False,1.0,0.24652,False,0.17811,False,0.19553,False
C3,537_49_344_14,user,26,2,-0.006721095052201682,-0.00687792882270144,1.023334556241454,1.0302124850641554,8,3.25,True,True,True,False,PASS,0.14788,False,1.0,0.18068,False,0.13887,False,0.07002,False
C3,538_1029_913_58,model,34,2,0.08170727397685852,0.07946876628770805,0.9726033242794947,0.8931345579917866,7,4.86,True,True,True,False,PASS,0.12325,False,1.0,0.11136,False,0.12272,False,0.06659,True
C3,538_1029_913_58,user,34,2,0.08157894342256862,0.0807904215897528,0.9903342480334494,0.9095438264436966,8,4.25,True,True,True,False,PASS,0.12041,False,1.0,0.1368,False,0.1368,False,0.08765,False
C3,539_562_563_19,model,25,2,0.003966870543804584,0.00408055469108759,1.0286583960902271,1.0245778413991395,8,3.12,True,True,True,False,PASS,0.18108,False,1.0,0.2208,False,0.15462,False,0.04367,False
C3,539_562_563_19,user,25,2,-0.047658664130409666,-0.04988951143209608,1.0468088508646,1.0966983622966961,8,3.12,True,True,True,False,PASS,0.17021,False,1.0,0.17021,False,0.17491,False,0.07634,False
C3,53_652_671_33,model,26,2,-0.040845094009328765,-0.04152822312249471,1.0167248755262976,1.0582530986487924,8,3.25,True,True,True,False,PASS,0.15998,False,1.0,0.18127,False,0.18003,False,0.05643,False
C3,53_652_671_33,user,26,2,0.26438690099038414,0.2744978088261236,1.0382428471223966,0.7637450382962729,7,3.71,True,True,True,False,PASS,0.16727,True,1.0,0.08949,True,0.16727,True,0.06211,True
C3,541_193_1063_46,model,37,2,0.11134965631722055,0.11036994486304963,0.9912014865014055,0.8808315416383559,5,7.4,True,True,True,False,PASS,0.11123,True,1.0,0.11135,False,0.1212,False,0.0845,True
C3,541_193_1063_46,user,37,2,0.08547225472794523,0.048443768565822,0.5667777072222627,0.5183339386564407,5,7.4,True,True,True,False,PASS,0.17264,False,0.892,0.21227,False,0.12915,False,0.17264,False
C3,542_354_355_42,model,29,2,-0.0357201802270465,-0.032749175260593844,0.9168255885729525,0.9495747638335463,8,3.62,True,True,True,False,PASS,0.17417,False,1.0,0.14142,False,0.17265,False,0.10019,False
C3,542_354_355_42,user,29,2,0.4788390842392658,0.4687457946011483,0.9789213329272134,0.5101755383260651,6,4.83,True,True,True,False,PASS,0.15315,True,1.0,0.15324,True,0.16355,True,0.16748,True
C3,544_849_354_7,model,29,2,0.19114114412589792,0.1965275214637201,1.028180104092473,0.8316525826287529,7,4.14,True,True,True,False,PASS,0.159,True,1.0,0.13769,True,0.11597,True,0.06695,True
C3,544_849_354_7,user,29,2,0.23119812477904006,0.22557915192873645,0.9756962870885144,0.750117135159778,7,4.14,True,True,True,False,PASS,0.17135,True,1.0,0.09566,True,0.15402,True,0.01905,True
C3,545_911_923_31,model,29,2,-0.005739614139729987,-0.005974693579361645,1.0409573594859667,1.0469320530653283,6,4.83,True,True,True,False,PASS,0.13468,False,1.0,0.13528,False,0.14888,False,-0.00271,False
C3,545_911_923_31,user,29,2,0.5250293027370584,0.5285015437991025,1.0066134233726438,0.4781118795735413,6,4.83,True,True,True,False,PASS,0.15895,True,1.0,0.16742,True,0.18787,True,0.04894,True
C3,546_355_192_42,model,26,2,0.28845741482606224,0.28053967819629555,0.972551453965775,0.6920117757694795,6,4.33,True,True,True,False,PASS,0.1973,True,1.0,0.19345,True,0.18398,True,0.2749,True
C3,546_355_192_42,user,26,2,0.09485683566346195,0.08806109263062878,0.9283578986659068,0.840296806035278,7,3.71,True,True,True,False,PASS,0.19373,False,1.0,0.22001,False,0.19672,False,0.24021,False
C3,547_192_193_48,model,31,2,0.19128433859538946,0.14074953950991287,0.7358131906848403,0.5950636511749274,7,4.43,True,True,True,False,PASS,0.16926,True,1.0,0.16926,True,0.18299,True,0.18147,True
C3,547_192_193_48,user,31,2,0.06604231046702592,0.05742531007139284,0.8695230325120826,0.8120977224406898,7,4.43,True,True,True,False,PASS,0.15511,False,1.0,0.15433,False,0.15433,False,0.16804,False
C3,548_355_911_16,model,30,2,0.11034307726467389,0.10585999853348693,0.9593714545368928,0.8535114560034058,8,3.75,True,True,True,False,PASS,0.15508,False,1.0,0.15671,False,0.14494,False,0.15559,False
C3,548_355_911_16,user,30,2,0.17496857844843977,0.17425495457346396,0.9959214169692412,0.8216664623957772,7,4.29,True,True,True,False,PASS,0.14479,True,1.0,0.14617,True,0.12764,True,0.07077,True
C3,549_306_245_16,model,27,2,0.05739987110995791,0.05222294374516834,0.9098094252707919,0.8575864815256236,7,3.86,True,True,True,False,PASS,0.20775,False,1.0,0.18949,False,0.28439,False,0.09697,False
C3,549_306_245_16,user,27,2,0.2556081918549344,0.24778183330513814,0.9693814251687288,0.7215995918635907,7,3.86,True,True,True,False,PASS,0.16102,True,1.0,0.16102,True,0.18882,True,0.14539,True
C3,54_937_793_12,model,24,2,0.009404222997034004,0.008170055437671242,0.8687645369796094,0.8605944815419382,7,3.43,True,True,True,False,PASS,0.2196,False,1.0,0.14729,False,0.2196,False,0.17328,False
C3,54_937_793_12,user,24,2,0.05751401972375869,0.0426957217048517,0.7423532889879779,0.6996575672831262,6,4.0,True,True,True,False,PASS,0.18533,False,1.0,0.18533,False,0.14205,False,-0.00126,True
C3,550_923_193_16,model,30,2,0.42783305000616034,0.39625287084429184,0.9261857419350521,0.5299328710907603,6,5.0,True,True,True,False,PASS,0.1613,True,1.0,0.14881,True,0.1894,True,0.05123,True
C3,550_923_193_16,user,30,2,0.01382318426670232,0.011847817359914359,0.8570975494013864,0.845249732041472,7,4.29,True,True,True,False,PASS,0.18911,False,1.0,0.12007,False,0.18666,False,0.10956,False
C3,551_93_1333_30,model,30,2,0.102902083682094,0.07612628160530521,0.7397933927216671,0.6636671111163619,6,5.0,True,True,True,False,PASS,0.15646,False,1.0,0.1029,False,0.15646,False,0.31127,False
C3,551_93_1333_30,user,30,2,0.003299138407999801,0.002909145263584545,0.881789395840564,0.8788802505769795,8,3.75,True,True,True,False,PASS,0.18713,False,1.0,0.12625,False,0.17553,False,0.1112,False
C3,553_584_585_9,model,33,2,0.026074205584356382,0.02660452519815837,1.0203388598776777,0.9937343346795193,7,4.71,True,True,True,False,PASS,0.14337,False,1.0,0.09217,False,0.10952,False,0.10617,False
C3,553_584_585_9,user,33,2,0.10167825663519622,0.08003727601481303,0.7871621589852072,0.7071248829703942,7,4.71,True,True,True,False,PASS,0.15393,False,1.0,0.10444,False,0.16542,False,0.24189,False
C3,554_306_307_9,model,25,2,0.051552556605544746,0.050622595777749524,0.9819609173816377,0.9313383216038882,7,3.57,True,True,True,False,PASS,0.1597,False,1.0,0.17191,False,0.17191,False,0.17433,False
C3,554_306_307_9,user,25,2,0.0013002539982550053,0.001359835641123297,1.0458230799122732,1.04446324427115,8,3.12,True,True,True,False,PASS,0.192,False,1.0,0.16091,False,0.16251,False,0.22026,False
C3,555_233_1504_57,model,30,2,-0.020960270229581957,-0.02080753376644262,0.9927130489508778,1.0135205827173204,6,5.0,True,True,True,False,PASS,0.18113,False,1.0,0.06071,False,0.10481,False,0.14544,False
C3,555_233_1504_57,user,30,2,0.3298397850029304,0.2827048714210918,0.8570975494013864,0.5743926779802946,6,5.0,True,True,True,False,PASS,0.19195,True,1.0,0.17778,True,0.19195,True,0.36847,False
C3,556_193_86_56,model,27,2,0.08808938673219073,0.07198313092798647,0.8171600870242123,0.7451769560962258,7,3.86,True,True,True,False,PASS,0.18,False,1.0,0.25128,False,0.2319,False,0.11433,False
C3,556_193_86_56,user,27,2,0.3776833029520578,0.35125046563448026,0.9300132224247867,0.5787627567903064,6,4.5,True,True,True,False,PASS,0.15263,True,1.0,0.1987,True,0.1987,True,0.1987,True
C3,557_923_32_56,model,36,2,0.035207117346635335,0.03258155954781472,0.9254253685988998,0.8928438090510851,6,6.0,True,True,True,False,PASS,0.12272,False,1.0,0.03521,False,0.1173,False,0.04671,False
C3,557_923_32_56,user,36,2,0.5216435603104819,0.42060708643210964,0.8063112792608129,0.3857041928287033,5,7.2,True,True,True,False,PASS,0.17112,True,1.0,0.16689,True,0.16308,True,0.09671,True
C3,559_1524_1525_14,model,39,2,0.04228984651832572,0.03784192349759907,0.8948229093525037,0.8569809858549047,7,5.57,True,True,True,False,PASS,0.11675,False,1.0,0.10234,False,0.12595,False,0.21448,False
C3,559_1524_1525_14,user,39,2,0.3709815198442974,0.34469393467109877,0.9291404456366678,0.584446510965569,7,5.57,True,True,True,False,PASS,0.10348,True,1.0,0.14603,True,0.10485,True,0.12816,True
C3,55_672_652_12,model,29,2,0.2051713189351834,0.2108322634947828,1.027591305592707,0.8167590420979243,6,4.83,True,True,True,False,PASS,0.17912,True,1.0,0.1962,True,0.15082,True,0.07058,True
C3,55_672_652_12,user,29,2,0.037460468439743135,0.026082849030187094,0.6962766381884024,0.6701937891582153,5,5.8,True,True,True,False,PASS,0.10029,False,1.0,0.04434,False,0.10029,False,0.01461,True
C3,560_1259_962_14,model,30,2,0.11718147894191965,0.12092671008692069,1.0319609479144511,0.9110342378275305,8,3.75,True,True,True,False,PASS,0.11906,False,1.0,0.13455,False,0.15277,False,0.04521,True
C3,560_1259_962_14,user,30,2,0.017827855540832452,0.018129047053089042,1.0168944330722642,0.9987653860191752,8,3.75,True,True,True,False,PASS,0.12993,False,1.0,0.14045,False,0.14515,False,0.13478,False
C3,561_172_173_58,model,31,2,0.02562521117041865,0.020719530824540144,0.8085603933854973,0.7878408625609572,7,4.43,True,True,True,False,PASS,0.17316,False,1.0,0.20827,False,0.20159,False,0.13173,False
C3,561_172_173_58,user,31,2,0.1540531356931307,0.14473571531218188,0.9395181387316333,0.7947824234194514,7,4.43,True,True,True,False,PASS,0.13296,True,1.0,0.15405,False,0.13279,True,0.38572,False
C3,562_1228_483_58,model,25,2,0.20521600221940017,0.19455964510015789,0.9480724845821265,0.7535128394819686,7,3.57,True,True,True,False,PASS,0.21052,False,1.0,0.20522,False,0.20819,False,0.14328,True
C3,562_1228_483_58,user,25,2,0.08047483277016496,0.08424176721565724,1.0468088508646,0.9625670836489428,7,3.57,True,True,True,False,PASS,0.17491,False,1.0,0.14297,False,0.14607,False,0.09296,False
C3,563_480_273_53,model,28,2,0.2602519259097013,0.2646396262220376,1.0168594345536512,0.7522198083316136,5,5.6,True,True,True,False,PASS,0.15535,True,1.0,0.14481,True,0.19624,True,0.20945,True
C3,563_480_273_53,user,28,2,0.28322715428671374,0.18652717593019397,0.6585780109959746,0.4720508350657806,4,7.0,True,True,True,False,PASS,0.11338,True,0.857,0.08184,True,0.32323,False,0.32323,False
C3,564_923_1259_43,model,36,2,0.3172200859212414,0.25022555996875206,0.7888074276320493,0.5385818676632972,6,6.0,True,True,True,False,PASS,0.15701,True,1.0,0.1647,True,0.15522,True,0.07238,True
C3,564_923_1259_43,user,36,2,-0.0049379169385871035,-0.004368157855499821,0.8846154987673186,0.8889836566228184,6,6.0,True,True,True,False,PASS,0.13724,False,1.0,0.0635,False,0.0886,False,0.09237,False
C3,565_930_912_45,model,30,2,-0.038194083376274834,-0.03752206966046301,0.9824052927467488,1.0199273624072118,8,3.75,True,True,True,False,PASS,0.14409,False,1.0,0.13148,False,0.12843,False,0.14409,False
C3,565_930_912_45,user,30,2,0.21619229641365137,0.19944379035532434,0.9225295889994096,0.7230857986440853,7,4.29,True,True,True,False,PASS,0.16164,True,1.0,0.17178,True,0.15803,True,0.10285,True
C3,566_908_803_45,model,33,2,0.08271992640628892,0.08341045540121073,1.0083477950830153,0.9249373396818046,7,4.71,True,True,True,False,PASS,0.12216,False,1.0,0.13565,False,0.12061,False,0.25386,False
C3,566_908_803_45,user,33,2,0.09031744874840927,0.09187396120213065,1.0172337956318633,0.9253598344297327,8,4.12,True,True,True,False,PASS,0.11486,False,1.0,0.12857,False,0.20956,False,0.02928,True
C3,567_854_99_32,model,28,2,0.12725562228470708,0.1286207699667199,1.010727602109073,0.8821068321423531,6,4.67,True,True,True,False,PASS,0.16266,False,1.0,0.1504,False,0.1626,False,0.0293,True
C3,567_854_99_32,user,28,2,0.6173499627693249,0.5841782985221485,0.9462676500402235,0.362089351518075,6,4.67,True,True,True,False,PASS,0.17663,True,1.0,0.14476,True,0.20893,True,-0.00156,True
C3,568_172_582_32,model,30,2,0.004036485591892543,0.002771364156358924,0.686578483501918,0.683807119345559,5,6.0,True,True,True,False,PASS,0.14677,False,1.0,0.11215,False,0.11215,False,0.046,False
C3,568_172_582_32,user,30,2,0.1432103013037723,0.12928230314652533,0.902744439258574,0.7734621361120486,6,5.0,True,True,True,False,PASS,0.17086,False,1.0,0.14321,False,0.17086,False,0.08436,True
C3,569_849_433_42,model,35,2,0.4953688515503449,0.4065634533442506,0.8207287399517309,0.4141652866074803,5,7.0,True,True,True,False,PASS,0.16539,True,1.0,0.16317,True,0.30035,True,0.05157,True
C3,569_849_433_42,user,35,2,0.03513544519202358,0.031564373951390445,0.8983627154539702,0.8667983415025797,6,5.83,True,True,True,False,PASS,0.12915,False,1.0,0.03514,False,0.16828,False,0.04889,False
C3,56_671_831_12,model,26,2,0.8500202716753953,0.7577614427611775,0.8914627897845601,0.13370134702338254,5,5.2,True,True,True,False,PASS,0.22461,True,1.0,0.22461,True,0.22461,True,0.2117,True
C3,56_671_831_12,user,26,2,0.04451721014058548,0.042438578760009116,0.953307240637676,0.9108686618776669,5,5.2,True,True,True,False,PASS,0.18915,False,1.0,0.04452,False,0.17713,False,0.24709,False
C3,570_849_911_10,model,31,2,0.2908964888905433,0.2847366682653545,0.9788246992987715,0.694088031033417,6,5.17,True,True,True,False,PASS,0.13774,True,1.0,0.13815,True,0.13797,True,0.0104,True
C3,570_849_911_10,user,31,2,0.5183823029085881,0.4566510631150805,0.8809156110323594,0.42426454791727886,6,5.17,True,True,True,False,PASS,0.16805,True,1.0,0.1649,True,0.16402,True,-0.01036,True
C3,571_278_1395_10,model,29,2,0.054634724755802104,0.05467068262579011,1.000658150473874,0.945987467848084,8,3.62,True,True,True,False,PASS,0.14353,False,1.0,0.14353,False,0.13148,False,0.14353,False
C3,571_278_1395_10,user,29,2,0.05433525793107114,0.05561743412123765,1.0235974989166898,0.9679800647954522,8,3.62,True,True,True,False,PASS,0.14748,False,1.0,0.14237,False,0.14324,False,0.14903,False
C3,572_172_911_10,model,32,2,0.3040524853525356,0.29486935550079296,0.969797550442335,0.674928194941542,7,4.57,True,True,True,False,PASS,0.14111,True,1.0,0.11402,True,0.08668,True,0.15653,True
C3,572_172_911_10,user,32,2,0.25693699735332604,0.23812365842178984,0.9267783965511782,0.6886547381293884,6,5.33,True,True,True,False,PASS,0.13684,True,1.0,0.16209,True,0.14765,True,0.21422,True
C3,573_1029_756_38,model,28,2,0.3087649336869325,0.27533360233475546,0.8917256213230671,0.6163920189883116,5,5.6,True,True,True,False,PASS,0.22055,True,1.0,0.08099,True,0.14891,True,0.22107,True
C3,573_1029_756_38,user,28,2,0.2553396211321754,0.24441919204005125,0.9572317486659415,0.7128125566258903,6,4.67,True,True,True,False,PASS,0.16406,True,1.0,0.19528,True,0.2111,True,0.08632,True
C3,574_763_605_14,model,25,2,0.24462309035801472,0.22259481898551292,0.9099501549904279,0.6873553360049149,6,4.17,True,True,True,False,PASS,0.22491,True,1.0,0.24462,False,0.17585,True,0.20521,True
C3,574_763_605_14,user,25,2,-0.02724636876926091,-0.019995745488859296,0.7338866202023333,0.7538823656911926,6,4.17,True,True,True,False,PASS,0.17357,False,1.0,0.16687,False,0.20889,False,0.20889,False
C3,575_82_214_24,model,27,2,-0.026882267439151807,-0.026067406286259365,0.9696877819277379,0.9957551882139972,8,3.38,True,True,True,False,PASS,0.17991,False,1.0,0.18228,False,0.14659,False,0.12854,False
C3,575_82_214_24,user,27,2,0.05882279447850798,0.0571598142979971,0.9717289837170439,0.9145691694190468,7,3.86,True,True,True,False,PASS,0.17623,False,1.0,0.12377,False,0.16382,False,0.11373,False
C3,576_1235_1236_35,model,25,2,0.13967661626749972,0.1432420144021076,1.025526091839021,0.8822840774369134,7,3.57,True,True,True,False,PASS,0.17808,False,1.0,0.13968,False,0.16279,False,0.16405,False
C3,576_1235_1236_35,user,25,2,0.11153772611724262,0.10841633330000189,0.9720149143621621,0.8635985810621603,7,3.57,True,True,True,False,PASS,0.18628,False,1.0,0.11154,False,0.20585,False,0.24163,False
C3,577_213_40_42,model,35,2,0.017662848685783192,0.018371740473761555,1.04013462384179,1.0217628833680283,8,4.38,True,True,True,False,PASS,0.09675,False,1.0,0.10795,False,0.0848,False,0.13782,False
C3,577_213_40_42,user,35,2,-0.0032287604217011994,-0.003126857564381025,0.9684390155939526,0.9715658731583336,8,4.38,True,True,True,False,PASS,0.10045,False,1.0,0.10011,False,0.0822,False,0.35323,False
C3,578_1216_129_42,model,34,2,-0.024912724076063958,-0.02571964328923171,1.0323898426644975,1.0581094859537292,8,4.25,True,True,True,False,PASS,0.13187,False,1.0,0.11898,False,0.10623,False,0.08398,False
C3,578_1216_129_42,user,34,2,0.05756435776921591,0.05637133181946585,0.9792749194817203,0.9229035876622544,8,4.25,True,True,True,False,PASS,0.11964,False,1.0,0.09718,False,0.11391,False,0.05913,False
C3,579_1146_607_42,model,33,2,0.21778695892623448,0.22337235650252718,1.025646152569606,0.8022737960670787,7,4.71,True,True,True,False,PASS,0.10027,True,1.0,0.12391,True,0.13656,True,0.13037,True
C3,579_1146_607_42,user,33,2,0.05781586468252363,0.05531281775993624,0.9567065729046511,0.9013937551447149,8,4.12,True,True,True,False,PASS,0.1305,False,1.0,0.13247,False,0.11874,False,0.13449,False
C3,57_1238_855_18,model,32,2,-0.04342044092934529,-0.044143431462277505,1.016650925634511,1.0607943570967886,8,4.0,True,True,True,False,PASS,0.11677,False,1.0,0.14433,False,0.15215,False,0.07464,False
C3,57_1238_855_18,user,32,2,-0.0019690280162303546,-0.0020056793715967913,1.018613932897006,1.0206196122686029,8,4.0,True,True,True,False,PASS,0.10703,False,1.0,0.1065,False,0.10091,False,0.06072,False
C3,580_763_214_47,model,26,2,0.23468183345345156,0.2069673832854454,0.8819062823901823,0.6749388991047369,6,4.33,True,True,True,False,PASS,0.1599,True,1.0,0.25058,False,0.22201,True,0.25058,False
C3,580_763_214_47,user,26,2,0.36273398309115973,0.35185276436993884,0.9700022075999252,0.6181494432299863,6,4.33,True,True,True,False,PASS,0.18389,True,1.0,0.19101,True,0.18389,True,0.00674,True
C3,582_566_1421_29,model,25,2,0.5963914261269616,0.5075982374357126,0.8511159201803373,0.3435176827446247,6,4.17,True,True,True,False,PASS,0.25011,True,1.0,0.26092,True,0.24259,True,0.25011,True
C3,582_566_1421_29,user,25,2,0.23454747834095144,0.24399461880439488,1.0402781583083598,0.7962835395039649,5,5.0,True,True,True,False,PASS,0.17134,True,1.0,0.02014,True,0.13303,True,0.2508,False
C3,583_1029_763_47,model,29,2,-0.024531817503774766,-0.015877626641170983,0.6472258583665013,0.6631034850076722,5,5.8,True,True,True,False,PASS,0.12344,False,0.862,0.06506,False,0.06506,False,0.2958,False
C3,583_1029_763_47,user,29,2,0.152582002860207,0.15112859950525936,0.990474608225721,0.8393460087204616,6,4.83,True,True,True,False,PASS,0.15258,False,1.0,0.15258,False,0.15072,True,0.18466,False
C3,584_214_1235_29,model,24,2,0.031313871598429716,0.03303807109607404,1.0550618435099794,1.0220237724139054,7,3.43,True,True,True,False,PASS,0.15691,False,1.0,0.14405,False,0.16513,False,0.33867,False
C3,584_214_1235_29,user,24,2,0.3047685181421242,0.28312694707808717,0.9289901358711047,0.6458631887930175,6,4.0,True,True,True,False,PASS,0.24892,True,1.0,0.26903,True,0.24892,True,0.10021,True
C3,585_484_485_45,model,26,2,0.23080166741954708,0.1574097052431691,0.6820128597989399,0.5246031545557708,6,4.33,True,True,True,False,PASS,0.18252,True,0.846,0.18252,True,0.17439,True,0.21695,True
C3,585_484_485_45,user,26,2,0.028027971456503195,0.027258644391733422,0.972551453965775,0.9452928095740416,7,3.71,True,True,True,False,PASS,0.18398,False,1.0,0.15504,False,0.15808,False,0.36413,False
C3,586_604_517_29,model,27,2,0.11897141362219335,0.11121936150848077,0.9348410523360674,0.8236216908275866,8,3.38,True,True,True,False,PASS,0.1581,False,1.0,0.25411,False,0.1581,False,0.15157,False
C3,586_604_517_29,user,27,2,0.03780532371693887,0.03599301042153169,0.9520619553749473,0.9160689449534156,8,3.38,True,True,True,False,PASS,0.18369,False,1.0,0.19368,False,0.18002,False,0.18463,False
C3,588_607_1029_26,model,28,2,-0.01666110078941575,-0.016205720287939873,0.9726680423321631,0.988873762620103,6,4.67,True,True,True,False,PASS,0.16021,False,1.0,0.1138,False,0.1481,False,0.13616,False
C3,588_607_1029_26,user,28,2,0.2258267552681189,0.18087085856419194,0.8009275001513799,0.620056641587188,6,4.67,True,True,True,False,PASS,0.22583,False,1.0,0.22583,False,0.32525,False,0.03968,True
C3,589_566_214_26,model,28,2,0.524051518855715,0.5197599464937417,0.9918107815595227,0.47205083506578105,5,5.6,True,True,True,False,PASS,0.16455,True,1.0,0.17689,True,0.13217,True,0.17689,True
C3,589_566_214_26,user,28,2,0.16053541157590948,0.13739226474782618,0.855837745697995,0.7184454809501688,5,5.6,True,True,True,False,PASS,0.22348,False,1.0,0.16054,False,0.28219,False,0.28424,False
C3,58_54_55_13,model,31,2,0.04416575545336373,0.042134476799168485,0.9540078363124538,0.9118733595132853,7,4.43,True,True,True,False,PASS,0.1512,False,1.0,0.09502,False,0.12992,False,0.43377,False
C3,58_54_55_13,user,31,2,0.0004831524716920287,0.0004809464199624358,0.9954340464783982,0.9949531000584357,8,3.88,True,True,True,False,PASS,0.13597,False,1.0,0.11585,False,0.11375,False,0.34159,False
C3,590_420_1369_26,model,26,2,0.26790946922582026,0.26264208781760545,0.9803389502303297,0.7176968624127242,7,3.71,True,True,True,False,PASS,0.17345,True,1.0,0.21122,True,0.16006,True,0.29644,False
C3,590_420_1369_26,user,26,2,0.10963223012061535,0.10797717170104015,0.9849035414334423,0.8769263697324021,7,3.71,True,True,True,False,PASS,0.17966,False,1.0,0.16908,False,0.16886,False,0.38661,False
C3,591_307_607_14,model,31,2,0.00411742192985011,0.004303401671899021,1.0451689783601268,1.0408655766882278,6,5.17,True,True,True,False,PASS,0.16043,False,1.0,0.08914,False,0.11721,False,0.13783,False
C3,591_307_607_14,user,31,2,0.5493309906398438,0.48252129604741445,0.8783798916667499,0.39585859561933545,6,5.17,True,True,True,False,PASS,0.13134,True,1.0,0.13568,True,0.11333,True,0.1948,True
C3,593_566_1017_14,model,34,2,0.2593846766834786,0.2266320657116172,0.8737295842197006,0.6470975185080834,6,5.67,True,True,True,False,PASS,0.1639,True,1.0,0.16905,True,0.11973,True,0.17362,True
C3,593_566_1017_14,user,34,2,0.1889289277745495,0.1680266456228694,0.889364310707236,0.7213376650843666,7,4.86,True,True,True,False,PASS,0.16113,True,1.0,0.11849,True,0.1531,True,0.17319,True
C3,594_485_517_1,model,25,2,0.286027187809411,0.2146455084484994,0.7504374325126201,0.5357919240641207,6,4.17,True,True,True,False,PASS,0.17133,True,1.0,0.08938,True,0.11504,True,-0.01376,True
C3,594_485_517_1,user,25,2,0.03095641029171184,0.03009009249865824,0.9720149143621621,0.9419248218635039,7,3.57,True,True,True,False,PASS,0.20686,False,1.0,0.22525,False,0.22525,False,0.18087,False
C3,595_213_607_14,model,29,2,-0.005531796211705016,-0.005797812570018435,1.048088604159087,1.0538864167291053,8,3.62,True,True,True,False,PASS,0.12279,False,1.0,0.11323,False,0.10147,False,-0.00192,False
C3,595_213_607_14,user,29,2,-0.048186605002135785,-0.04944603908042855,1.0261366012035282,1.0755826402839568,8,3.62,True,True,True,False,PASS,0.1329,False,1.0,0.1392,False,0.16121,False,0.12331,False
C3,597_485_129_14,model,27,2,0.1929167179827233,0.19335096146780706,1.00225093755287,0.808899976085063,7,3.86,True,True,True,False,PASS,0.16048,True,1.0,0.16048,True,0.18935,True,0.15559,True
C3,597_485_129_14,user,27,2,-0.0309486127441407,-0.030824479683720152,0.9959890589782882,1.0268135386620083,8,3.38,True,True,True,False,PASS,0.17209,False,1.0,0.20372,False,0.17511,False,0.163,False
C3,598_213_307_1,model,31,2,0.03756200893027678,0.036766622096235935,0.9788246992987715,0.9420580772025355,8,3.88,True,True,True,False,PASS,0.13788,False,1.0,0.13788,False,0.15562,False,0.05825,False
C3,598_213_307_1,user,31,2,0.005715908404324064,0.0052295730259583895,0.914915470304289,0.9096858972783306,8,3.88,True,True,True,False,PASS,0.16745,False,1.0,0.16775,False,0.22484,False,0.02194,False
C3,599_23_425_8,model,31,2,0.2334529639631812,0.2370849147251033,1.0155575268793542,0.7784726121542509,6,5.17,True,True,True,False,PASS,0.12603,True,1.0,0.14328,True,0.13779,True,0.15543,True
C3,599_23_425_8,user,31,2,0.4380926819666972,0.40081777215842807,0.914915470304289,0.5140976981458609,6,5.17,True,True,True,False,PASS,0.17112,True,1.0,0.17051,True,0.1306,True,0.15155,True
C3,59_652_671_46,model,29,2,0.029516164651680356,0.024612537447603944,0.8338663826434086,0.8092538451958047,6,4.83,True,True,True,False,PASS,0.1862,False,1.0,0.22063,False,0.15828,False,0.17572,False
C3,59_652_671_46,user,29,2,0.5718940746580009,0.4999198018051948,0.8741475457743683,0.37422774396917347,6,4.83,True,True,True,False,PASS,0.16549,True,1.0,0.1602,True,0.16549,True,0.27245,True
C3,5_440_1020_1,model,34,2,0.07352955462267413,0.07465434370355961,1.0152971017797874,0.9406427580762278,7,4.86,True,True,True,False,PASS,0.11762,False,1.0,0.13176,False,0.12335,False,0.21884,False
C3,5_440_1020_1,user,34,2,0.33745034008143593,0.31823852642852013,0.9430677306525177,0.6248292042239976,7,4.86,True,True,True,False,PASS,0.14037,True,1.0,0.12678,True,0.18839,True,0.27579,True
C3,600_1490_326_8,model,36,2,0.18434142408145482,0.18560734652598754,1.006867270613974,0.8212599240879865,7,5.14,True,True,True,False,PASS,0.10922,True,1.0,0.12889,True,0.12057,True,0.26796,False
C3,600_1490_326_8,user,36,2,0.24438059333124765,0.22540321202917346,0.9223449741103168,0.6969417620811433,7,5.14,True,True,True,False,PASS,0.12012,True,1.0,0.14012,True,0.12158,True,0.2575,False
C3,601_129_117_34,model,36,2,0.0059013455370868695,0.005994640591836298,1.015809115762349,1.0098144751705127,8,4.5,True,True,True,False,PASS,0.10617,False,1.0,0.1296,False,0.11158,False,0.15665,False
C3,601_129_117_34,user,36,2,-0.03216600363615111,-0.03220211502045478,1.0011226568495157,1.0333247718699705,8,4.5,True,True,True,False,PASS,0.09247,False,1.0,0.0877,False,0.10114,False,0.18099,False
C3,602_213_485_28,model,33,2,0.1546418674367865,0.15882546367995443,1.027053451387465,0.8682279877075105,7,4.71,True,True,True,False,PASS,0.13015,True,1.0,0.14348,True,0.14769,True,0.15051,True
C3,602_213_485_28,user,33,2,0.07614836838143084,0.06553547112477764,0.8606286978666086,0.7950932267418309,7,4.71,True,True,True,False,PASS,0.12004,False,1.0,0.11795,False,0.10511,False,0.12295,False
C3,603_116_630_43,model,28,2,0.2578606394450509,0.189498437267288,0.7348870214357371,0.5453885841684492,6,4.67,True,True,True,False,PASS,0.0901,True,1.0,0.0901,True,0.0901,True,0.14135,True
C3,603_116_630_43,user,28,2,0.06577830199224691,0.06892397637669889,1.0478223713470554,0.9788983949703565,7,4.0,True,True,True,False,PASS,0.15637,False,1.0,0.11186,False,0.14079,False,0.05321,True
C3,604_607_116_14,model,27,2,0.009772972048522432,0.010200212297804434,1.0437165119434262,1.0335162996456217,8,3.38,True,True,True,False,PASS,0.13284,False,1.0,0.16705,False,0.1348,False,0.04504,False
C3,604_607_116_14,user,27,2,0.01430494045571956,0.013299766369390342,0.9297323823583399,0.9164326159889495,8,3.38,True,True,True,False,PASS,0.1911,False,1.0,0.16177,False,0.17204,False,0.1911,False
C3,605_485_607_43,model,24,2,-0.020440019988094454,-0.020657709635909516,1.0106501680498285,1.031307877685738,6,4.0,True,True,True,False,PASS,0.19687,False,1.0,0.0579,False,0.13768,False,0.03162,False
C3,605_485_607_43,user,24,2,0.27426083127256506,0.23826808409215283,0.8687645369796096,0.6304964528874568,6,4.0,True,True,True,False,PASS,0.23474,True,1.0,0.18474,True,0.23556,True,0.07321,True
C3,606_116_129_19,model,27,2,0.27864818367719285,0.19937863865497507,0.7155210417088179,0.5161424030538428,6,4.5,True,True,True,False,PASS,0.20878,True,1.0,0.13843,True,0.1391,True,0.01883,True
C3,606_116_129_19,user,27,2,0.3388553447646654,0.3374962159619225,0.9959890589782882,0.6584928430163657,6,4.5,True,True,True,False,PASS,0.18111,True,1.0,0.1778,True,0.167,True,0.07061,True
C3,607_166_863_19,model,29,2,0.6994926752271733,0.6114598053369807,0.8741475457743683,0.2626877404373875,4,7.25,True,True,True,False,PASS,0.18039,True,1.0,0.10064,True,0.26706,True,0.27508,True
C3,607_166_863_19,user,29,2,0.42975588130141,0.4048585354861505,0.9420663057830319,0.5372077702968814,4,7.25,True,True,True,False,PASS,0.18676,True,1.0,0.11053,True,0.22142,True,0.24079,True
C3,608_326_302_14,model,28,2,0.2795091322521008,0.24429668850592934,0.8740204176426983,0.629723729136769,6,4.67,True,True,True,False,PASS,0.15394,True,1.0,0.08317,True,0.29954,False,0.27951,False
C3,608_326_302_14,user,28,2,0.06018152185881829,0.057393045883563976,0.9536655789164673,0.8962725330329033,6,4.67,True,True,True,False,PASS,0.19251,False,1.0,0.06018,False,0.1157,False,0.27892,False
C3,609_1459_1460_36,model,26,2,0.04991372824783354,0.051443455147565986,1.0306474181238674,0.9792039629763014,8,3.25,True,True,True,False,PASS,0.17132,False,1.0,0.14899,False,0.15686,False,0.00718,True
C3,609_1459_1460_36,user,26,2,-0.0344288229752632,-0.035745479188910245,1.0382428471223966,1.0739883263113068,8,3.25,True,True,True,False,PASS,0.15654,False,1.0,0.15768,False,0.15768,False,0.25148,False
C3,60_652_653_0,model,35,2,-0.00432101785921968,-0.004183246329350965,0.96811595453725,0.9722992008666009,8,4.38,True,True,True,False,PASS,0.12528,False,1.0,0.14244,False,0.1492,False,0.28399,False
C3,60_652_653_0,user,35,2,0.39080422968497147,0.36005800620836803,0.9213257658408966,0.5612677596325286,7,5.0,True,True,True,False,PASS,0.13251,True,1.0,0.13351,True,0.15256,True,0.17933,True
C3,610_116_117_36,model,28,2,0.08817192095523206,0.08911779424043242,1.010727602109073,0.9216098078686406,8,3.5,True,True,True,False,PASS,0.15347,False,1.0,0.10697,False,0.14821,False,0.06298,True
C3,610_116_117_36,user,28,2,0.05866379471662303,0.059501623420630034,1.014281870241333,0.954780246820703,7,4.0,True,True,True,False,PASS,0.16678,False,1.0,0.14467,False,0.13051,False,0.08932,False
C3,612_540_938_35,model,28,2,0.3342478538322318,0.29805737513444863,0.8917256213230671,0.5936682461886185,6,4.67,True,True,True,False,PASS,0.19478,True,1.0,0.17539,True,0.22055,True,0.12898,True
C3,612_540_938_35,user,28,2,0.1455969211799311,0.14545142853666893,0.9990007162096349,0.853549287672966,7,4.0,True,True,True,False,PASS,0.17088,False,1.0,0.1456,False,0.14387,True,0.08713,True
C3,613_863_326_11,model,29,2,-0.020532861537716465,-0.021515006305438122,1.0478328247583792,1.0693478310638174,8,3.62,True,True,True,False,PASS,0.118,False,1.0,0.10782,False,0.13785,False,0.1595,False
C3,613_863_326_11,user,29,2,0.004838995736415215,0.004948806893924962,1.0226929643031875,1.0177441574092625,8,3.62,True,True,True,False,PASS,0.13521,False,1.0,0.11329,False,0.12177,False,0.29881,False
C3,614_972_380_30,model,31,2,0.050356484288946186,0.05262182681006289,1.044986113568178,0.992364286758115,7,4.43,True,True,True,False,PASS,0.1728,False,1.0,0.1728,False,0.15374,False,0.18397,False
C3,614_972_380_30,user,31,2,0.09838171954140487,0.07431139997113123,0.7553374785226902,0.6810260785515589,7,4.43,True,True,True,False,PASS,0.19597,False,1.0,0.21154,False,0.19059,False,0.04561,True
C3,615_117_326_25,model,27,2,0.5230468109143629,0.48896563113620706,0.9348410523360674,0.44587542119986034,6,4.5,True,True,True,False,PASS,0.17059,True,1.0,0.16205,True,0.17958,True,-0.01646,True
C3,615_117_326_25,user,27,2,0.031622632798621625,0.032051342626709944,1.0135570567706496,0.9815057141439396,7,3.86,True,True,True,False,PASS,0.1625,False,1.0,0.14439,False,0.1967,False,0.1411,False
C3,616_863_116_47,model,31,2,0.21927566753843514,0.2211428371992914,1.0085151703415929,0.7873723331423015,7,4.43,True,True,True,False,PASS,0.13116,True,1.0,0.13524,True,0.13864,True,0.18325,True
C3,616_863_116_47,user,31,2,0.12762471230969946,0.1072793931919207,0.8405847993732753,0.7333054061813546,7,4.43,True,True,True,False,PASS,0.16565,False,1.0,0.14438,False,0.18816,False,0.30093,False
C3,617_938_630_25,model,28,2,0.04885413178754032,0.0505869359609008,1.0354689380398,0.9848820020788991,7,4.0,True,True,True,False,PASS,0.1511,False,1.0,0.19623,False,0.15423,False,0.22612,False
C3,617_938_630_25,user,28,2,0.32044577588245365,0.3056135431481791,0.9537137517465192,0.64810020859834,7,4.0,True,True,True,False,PASS,0.14926,True,1.0,0.17738,True,0.17738,True,0.14417,True
C3,618_863_864_25,model,26,2,-0.002856353728567355,-0.0028145406542006146,0.985361380858206,0.9881759215124066,7,3.71,True,True,True,False,PASS,0.18399,False,1.0,0.2148,False,0.18673,False,0.10868,False
C3,618_863_864_25,user,26,2,0.2441732148973199,0.2266801326925748,0.9283578986659068,0.701677765973332,7,3.71,True,True,True,False,PASS,0.19696,True,1.0,0.20876,True,0.20893,True,0.03676,True
C3,619_117_972_18,model,33,2,0.08427740266007566,0.08056429875303095,0.9559418801499954,0.8753775813969644,7,4.71,True,True,True,False,PASS,0.13327,False,1.0,0.14411,False,0.10772,False,0.12981,False
C3,619_117_972_18,user,33,2,0.06767757218630724,0.06565333580247745,0.9700899970486924,0.9044366612462149,7,4.71,True,True,True,False,PASS,0.14232,False,1.0,0.12442,False,0.12596,False,0.1612,False
C3,61_671_855_0,model,29,2,-0.037142297355711736,-0.0311561175211289,0.8388311908320264,0.8699873083531553,8,3.62,True,True,True,False,PASS,0.20118,False,1.0,0.23778,False,0.21276,False,0.07793,False
C3,61_671_855_0,user,29,2,0.05831866241185607,0.05490163224086064,0.9414076038496255,0.8865059716087649,8,3.62,True,True,True,False,PASS,0.16562,False,1.0,0.16562,False,0.16562,False,0.07908,False
C3,620_863_1063_18,model,26,2,0.36955959576274683,0.3430835697541256,0.9283578986659068,0.5852743289117812,6,4.33,True,True,True,False,PASS,0.21206,True,1.0,0.17089,True,0.21663,True,0.1193,True
C3,620_863_1063_18,user,26,2,-0.0017878616092169763,-0.0018295805664891862,1.023334556241454,1.0251641368079432,6,4.33,True,True,True,False,PASS,0.18068,False,1.0,0.09713,False,0.13718,False,0.01181,False
C3,621_999_1362_23,model,25,2,0.2655352344993475,0.27226202400357136,1.0253329450492958,0.7530709210457245,6,4.17,True,True,True,False,PASS,0.20434,True,1.0,0.1108,True,0.1606,True,0.08817,True
C3,621_999_1362_23,user,25,2,0.30438011840611945,0.27699179345539593,0.9100193366960302,0.6330275432406343,7,3.57,True,True,True,False,PASS,0.24907,True,1.0,0.1993,True,0.2063,True,0.03505,True
C3,622_1000_1476_51,model,28,2,0.10542629415905234,0.10054142785221043,0.9536655789164673,0.8531241510642569,7,4.0,True,True,True,False,PASS,0.16521,False,1.0,0.15621,False,0.1508,False,0.05678,True
C3,622_1000_1476_51,user,28,2,0.25038869703463035,0.20054319318210767,0.8009275001513797,0.600384306969272,6,4.67,True,True,True,False,PASS,0.22872,True,1.0,0.25039,False,0.16604,True,0.07642,True
C3,624_307_1285_13,model,26,2,0.5335810146863382,0.36281232677867303,0.6799573387969017,0.31714501201822864,5,5.2,True,True,True,False,PASS,0.10938,True,1.0,0.1718,True,0.18562,True,-0.01804,True
C3,624_307_1285_13,user,26,2,0.06927082504957453,0.06652990222772437,0.9604317861106955,0.8939018838829711,6,4.33,True,True,True,False,PASS,0.16991,False,1.0,0.06927,False,0.13604,False,0.13801,False
C3,625_999_1000_34,model,28,2,0.03544521661362707,0.03380288302165424,0.9536655789164673,0.9198626958948131,8,3.5,True,True,True,False,PASS,0.17601,False,1.0,0.18459,False,0.18399,False,0.06719,False
C3,625_999_1000_34,user,28,2,-0.019788028155628773,-0.02073433858631324,1.0478223713470554,1.0685567099333686,8,3.5,True,True,True,False,PASS,0.13404,False,1.0,0.18357,False,0.14882,False,0.27028,False
C3,627_1120_603_33,model,29,2,0.018621711755593278,0.017069220986088318,0.9166300719353231,0.8995608509492348,6,4.83,True,True,True,False,PASS,0.17821,False,1.0,0.16784,False,0.16784,False,0.27244,False
C3,627_1120_603_33,user,29,2,0.2930223323962903,0.27500785039448195,0.9385218121278036,0.6635139617333217,6,4.83,True,True,True,False,PASS,0.13729,True,1.0,0.15309,True,0.14086,True,0.31253,False
C3,628_217_453_33,model,25,2,0.04402293021667417,0.04473909863810466,1.0162680770658747,0.9715289784277701,8,3.12,True,True,True,False,PASS,0.18871,False,1.0,0.15507,False,0.18871,False,0.25536,False
C3,628_217_453_33,user,25,2,-0.057829477410253585,-0.057231648633804255,0.9896622137494306,1.046893862383235,8,3.12,True,True,True,False,PASS,0.18098,False,1.0,0.21552,False,0.18098,False,0.09715,False
C3,629_768_1285_59,model,24,2,0.029381912072459212,0.029652066669866528,1.0091945887231941,0.9795425220533276,7,3.43,True,True,True,False,PASS,0.19214,False,1.0,0.21065,False,0.24326,False,0.39771,False
C3,629_768_1285_59,user,24,2,0.14248007546756103,0.14981714005946212,1.0514953727236869,0.9016782326642248,8,3.0,True,True,True,False,PASS,0.17706,False,1.0,0.14248,False,0.18401,False,0.40321,False
C3,62_774_21_0,model,34,2,0.3637735673426724,0.3448628674210923,0.9480151896144604,0.6031523221933681,6,5.67,True,True,True,False,PASS,0.13097,True,1.0,0.133,True,0.15611,True,0.22379,True
C3,62_774_21_0,user,34,2,0.04052697284000062,0.03526247679129102,0.8700989568233066,0.8348364800320156,6,5.67,True,True,True,False,PASS,0.15435,False,1.0,0.094,False,0.15398,False,0.31248,False
C3,630_1284_1285_24,model,32,2,0.20651463362325645,0.18872187554086695,0.9138426281459128,0.7251207526050458,6,5.33,True,True,True,False,PASS,0.15448,True,1.0,0.14411,True,0.13728,True,0.20587,True
C3,630_1284_1285_24,user,32,2,-0.0024691580041223864,-0.002202862558106644,0.8921513141033711,0.8943541766614778,6,5.33,True,True,True,False,PASS,0.15289,False,1.0,0.07093,False,0.07093,False,0.15603,False
C3,631_85_278_5,model,27,2,0.09055947233837752,0.08465871241980782,0.9348410523360674,0.8501823399162596,7,3.86,True,True,True,False,PASS,0.17059,False,1.0,0.10161,False,0.21119,False,0.02758,True
C3,631_85_278_5,user,27,2,0.42128408552835533,0.4269954577924344,1.0135570567706496,0.5865615989782151,6,4.5,True,True,True,False,PASS,0.15807,True,1.0,0.1967,True,0.16298,True,-0.00019,True
C3,632_453_999_5,model,24,2,-0.0020147228550980775,-0.0020332474031419245,1.0091945887231946,1.0112278361263365,8,3.0,True,True,True,False,PASS,0.19313,False,1.0,0.20624,False,0.19813,False,0.18666,False
C3,632_453_999_5,user,24,2,0.1149886952663842,0.11522249573242527,1.0020332474031421,0.8868107516707169,7,3.43,True,True,True,False,PASS,0.20231,False,1.0,0.20231,False,0.18506,False,-0.02204,True
C3,633_217_1094_5,model,38,2,-0.035633212119799584,-0.03506217296320546,0.9839745248148195,1.019036697778025,8,4.75,True,True,True,False,PASS,0.08359,False,1.0,0.10638,False,0.10595,False,0.20607,False
C3,633_217_1094_5,user,38,2,-0.0032562629927575925,-0.0033210836156469803,1.01990644583486,1.0232275294505069,8,4.75,True,True,True,False,PASS,0.08741,False,1.0,0.071,False,0.08216,False,0.12375,False
C3,634_578_1000_38,model,33,2,0.2748133439041467,0.24416074930485976,0.8884603121383422,0.6442995628334824,6,5.5,True,True,True,False,PASS,0.14238,True,1.0,0.11443,True,0.13172,True,0.21848,True
C3,634_578_1000_38,user,33,2,-0.006398819524706743,-0.005691100904222535,0.8893985651960322,0.8950896661002548,6,5.5,True,True,True,False,PASS,0.15802,False,1.0,0.06317,False,0.0636,False,0.18359,False
C3,635_999_1124_38,model,27,2,-0.034820793657410413,-0.036609746646592445,1.0513759969627032,1.0879857436092957,8,3.38,True,True,True,False,PASS,0.159,False,1.0,0.15376,False,0.159,False,0.08392,False
C3,635_999_1124_38,user,27,2,0.20824305796636472,0.20060654442208703,0.9633288445778052,0.7627223001557182,7,3.86,True,True,True,False,PASS,0.17243,True,1.0,0.19484,True,0.17729,True,0.24843,False
C3,636_453_278_39,model,25,2,-0.03535938546936635,-0.036920962667761126,1.044163018606408,1.081083981274169,8,3.12,True,True,True,False,PASS,0.15792,False,1.0,0.13566,False,0.15326,False,0.08136,False
C3,636_453_278_39,user,25,2,-0.0425749186317093,-0.0441736424228556,1.0375508360914538,1.0817244785143094,8,3.12,True,True,True,False,PASS,0.18806,False,1.0,0.14459,False,0.15958,False,0.22102,False
C3,637_630_217_18,model,28,2,-0.03082738770965789,-0.0313471200352089,1.0168594345536512,1.0482065545888601,8,3.5,True,True,True,False,PASS,0.14726,False,1.0,0.13716,False,0.17726,False,0.25101,False
C3,637_630_217_18,user,28,2,0.017427963104003952,0.017676867011626074,1.014281870241333,0.9966050032297069,8,3.5,True,True,True,False,PASS,0.13413,False,1.0,0.16993,False,0.16993,False,0.0791,False
C3,638_453_379_18,model,33,2,0.014222303581385765,0.01475410507645547,1.0373920787182276,1.0226379736417721,8,4.12,True,True,True,False,PASS,0.10677,False,1.0,0.10318,False,0.09384,False,0.05967,False
C3,638_453_379_18,user,33,2,-0.02713974491141933,-0.027861817128123523,1.026605711257086,1.0544675283852096,8,4.12,True,True,True,False,PASS,0.10623,False,1.0,0.1139,False,0.114,False,0.09499,False
C3,639_316_317_29,model,25,2,0.08338578105739186,0.07375882427113734,0.8845491801578427,0.8107903558867053,7,3.57,True,True,True,False,PASS,0.2232,False,1.0,0.21156,False,0.21574,False,0.18729,False
C3,639_316_317_29,user,25,2,-0.03670053842772525,-0.027247531709354345,0.7424286639012991,0.7696761956106535,6,4.17,True,True,True,False,PASS,0.18763,False,1.0,0.10409,False,0.15557,False,0.00764,False
C3,63_774_672_0,model,31,2,-0.010671852917924614,-0.010495621587408799,0.9834863418872823,0.9939819634746911,8,3.88,True,True,True,False,PASS,0.14923,False,1.0,0.17275,False,0.13418,False,0.34806,False
C3,63_774_672_0,user,31,2,0.12442923007271448,0.12079094653317135,0.9707602181785022,0.8499692716453309,8,3.88,True,True,True,False,PASS,0.14775,False,1.0,0.1484,False,0.14404,False,0.32817,False
C3,640_1000_85_11,model,28,2,-0.0016613601338039449,-0.001420495558733026,0.8550196491597389,0.856440144718472,6,4.67,True,True,True,False,PASS,0.16941,False,1.0,0.16848,False,0.20131,False,0.10748,False
C3,640_1000_85_11,user,28,2,0.4012221363362635,0.40843023271707435,1.0179653506823705,0.6095351179652961,6,4.67,True,True,True,False,PASS,0.15223,True,1.0,0.14892,True,0.15755,True,0.13461,True
C3,641_269_545_40,model,29,2,-0.020910959896803184,-0.021780814331509912,1.0415980155382398,1.0633788298697497,6,4.83,True,True,True,False,PASS,0.15005,False,1.0,0.07029,False,0.07552,False,0.28936,False
C3,641_269_545_40,user,29,2,0.47067373871732643,0.4172310479633219,0.8864549126967529,0.46922386473343103,6,4.83,True,True,True,False,PASS,0.18474,True,1.0,0.177,True,0.17011,True,0.32149,True
C3,642_1005_22_57,model,29,2,-0.01286266254862985,-0.013481210036362823,1.048088604159087,1.0615698141954497,8,3.62,True,True,True,False,PASS,0.15012,False,1.0,0.13377,False,0.1475,False,0.09569,False
C3,642_1005_22_57,user,29,2,0.13055809918383415,0.12488353766641669,0.9565361202951698,0.8316525826287531,7,4.14,True,True,True,False,PASS,0.1367,False,1.0,0.1659,False,0.13567,False,0.12613,True
C3,643_913_970_38,model,28,2,-0.04922930975260983,-0.04993239636656699,1.014281870241333,1.0642142666079,8,3.5,True,True,True,False,PASS,0.15624,False,1.0,0.1267,False,0.13657,False,0.14212,False
C3,643_913_970_38,user,28,2,0.09983828516634186,0.10238287455000195,1.0254871102745857,0.9231042357245838,8,3.5,True,True,True,False,PASS,0.14814,False,1.0,0.11514,False,0.12321,False,0.09984,False
C3,645_875_1011_49,model,24,2,-0.02256966005479126,-0.023189603502664857,1.0274680011293298,1.0506576046319946,6,4.0,True,True,True,False,PASS,0.19143,False,1.0,0.13828,False,0.17688,False,0.21001,False
C3,645_875_1011_49,user,24,2,0.5725816864654513,0.4868068464174241,0.8501963264359439,0.3633894800185198,5,4.8,True,True,True,False,PASS,0.28449,True,1.0,0.28449,True,0.26046,True,0.4246,True
C3,646_763_913_25,model,31,2,-0.05210100938004868,-0.04593969972353973,0.8817429886709962,0.9276826883945359,8,3.88,True,True,True,False,PASS,0.12941,False,1.0,0.13856,False,0.14581,False,0.17036,False
C3,646_763_913_25,user,31,2,-0.005300332520116515,-0.0054460047805735545,1.027483607849916,1.0329296126304897,8,3.88,True,True,True,False,PASS,0.12986,False,1.0,0.09972,False,0.13407,False,0.15124,False
C3,648_1225_1226_47,model,26,2,-0.05061746377336764,-0.04785232991775923,0.9453719398508605,0.9932242697686198,8,3.25,True,True,True,False,PASS,0.19793,False,1.0,0.21741,False,0.23669,False,0.10474,False
C3,648_1225_1226_47,user,26,2,0.1198071278850358,0.11810541987740553,0.9857962707422284,0.8676908508648229,8,3.25,True,True,True,False,PASS,0.18261,False,1.0,0.18773,False,0.1752,False,0.08188,True
C3,64_191_440_5,model,33,2,0.08003159961837207,0.0809055731198729,1.0109203552805184,0.9300147821606455,8,4.12,True,True,True,False,PASS,0.1262,False,1.0,0.13521,False,0.10339,False,0.24805,False
C3,64_191_440_5,user,33,2,-0.024035402759735983,-0.022992577269515424,0.9566129388117641,0.9796055160812795,8,4.12,True,True,True,False,PASS,0.12408,False,1.0,0.13605,False,0.15212,False,0.21737,False
C3,650_647_796_42,model,25,2,-0.018490366723734088,-0.019006023099227942,1.0278878392840074,1.0468938623832353,8,3.12,True,True,True,False,PASS,0.19317,False,1.0,0.15005,False,0.16155,False,0.04426,False
C3,650_647_796_42,user,25,2,-0.039247233208997694,-0.039132063767152836,0.9970655398501198,1.0361976036172726,8,3.12,True,True,True,False,PASS,0.21746,False,1.0,0.17784,False,0.17392,False,0.00762,False
C3,651_632_727_42,model,28,2,0.3425193963426434,0.3264991087674096,0.9532280865075224,0.6267289777401128,6,4.67,True,True,True,False,PASS,0.14515,True,1.0,0.17803,True,0.14357,True,0.25303,True
C3,651_632_727_42,user,28,2,0.28679931606686915,0.28651272215923573,0.9990007162096349,0.7124879940503992,7,4.0,True,True,True,False,PASS,0.14859,True,1.0,0.20054,True,0.13412,True,0.31419,False
C3,653_23_438_43,model,26,2,-0.04353837517943521,-0.045203406605379914,1.038242847122397,1.083446253727777,8,3.25,True,True,True,False,PASS,0.15768,False,1.0,0.15602,False,0.15928,False,-0.00276,False
C3,653_23_438_43,user,26,2,0.04603089281639293,0.04413059326515367,0.9587168652404998,0.9145862719753461,8,3.25,True,True,True,False,PASS,0.18059,False,1.0,0.1895,False,0.19936,False,-0.02538,True
C3,655_543_1029_46,model,30,2,0.026616783320813228,0.02712357829785983,1.0190404291509676,0.9919168508531078,7,4.29,True,True,True,False,PASS,0.1522,False,1.0,0.09341,False,0.15874,False,0.16634,False
C3,655_543_1029_46,user,30,2,0.3400559377372723,0.3294973485171824,0.968950434183427,0.6394530856662446,7,4.29,True,True,True,False,PASS,0.14703,True,1.0,0.18717,True,0.12055,True,0.17415,True
C3,656_435_753_38,model,27,2,-0.0241023554012195,-0.025156026308981616,1.0437165119434262,1.0688725382524078,8,3.38,True,True,True,False,PASS,0.12837,False,1.0,0.17377,False,0.14672,False,0.07859,False
C3,656_435_753_38,user,27,2,0.05174833192168066,0.0498747718007555,0.9637947726747844,0.9139200008740289,8,3.38,True,True,True,False,PASS,0.17639,False,1.0,0.15917,False,0.15761,False,0.22835,False
C3,658_919_30_46,model,28,2,0.450479920367457,0.40010045030575037,0.8881648930753405,0.48806444276959016,5,5.6,True,True,True,False,PASS,0.16023,True,1.0,0.21289,True,0.13702,True,0.17393,True
C3,658_919_30_46,user,28,2,0.09306085823277827,0.09229876253645175,0.9918107815595227,0.899512019023071,6,4.67,True,True,True,False,PASS,0.1783,False,1.0,0.09306,False,0.10774,False,0.143,False
C3,659_408_686_46,model,41,2,0.8610979791520882,0.6987815338024266,0.8115006082008316,0.112719074398405,5,8.2,True,True,True,False,PASS,0.12551,True,1.0,0.10806,True,0.19799,True,0.14709,True
C3,659_408_686_46,user,41,2,0.0386063847708792,0.03415257305929731,0.8846353592025171,0.8504827861432198,5,8.2,True,True,True,False,PASS,0.12448,False,1.0,0.03861,False,0.10008,False,0.15427,False
C3,661_763_924_35,model,24,2,-0.006451673596250219,-0.006783904932780693,1.0514953727236869,1.0582792776564676,8,3.0,True,True,True,False,PASS,0.17834,False,1.0,0.21451,False,0.19885,False,0.2043,False
C3,661_763_924_35,user,24,2,0.12793918716379027,0.1298002284880595,1.0145462962953382,0.8847460678072787,8,3.0,True,True,True,False,PASS,0.18524,False,1.0,0.12794,False,0.15068,False,0.13893,False
C3,662_1274_1370_17,model,25,2,0.043389006641348364,0.03692907431326198,0.8511159201803373,0.8141868458670753,7,3.57,True,True,True,False,PASS,0.22966,False,1.0,0.25011,False,0.20994,False,0.25546,False
C3,662_1274_1370_17,user,25,2,0.07702734297043044,0.0736552669560413,0.9562223506049841,0.8825670836489428,7,3.57,True,True,True,False,PASS,0.18403,False,1.0,0.2291,False,0.18669,False,0.28227,False
C3,663_919_763_19,model,27,2,0.1784273645438069,0.1862275865569203,1.0437165119434262,0.8574889253865059,6,4.5,True,True,True,False,PASS,0.19166,False,1.0,0.17843,False,0.16976,True,0.19618,False
C3,663_919_763_19,user,27,2,0.15065793352980658,0.10779892154094506,0.7155210417088179,0.6077221201678729,5,5.4,True,True,True,False,PASS,0.10909,True,1.0,0.15066,False,0.10909,True,0.39667,False
C3,664_924_686_17,model,31,2,0.3290095282376248,0.3107767129444994,0.9445827134831277,0.6338060005386283,7,4.43,True,True,True,False,PASS,0.14693,True,1.0,0.12609,True,0.17795,True,0.26374,True
C3,664_924_686_17,user,31,2,0.1731055810960544,0.15675391870852107,0.905539369187294,0.748785450478773,7,4.43,True,True,True,False,PASS,0.17717,False,1.0,0.10158,True,0.25071,False,0.28933,False
C3,665_1297_100_17,model,31,2,0.03409600694605802,0.034401658955477865,1.0089644517583365,0.9745627928028586,8,3.88,True,True,True,False,PASS,0.13215,False,1.0,0.15352,False,0.11661,False,0.14084,False
C3,665_1297_100_17,user,31,2,0.05685704266779745,0.05659743605360057,0.9954340464783984,0.9388366104247978,8,3.88,True,True,True,False,PASS,0.13489,False,1.0,0.10443,False,0.12049,False,0.11558,False
C3,666_763_764_37,model,25,2,0.3090965603983279,0.2928082251754549,0.9473034083527734,0.6544951831773185,6,4.17,True,True,True,False,PASS,0.20644,True,1.0,0.10809,True,0.20371,True,0.48698,False
C3,666_763_764_37,user,25,2,0.07253194179424174,0.07231909970145312,0.9970655398501198,0.9247464401486667,6,4.17,True,True,True,False,PASS,0.18787,False,1.0,0.07253,False,0.12091,False,0.31463,False
C3,667_342_263_10,model,26,2,0.036852465206629194,0.038736054017184385,1.051111609494617,1.0123755554774325,7,3.71,True,True,True,False,PASS,0.16448,False,1.0,0.13374,False,0.1,False,0.15999,False
C3,667_342_263_10,user,26,2,0.3286024270325972,0.24491272828857602,0.7453162488793207,0.5004035205907447,6,4.33,True,True,True,False,PASS,0.11138,True,1.0,0.12651,True,0.12651,True,0.06957,True
C3,668_764_644_37,model,28,2,0.1569177784234529,0.1644219586941742,1.0478223713470554,0.8834004126528812,7,4.0,True,True,True,False,PASS,0.15273,True,1.0,0.13173,True,0.12798,True,0.11108,True
C3,668_764_644_37,user,28,2,0.08712877979257169,0.08704171341525069,0.9990007162096349,0.9119590027943842,7,4.0,True,True,True,False,PASS,0.16298,False,1.0,0.17383,False,0.16678,False,0.16298,False
C3,670_924_764_21,model,29,2,0.0,0.0,0.9414076038496255,0.9414076038496255,4,7.25,True,True,True,False,PASS,0.16713,False,1.0,0.0,False,0.17926,False,0.25622,False
C3,670_924_764_21,user,29,2,1.0,0.9414076038496255,0.9414076038496255,0.0,4,7.25,True,True,True,True,PASS,0.17777,True,1.0,0.14349,True,0.18969,True,0.30702,True
C3,672_640_641_31,model,33,2,0.14646931398633098,0.14305027452561092,0.9766569572310612,0.8336066827054502,7,4.71,True,True,True,False,PASS,0.13014,True,1.0,0.12022,True,0.14018,True,0.10322,True
C3,672_640_641_31,user,33,2,0.16708532006874258,0.1391916785830386,0.8330574973658492,0.6938658187828106,7,4.71,True,True,True,False,PASS,0.17299,False,1.0,0.17244,False,0.14532,True,0.4333,False
C3,675_492_781_53,model,43,2,0.19143179432091798,0.18429282344564824,0.9627074964187929,0.7784146729731447,7,6.14,True,True,True,False,PASS,0.09712,True,1.0,0.09712,True,0.08815,True,0.16168,True
C3,675_492_781_53,user,43,2,0.024236645548433845,0.02341662366893915,0.9661660324298599,0.9427494087609207,7,6.14,True,True,True,False,PASS,0.09506,False,1.0,0.0799,False,0.08418,False,0.13429,False
C3,676_6_334_42,model,30,2,0.25728204366354407,0.23658926443326478,0.9195716151207975,0.6829823506875328,7,4.29,True,True,True,False,PASS,0.15067,True,1.0,0.15056,True,0.16686,True,0.31897,False
C3,676_6_334_42,user,30,2,0.043227534447537845,0.044026577968324654,1.0184845962416975,0.9744580182733729,8,3.75,True,True,True,False,PASS,0.14276,False,1.0,0.14644,False,0.14151,False,0.11881,False
C3,678_781_153_27,model,27,2,0.4128694223327972,0.27669869516021206,0.6701845188650869,0.39348582370487484,6,4.5,True,True,True,False,PASS,0.16784,True,0.852,0.1122,True,0.13904,True,0.16784,True
C3,678_781_153_27,user,27,2,0.23467419400490627,0.2274888046347988,0.9693814251687288,0.74189262053393,6,4.5,True,True,True,False,PASS,0.15758,True,1.0,0.23467,False,0.18936,True,0.05417,True
C3,679_451_6_34,model,27,2,0.36694179153574596,0.37256985679423904,1.0153377603432363,0.6427679035489973,6,4.5,True,True,True,False,PASS,0.17531,True,1.0,0.18048,True,0.17531,True,0.20787,True
C3,679_451_6_34,user,27,2,0.013574282448734112,0.013612263531016078,1.002798017679786,0.9891857541487699,6,4.5,True,True,True,False,PASS,0.15571,False,1.0,0.08006,False,0.17227,False,0.21846,False
C3,67_439_440_57,model,25,2,0.20996250825633272,0.20743448658985508,0.9879596519994355,0.7805251654095804,7,3.57,True,True,True,False,PASS,0.18629,True,1.0,0.19603,True,0.19603,True,0.45768,False
C3,67_439_440_57,user,25,2,0.1377855267675877,0.1253874936753533,0.9100193366960302,0.7846318430206769,7,3.57,True,True,True,False,PASS,0.24907,False,1.0,0.14585,False,0.21965,False,0.0903,True
C3,681_644_781_59,model,28,2,-0.043951910003841736,-0.0458918985646124,1.0441388909060174,1.0900307894706298,8,3.5,True,True,True,False,PASS,0.14424,False,1.0,0.16244,False,0.15814,False,0.21408,False
C3,681_644_781_59,user,28,2,-0.040210968434022644,-0.0397536060045679,0.9886259285148734,1.0283795345194413,8,3.5,True,True,True,False,PASS,0.15209,False,1.0,0.19722,False,0.12578,False,0.20182,False
C3,682_848_6_16,model,34,2,0.537551519525471,0.519554720423903,0.9665207920583039,0.44696607163440083,6,5.67,True,True,True,False,PASS,0.12672,True,1.0,0.08254,True,0.14261,True,0.18647,True
C3,682_848_6_16,user,34,2,0.03029121434883005,0.03089249569921626,1.0198500246131412,0.988957528913925,7,4.86,True,True,True,False,PASS,0.10987,False,1.0,0.12887,False,0.1313,False,0.04806,False
C3,683_384_267_16,model,28,2,0.131285404588589,0.12520237137025936,0.9536655789164673,0.828463207546208,5,5.6,True,True,True,False,PASS,0.1784,False,1.0,0.13129,False,0.18322,False,0.24805,False
C3,683_384_267_16,user,28,2,0.6138693727063416,0.5474030477877638,0.8917256213230671,0.34432257353530327,5,5.6,True,True,True,False,PASS,0.18626,True,1.0,0.17186,True,0.14616,True,0.30985,True
C3,684_451_385_51,model,28,2,0.09538681552612506,0.08337002434375085,0.8740204176426983,0.7906503932989475,7,4.0,True,True,True,False,PASS,0.14709,False,1.0,0.17568,False,0.13097,False,0.10703,False
C3,684_451_385_51,user,28,2,-0.030580173505720305,-0.032042589918968245,1.0478223713470554,1.0798649612660236,8,3.5,True,True,True,False,PASS,0.16736,False,1.0,0.11818,False,0.14079,False,0.11954,False
C3,687_911_6_51,model,28,2,-0.03610504272325218,-0.03773220102836827,1.04506734191089,1.0827995429392583,8,3.5,True,True,True,False,PASS,0.1294,False,1.0,0.15613,False,0.15238,False,0.10558,False
C3,687_911_6_51,user,28,2,0.12554945010168383,0.12780499000073942,1.017965350682371,0.8901603606816315,8,3.5,True,True,True,False,PASS,0.14613,False,1.0,0.16776,False,0.20226,False,0.08537,True
C3,688_385_540_49,model,30,2,0.05656530781147476,0.05208532182571246,0.9207997594445425,0.86871443761883,7,4.29,True,True,True,False,PASS,0.16939,False,1.0,0.15753,False,0.17502,False,0.15753,False
C3,688_385_540_49,user,30,2,-0.05053318323996003,-0.041557322298134025,0.8223768944219572,0.8639342167200912,8,3.75,True,True,True,False,PASS,0.19829,False,1.0,0.22763,False,0.22107,False,0.15487,False
C3,689_6_7_48,model,24,2,0.32380513847209624,0.33558494313107623,1.0363793011888696,0.7007943580577933,7,3.43,True,True,True,False,PASS,0.1721,True,1.0,0.17195,True,0.17195,True,0.18466,True
C3,689_6_7_48,user,24,2,0.14521702882787577,0.1526950338531936,1.0514953727236869,0.8988003388704933,7,3.43,True,True,True,False,PASS,0.16258,False,1.0,0.14522,False,0.2043,False,0.28125,False
C3,68_1257_1258_30,model,40,2,0.15789764498995937,0.14838634464488654,0.9397628739448416,0.7913765292999551,7,5.71,True,True,True,False,PASS,0.11293,True,1.0,0.08285,True,0.07442,True,0.14393,True
C3,68_1257_1258_30,user,40,2,0.03839771827077082,0.03971317510221439,1.034258723973318,0.9945455488711037,8,5.0,True,True,True,False,PASS,0.08417,False,1.0,0.08713,False,0.07747,False,0.08168,False
C3,690_152_287_3,model,34,2,0.021896755415965835,0.02080747669967753,0.9502538757183145,0.929446399018637,8,4.25,True,True,True,False,PASS,0.13526,False,1.0,0.14425,False,0.11875,False,0.1747,False
C3,690_152_287_3,user,34,2,0.2769589501088412,0.21444801582864592,0.7742953089054196,0.5598472930767737,7,4.86,True,True,True,False,PASS,0.17133,True,1.0,0.15144,True,0.17228,True,0.19534,True
C3,693_6_380_29,model,26,2,0.5286675222936558,0.5141563674711788,0.9725514539657752,0.4583950864945965,6,4.33,True,True,True,False,PASS,0.16518,True,1.0,0.21607,True,0.20039,True,0.09133,True
C3,693_6_380_29,user,26,2,0.09627427859502106,0.09995608111314946,1.0382428471223966,0.9382867660092471,7,3.71,True,True,True,False,PASS,0.16618,False,1.0,0.18418,False,0.15928,False,0.0222,True
C3,694_325_524_14,model,27,2,-0.04908221802445883,-0.05122792139493493,1.0437165119434262,1.0949444333383611,8,3.38,True,True,True,False,PASS,0.1708,False,1.0,0.1417,False,0.1417,False,0.09925,False
C3,694_325_524_14,user,27,2,0.351182775633601,0.35961079043644895,1.0239989412568489,0.6643881508203999,7,3.86,True,True,True,False,PASS,0.15483,True,1.0,0.12644,True,0.17643,True,0.17506,True
C3,695_573_574_16,model,28,2,-0.019052412858486894,-0.019256799562850535,1.0107276021090734,1.029984401671924,6,4.67,True,True,True,False,PASS,0.15213,False,1.0,0.10526,False,0.13876,False,0.09863,False
C3,695_573_574_16,user,28,2,0.5018154688720114,0.5188666358063547,1.0339789583861796,0.5151123225798249,6,4.67,True,True,True,False,PASS,0.13784,True,1.0,0.10538,True,0.15251,True,0.19433,True
C3,696_221_748_0,model,30,2,0.02223657277622759,0.019337778977893016,0.8696384632872212,0.8503006843093281,6,5.0,True,True,True,False,PASS,0.15739,False,1.0,0.06188,False,0.14862,False,0.23064,False
C3,696_221_748_0,user,30,2,0.18756602837494563,0.17432025311087784,0.9293807339269913,0.7550604808161134,6,5.0,True,True,True,False,PASS,0.17854,True,1.0,0.13955,True,0.20178,False,0.17854,True
C3,697_510_433_56,model,36,2,0.10948517813507556,0.09642539318886645,0.8807164114023104,0.7842910182134439,8,4.5,True,True,True,False,PASS,0.16937,False,1.0,0.10949,False,0.1816,False,0.08155,True
C3,697_510_433_56,user,36,2,-0.013836609692264775,-0.014242911465878194,1.0293642577661606,1.0436071692320388,8,4.5,True,True,True,False,PASS,0.11616,False,1.0,0.10096,False,0.11005,False,0.10798,False
C3,698_523_1198_56,model,29,2,0.21061887127427928,0.19757284064645853,0.938058586351308,0.7404857457048495,7,4.14,True,True,True,False,PASS,0.18642,True,1.0,0.16089,True,0.1894,True,0.19103,True
C3,698_523_1198_56,user,29,2,0.20257462345875804,0.19002686491237109,0.938058586351308,0.7480317214389369,7,4.14,True,True,True,False,PASS,0.15111,True,1.0,0.18317,True,0.16223,True,0.21937,False
C3,699_316_39_27,model,25,2,-0.035630421894700025,-0.03720396887978983,1.044163018606408,1.0813669874861978,8,3.12,True,True,True,False,PASS,0.19449,False,1.0,0.21613,False,0.16444,False,0.08224,False
C3,699_316_39_27,user,25,2,0.1785102651316484,0.18686612550999593,1.0468088508646,0.8599427253546041,8,3.12,True,True,True,False,PASS,0.16258,True,1.0,0.15978,True,0.16541,True,0.02505,True
C3,69_703_440_56,model,24,2,0.006941419130438624,0.006461945474282693,0.9309257016258528,0.9244637561515701,7,3.43,True,True,True,False,PASS,0.20551,False,1.0,0.16779,False,0.20551,False,0.0613,False
C3,69_703_440_56,user,24,2,0.12882815855742574,0.13052549320154827,1.0131751836176865,0.8826496904161383,7,3.43,True,True,True,False,PASS,0.20792,False,1.0,0.16159,False,0.1657,False,0.07024,True
C3,6_512_967_18,model,36,2,0.04216918453326513,0.04110153242967518,0.9746816990793897,0.9335801666497145,7,5.14,True,True,True,False,PASS,0.11911,False,1.0,0.11698,False,0.12629,False,0.15432,False
C3,6_512_967_18,user,36,2,0.10628413127271136,0.10420375893751588,0.9804263128438476,0.8762225539063317,7,5.14,True,True,True,False,PASS,0.12685,False,1.0,0.10628,False,0.12099,False,0.14813,False
C3,700_696_153_14,model,24,2,0.12466830985795187,0.12581458369391152,1.0091945887231946,0.883380005029283,5,4.8,True,True,True,False,PASS,0.17841,False,1.0,0.12467,False,0.18426,False,0.14618,False
C3,700_696_153_14,user,24,2,0.5945621057960611,0.5890947792688914,0.9908044483934115,0.4017096691245201,5,4.8,True,True,True,False,PASS,0.19679,True,1.0,0.19746,True,0.20792,True,-0.03538,True
C3,701_433_384_14,model,32,2,0.2170215048221049,0.20419184624879316,0.9408830079589193,0.7366911617101262,6,5.33,True,True,True,False,PASS,0.13763,True,1.0,0.13397,True,0.14696,True,0.08301,True
C3,701_433_384_14,user,32,2,0.3184642805331295,0.3090123682506185,0.9703203377575411,0.6613079695069226,6,5.33,True,True,True,False,PASS,0.12504,True,1.0,0.14345,True,0.14345,True,0.23603,True
C3,702_152_153_39,model,28,2,0.09915481057091971,0.09488238515390646,0.9569115669485604,0.8620291817946539,5,5.6,True,True,True,False,PASS,0.14774,False,1.0,0.11498,False,0.12475,False,0.09144,True
C3,702_152_153_39,user,28,2,0.6314645549545437,0.5899771747367616,0.9342997482720649,0.34432257353530327,5,5.6,True,True,True,False,PASS,0.1797,True,1.0,0.19654,True,0.26669,True,0.03099,True
C3,703_18_19_30,model,32,2,0.1549086333083818,0.13783955983101448,0.8898119936066613,0.7519724337756468,7,4.57,True,True,True,False,PASS,0.1663,False,1.0,0.16948,False,0.14979,True,0.31697,False
C3,703_18_19_30,user,32,2,0.2609638505797485,0.2657697177270688,1.0184158347473942,0.7526461170203254,7,4.57,True,True,True,False,PASS,0.1358,True,1.0,0.08755,True,0.10503,True,0.26096,False
C3,705_384_573_14,model,25,2,0.23718038512694242,0.24673357422672315,1.0402781583083598,0.7935445840816366,7,3.57,True,True,True,False,PASS,0.17516,True,1.0,0.20582,True,0.17139,True,0.02688,True
C3,705_384_573_14,user,25,2,0.1401392255523543,0.14368936485252304,1.0253329450492963,0.8816435801967732,7,3.57,True,True,True,False,PASS,0.19108,False,1.0,0.20653,False,0.19525,False,0.03635,True
C3,706_279_311_14,model,39,2,0.317794623047723,0.30589716292069624,0.9625624247102503,0.6566652617895541,7,5.57,True,True,True,False,PASS,0.09929,True,1.0,0.08327,True,0.10556,True,0.10778,True
C3,706_279_311_14,user,39,2,0.00785260117984541,0.007808491930822337,0.9943828486876063,0.986574356756784,7,5.57,True,True,True,False,PASS,0.10436,False,1.0,0.05764,False,0.0969,False,0.1645,False
C3,707_962_225_31,model,29,2,-0.031544092734404165,-0.02328948050063495,0.7383151164539228,0.7616045969545577,5,5.8,True,True,True,False,PASS,0.09498,False,1.0,0.10961,False,0.09194,False,0.51162,False
C3,707_962_225_31,user,29,2,0.26557086327984036,0.25867822244852423,0.9740459448518148,0.7153677224032906,6,4.83,True,True,True,False,PASS,0.15789,True,1.0,0.14016,True,0.16548,True,0.24652,True
C3,708_979_384_37,model,25,2,0.6977074007032628,0.6657877204945217,0.9542506211392237,0.2884629006447019,5,5.0,True,True,True,False,PASS,0.19525,True,1.0,0.16841,True,0.15957,True,0.31588,True
C3,708_979_384_37,user,25,2,0.09091906650987797,0.09458111906401112,1.0402781583083598,0.9456970392443487,5,5.0,True,True,True,False,PASS,0.16117,False,1.0,0.09092,False,0.18184,False,0.14688,False
C3,709_748_7_14,model,32,2,0.6667222021004199,0.5659123847814377,0.8487978696353681,0.2828854848539304,6,5.33,True,True,True,False,PASS,0.18584,True,1.0,0.16852,True,0.23302,True,0.14421,True
C3,709_748_7_14,user,32,2,0.12787055223759985,0.11253882435263807,0.8800996193676126,0.7675607950149745,6,5.33,True,True,True,False,PASS,0.17562,False,1.0,0.14092,False,0.12787,False,0.14933,False
C3,70_322_323_56,model,40,2,-0.014764351630387522,-0.015102141282648196,1.0228787325523625,1.0379808738350107,8,5.0,True,True,True,False,PASS,0.09793,False,1.0,0.09328,False,0.08513,False,0.08145,False
C3,70_322_323_56,user,40,2,0.22184159049625019,0.2005363818360517,0.9039620631436169,0.7034256813075652,7,5.71,True,True,True,False,PASS,0.09409,True,1.0,0.0792,True,0.09063,True,0.13098,True
C3,710_574_1124_14,model,25,2,0.012275575950915302,0.012279976407504334,1.0003584725153938,0.9880784961078894,7,3.57,True,True,True,False,PASS,0.17092,False,1.0,0.16688,False,0.17256,False,0.21118,False
C3,710_574_1124_14,user,25,2,0.2900191374597857,0.2900366842696491,1.00006050224829,0.7100238179786409,7,3.57,True,True,True,False,PASS,0.17572,True,1.0,0.15466,True,0.16729,True,0.37666,False
C3,711_523_152_6,model,29,2,0.809334500864689,0.7920631902330286,0.9786598611412118,0.18659667090818322,5,5.8,True,True,True,False,PASS,0.15801,True,1.0,0.14598,True,0.36162,True,0.15476,True
C3,711_523_152_6,user,29,2,0.06193035664124833,0.05830170865119033,0.9414076038496255,0.8831058951984352,5,5.8,True,True,True,False,PASS,0.17148,False,1.0,0.06193,False,0.14879,False,0.41486,False
C3,712_1541_1542_39,model,28,2,-0.045910928556728806,-0.046684960852028334,1.0168594345536512,1.0635443954056796,8,3.5,True,True,True,False,PASS,0.13821,False,1.0,0.16217,False,0.16224,False,0.10875,False
C3,712_1541_1542_39,user,28,2,0.11332213434582843,0.11535800622942594,1.0179653506823705,0.9026073444529445,8,3.5,True,True,True,False,PASS,0.14995,False,1.0,0.15573,False,0.14522,False,0.16095,False
C3,713_225_287_49,model,27,2,-0.000314276499722392,-0.0003028980476069698,0.9637947726747846,0.9640976707223916,8,3.38,True,True,True,False,PASS,0.18013,False,1.0,0.17344,False,0.17344,False,0.17506,False
C3,713_225_287_49,user,27,2,0.012748557927936426,0.01330588041285452,1.0437165119434262,1.0304106315305717,8,3.38,True,True,True,False,PASS,0.13543,False,1.0,0.16763,False,0.12575,False,0.01332,False
C3,714_504_824_47,model,25,2,0.32284207577836643,0.27477603039903453,0.8511159201803373,0.5763398897813028,6,4.17,True,True,True,False,PASS,0.21545,True,1.0,0.22707,True,0.21545,True,0.13643,True
C3,714_504_824_47,user,25,2,0.014385603668320656,0.01399462344540836,0.9728214239786618,0.9588268005332534,7,3.57,True,True,True,False,PASS,0.20539,False,1.0,0.16143,False,0.20032,False,0.01192,True
C3,716_574_279_34,model,35,2,-0.030889225969261132,-0.028785756690922426,0.9319028168452024,0.9606885735361248,8,4.38,True,True,True,False,PASS,0.1236,False,1.0,0.10571,False,0.13146,False,0.04496,False
C3,716_574_279_34,user,35,2,0.0025207264208256188,0.002610003881979628,1.0354173544643404,1.0328073505823607,8,4.38,True,True,True,False,PASS,0.11282,False,1.0,0.10667,False,0.10594,False,0.03294,False
C3,717_19_523_34,model,26,2,0.3256913483678185,0.32185106936141206,0.9882088393638586,0.6663577700024466,7,3.71,True,True,True,False,PASS,0.16418,True,1.0,0.1739,True,0.13777,True,0.19175,True
C3,717_19_523_34,user,26,2,0.08044435907102859,0.0814451501560931,1.0124407863599343,0.9309956362038412,7,3.71,True,True,True,False,PASS,0.1673,False,1.0,0.13379,False,0.14257,False,0.19207,False
C3,718_278_279_58,model,27,2,0.38476552252739743,0.3957142945704284,1.0284556993857248,0.6327414048152964,6,4.5,True,True,True,False,PASS,0.17489,True,1.0,0.14062,True,0.22427,True,0.02893,True
C3,718_278_279_58,user,27,2,0.09677229961369385,0.09322354757399687,0.963328844577805,0.8701052970038081,7,3.86,True,True,True,False,PASS,0.17098,False,1.0,0.18889,False,0.17489,False,0.04194,True
C3,719_503_504_9,model,24,2,0.09411296737742564,0.0931409002975856,0.9896712737157494,0.8965303734181638,6,4.0,True,True,True,False,PASS,0.19234,False,1.0,0.09411,False,0.21663,False,0.03458,True
C3,719_503_504_9,user,24,2,0.4918760080631785,0.4754180379142192,0.9665404088039087,0.49112237088968946,6,4.0,True,True,True,False,PASS,0.17686,True,1.0,0.18379,True,0.18983,True,0.03312,True
C3,71_597_598_56,model,32,2,0.043004705269297776,0.041492155717778534,0.9648282776954853,0.9233361219777068,7,4.57,True,True,True,False,PASS,0.12685,False,1.0,0.11828,False,0.12702,False,0.12441,False
C3,71_597_598_56,user,32,2,0.058649623233105456,0.05821930720550528,0.9926629361984156,0.9344436289929103,8,4.0,True,True,True,False,PASS,0.14109,False,1.0,0.15175,False,0.18717,False,0.15605,False
C3,720_426_427_9,model,29,2,0.18847626052595867,0.1897227338325096,1.006613423372644,0.8168906895401344,7,4.14,True,True,True,False,PASS,0.15095,True,1.0,0.18848,False,0.18431,True,0.03958,True
C3,720_426_427_9,user,29,2,-0.005882919086127391,-0.0061179647096816225,1.0399539106544056,1.0460718753640872,8,3.62,True,True,True,False,PASS,0.15125,False,1.0,0.16553,False,0.11889,False,0.12444,False
C3,721_748_287_34,model,33,2,-0.028523639270296837,-0.025042729870791813,0.8779640505715596,0.9030067804423514,8,4.12,True,True,True,False,PASS,0.14771,False,1.0,0.1497,False,0.12478,False,0.1457,False
C3,721_748_287_34,user,33,2,0.4088235075827054,0.40309782851281906,0.9859947410956351,0.5828969125828161,7,4.71,True,True,True,False,PASS,0.1223,True,1.0,0.14464,True,0.13166,True,0.19344,True
C3,722_574_415_34,model,29,2,0.0020325953466300444,0.0020472941614448903,1.0072315499684754,1.0051842558070305,6,4.83,True,True,True,False,PASS,0.16181,False,1.0,0.08783,False,0.11309,False,0.0757,False
C3,722_574_415_34,user,29,2,0.3332357403520078,0.2822385542532311,0.8469636358785924,0.5647250816253613,6,4.83,True,True,True,False,PASS,0.18528,True,1.0,0.15691,True,0.2076,True,0.08389,True
C3,723_279_748_9,model,26,2,0.2470348611467049,0.24217789644685594,0.9803389502303297,0.7381610537834737,7,3.71,True,True,True,False,PASS,0.176,True,1.0,0.18257,True,0.24703,False,0.15403,True
C3,723_279_748_9,user,26,2,0.28090235530886454,0.2886124668693315,1.0274476572187847,0.7388351903494532,6,4.33,True,True,True,False,PASS,0.16854,True,1.0,0.1756,True,0.17575,True,0.10859,True
C3,724_287_573_31,model,30,2,0.014017466687965194,0.009624091021161796,0.686578483501918,0.6769543924807562,5,6.0,True,True,True,False,PASS,0.16248,False,1.0,0.22358,False,0.1919,False,0.16248,False
C3,724_287_573_31,user,30,2,0.11093414657046091,0.09738680554849721,0.8778794317098841,0.7804926261613869,6,5.0,True,True,True,False,PASS,0.15442,False,1.0,0.15442,False,0.13899,False,0.17472,False
C3,727_415_380_34,model,26,2,0.07635119132025549,0.07998048337096386,1.04753419020648,0.9675537068355162,7,3.71,True,True,True,False,PASS,0.18907,False,1.0,0.18907,False,0.20414,False,0.07635,False
C3,727_415_380_34,user,26,2,0.02969154727381098,0.021522808171562047,0.7248799792439898,0.7033571710724278,6,4.33,True,True,True,False,PASS,0.13635,False,1.0,0.07175,False,0.13635,False,0.09444,False
C3,728_504_573_34,model,27,2,-0.029629476983496005,-0.029867755648057104,1.0080419463594927,1.0379097020075498,8,3.38,True,True,True,False,PASS,0.16129,False,1.0,0.12621,False,0.16129,False,0.07595,False
C3,728_504_573_34,user,27,2,-0.04266425213445945,-0.04485617062253544,1.0513759969627032,1.0962321675852387,8,3.38,True,True,True,False,PASS,0.14691,False,1.0,0.15276,False,0.14673,False,0.0795,False
C3,729_86_748_31,model,30,2,0.3305661741101267,0.29741484930676854,0.899713499445004,0.6022986501382355,6,5.0,True,True,True,False,PASS,0.17857,True,1.0,0.17011,True,0.16069,True,0.20333,True
C3,729_86_748_31,user,30,2,0.14491326371326518,0.14004210126440308,0.9663856687507881,0.826343567486385,7,4.29,True,True,True,False,PASS,0.14637,False,1.0,0.17015,False,0.15016,False,0.05594,True
C3,72_54_672_0,model,35,2,0.05893938830170957,0.05530695470382896,0.9383700153234327,0.8830630606196037,7,5.0,True,True,True,False,PASS,0.1238,False,1.0,0.14361,False,0.13263,False,0.16031,False
C3,72_54_672_0,user,35,2,0.19880725080552578,0.19253039603653144,0.9684274354000579,0.7758970393635265,7,5.0,True,True,True,False,PASS,0.12342,True,1.0,0.13199,True,0.12723,True,0.19881,False
C3,730_504_623_17,model,31,2,0.024137465763319245,0.024364972021074793,1.0094254409301444,0.9850604689090696,8,3.88,True,True,True,False,PASS,0.12923,False,1.0,0.14906,False,0.135,False,0.1795,False
C3,730_504_623_17,user,31,2,0.008284440375822008,0.00836252487922362,1.0094254409301444,1.0010629160509208,8,3.88,True,True,True,False,PASS,0.14111,False,1.0,0.13236,False,0.13236,False,0.0722,False
C3,735_225_458_34,model,28,2,0.08374438202552513,0.07986413456537422,0.9536655789164673,0.8738014443510931,7,4.0,True,True,True,False,PASS,0.1684,False,1.0,0.16325,False,0.17159,False,0.12036,False
C3,735_225_458_34,user,28,2,0.05259819372452434,0.05491981965918469,1.0441388909060174,0.9892190712468327,8,3.5,True,True,True,False,PASS,0.14424,False,1.0,0.14683,False,0.14683,False,0.06363,False
C3,737_1347_1502_32,model,25,2,-0.034696456729900606,-0.035260901361895414,1.0162680770658747,1.0515289784277702,8,3.12,True,True,True,False,PASS,0.16222,False,1.0,0.15639,False,0.15734,False,0.24329,False
C3,737_1347_1502_32,user,25,2,0.054720017898580504,0.0577562170098056,1.05548607671972,0.9977298597099145,8,3.12,True,True,True,False,PASS,0.15944,False,1.0,0.14054,False,0.16701,False,0.22012,False
C3,738_713_573_17,model,24,2,-0.0375140027660333,-0.03939145374646591,1.0500466716959496,1.0894381254424155,8,3.0,True,True,True,False,PASS,0.14845,False,1.0,0.12913,False,0.19029,False,0.14484,False
C3,738_713_573_17,user,24,2,-0.03835216664652431,-0.0396136577271351,1.0328923028583343,1.0725059605854694,8,3.0,True,True,True,False,PASS,0.17464,False,1.0,0.23279,False,0.20695,False,0.13403,False
C3,73_299_1249_20,model,38,2,-0.004337867659108511,-0.004375730127075705,1.0087283594020422,1.013104089529118,8,4.75,True,True,True,False,PASS,0.10679,False,1.0,0.1183,False,0.10993,False,0.14604,False
C3,73_299_1249_20,user,38,2,0.06853720801693866,0.05886707264063129,0.8589067798922092,0.8000397072515779,7,5.43,True,True,True,False,PASS,0.12438,False,1.0,0.13208,False,0.11449,False,0.1634,False
C3,740_393_916_8,model,30,2,0.18775973512978514,0.18144831719786825,0.9663856687507881,0.7849373515529199,7,4.29,True,True,True,False,PASS,0.15853,True,1.0,0.17061,True,0.11971,True,0.18164,True
C3,740_393_916_8,user,30,2,-0.004224873108958254,-0.004221581883800285,0.9992209884005769,1.0034425702843772,7,4.29,True,True,True,False,PASS,0.13886,False,1.0,0.11425,False,0.15737,False,0.18174,False
C3,741_164_336_8,model,28,2,0.09693282060893638,0.09505478527204103,0.9806253926678555,0.8855706073958145,7,4.0,True,True,True,False,PASS,0.17904,False,1.0,0.17125,False,0.17125,False,0.05479,True
C3,741_164_336_8,user,28,2,0.2920202705219675,0.2917284593991768,0.9990007162096347,0.7072722568104579,7,4.0,True,True,True,False,PASS,0.16767,True,1.0,0.19658,True,0.18839,True,0.02639,True
C3,742_713_393_33,model,29,2,0.08373738091888996,0.08409677486424783,1.0042919176765988,0.9201951428123509,8,3.62,True,True,True,False,PASS,0.13726,False,1.0,0.14898,False,0.16387,False,0.26268,False
C3,742_713_393_33,user,29,2,-0.021578217253197727,-0.021734261209494843,1.0072315499684754,1.0289658111779703,8,3.62,True,True,True,False,PASS,0.1659,False,1.0,0.15596,False,0.14467,False,0.23414,False
C3,743_158_159_48,model,32,2,-0.024739298031247588,-0.022496103296213987,0.909326661888293,0.931822765184507,6,5.33,True,True,True,False,PASS,0.13081,False,1.0,0.06372,False,0.12313,False,0.21207,False
C3,743_158_159_48,user,32,2,0.35900476020643063,0.35520424474300394,0.9894137463212427,0.6342095015782387,6,5.33,True,True,True,False,PASS,0.14134,True,1.0,0.13205,True,0.13431,True,0.20355,True
C3,744_457_458_53,model,40,2,-0.0024983634467801545,-0.002512886404379522,1.0058129883456646,1.008325874750044,8,5.0,True,True,True,False,PASS,0.09035,False,1.0,0.08434,False,0.08196,False,0.03631,False
C3,744_457_458_53,user,40,2,-0.007296073648343619,-0.007347277277804931,1.007017970476893,1.0143652477546978,8,5.0,True,True,True,False,PASS,0.0855,False,1.0,0.0855,False,0.0863,False,0.05581,False
C3,746_916_1001_56,model,26,2,0.3267241408340614,0.31146848914823455,0.953307240637676,0.6418387514894415,6,4.33,True,True,True,False,PASS,0.18028,True,1.0,0.17644,True,0.16512,True,0.16453,True
C3,746_916_1001_56,user,26,2,0.10819016407735768,0.10925377339621534,1.0098309243536885,0.9005771509574731,7,3.71,True,True,True,False,PASS,0.1707,False,1.0,0.19604,False,0.18459,False,0.15538,False
C3,748_157_426_7,model,25,2,0.26952488593070467,0.25805223446393577,0.9574337952981509,0.6993815608342151,6,4.17,True,True,True,False,PASS,0.18912,True,1.0,0.1731,True,0.17806,True,0.22319,True
C3,748_157_426_7,user,25,2,0.0792368192327844,0.08360126997551687,1.0550810946854194,0.9714798247099026,7,3.57,True,True,True,False,PASS,0.17831,False,1.0,0.12644,False,0.17786,False,0.23933,False
C3,749_239_997_58,model,26,2,0.05518767479395244,0.0557941556523458,1.0109894258212129,0.9551952701688671,7,3.71,True,True,True,False,PASS,0.16863,False,1.0,0.16119,False,0.1815,False,0.39006,False
C3,749_239_997_58,user,26,2,0.3462766378578804,0.35008201928323857,1.0109894258212129,0.6609074065379743,7,3.71,True,True,True,False,PASS,0.17507,True,1.0,0.17644,True,0.17905,True,0.36102,False
C3,74_831_54_18,model,31,2,0.2742153722105669,0.256171117790961,0.9341967801653733,0.6780256623744123,7,4.43,True,True,True,False,PASS,0.16019,True,1.0,0.17084,True,0.16016,True,0.16016,True
C3,74_831_54_18,user,31,2,0.03378025327026383,0.03510287010921287,1.0391535501041764,1.0040506799949636,7,4.43,True,True,True,False,PASS,0.14022,False,1.0,0.1131,False,0.11952,False,0.05118,False
C3,750_224_225_24,model,29,2,-0.011396246622628992,-0.01146342843139303,1.005895082037856,1.017358510469249,8,3.62,True,True,True,False,PASS,0.15841,False,1.0,0.1686,False,0.15383,False,0.06784,False
C3,750_224_225_24,user,29,2,0.10961020500287594,0.10856612485776451,0.990474608225721,0.8819084833679565,8,3.62,True,True,True,False,PASS,0.15314,False,1.0,0.15296,False,0.14234,False,0.05535,True
C3,751_1347_916_47,model,27,2,0.1267300447043838,0.13032250839479365,1.0283473717601048,0.8980248633653112,7,3.86,True,True,True,False,PASS,0.15551,False,1.0,0.17668,False,0.15694,False,0.14985,False
C3,751_1347_916_47,user,27,2,0.3659979980662494,0.34845276970226957,0.9520619553749473,0.6036091856726777,6,4.5,True,True,True,False,PASS,0.18632,True,1.0,0.18233,True,0.18632,True,0.05351,True
C3,752_1097_623_7,model,27,2,0.02945431878386062,0.027108730230130607,0.9203652078684207,0.8932564776382901,6,4.5,True,True,True,False,PASS,0.1779,False,1.0,0.05581,False,0.1779,False,0.27602,False
C3,752_1097_623_7,user,27,2,0.1883212287439423,0.17133642888981548,0.9098094252707919,0.7384729963809764,6,4.5,True,True,True,False,PASS,0.20775,False,1.0,0.18832,False,0.1819,True,0.28345,False
C3,753_1318_555_30,model,35,2,0.011681960496751766,0.010851423992010334,0.9289043559963786,0.9180529320043682,6,5.83,True,True,True,False,PASS,0.13698,False,1.0,0.12425,False,0.1233,False,0.17905,False
C3,753_1318_555_30,user,35,2,0.30297306300046095,0.23626414536328877,0.7798189813426724,0.5435548359793836,6,5.83,True,True,True,False,PASS,0.17039,True,1.0,0.17561,True,0.15531,True,0.245,True
C3,754_393_721_58,model,25,2,0.022721026923165907,0.02152370624559019,0.9473034083527734,0.9257797021071832,7,3.57,True,True,True,False,PASS,0.22403,False,1.0,0.21537,False,0.18955,False,0.11248,False
C3,754_393_721_58,user,25,2,0.49043978675656363,0.49046945946631326,1.00006050224829,0.5095910427819768,6,4.17,True,True,True,False,PASS,0.17376,True,1.0,0.16063,True,0.17366,True,-0.00491,True
C3,756_555_639_37,model,34,2,0.10821369960030763,0.09131507525853455,0.8438402493936632,0.7525251741351286,7,4.86,True,True,True,False,PASS,0.14507,False,1.0,0.1814,False,0.20443,False,0.26457,False
C3,756_555_639_37,user,34,2,0.033472597970452066,0.03173536907884311,0.9480999684236493,0.9163645993448062,7,4.86,True,True,True,False,PASS,0.13482,False,1.0,0.10943,False,0.15111,False,0.24398,False
C3,757_762_183_37,model,31,2,0.3799517901246301,0.3064209754616315,0.8064733037870954,0.5000523283254639,7,4.43,True,True,True,False,PASS,0.2002,True,1.0,0.22039,True,0.22244,True,0.72948,False
C3,757_762_183_37,user,31,2,0.18572465915556066,0.17350337858043618,0.9341967801653733,0.7606934015849371,6,5.17,True,True,True,False,PASS,0.16177,True,1.0,0.18572,False,0.1713,True,0.56226,False
C3,759_411_867_52,model,36,2,0.010512224980222536,0.010711051294536311,1.0189138184055082,1.008202767110972,8,4.5,True,True,True,False,PASS,0.10374,False,1.0,0.1302,False,0.12001,False,0.06231,False
C3,759_411_867_52,user,36,2,0.010249714325386778,0.009153387846934868,0.8930383380796773,0.8838849502327424,7,5.14,True,True,True,False,PASS,0.11632,False,1.0,0.11038,False,0.13849,False,0.23704,False
C3,75_207_830_54,model,29,2,0.16474502720467601,0.10662724164415904,0.6472258583665013,0.5405986167223422,5,5.8,True,True,True,False,PASS,0.09711,True,0.862,0.09711,True,0.10283,True,0.10283,True
C3,75_207_830_54,user,29,2,-0.00318702890804817,-0.00240653499424226,0.7551029700938899,0.7575095050881322,7,4.14,True,True,True,False,PASS,0.14197,False,1.0,0.27983,False,0.26547,False,0.12657,False
C3,761_555_476_52,model,29,2,0.6373908129441596,0.5843762072285218,0.9168255885729525,0.3324493813444307,5,5.8,True,True,True,False,PASS,0.17986,True,1.0,0.189,True,0.32726,True,0.09298,True
C3,761_555_476_52,user,29,2,0.08696376046184978,0.0818683453581428,0.9414076038496255,0.8595392584914827,5,5.8,True,True,True,False,PASS,0.14117,False,1.0,0.08696,False,0.13825,False,0.08067,True
C3,763_51_336_0,model,28,2,0.24612467700258422,0.23551955033525118,0.9569115669485604,0.7213920166133092,7,4.0,True,True,True,False,PASS,0.16663,True,1.0,0.16165,True,0.15681,True,0.24284,True
C3,763_51_336_0,user,28,2,0.2155956727361129,0.19833400005928847,0.9199349761627519,0.7216009761034634,7,4.0,True,True,True,False,PASS,0.184,True,1.0,0.11762,True,0.18844,True,0.158,True
C3,764_476_824_0,model,27,2,0.29741181474937967,0.27058807224587633,0.9098094252707919,0.6392213530249156,5,5.4,True,True,True,False,PASS,0.18898,True,1.0,0.07124,True,0.20505,True,0.28993,True
C3,764_476_824_0,user,27,2,0.1964095213785234,0.1844611107905969,0.9391658280919113,0.7547047173013144,5,5.4,True,True,True,False,PASS,0.20844,False,1.0,0.19641,False,0.20844,False,0.23427,False
C3,765_476_174_24,model,29,2,0.3514394402089101,0.33616451865613717,0.9565361202951698,0.6203716016390326,6,4.83,True,True,True,False,PASS,0.15158,True,1.0,0.17738,True,0.14083,True,0.06659,True
C3,765_476_174_24,user,29,2,0.06853555683676885,0.07046689596246458,1.028180104092473,0.9577132081300084,6,4.83,True,True,True,False,PASS,0.14105,False,1.0,0.08833,False,0.11505,False,0.11985,False
C3,767_179_338_60,model,24,2,0.04731729776120079,0.043031098613637075,0.909415808797976,0.8663847101843389,7,3.43,True,True,True,False,PASS,0.21194,False,1.0,0.18003,False,0.18804,False,0.03469,True
C3,767_179_338_60,user,24,2,0.00117379398490984,0.0012384252456199007,1.0550618435099794,1.0538234182643595,8,3.0,True,True,True,False,PASS,0.16799,False,1.0,0.13327,False,0.16662,False,0.15914,False
C3,769_555_410_30,model,30,2,0.07799024867149904,0.071717618934523,0.9195716151207975,0.8478539961862745,5,6.0,True,True,True,False,PASS,0.16256,False,1.0,0.07799,False,0.14441,False,0.02476,True
C3,769_555_410_30,user,30,2,0.7951812502949084,0.735986465224524,0.925558122694127,0.18957165746960292,5,6.0,True,True,True,False,PASS,0.17016,True,1.0,0.18178,True,0.25172,True,0.09027,True
C3,76_439_54_51,model,31,2,0.07577906712053636,0.07740590574294326,1.0214681795939662,0.9440622738510229,8,3.88,True,True,True,False,PASS,0.10533,False,1.0,0.1151,False,0.13483,False,0.17455,False
C3,76_439_54_51,user,31,2,-0.013187515264114812,-0.013695205773723185,1.0384978139884982,1.0521930197622213,8,3.88,True,True,True,False,PASS,0.11896,False,1.0,0.16002,False,0.13339,False,0.03241,False
C3,770_338_410_24,model,28,2,-0.007306633521310695,-0.007429819230970747,1.0168594345536512,1.024289253784622,6,4.67,True,True,True,False,PASS,0.15293,False,1.0,0.14481,False,0.08197,False,0.07486,False
C3,770_338_410_24,user,28,2,0.5149611557415013,0.49112553584595064,0.953713751746519,0.4625882159005683,6,4.67,True,True,True,False,PASS,0.15034,True,1.0,0.18165,True,0.24734,True,0.04718,True
C3,771_152_623_47,model,30,2,0.09585588578147768,0.0847706019704495,0.8843546880751876,0.7995840861047381,7,4.29,True,True,True,False,PASS,0.16857,False,1.0,0.19796,False,0.21367,False,0.16766,False
C3,771_152_623_47,user,30,2,0.2137770118563877,0.2100156679152998,0.982405292746749,0.7723896248314492,7,4.29,True,True,True,False,PASS,0.1467,True,1.0,0.09846,True,0.10313,True,0.20458,True
C3,772_338_174_25,model,26,2,-1.5552092770001986e-16,-1.1102230246251565e-16,0.7138737152897107,0.7138737152897108,4,6.5,True,True,True,False,PASS,0.218,False,1.0,-0.0,False,0.0991,False,0.13838,False
C3,772_338_174_25,user,26,2,0.17439253507415045,0.11893795157350828,0.6820128597989399,0.5630749082254316,5,5.2,True,True,True,False,PASS,0.18252,False,0.846,0.21695,False,0.21695,False,0.18252,False
C3,773_1347_152_58,model,27,2,0.24367154915590397,0.23484936532602707,0.9637947726747846,0.7289454073487576,6,4.5,True,True,True,False,PASS,0.17184,True,1.0,0.17335,True,0.15693,True,0.02201,True
C3,773_1347_152_58,user,27,2,0.49212443959703295,0.4693542290937638,0.9537307870303817,0.48437655793661794,6,4.5,True,True,True,False,PASS,0.19179,True,1.0,0.17191,True,0.24734,True,0.16209,True
C3,774_961_962_58,model,29,2,0.02537826023451745,0.022496683460584643,0.8864549126967529,0.8639582292361683,7,4.14,True,True,True,False,PASS,0.17466,False,1.0,0.15117,False,0.12039,False,0.32127,False
C3,774_961_962_58,user,29,2,0.2046338670123401,0.20551213872340113,1.0042919176765988,0.7987797789531976,7,4.14,True,True,True,False,PASS,0.14698,True,1.0,0.17167,True,0.2574,False,0.17171,True
C3,775_282_1041_22,model,35,2,-0.023794807147914394,-0.02046072238594343,0.8598818329879512,0.8803425553738946,6,5.83,True,True,True,False,PASS,0.15013,False,1.0,0.15134,False,0.13577,False,0.20468,False
C3,775_282_1041_22,user,35,2,0.20170661811434118,0.18049112769413655,0.8948200578714862,0.7143289301773497,6,5.83,True,True,True,False,PASS,0.14419,True,1.0,0.14802,True,0.12404,True,0.18153,True
C3,777_824_338_22,model,32,2,0.06476999682245012,0.06750675752042823,1.0422535252777643,0.974746767757336,8,4.0,True,True,True,False,PASS,0.11592,False,1.0,0.09911,False,0.1138,False,0.02969,True
C3,777_824_338_22,user,32,2,-0.04847091973106625,-0.04345388801468253,0.8964939855851718,0.9399478735998543,8,4.0,True,True,True,False,PASS,0.16368,False,1.0,0.19595,False,0.15239,False,0.16358,False
C3,778_282_18_9,model,27,2,0.5635493168435137,0.5127224800691447,0.9098094252707919,0.3970869452016472,5,5.4,True,True,True,False,PASS,0.21989,True,1.0,0.22984,True,0.20521,True,0.10444,True
C3,778_282_18_9,user,27,2,0.005952981249846884,0.006114365426521884,1.027109807657995,1.020995442231473,6,4.5,True,True,True,False,PASS,0.16565,False,1.0,0.13762,False,0.11576,False,0.08829,False
C3,779_1014_448_14,model,39,2,-0.02754471324256821,-0.02427962463999145,0.881462240182961,0.9057418648229525,8,4.88,True,True,True,False,PASS,0.12591,False,1.0,0.12194,False,0.12194,False,0.15982,False
C3,779_1014_448_14,user,39,2,0.3644118211772885,0.3633023375817802,0.9969554127198071,0.6336530751380269,7,5.57,True,True,True,False,PASS,0.09124,True,1.0,0.0967,True,0.06908,True,0.04244,True
C3,77_631_54_18,model,43,2,0.10822174215929332,0.1078420697072644,0.996491717427076,0.8886496477198116,8,5.38,True,True,True,False,PASS,0.07457,True,1.0,0.1016,True,0.12078,False,0.04748,True
C3,77_631_54_18,user,43,2,0.20326224238576934,0.18041153695827994,0.8875801764298099,0.70716863947153,8,5.38,True,True,True,False,PASS,0.09569,True,1.0,0.10409,True,0.1055,True,0.06988,True
C3,780_190_191_47,model,34,2,0.3763947978310571,0.37567189078020147,0.9980793914925994,0.6224075007123979,6,5.67,True,True,True,False,PASS,0.11939,True,1.0,0.10534,True,0.11014,True,0.32507,True
C3,780_190_191_47,user,34,2,-0.03900604906236178,-0.03893113371269252,0.9980793914925994,1.037010525205292,8,4.25,True,True,True,False,PASS,0.12918,False,1.0,0.16421,False,0.10945,False,0.23871,False
C3,781_962_282_47,model,37,2,0.0671123605987382,0.06619638602750821,0.9863516263910527,0.9201552403635445,7,5.29,True,True,True,False,PASS,0.11249,False,1.0,0.108,False,0.12189,False,0.09958,False
C3,781_962_282_47,user,37,2,0.3211152081219012,0.2720891327693421,0.8473255887215784,0.5752364559522363,6,6.17,True,True,True,False,PASS,0.1468,True,1.0,0.13666,True,0.18721,True,0.08939,True
C3,782_18_410_11,model,33,2,0.03741393607628561,0.03554351950670687,0.9500074901030184,0.9144639705963116,6,5.5,True,True,True,False,PASS,0.13231,False,1.0,0.03741,False,0.13688,False,0.26838,False
C3,782_18_410_11,user,33,2,0.3368603466368359,0.31244414532926723,0.9275183275463068,0.6150741822170396,6,5.5,True,True,True,False,PASS,0.14969,True,1.0,0.1632,True,0.14693,True,0.36355,False
C3,783_18_830_37,model,31,2,-0.02553401444278906,-0.02322572515825927,0.909599436872659,0.9328251620309183,8,3.88,True,True,True,False,PASS,0.16695,False,1.0,0.15072,False,0.17904,False,0.13644,False
C3,783_18_830_37,user,31,2,0.018613751417608765,0.019109804584638956,1.0266498222685472,1.0075400176839082,8,3.88,True,True,True,False,PASS,0.10343,False,1.0,0.08656,False,0.11423,False,0.16314,False
C3,784_282_741_12,model,31,2,0.26717470083870676,0.21734951974797212,0.8135108566255528,0.5961613368775807,6,5.17,True,True,True,False,PASS,0.17445,True,1.0,0.14585,True,0.17445,True,0.31655,False
C3,784_282_741_12,user,31,2,-0.02417584346064027,-0.023185760889260942,0.9590466172156003,0.9822323781048612,6,5.17,True,True,True,False,PASS,0.1811,False,1.0,0.1483,False,0.12754,False,0.13445,False
C3,785_927_928_37,model,36,2,0.23151874065822353,0.20742171932009013,0.8959176208819039,0.6884959015618137,7,5.14,True,True,True,False,PASS,0.13659,True,1.0,0.15233,True,0.12961,True,0.09835,True
C3,785_927_928_37,user,36,2,0.05285728484093917,0.05440939977782788,1.0293642577661606,0.9749548579883327,7,5.14,True,True,True,False,PASS,0.1078,False,1.0,0.11178,False,0.13653,False,0.05052,True
C3,786_1422_1028_12,model,43,2,-0.009822179387164112,-0.01004585231019206,1.022772229483026,1.032818081793218,8,5.38,True,True,True,False,PASS,0.07472,False,1.0,0.08241,False,0.11208,False,0.06165,False
C3,786_1422_1028_12,user,43,2,0.024660724459507347,0.02523488952598485,1.0232825709325886,0.9980476814066037,8,5.38,True,True,True,False,PASS,0.06784,False,1.0,0.07275,False,0.08576,False,0.05139,False
C3,787_226_18_49,model,36,2,0.18516899720962599,0.17136008749580678,0.9254253685988998,0.754065281103093,6,6.0,True,True,True,False,PASS,0.1288,True,1.0,0.1413,True,0.11329,True,0.2144,False
C3,787_226_18_49,user,36,2,0.3301201094728755,0.3041144751577898,0.9212237195831219,0.6171092444253321,8,4.5,True,True,True,False,PASS,0.12889,True,1.0,0.13341,True,0.12528,True,0.1846,True
C3,788_830_273_12,model,30,2,0.27288931129745253,0.22441786434574573,0.8223768944219572,0.5979590300762114,6,5.0,True,True,True,False,PASS,0.22382,True,1.0,0.23916,True,0.25674,True,0.08497,True
C3,788_830_273_12,user,30,2,-0.024565801238517503,-0.02394742248509152,0.9748276578719359,0.9987750803570274,6,5.0,True,True,True,False,PASS,0.16664,False,1.0,0.08719,False,0.13416,False,0.08231,False
C3,789_281_282_36,model,36,2,0.018562516561305545,0.01657703894048479,0.8930383380796773,0.8764612991391925,7,5.14,True,True,True,False,PASS,0.12166,False,1.0,0.11639,False,0.12643,False,0.15302,False
C3,789_281_282_36,user,36,2,0.010145894630606106,0.010347593011847067,1.0198798024801596,1.0095322094683126,8,4.5,True,True,True,False,PASS,0.10621,False,1.0,0.11704,False,0.10736,False,0.10617,False
C3,78_229_230_18,model,26,2,0.0032460538439424568,0.0033635717654918462,1.0362033186136739,1.032839746848182,7,3.71,True,True,True,False,PASS,0.16084,False,1.0,0.21022,False,0.15542,False,0.17361,False
C3,78_229_230_18,user,26,2,0.3074455333248113,0.30280419456950003,0.9849035414334423,0.6820993468639422,7,3.71,True,True,True,False,PASS,0.16141,True,1.0,0.19444,True,0.17966,True,0.2534,True
C3,790_962_927_12,model,31,2,0.20708833110006084,0.21506077914993948,1.0384978139884982,0.8234370348385587,6,5.17,True,True,True,False,PASS,0.13019,True,1.0,0.11564,True,0.12198,True,0.12039,True
C3,790_962_927_12,user,31,2,0.30664931884306157,0.2896128018975169,0.9444429975914485,0.6548301956939315,7,4.43,True,True,True,False,PASS,0.15932,True,1.0,0.16553,True,0.14681,True,0.18458,True
C3,791_744_1165_39,model,27,2,-0.04696674798983421,-0.04768711271460346,1.0153377603432363,1.0630248730578398,8,3.38,True,True,True,False,PASS,0.15837,False,1.0,0.14314,False,0.16703,False,0.11835,False
C3,791_744_1165_39,user,27,2,-0.04743395344835226,-0.048572318110739365,1.0239989412568489,1.0725712593675882,8,3.38,True,True,True,False,PASS,0.1621,False,1.0,0.12126,False,0.15483,False,0.01801,False
C3,792_805_806_12,model,37,2,-0.019666799906617547,-0.01832768165190235,0.9319097025914925,0.9502373842433949,6,6.17,True,True,True,False,PASS,0.12589,False,1.0,0.13136,False,0.09204,False,0.3228,False
C3,792_805_806_12,user,37,2,0.17369916000102162,0.12539897503507313,0.7219319600298332,0.59653298499476,6,6.17,True,True,True,False,PASS,0.17998,False,1.0,0.21056,False,0.20768,False,0.34825,False
C3,793_771_281_12,model,25,2,0.08190972504635843,0.0809235034521697,0.9879596519994353,0.9070361485472656,5,5.0,True,True,True,False,PASS,0.19028,False,1.0,0.11652,False,0.186,False,0.07851,True
C3,793_771_281_12,user,25,2,0.6538560942240519,0.6194001066306765,0.9473034083527734,0.3279033017220969,6,4.17,True,True,True,False,PASS,0.18888,True,1.0,0.27441,True,0.20644,True,0.1269,True
C3,795_1330_874_11,model,25,2,0.1253634893399544,0.11875726073473536,0.9473034083527734,0.828546147618038,7,3.57,True,True,True,False,PASS,0.20993,False,1.0,0.22043,False,0.23802,False,0.18923,False
C3,795_1330_874_11,user,25,2,0.17116676296833616,0.1644150149213397,0.9605545613534476,0.7961395464321079,7,3.57,True,True,True,False,PASS,0.23444,False,1.0,0.19897,False,0.19722,False,0.12099,True
C3,796_744_281_46,model,24,2,0.05296693057249745,0.04827087055453927,0.9113397743233292,0.86306890376879,7,3.43,True,True,True,False,PASS,0.21813,False,1.0,0.17672,False,0.17746,False,0.21462,False
C3,796_744_281_46,user,24,2,0.21840051645220473,0.21301225277680813,0.9753285213655811,0.762316268588773,7,3.43,True,True,True,False,PASS,0.21832,True,1.0,0.21449,True,0.21449,True,0.26021,False
C3,798_700_1250_59,model,25,2,0.2794996348731428,0.2552148310023985,0.9131132894618397,0.6578984584594412,7,3.57,True,True,True,False,PASS,0.18491,True,1.0,0.22496,True,0.2252,True,0.0593,True
C3,798_700_1250_59,user,25,2,-0.043830005357333744,-0.04152031346312257,0.9473034083527734,0.988823721815896,8,3.12,True,True,True,False,PASS,0.20644,False,1.0,0.1813,False,0.29646,False,0.09325,False
C3,799_898_899_22,model,32,2,-0.02176835219728006,-0.021753630801263468,0.999323724833043,1.0210773556343065,8,4.0,True,True,True,False,PASS,0.1167,False,1.0,0.1295,False,0.10379,False,0.12688,False
C3,799_898_899_22,user,32,2,-0.009911687090883683,-0.010076725855546531,1.016650925634511,1.0267276514900576,8,4.0,True,True,True,False,PASS,0.13135,False,1.0,0.13135,False,0.1229,False,0.17616,False
C3,79_229_230_57,model,27,2,0.05636047454076976,0.054293670819216544,0.9633288445778052,0.9090351737585887,8,3.38,True,True,True,False,PASS,0.19028,False,1.0,0.19484,False,0.19484,False,0.15903,False
C3,79_229_230_57,user,27,2,-0.03541569918199207,-0.036928073623740065,1.0427035037195311,1.0796315773432712,8,3.38,True,True,True,False,PASS,0.16659,False,1.0,0.17123,False,0.14888,False,0.11703,False
C3,7_723_191_18,model,34,2,0.040725769595354726,0.038398330556508764,0.9428509500993829,0.9044526195428741,7,4.86,True,True,True,False,PASS,0.13862,False,1.0,0.10805,False,0.15219,False,0.16681,False
C3,7_723_191_18,user,34,2,0.23811130741388517,0.23607249489465443,0.991437565307695,0.7553650704130406,7,4.86,True,True,True,False,PASS,0.12069,True,1.0,0.12318,True,0.11888,True,0.0847,True
C3,800_591_592_22,model,42,2,0.23248719537143603,0.1610603650662683,0.6927709064103433,0.531710541344075,5,8.4,True,True,True,False,PASS,0.07483,True,1.0,0.11126,True,0.14884,True,0.05853,True
C3,800_591_592_22,user,42,2,0.41608420438807975,0.41942455743435914,1.0080280698258948,0.5886035123915356,5,8.4,True,True,True,False,PASS,0.08649,True,1.0,0.07698,True,0.07414,True,0.1772,True
C3,802_744_700_54,model,32,2,0.010825739051270837,0.01031914835793346,0.9532049783448358,0.9428858299869023,8,4.0,True,True,True,False,PASS,0.14086,False,1.0,0.1443,False,0.15327,False,0.08643,False
C3,802_744_700_54,user,32,2,-0.013487587879235203,-0.014095665258826662,1.0450842200277801,1.0591798852866068,8,4.0,True,True,True,False,PASS,0.13285,False,1.0,0.11459,False,0.13285,False,0.13285,False
C3,803_699_306_48,model,30,2,-0.005138351983747643,-0.004957363843139051,0.964777006094357,0.9697343699374961,8,3.75,True,True,True,False,PASS,0.16036,False,1.0,0.16493,False,0.1469,False,0.16713,False
C3,803_699_306_48,user,30,2,-0.04323385364569583,-0.045174252407453874,1.0448814666779356,1.0900557190853895,8,3.75,True,True,True,False,PASS,0.12008,False,1.0,0.10052,False,0.13245,False,0.04784,False
C3,805_592_39_34,model,25,2,-0.006430727453291651,-0.00659363671849289,1.0253329450492963,1.0319265817677892,8,3.12,True,True,True,False,PASS,0.18329,False,1.0,0.19163,False,0.19135,False,0.00463,False
C3,805_592_39_34,user,25,2,0.17424980118123054,0.18013915445021422,1.0337983356598404,0.8536591812096261,7,3.57,True,True,True,False,PASS,0.17012,True,1.0,0.20346,False,0.1902,False,0.20184,False
C3,807_592_699_50,model,24,2,0.28183341019280106,0.27488016323476394,0.9753285213655811,0.7004483581308172,6,4.0,True,True,True,False,PASS,0.21832,True,1.0,0.21832,True,0.26385,True,-0.0076,True
C3,807_592_699_50,user,24,2,0.0011796657590140995,0.0008521831919674483,0.7223937674343084,0.7215415842423409,6,4.0,True,True,True,False,PASS,0.1519,False,1.0,0.14707,False,0.14707,False,-0.02927,True
C3,808_699_700_50,model,26,2,0.003441891959699423,0.003573519707726014,1.0382428471223966,1.0346693274146705,8,3.25,True,True,True,False,PASS,0.14633,False,1.0,0.18574,False,0.17134,False,0.31672,False
C3,808_699_700_50,user,26,2,0.02219537560830451,0.02304418996451707,1.0382428471223966,1.0151986571578795,8,3.25,True,True,True,False,PASS,0.15718,False,1.0,0.17283,False,0.18264,False,0.16727,False
C3,80_759_229_57,model,30,2,-0.020636106773483376,-0.020485732473580542,0.9927130489508778,1.0131987814244583,6,5.0,True,True,True,False,PASS,0.14238,False,1.0,0.12674,False,0.09537,False,0.14238,False
C3,80_759_229_57,user,30,2,0.3365262323278953,0.2310516702503005,0.686578483501918,0.4555268132516175,5,6.0,True,True,True,False,PASS,0.11215,True,1.0,0.11215,True,0.11215,True,0.14677,True
C3,811_32_133_43,model,28,2,0.35739329281322946,0.37006965337186193,1.0354689380398,0.665399284667938,7,4.0,True,True,True,False,PASS,0.14597,True,1.0,0.14821,True,0.14983,True,0.02407,True
C3,811_32_133_43,user,28,2,0.11462462322203078,0.11528612777181824,1.0057710510289408,0.8904849232571226,7,4.0,True,True,True,False,PASS,0.1547,False,1.0,0.14297,False,0.16186,False,0.08928,True
C3,812_19_318_58,model,28,2,-0.03163827329099172,-0.03217167668893173,1.0168594345536512,1.049031111242583,8,3.5,True,True,True,False,PASS,0.1597,False,1.0,0.16364,False,0.16762,False,0.20026,False
C3,812_19_318_58,user,28,2,0.05769258502742866,0.05802553187961346,1.0057710510289408,0.9477455191493274,8,3.5,True,True,True,False,PASS,0.16232,False,1.0,0.19326,False,0.17907,False,0.05563,True
C3,814_19_133_50,model,28,2,-0.002242334777330018,-0.0022648730913819026,1.0100512707913853,1.0123161438827672,6,4.67,True,True,True,False,PASS,0.14058,False,1.0,0.09517,False,0.09884,False,0.04408,False
C3,814_19_133_50,user,28,2,0.356867653306504,0.3536424088662281,0.9909623514196569,0.6373199425534288,6,4.67,True,True,True,False,PASS,0.16353,True,1.0,0.15497,True,0.15945,True,0.16353,True
C3,815_298_299_35,model,27,2,-0.05091856948543738,-0.047820980476046326,0.9391658280919113,0.9869868085679576,8,3.38,True,True,True,False,PASS,0.17504,False,1.0,0.1448,False,0.1448,False,0.25482,False
C3,815_298_299_35,user,27,2,-0.012613670962906446,-0.011968747644481637,0.9488710843717612,0.9608398320162428,8,3.38,True,True,True,False,PASS,0.15982,False,1.0,0.14221,False,0.16453,False,0.3742,False
C3,816_161_231_54,model,41,2,-0.03221380339298238,-0.03213845192244902,0.9976608949395345,1.0297993468619835,8,5.12,True,True,True,False,PASS,0.09054,False,1.0,0.08363,False,0.08664,False,-0.01213,False
C3,816_161_231_54,user,41,2,0.2816745844203459,0.2693234720422504,0.9561511294903917,0.6868276574481413,7,5.86,True,True,True,False,PASS,0.1017,True,1.0,0.1,True,0.11099,True,0.08617,True
C3,817_525_788_54,model,43,2,0.023537085680057003,0.020693947157241155,0.8792060087020526,0.8585120615448114,8,5.38,True,True,True,False,PASS,0.10566,False,1.0,0.11759,False,0.11355,False,0.05304,False
C3,817_525_788_54,user,43,2,0.06888988636361713,0.06846813635263094,0.9938779110657825,0.9254097747131516,7,6.14,True,True,True,False,PASS,0.10723,False,1.0,0.09309,False,0.08412,False,0.06718,True
C3,819_1170_1171_27,model,27,2,0.02063925659486247,0.021541532902295213,1.0437165119434262,1.022174979041131,7,3.86,True,True,True,False,PASS,0.17147,False,1.0,0.12137,False,0.14418,False,0.17962,False
C3,819_1170_1171_27,user,27,2,0.28061275689709525,0.2812443986894093,1.00225093755287,0.7210065388634608,7,3.86,True,True,True,False,PASS,0.15685,True,1.0,0.1809,True,0.15685,True,0.02614,True
C3,81_230_1135_57,model,24,2,0.5065994820498679,0.5139686282188303,1.0145462962953384,0.5005776680765082,6,4.0,True,True,True,False,PASS,0.2015,True,1.0,0.17532,True,0.18054,True,0.37398,True
C3,81_230_1135_57,user,24,2,0.0977715709558225,0.09905972935575513,1.0131751836176865,0.9141154542619314,6,4.0,True,True,True,False,PASS,0.16915,False,1.0,0.15986,False,0.18097,False,0.26628,False
C3,820_161_497_42,model,30,2,-0.010646565126696868,-0.011124398584665185,1.0448814666779356,1.0560058652626008,6,5.0,True,True,True,False,PASS,0.15835,False,1.0,0.05768,False,0.1042,False,0.30436,False
C3,820_161_497_42,user,30,2,0.6083921343544312,0.5552138651391272,0.9125921158206101,0.3573782506814829,5,6.0,True,True,True,False,PASS,0.193,True,1.0,0.19375,True,0.28752,True,0.42135,True
C3,821_1374_1237_7,model,27,2,0.3477558481928775,0.31253932954619434,0.8987320592027804,0.5861927296565861,6,4.5,True,True,True,False,PASS,0.19064,True,1.0,0.1751,True,0.1751,True,0.05885,True
C3,821_1374_1237_7,user,27,2,0.14784402334211386,0.13821066236273982,0.9348410523360674,0.7966303899733276,7,3.86,True,True,True,False,PASS,0.17106,False,1.0,0.23184,False,0.21136,False,0.04036,True
C3,822_497_368_7,model,32,2,0.31754696159880885,0.2618521456222114,0.8246091989160245,0.5627570532938131,5,6.4,True,True,True,False,PASS,0.19321,True,1.0,0.07314,True,0.24175,True,0.10915,True
C3,822_497_368_7,user,32,2,0.5413106748623415,0.47640731890597243,0.8800996193676128,0.4036923004616404,5,6.4,True,True,True,False,PASS,0.16622,True,1.0,0.17701,True,0.24448,True,0.05291,True
C3,823_745_232_22,model,24,2,0.12442658476182338,0.12135679693431833,0.9753285213655811,0.8539717244312628,7,3.43,True,True,True,False,PASS,0.2184,False,1.0,0.21449,False,0.19484,False,0.09823,True
C3,823_745_232_22,user,24,2,0.07123457173915768,0.06947710952446307,0.9753285213655811,0.9058514118411181,7,3.43,True,True,True,False,PASS,0.21449,False,1.0,0.21449,False,0.2029,False,0.25859,False
C3,824_161_232_22,model,28,2,-0.03467923114599569,-0.03530225569492851,1.017965350682371,1.0532676063772994,8,3.5,True,True,True,False,PASS,0.14995,False,1.0,0.14816,False,0.16356,False,0.10972,False
C3,824_161_232_22,user,28,2,0.004176309095040404,0.004246719304904056,1.0168594345536512,1.0126127152487472,8,3.5,True,True,True,False,PASS,0.15293,False,1.0,0.15838,False,0.17294,False,0.18631,False
C3,825_457_927_12,model,35,2,0.6353819464753374,0.44572966055887075,0.7015145189936112,0.2557848584347404,5,7.0,True,True,True,False,PASS,0.16696,True,1.0,0.07257,True,0.18552,True,0.14824,True
C3,825_457_927_12,user,35,2,0.22976153213946177,0.194074939319149,0.8446798622553946,0.6506049229362456,5,7.0,True,True,True,False,PASS,0.12815,True,1.0,0.16549,True,0.11858,True,0.06009,True
C3,826_232_368_12,model,32,2,-0.02235838926522926,-0.023064545745058007,1.031583513081013,1.054648058826071,8,4.0,True,True,True,False,PASS,0.09781,False,1.0,0.15364,False,0.15364,False,0.0933,False
C3,826_232_368_12,user,32,2,0.31748196891704233,0.3300015288053033,1.0394339241720285,0.7094323953667252,8,4.0,True,True,True,False,PASS,0.11014,True,1.0,0.09792,True,0.10636,True,0.06475,True
C3,827_33_1377_49,model,24,2,0.017170302826221857,0.01773507362695126,1.0328923028583343,1.015157229231383,7,3.43,True,True,True,False,PASS,0.18625,False,1.0,0.11541,False,0.14546,False,0.19971,False
C3,827_33_1377_49,user,24,2,0.24572131970731748,0.2471221062062683,1.0057007120937627,0.7585786058874944,7,3.43,True,True,True,False,PASS,0.20521,True,1.0,0.21618,True,0.20151,True,0.25434,False
C3,828_584_788_11,model,30,2,-0.021236223996588192,-0.02111840690739708,0.9944520697648489,1.015570476672246,8,3.75,True,True,True,False,PASS,0.14257,False,1.0,0.12815,False,0.15771,False,0.11544,False
C3,828_584_788_11,user,30,2,0.09221053351944926,0.0893474364899558,0.968950434183427,0.8796029976934712,8,3.75,True,True,True,False,PASS,0.17415,False,1.0,0.11703,False,0.17906,False,0.12334,False
C3,829_33_34_12,model,41,2,0.012715946103838392,0.01102528765505384,0.8670442265971687,0.8560189389421149,7,5.86,True,True,True,False,PASS,0.12618,False,1.0,0.11339,False,0.12401,False,0.16224,False
C3,829_33_34_12,user,41,2,0.0785140707217099,0.0707472685924051,0.9010775768227082,0.8303303082303031,8,5.12,True,True,True,False,PASS,0.11358,False,1.0,0.09691,False,0.12466,False,0.11718,False
C3,82_829_830_3,model,31,2,-0.007466300094646267,-0.00744618369793093,0.9973057074507679,1.0047518911486988,8,3.88,True,True,True,False,PASS,0.13872,False,1.0,0.13397,False,0.13406,False,0.05614,False
C3,82_829_830_3,user,31,2,0.2267559780297635,0.2302837402530158,1.0155575268793542,0.7852737866263384,7,4.43,True,True,True,False,PASS,0.13229,True,1.0,0.11634,True,0.10711,True,0.0915,True
C3,830_368_1039_12,model,38,2,-0.03867191329880103,-0.03480226176667145,0.899936382711906,0.9347386444785775,8,4.75,True,True,True,False,PASS,0.11917,False,1.0,0.13525,False,0.11612,False,0.13612,False
C3,830_368_1039_12,user,38,2,0.20338829201389239,0.19494195514851143,0.9584718629487088,0.7635299078001974,8,4.75,True,True,True,False,PASS,0.09273,True,1.0,0.12357,True,0.09257,True,0.04249,True
C3,831_232_584_29,model,27,2,0.14723380235232622,0.13692938297554103,0.9300132224247865,0.7930838394492454,7,3.86,True,True,True,False,PASS,0.19256,False,1.0,0.20522,False,0.19991,False,0.17492,False
C3,831_232_584_29,user,27,2,0.06964714690253353,0.06748010088756551,0.9688853583909093,0.9014052575033438,7,3.86,True,True,True,False,PASS,0.16508,False,1.0,0.22039,False,0.19371,False,0.0548,True
C3,832_56_57_40,model,33,2,0.059590407597094434,0.05058163825129158,0.8488218203387132,0.7982401820874216,7,4.71,True,True,True,False,PASS,0.11627,False,1.0,0.10048,False,0.13663,False,0.07425,False
C3,832_56_57_40,user,33,2,0.04386463897641496,0.04069138380481385,0.9276580123386563,0.8869666285338424,8,4.12,True,True,True,False,PASS,0.13933,False,1.0,0.13106,False,0.14701,False,0.20568,False
C3,833_244_1183_40,model,44,2,-0.0026075472517656673,-0.002391281676725421,0.9170616851166148,0.9194529667933402,8,5.5,True,True,True,False,PASS,0.09205,False,1.0,0.08696,False,0.06721,False,0.13149,False
C3,833_244_1183_40,user,44,2,-0.02167726134661588,-0.021419747047331072,0.9881205335320179,1.009540280579349,8,5.5,True,True,True,False,PASS,0.07721,False,1.0,0.09191,False,0.07947,False,0.10222,False
C3,834_231_232_7,model,64,2,0.24585669552222467,0.2331272450241566,0.9482241048142723,0.7150968597901157,8,8.0,True,True,True,False,PASS,0.04956,True,1.0,0.05201,True,0.06348,True,0.03241,True
C3,834_231_232_7,user,64,2,0.12522286618942477,0.12368367290207583,0.9877083688132438,0.8640246959111679,7,9.14,True,True,True,False,PASS,0.05174,True,1.0,0.05741,True,0.04532,True,0.05546,True
C3,835_456_374_37,model,34,2,0.46908955349280146,0.45670124844970283,0.9735907462639994,0.5168894978142966,6,5.67,True,True,True,False,PASS,0.11448,True,1.0,0.12891,True,0.13917,True,0.04673,True
C3,835_456_374_37,user,34,2,0.08089131153232579,0.0841188423017789,1.039899597476094,0.9557807551743152,7,4.86,True,True,True,False,PASS,0.0977,False,1.0,0.10179,False,0.14002,False,0.06649,True
C3,836_788_426_12,model,43,2,-0.017184267282370443,-0.016408029104494903,0.9548285553803105,0.9712365844848054,8,5.38,True,True,True,False,PASS,0.09657,False,1.0,0.11077,False,0.10637,False,0.08692,False
C3,836_788_426_12,user,43,2,0.013026532869424396,0.012170516945519183,0.9342867413389456,0.9221162243934264,8,5.38,True,True,True,False,PASS,0.10324,False,1.0,0.09031,False,0.10392,False,0.05349,False
C3,838_317_618_27,model,26,2,0.040444669068858616,0.039967779478992105,0.9882088393638582,0.9482410598848661,7,3.71,True,True,True,False,PASS,0.17463,False,1.0,0.14704,False,0.18031,False,0.04044,False
C3,838_317_618_27,user,26,2,0.1405699304890689,0.13671149028101193,0.9725514539657752,0.8358399636847633,7,3.71,True,True,True,False,PASS,0.15333,False,1.0,0.14057,False,0.16877,False,0.05107,True
C3,839_646_1544_27,model,30,2,0.05774001361682721,0.06032810426750701,1.0448231735422653,0.9844950692747583,7,4.29,True,True,True,False,PASS,0.13474,False,1.0,0.10909,False,0.09829,False,0.0988,False
C3,839_646_1544_27,user,30,2,0.1780113920566506,0.1525731278972846,0.8570975494013862,0.7045244215041016,7,4.29,True,True,True,False,PASS,0.19195,False,1.0,0.17801,False,0.19218,False,0.03786,True
C3,83_229_597_20,model,32,2,0.3202077299607697,0.29485631051751715,0.9208282090930208,0.6259718985755036,6,5.33,True,True,True,False,PASS,0.15627,True,1.0,0.12537,True,0.13262,True,0.15627,True
C3,83_229_597_20,user,32,2,0.008814044102349518,0.0070528673509849815,0.8001851668866659,0.7931322995356809,7,4.57,True,True,True,False,PASS,0.17847,False,1.0,0.17795,False,0.1493,False,0.1772,False
C3,840_510_641_31,model,35,2,0.07431679240574467,0.07575143748761537,1.0193044537503453,0.9435530162627299,8,4.38,True,True,True,False,PASS,0.10185,False,1.0,0.10063,False,0.11319,False,0.08692,False
C3,840_510_641_31,user,35,2,-0.02502746532611795,-0.02423757388323744,0.9684390155939522,0.9926765894771896,8,4.38,True,True,True,False,PASS,0.11125,False,1.0,0.10011,False,0.11636,False,0.10498,False
C3,841_696_482_12,model,33,2,0.1029734134788568,0.09309125646086591,0.9040319565591564,0.8109407000982904,7,4.71,True,True,True,False,PASS,0.15928,False,1.0,0.16641,False,0.14619,False,0.31522,False
C3,841_696_482_12,user,33,2,0.13694941892117474,0.1372337467706033,1.0020761522879642,0.8648424055173609,8,4.12,True,True,True,False,PASS,0.13712,False,1.0,0.13144,True,0.13991,False,0.06815,True
C3,842_266_1277_6,model,26,2,0.6185955348518075,0.421890109783136,0.6820128597989399,0.26012275001580387,4,6.5,True,True,True,False,PASS,0.17439,True,0.846,0.18252,True,0.152,True,0.4563,True
C3,842_266_1277_6,user,26,2,0.19096813855155495,0.18817262870308138,0.985361380858206,0.7971887521551246,5,5.2,True,True,True,False,PASS,0.17289,True,1.0,0.19097,False,0.16066,True,0.20283,False
C3,843_266_700_6,model,25,2,0.18557464481119096,0.1688765151786814,0.9100193366960302,0.7411428215173488,7,3.57,True,True,True,False,PASS,0.24258,False,1.0,0.18557,False,0.25599,False,0.15792,True
C3,843_266_700_6,user,25,2,0.008455226898034612,0.008924374266381596,1.0554860767197196,1.046561702453338,7,3.57,True,True,True,False,PASS,0.16766,False,1.0,0.16761,False,0.15801,False,0.06287,False
C3,844_978_854_54,model,30,2,0.3907085121417686,0.3445226228712559,0.8817893958405643,0.5372667729693084,6,5.0,True,True,True,False,PASS,0.17129,True,1.0,0.22836,True,0.16494,True,0.29483,True
C3,844_978_854_54,user,30,2,0.026308192065108406,0.02723343318346738,1.035169315932815,1.0079358827493476,7,4.29,True,True,True,False,PASS,0.14823,False,1.0,0.08988,False,0.15158,False,0.18609,False
C3,845_570_771_14,model,24,2,0.09767543127480495,0.09823225078713671,1.0057007120937627,0.907468461306626,8,3.0,True,True,True,False,PASS,0.19794,False,1.0,0.20521,False,0.19414,False,0.06287,True
C3,845_570_771_14,user,24,2,-0.04427403158815486,-0.044745557464812125,1.0106501680498285,1.0553957255146407,8,3.0,True,True,True,False,PASS,0.17654,False,1.0,0.21262,False,0.20838,False,0.23332,False
C3,846_270_198_14,model,40,2,-0.016279585298479577,-0.016393834947480368,1.007017970476893,1.0234118054243733,6,6.67,True,True,True,False,PASS,0.0841,False,1.0,0.07174,False,0.10598,False,0.07456,False
C3,846_270_198_14,user,40,2,0.7304214030385212,0.7320025977296154,1.0021647704797758,0.2701621727501604,6,6.67,True,True,True,False,PASS,0.08279,True,1.0,0.07618,True,0.09377,True,0.10738,True
C3,847_266_267_14,model,32,2,0.1039248937960896,0.10114362382184183,0.9732376924078953,0.8720940685860534,7,4.57,True,True,True,False,PASS,0.154,False,1.0,0.10392,False,0.11472,False,0.04558,True
C3,847_266_267_14,user,32,2,0.1789126558350161,0.1603941199011617,0.8964939855851718,0.7360998656840101,7,4.57,True,True,True,False,PASS,0.1521,True,1.0,0.16168,True,0.13057,True,0.127,True
C3,848_33_336_44,model,27,2,0.21416149851653504,0.20389501504368124,0.9520619553749473,0.7481669403312661,6,4.5,True,True,True,False,PASS,0.18946,True,1.0,0.20898,True,0.15154,True,0.28005,False
C3,848_33_336_44,user,27,2,0.3515603341011068,0.31985290551653567,0.9098094252707921,0.5899565197542564,7,3.86,True,True,True,False,PASS,0.17127,True,1.0,0.2214,True,0.2107,True,0.2519,True
C3,849_791_1190_16,model,46,2,0.023069467347066237,0.01979501916533677,0.8580613877005755,0.8382663685352387,6,7.67,True,True,True,False,PASS,0.09733,False,1.0,0.03355,False,0.11832,False,0.1024,False
C3,849_791_1190_16,user,46,2,0.22996100102600447,0.2206080509506183,0.9593281033146637,0.7387200523640454,6,7.67,True,True,True,False,PASS,0.09417,True,1.0,0.07864,True,0.09249,True,0.08363,True
C3,84_229_829_20,model,27,2,-0.006133210455694208,-0.006227280167798277,1.0153377603432363,1.0215650405110346,8,3.38,True,True,True,False,PASS,0.16061,False,1.0,0.13855,False,0.13033,False,0.12526,False
C3,84_229_829_20,user,27,2,0.1413660725715101,0.11569165041238416,0.8183834233200578,0.7026917729076736,7,3.86,True,True,True,False,PASS,0.15451,False,1.0,0.15451,False,0.2765,False,0.03752,True
C3,850_266_192_15,model,26,2,0.059293302743329085,0.0625833855827802,1.055488270803422,0.9929048852206417,6,4.33,True,True,True,False,PASS,0.21456,False,1.0,0.05929,False,0.17458,False,0.22785,False
C3,850_266_192_15,user,26,2,0.37238754855132816,0.31053341699897874,0.833898496893959,0.5233650798949803,6,4.33,True,True,True,False,PASS,0.21631,True,1.0,0.24146,True,0.20991,True,0.37999,False
C3,851_1022_1546_12,model,36,2,0.08236202484757925,0.08162713146001244,0.9910772787710499,0.9094501473110375,6,6.0,True,True,True,False,PASS,0.12266,False,1.0,0.08236,False,0.08367,False,0.12789,False
C3,851_1022_1546_12,user,36,2,0.2477320959428419,0.20310816376490315,0.8198702028975905,0.6167620391326873,6,6.0,True,True,True,False,PASS,0.15422,True,1.0,0.08213,True,0.18267,True,0.12369,True
C3,852_547_336_43,model,28,2,-0.02530545036473833,-0.025762411444445688,1.0180578125708486,1.0438202240152943,6,4.67,True,True,True,False,PASS,0.1525,False,1.0,0.01837,False,0.14885,False,0.14535,False
C3,852_547_336_43,user,28,2,0.4487471633514001,0.3594139437430598,0.8009275001513799,0.44151355640832013,6,4.67,True,True,True,False,PASS,0.22583,True,1.0,0.22583,True,0.18758,True,0.22583,True
C3,853_641_912_1,model,28,2,-0.025403182823771565,-0.025658517093296362,1.0100512707913853,1.0357097878846817,6,4.67,True,True,True,False,PASS,0.1641,False,1.0,0.09517,False,0.09517,False,0.12687,False
C3,853_641_912_1,user,28,2,0.5229516382518042,0.4885935839771246,0.9342997482720649,0.44570616429494025,5,5.6,True,True,True,False,PASS,0.1762,True,1.0,0.1762,True,0.17758,True,0.18338,True
C3,855_261_162_57,model,30,2,0.006740678552870498,0.006644624033117497,0.9857500221973801,0.9791053981642626,7,4.29,True,True,True,False,PASS,0.15115,False,1.0,0.13104,False,0.14782,False,0.22499,False
C3,855_261_162_57,user,30,2,0.5073726546761246,0.5050407089725055,0.9954038798068303,0.4903631708343248,6,5.0,True,True,True,False,PASS,0.14075,True,1.0,0.13939,True,0.15333,True,0.13691,True
C3,856_547_1122_27,model,26,2,0.03137789566845175,0.030436628068238325,0.9700022075999252,0.9395655795316868,7,3.71,True,True,True,False,PASS,0.18998,False,1.0,0.17381,False,0.19245,False,0.13602,False
C3,856_547_1122_27,user,26,2,0.2885686481998194,0.29837141152101987,1.0339702992073225,0.7355988876863027,7,3.71,True,True,True,False,PASS,0.16323,True,1.0,0.1463,True,0.15801,True,0.03855,True
C3,857_641_723_58,model,28,2,-0.0008066288617988217,-0.0008202281683034052,1.0168594345536512,1.0176796627219546,8,3.5,True,True,True,False,PASS,0.15293,False,1.0,0.12626,False,0.16217,False,0.17171,False
C3,857_641_723_58,user,28,2,0.07558965706902558,0.06447057222745711,0.8529020335227219,0.7884314612952648,7,4.0,True,True,True,False,PASS,0.20089,False,1.0,0.13881,False,0.20203,False,0.09963,False
C3,858_452_417_58,model,40,2,0.044602040139738904,0.04415673282310473,0.9900159877162789,0.9458592548931741,8,5.0,True,True,True,False,PASS,0.08872,False,1.0,0.0859,False,0.08606,False,0.0246,True
C3,858_452_417_58,user,40,2,-0.00012330182058149506,-0.0001275259836182041,1.034258723973318,1.0343862499569363,8,5.0,True,True,True,False,PASS,0.08348,False,1.0,0.08713,False,0.08433,False,0.05645,False
C3,859_659_1469_23,model,26,2,0.06168638774240289,0.06053608424347234,0.9813523932746051,0.9208163090311328,7,3.71,True,True,True,False,PASS,0.20195,False,1.0,0.11049,False,0.1714,False,0.18115,False
C3,859_659_1469_23,user,26,2,0.1781103010375758,0.16838048079931378,0.9453719398508605,0.7769914590515468,7,3.71,True,True,True,False,PASS,0.17811,False,1.0,0.16828,True,0.17811,False,0.06433,True
C3,85_1135_229_35,model,26,2,-0.02602737473257777,-0.027022735645473084,1.038242847122397,1.06526558276787,6,4.33,True,True,True,False,PASS,0.18418,False,1.0,0.09574,False,0.12627,False,-0.02478,False
C3,85_1135_229_35,user,26,2,0.26406798529400566,0.22020589601448737,0.833898496893959,0.6136926008794716,6,4.33,True,True,True,False,PASS,0.23737,True,1.0,0.16751,True,0.2059,True,0.13269,True
C3,860_912_191_31,model,33,2,-0.034139097306505856,-0.03385657823019517,0.9917244713949467,1.0255810496251418,8,4.12,True,True,True,False,PASS,0.11189,False,1.0,0.11189,False,0.11224,False,0.24344,False
C3,860_912_191_31,user,33,2,0.057775971241658244,0.0590855376656636,1.0226662814291405,0.9635807437634769,8,4.12,True,True,True,False,PASS,0.11259,False,1.0,0.10624,False,0.10637,False,0.11524,False
C3,861_745_641_22,model,25,2,0.09784951064672023,0.08977818732796528,0.9175128903005352,0.8277347029725699,7,3.57,True,True,True,False,PASS,0.19807,False,1.0,0.19807,False,0.19198,False,0.06342,True
C3,861_745_641_22,user,25,2,0.06653867423003344,0.04883184274342334,0.7338866202023333,0.68505477745891,6,4.17,True,True,True,False,PASS,0.20889,False,1.0,0.16687,False,0.20889,False,-0.00674,True
C3,862_1461_1462_27,model,32,2,0.4648911264464125,0.3918258552455356,0.8428335860927665,0.4510077308472309,6,5.33,True,True,True,False,PASS,0.18277,True,1.0,0.1797,True,0.15171,True,0.06637,True
C3,862_1461_1462_27,user,32,2,0.3982602353795124,0.35050868156676473,0.8800996193676128,0.5295909378008481,5,6.4,True,True,True,False,PASS,0.1728,True,1.0,0.17701,True,0.25966,True,0.15566,True
C3,863_547_503_31,model,27,2,0.2705336188439433,0.26944852445436995,0.9959890589782882,0.7265405345239182,6,4.5,True,True,True,False,PASS,0.17641,True,1.0,0.17064,True,0.17511,True,0.24032,True
C3,863_547_503_31,user,27,2,0.04659419479207917,0.04091678104809937,0.8781519077791867,0.8372351267310874,6,4.5,True,True,True,False,PASS,0.23464,False,1.0,0.04659,False,0.19739,False,0.31349,False
C3,865_547_452_35,model,41,2,0.11655333409055305,0.11495950518773723,0.9863253255236994,0.8713658203359622,7,5.86,True,True,True,False,PASS,0.08669,True,1.0,0.11655,False,0.1067,True,0.03675,True
C3,865_547_452_35,user,41,2,0.09655151413872744,0.09442714052314494,0.9779975111262351,0.8835703706030902,7,5.86,True,True,True,False,PASS,0.09034,True,1.0,0.10113,False,0.07967,True,0.16258,False
C3,867_411_771_47,model,30,2,0.1886479293291693,0.1752098753032305,0.9287664907124906,0.7535566154092601,6,5.0,True,True,True,False,PASS,0.17774,True,1.0,0.18865,False,0.17961,True,0.06756,True
C3,867_411_771_47,user,30,2,0.11301194713070321,0.10467005410077523,0.9261857419350521,0.8215156878342769,7,4.29,True,True,True,False,PASS,0.13893,False,1.0,0.11301,False,0.13996,False,0.21064,False
C3,868_1240_812_47,model,25,2,0.1324149500604661,0.13976213613835897,1.0554860767197196,0.9157239405813606,7,3.57,True,True,True,False,PASS,0.14811,False,1.0,0.14157,False,0.16298,False,0.05472,True
C3,868_1240_812_47,user,25,2,0.17454498421026843,0.17425398917259494,0.998332836437609,0.824078847265014,8,3.12,True,True,True,False,PASS,0.18706,False,1.0,0.1356,True,0.17181,True,0.1276,True
C3,869_299_997_54,model,29,2,0.24584074835406802,0.24746659730518106,1.0066134233726438,0.7591468260674628,7,4.14,True,True,True,False,PASS,0.15406,True,1.0,0.13676,True,0.12537,True,0.08217,True
C3,869_299_997_54,user,29,2,0.1833107216730671,0.18810184090176696,1.0261366012035278,0.8380347603017608,7,4.14,True,True,True,False,PASS,0.14595,True,1.0,0.09963,True,0.14011,True,0.11523,True
C3,86_829_759_20,model,27,2,-0.0496980563746092,-0.050920534547633345,1.0245981083004427,1.075518642848076,8,3.38,True,True,True,False,PASS,0.15474,False,1.0,0.1711,False,0.15297,False,0.16166,False
C3,86_829_759_20,user,27,2,-0.0038077695030582746,-0.003771321440823039,0.9904279756939169,0.99419929713474,8,3.38,True,True,True,False,PASS,0.14814,False,1.0,0.13274,False,0.14814,False,0.26213,False
C3,870_452_812_47,model,40,2,0.17795023485987294,0.16807773282189464,0.9445209946154193,0.7764432617935246,7,5.71,True,True,True,False,PASS,0.09463,True,1.0,0.13194,True,0.10788,True,0.07648,True
C3,870_452_812_47,user,40,2,0.27344438503473734,0.24176749610773585,0.8841560088243268,0.6423885127165909,7,5.71,True,True,True,False,PASS,0.11701,True,1.0,0.09165,True,0.09214,True,0.06053,True
C3,871_3_162_58,model,31,2,-0.02407430332822524,-0.02190371823918713,0.9098380933626741,0.9317418116018612,6,5.17,True,True,True,False,PASS,0.16008,False,1.0,0.09041,False,0.05758,False,0.15393,False
C3,871_3_162_58,user,31,2,0.32263375103168507,0.30140341138647686,0.9341967801653733,0.6327933687788965,6,5.17,True,True,True,False,PASS,0.16361,True,1.0,0.18198,True,0.16088,True,0.10899,True
C3,872_771_149_33,model,25,2,0.09398591143337068,0.08552899678136783,0.9100193366960302,0.8244903399146624,7,3.57,True,True,True,False,PASS,0.23687,False,1.0,0.23687,False,0.23687,False,0.26108,False
C3,872_771_149_33,user,25,2,0.01945499243478349,0.01910404221891282,0.9819609173816377,0.9628568751627249,8,3.12,True,True,True,False,PASS,0.20074,False,1.0,0.21618,False,0.20801,False,0.06251,False
C3,873_226_1097_36,model,43,2,-0.025669189982560132,-0.024213774036602298,0.9433010567553298,0.9675148307919321,8,5.38,True,True,True,False,PASS,0.07688,False,1.0,0.10385,False,0.11019,False,0.05078,False
C3,873_226_1097_36,user,43,2,0.020754573294844765,0.01765548777194481,0.8506793910492134,0.8330239032772686,8,5.38,True,True,True,False,PASS,0.10786,False,1.0,0.10552,False,0.15397,False,0.12857,False
C3,874_1265_1122_49,model,31,2,0.1629239822760261,0.17028309210579762,1.0451689783601268,0.8748858862543292,7,4.43,True,True,True,False,PASS,0.1054,True,1.0,0.12887,True,0.12887,True,0.02225,True
C3,874_1265_1122_49,user,31,2,0.21443197839222372,0.21385423591052444,0.9973057074507679,0.7834514715402434,7,4.43,True,True,True,False,PASS,0.12099,True,1.0,0.13847,True,0.14245,True,0.0025,True
C3,875_65_452_12,model,36,2,0.03917183992572039,0.03756155246196757,0.9588917072364657,0.9213301547744981,6,6.0,True,True,True,False,PASS,0.12963,False,1.0,0.03917,False,0.10317,False,0.19661,False
C3,875_65_452_12,user,36,2,0.434285219920175,0.34256740718385215,0.7888074276320495,0.4462400204481973,5,7.2,True,True,True,False,PASS,0.15522,True,1.0,0.15493,True,0.28177,True,0.34309,True
C3,876_376_377_56,model,31,2,0.40088698542305135,0.3745073309924175,0.9341967801653733,0.5596894491729558,5,6.2,True,True,True,False,PASS,0.14555,True,1.0,0.11864,True,0.18572,True,0.12174,True
C3,876_376_377_56,user,31,2,0.3515640392522569,0.2655494949480518,0.7553374785226902,0.4897879835746384,6,5.17,True,True,True,False,PASS,0.19771,True,1.0,0.07406,True,0.24994,True,0.16527,True
C3,877_221_162_14,model,24,2,-0.0387139769889691,-0.039277121969021556,1.0145462962953384,1.05382341826436,8,3.0,True,True,True,False,PASS,0.19984,False,1.0,0.21214,False,0.17254,False,0.0768,False
C3,877_221_162_14,user,24,2,0.2011386230141271,0.14962662960649564,0.7438980508282913,0.5942714212217957,6,4.0,True,True,True,False,PASS,0.23912,False,1.0,0.22488,False,0.23912,False,0.42088,False
C3,878_797_960_55,model,28,2,0.005791940981847079,0.005895995232717555,1.0179653506823705,1.012069355449653,6,4.67,True,True,True,False,PASS,0.14807,False,1.0,0.1339,False,0.15253,False,0.06486,False
C3,878_797_960_55,user,28,2,0.5823110506085617,0.5338182146295402,0.9167234832168433,0.3829052685873031,5,5.6,True,True,True,False,PASS,0.19335,True,1.0,0.21444,True,0.17804,True,0.07376,True
C3,879_89_246_55,model,26,2,0.11160667644551682,0.11002144542992498,0.9857962707422284,0.8757748253123034,7,3.71,True,True,True,False,PASS,0.16876,False,1.0,0.17542,False,0.17441,False,0.14106,False
C3,879_89_246_55,user,26,2,0.011096875011100495,0.011521251105686359,1.038242847122397,1.0267215960167106,8,3.25,True,True,True,False,PASS,0.17283,False,1.0,0.17094,False,0.17094,False,0.0884,False
C3,87_229_759_25,model,28,2,0.41292087573375313,0.36674182544464484,0.8881648930753405,0.5214230676306957,6,4.67,True,True,True,False,PASS,0.15422,True,1.0,0.15422,True,0.1372,True,0.16023,True
C3,87_229_759_25,user,28,2,-0.02467335683865867,-0.025762411444445465,1.0441388909060174,1.0699013023504629,6,4.67,True,True,True,False,PASS,0.15561,False,1.0,0.09879,False,0.12782,False,0.08083,False
C3,881_377_191_55,model,28,2,-0.035983083988654484,-0.03426357576225414,0.9522134282058062,0.9864770039680604,8,3.5,True,True,True,False,PASS,0.14641,False,1.0,0.1763,False,0.129,False,0.27831,False
C3,881_377_191_55,user,28,2,0.18550888091848533,0.17755092604697276,0.9571020275034197,0.7795511014564469,7,4.0,True,True,True,False,PASS,0.15406,True,1.0,0.18551,False,0.18677,False,0.27671,False
C3,882_376_463_55,model,33,2,0.010652933318007715,0.010628365243499971,0.9976937737452825,0.9870654085017825,7,4.71,True,True,True,False,PASS,0.10976,False,1.0,0.1183,False,0.14408,False,0.08296,False
C3,882_376_463_55,user,33,2,0.4200260640313521,0.43573171168131974,1.0373920787182276,0.6016603670369078,7,4.71,True,True,True,False,PASS,0.10128,True,1.0,0.09544,True,0.08429,True,0.17592,True
C3,883_452_33_55,model,42,2,0.8614534915075692,0.719940021833073,0.8357270925597581,0.11578707072668504,5,8.4,True,True,True,False,PASS,0.10944,True,1.0,0.10867,True,0.11802,True,0.05619,True
C3,883_452_33_55,user,42,2,0.024009088102651736,0.01756311384722742,0.7315194051575671,0.7139562913103397,5,8.4,True,True,True,False,PASS,0.13799,False,1.0,0.04806,False,0.10406,False,0.08311,False
C3,884_874_875_14,model,32,2,-0.022005796404609538,-0.02040230109019625,0.9271330478147383,0.9475353489049345,8,4.0,True,True,True,False,PASS,0.1593,False,1.0,0.16276,False,0.16168,False,0.24221,False
C3,884_874_875_14,user,32,2,0.13568951882937574,0.14112585205677264,1.0400645036867797,0.8989386516300071,7,4.57,True,True,True,False,PASS,0.13569,False,1.0,0.12822,True,0.13569,False,0.16455,False
C3,885_221_745_6,model,27,2,0.21963576329573611,0.21127747005666941,0.9619447529234463,0.7506672828667769,7,3.86,True,True,True,False,PASS,0.17324,True,1.0,0.21964,False,0.18535,True,0.27959,False
C3,885_221_745_6,user,27,2,0.08748484521043215,0.08768176813382333,1.00225093755287,0.9145691694190468,7,3.86,True,True,True,False,PASS,0.15893,False,1.0,0.17243,False,0.16048,False,0.29044,False
C3,886_1081_246_30,model,43,2,0.08114276728149082,0.06577789903648534,0.8106440196733308,0.7448661206368454,7,6.14,True,True,True,False,PASS,0.11773,False,1.0,0.13919,False,0.13395,False,0.13565,False
C3,886_1081_246_30,user,43,2,0.008824361241632425,0.00759215640658184,0.8603632828133588,0.852771126406777,8,5.38,True,True,True,False,PASS,0.1287,False,1.0,0.08037,False,0.09609,False,0.1467,False
C3,887_1470_1166_30,model,31,2,0.02131414586636485,0.020025026653021638,0.9395181387316333,0.9194931120786116,7,4.43,True,True,True,False,PASS,0.13469,False,1.0,0.16058,False,0.17127,False,0.22362,False
C3,887_1470_1166_30,user,31,2,0.42955794643678114,0.4332157055222752,1.0085151703415929,0.5752994648193177,7,4.43,True,True,True,False,PASS,0.13819,True,1.0,0.13764,True,0.16084,True,0.11937,True
C3,888_156_371_10,model,28,2,0.016952071499239905,0.017009571176241245,1.0033918967958528,0.9863823256196116,7,4.0,True,True,True,False,PASS,0.15207,False,1.0,0.13395,False,0.13395,False,0.06652,False
C3,888_156_371_10,user,28,2,0.39437738516196263,0.3939832902336836,0.9990007162096347,0.6050174259759511,7,4.0,True,True,True,False,PASS,0.16887,True,1.0,0.19533,True,0.20438,True,0.23278,True
C3,889_376_318_10,model,31,2,0.23169178461680287,0.20917919397360696,0.9028338847644957,0.6936546907908887,5,6.2,True,True,True,False,PASS,0.15167,True,1.0,0.13119,True,0.16316,True,0.15941,True
C3,889_376_318_10,user,31,2,0.4437135086204035,0.37297883062289383,0.8405847993732751,0.4676059687503813,5,6.2,True,True,True,False,PASS,0.17435,True,1.0,0.15809,True,0.30093,True,0.07325,True
C3,890_261_791_52,model,26,2,0.1049371207407471,0.091166637904038,0.8687739596864886,0.7776073217824506,7,3.71,True,True,True,False,PASS,0.15731,False,1.0,0.10494,False,0.15731,False,0.03862,True
C3,890_261_791_52,user,26,2,0.008292881554346047,0.008547036962793797,1.0306474181238674,1.0221003811610736,8,3.25,True,True,True,False,PASS,0.15712,False,1.0,0.15631,False,0.15687,False,0.09366,False
C3,891_657_658_32,model,26,2,-0.016137395109770938,-0.015843538159824977,0.9817903107690513,0.9976338489288763,6,4.33,True,True,True,False,PASS,0.18045,False,1.0,0.0583,False,0.10617,False,0.0928,False
C3,891_657_658_32,user,26,2,0.28840307608807536,0.2620473918537184,0.9086151070513956,0.6465677151976772,6,4.33,True,True,True,False,PASS,0.20135,True,1.0,0.14046,True,0.1851,True,0.20667,True
C3,892_324_376_20,model,29,2,0.09438585455565769,0.08915698710949593,0.9446011537345527,0.8554441666250567,7,4.14,True,True,True,False,PASS,0.16926,False,1.0,0.10532,False,0.1627,False,0.20302,False
C3,892_324_376_20,user,29,2,0.059742082160854866,0.05011352192177465,0.8388311908320264,0.7887176689102517,7,4.14,True,True,True,False,PASS,0.22743,False,1.0,0.1309,False,0.22743,False,0.12918,False
C3,893_302_562_36,model,29,2,0.06421954806260868,0.0658980287797919,1.0261366012035282,0.9602385724237363,8,3.62,True,True,True,False,PASS,0.12619,False,1.0,0.12331,False,0.14527,False,0.05197,True
C3,893_302_562_36,user,29,2,-0.04624237199086348,-0.04745099042629386,1.0261366012035278,1.0735875916298216,8,3.62,True,True,True,False,PASS,0.14201,False,1.0,0.15839,False,0.17311,False,0.05751,False
C3,895_510_191_1,model,34,2,0.37585458879475075,0.31406610578954663,0.8356053515181479,0.5215392457286012,5,6.8,True,True,True,False,PASS,0.15189,True,1.0,0.17012,True,0.17012,True,0.12758,True
C3,895_510_191_1,user,34,2,0.3961626605787202,0.33725086372464275,0.8512939185938972,0.5140430548692545,6,5.67,True,True,True,False,PASS,0.16712,True,1.0,0.15939,True,0.17874,True,0.19907,True
C3,896_233_270_16,model,33,2,-0.022921484408851923,-0.02128015649623327,0.9283934721093021,0.9496736286055354,6,5.5,True,True,True,False,PASS,0.14884,False,1.0,0.05528,False,0.1315,False,0.37728,False
C3,896_233_270_16,user,33,2,0.5995852543174299,0.5524308144761958,0.9213549040746258,0.36892408959843004,6,5.5,True,True,True,False,PASS,0.1584,True,1.0,0.12068,True,0.16763,True,0.35346,True
C3,897_1415_1289_13,model,26,2,0.1675093934024465,0.139685831373919,0.833898496893959,0.69421266552004,7,3.71,True,True,True,False,PASS,0.23005,False,1.0,0.16751,False,0.19251,False,0.17994,False
C3,897_1415_1289_13,user,26,2,0.010010971616534959,0.010317782049493074,1.0306474181238674,1.0203296360743743,7,3.71,True,True,True,False,PASS,0.20574,False,1.0,0.2181,False,0.16301,False,0.16052,False
C3,898_98_539_9,model,30,2,-0.04071196314066878,-0.04041529705814906,0.9927130489508778,1.0331283460090268,8,3.75,True,True,True,False,PASS,0.14423,False,1.0,0.11564,False,0.11656,False,0.14238,False
C3,898_98_539_9,user,30,2,0.2141901249147594,0.19522242628170505,0.9114445699090803,0.7162221436273752,8,3.75,True,True,True,False,PASS,0.15139,True,1.0,0.12595,True,0.14226,True,0.19274,True
C3,899_98_294_13,model,35,2,-0.016484297476239203,-0.015405439650280961,0.9345523928142325,0.9499578324645135,6,5.83,True,True,True,False,PASS,0.1428,False,1.0,0.09107,False,0.11995,False,0.27929,False
C3,899_98_294_13,user,35,2,0.6276646037258613,0.591526769757937,0.9424249292481884,0.3508981594902514,6,5.83,True,True,True,False,PASS,0.11104,True,1.0,0.12651,True,0.11419,True,0.33362,True
C3,89_759_829_23,model,26,2,-0.007509201990440783,-0.006722530264759219,0.8952389712404863,0.9019615015052456,7,3.71,True,True,True,False,PASS,0.18471,False,1.0,0.17328,False,0.24348,False,0.20397,False
C3,89_759_829_23,user,26,2,0.21313535811769838,0.2240512395567631,1.0512157228883474,0.8271644833315843,7,3.71,True,True,True,False,PASS,0.1533,True,1.0,0.16239,True,0.16239,True,0.17726,True
C3,8_1384_1385_18,model,26,2,-0.01860116368836998,-0.019553835733234326,1.0512157228883474,1.0707695586215817,8,3.25,True,True,True,False,PASS,0.15512,False,1.0,0.15414,False,0.15123,False,0.14658,False
C3,8_1384_1385_18,user,26,2,0.12894141324390576,0.1355318164053123,1.051111609494617,0.9155797930893046,8,3.25,True,True,True,False,PASS,0.15381,False,1.0,0.16022,False,0.16106,False,0.02898,True
C3,900_858_1169_41,model,31,2,0.36495140568656564,0.2553127590730494,0.6995801498359534,0.444267390762904,5,6.2,True,True,True,False,PASS,0.10822,True,1.0,0.10822,True,0.16743,True,0.04788,True
C3,900_858_1169_41,user,31,2,0.17032499475006407,0.13771804475849458,0.8085603933854973,0.6708423486270028,6,5.17,True,True,True,False,PASS,0.14447,True,1.0,0.17032,False,0.1942,False,0.06676,True
C3,901_943_944_41,model,28,2,0.05429530997930804,0.051364104044478776,0.9460136439787092,0.8946495399342305,8,3.5,True,True,True,False,PASS,0.16238,False,1.0,0.19215,False,0.16167,False,0.35088,False
C3,901_943_944_41,user,28,2,0.16028346923792375,0.15660644190026807,0.9770592229183813,0.8204527810181133,7,4.0,True,True,True,False,PASS,0.1485,True,1.0,0.16028,False,0.13831,True,0.20776,False
C3,902_98_696_41,model,31,2,0.33034115848983153,0.32945112276780764,0.9973057074507679,0.6678545846829602,7,4.43,True,True,True,False,PASS,0.13443,True,1.0,0.14174,True,0.15372,True,0.24231,True
C3,902_98_696_41,user,31,2,0.007853090331767754,0.007090036051636384,0.9028338847644957,0.8957438487128593,8,3.88,True,True,True,False,PASS,0.15661,False,1.0,0.18838,False,0.12602,False,0.24559,False
C3,904_98_1079_18,model,32,2,0.03014263819256022,0.026802157437839758,0.8891775586005289,0.8623754011626892,8,4.0,True,True,True,False,PASS,0.1341,False,1.0,0.1386,False,0.18174,False,0.27431,False
C3,904_98_1079_18,user,32,2,0.37279301324501224,0.33791418171451726,0.9064391490953951,0.5685249673808779,7,4.57,True,True,True,False,PASS,0.13882,True,1.0,0.1097,True,0.14998,True,0.21194,True
C3,905_127_610_30,model,36,2,0.519231402190045,0.4186621361322409,0.8063112792608129,0.387649143128572,5,7.2,True,True,True,False,PASS,0.15112,True,1.0,0.18589,True,0.20418,True,0.18751,True
C3,905_127_610_30,user,36,2,0.3286078483341081,0.2516771031276216,0.7658888988912155,0.5142117957635939,5,7.2,True,True,True,False,PASS,0.16849,True,1.0,0.08494,True,0.16217,True,0.16849,True
C3,906_98_99_58,model,28,2,0.37432148043662977,0.33379205471692397,0.8917256213230671,0.5579335666061431,6,4.67,True,True,True,False,PASS,0.20086,True,1.0,0.20486,True,0.28065,True,0.29881,True
C3,906_98_99_58,user,28,2,-0.02216586583549371,-0.022293786178331,1.0057710510289408,1.0280648372072718,6,4.67,True,True,True,False,PASS,0.14964,False,1.0,0.0642,False,0.09774,False,0.10292,False
C3,907_22_23_57,model,25,2,0.10579320894170106,0.09495135579290037,0.8975184394418431,0.8025670836489427,7,3.57,True,True,True,False,PASS,0.19645,False,1.0,0.15942,False,0.17423,False,0.09966,True
C3,907_22_23_57,user,25,2,0.03358515129748638,0.03472027351422535,1.0337983356598404,0.999078062145615,7,3.57,True,True,True,False,PASS,0.19071,False,1.0,0.13856,False,0.16912,False,0.06504,False
C3,908_22_1079_14,model,41,2,-0.008543601580728167,-0.008607502385877819,1.0074793755942217,1.0160868779800996,8,5.12,True,True,True,False,PASS,0.10022,False,1.0,0.11469,False,0.11361,False,0.02886,False
C3,908_22_1079_14,user,41,2,-0.022306786765612378,-0.02073233394197227,0.9294182151744397,0.950150549116412,8,5.12,True,True,True,False,PASS,0.10999,False,1.0,0.09703,False,0.10826,False,0.02566,False
C3,909_969_172_2,model,26,2,0.12601192728203248,0.13083098215267785,1.038242847122397,0.9074118649697192,7,3.71,True,True,True,False,PASS,0.15768,False,1.0,0.15768,False,0.16458,False,0.07657,True
C3,909_969_172_2,user,26,2,0.056662891782784504,0.058714276507568774,1.0362033186136739,0.9774890421061051,8,3.25,True,True,True,False,PASS,0.16594,False,1.0,0.17696,False,0.1311,False,0.07476,False
C3,90_1135_1238_39,model,25,2,0.015210378046816915,0.014882269096811118,0.9784286130827327,0.9635463439859215,8,3.12,True,True,True,False,PASS,0.19293,False,1.0,0.16075,False,0.19352,False,0.08981,False
C3,90_1135_1238_39,user,25,2,-0.015849148202517517,-0.01657540498714294,1.0458230799122732,1.0623984848994161,8,3.12,True,True,True,False,PASS,0.16091,False,1.0,0.16091,False,0.18342,False,0.15006,False
C3,910_93_22_44,model,29,2,0.11078055953299636,0.11531783873384582,1.0409573594859667,0.9256395207521209,8,3.62,True,True,True,False,PASS,0.13889,False,1.0,0.14872,False,0.15409,False,0.03021,True
C3,910_93_22_44,user,29,2,-0.003591379067767548,-0.002986607052675838,0.8316045163487449,0.8345911234014207,7,4.14,True,True,True,False,PASS,0.13284,False,1.0,0.15706,False,0.17805,False,0.12066,False
C3,911_1079_172_2,model,34,2,0.1072134345591042,0.07657891067758493,0.714265996537671,0.637687085860086,5,6.8,True,True,True,False,PASS,0.15398,False,1.0,0.10721,False,0.14652,False,0.26982,False
C3,911_1079_172_2,user,34,2,0.09353370359526296,0.07756699367589315,0.829294582534007,0.7517275888581139,5,6.8,True,True,True,False,PASS,0.1591,False,1.0,0.09353,False,0.12831,False,0.16499,False
C3,912_587_22_30,model,33,2,0.14755202011768762,0.13046295889424608,0.8841828040726838,0.7537198451784377,7,4.71,True,True,True,False,PASS,0.15291,False,1.0,0.15291,False,0.16023,False,0.24523,False
C3,912_587_22_30,user,33,2,0.0010116363597224964,0.001019716373290347,1.0079870731119895,1.0069673567386992,7,4.71,True,True,True,False,PASS,0.12914,False,1.0,0.11582,False,0.09321,False,0.1969,False
C3,914_161_162_7,model,24,2,0.0042108502660395345,0.0030266666261139497,0.7187780222260539,0.71575135559994,6,4.0,True,True,True,False,PASS,0.20781,False,1.0,0.1448,False,0.20781,False,0.04763,False
C3,914_161_162_7,user,24,2,-0.04402998919579217,-0.04362510915790474,0.9908044483934118,1.0344295575513165,8,3.0,True,True,True,False,PASS,0.21314,False,1.0,0.25037,False,0.21314,False,0.02972,False
C3,915_92_1116_40,model,27,2,0.11322611851221144,0.10979398371639348,0.9696877819277379,0.8598937982113444,6,4.5,True,True,True,False,PASS,0.16206,False,1.0,0.16001,False,0.16001,False,0.28502,False
C3,915_92_1116_40,user,27,2,0.4880159808067535,0.48605857749008463,0.9959890589782879,0.5099304814882033,6,4.5,True,True,True,False,PASS,0.17381,True,1.0,0.17947,True,0.15983,True,0.23745,True
C3,916_16_17_40,model,25,2,0.12605397060302417,0.13195441211387182,1.0468088508646,0.9148544387507282,5,5.0,True,True,True,False,PASS,0.18033,False,1.0,0.16982,False,0.10329,True,0.12424,True
C3,916_16_17_40,user,25,2,0.640581344559336,0.6406201011708945,1.00006050224829,0.3594404010773955,5,5.0,True,True,True,False,PASS,0.18857,True,1.0,0.14346,True,0.16729,True,0.121,True
C3,918_543_34_46,model,28,2,0.43423595339120524,0.34779151662546914,0.8009275001513799,0.4531359835259108,5,5.6,True,True,True,False,PASS,0.20464,True,1.0,0.16049,True,0.22124,True,0.16604,True
C3,918_543_34_46,user,28,2,0.2264402038096495,0.23050828147967728,1.0179653506823705,0.7874570692026932,5,5.6,True,True,True,False,PASS,0.17754,True,1.0,0.07449,True,0.17053,True,0.1823,True
C3,91_914_763_20,model,25,2,0.039063733198173564,0.040153136311437576,1.0278878392840074,0.9877347029725698,7,3.57,True,True,True,False,PASS,0.17475,False,1.0,0.12078,False,0.1241,False,0.09529,False
C3,91_914_763_20,user,25,2,0.19765325638783793,0.18985673698970018,0.9605545613534476,0.7706978243637475,7,3.57,True,True,True,False,PASS,0.19446,True,1.0,0.16139,True,0.18326,True,0.08546,True
C3,920_501_502_22,model,36,2,0.008505287722869797,0.008808185617385389,1.0356128921660266,1.0268047065486412,8,4.5,True,True,True,False,PASS,0.08907,False,1.0,0.09131,False,0.08964,False,0.12397,False
C3,920_501_502_22,user,36,2,0.023486785388725707,0.023277219350137934,0.9910772787710501,0.9678000594209122,8,4.5,True,True,True,False,PASS,0.10419,False,1.0,0.10233,False,0.16834,False,0.08258,False
C3,921_860_861_46,model,37,2,0.316336460487688,0.2978621634916834,0.9415992169618284,0.643737053470145,7,5.29,True,True,True,False,PASS,0.11979,True,1.0,0.1303,True,0.14345,True,0.42899,False
C3,921_860_861_46,user,37,2,0.06952751151988813,0.06204473672381983,0.892376778163161,0.8303320414393411,7,5.29,True,True,True,False,PASS,0.14132,False,1.0,0.14043,False,0.1252,False,0.32304,False
C3,922_1497_382_0,model,35,2,0.03315165534499264,0.03343248710833158,1.0084711233999166,0.975038636291585,8,4.38,True,True,True,False,PASS,0.10796,False,1.0,0.14553,False,0.11809,False,0.13963,False
C3,922_1497_382_0,user,35,2,0.004440186846091624,0.004268665144852024,0.961370611826712,0.95710194668186,8,4.38,True,True,True,False,PASS,0.11695,False,1.0,0.12413,False,0.09053,False,0.28993,False
C3,923_943_92_18,model,32,2,0.07902331058707465,0.07612645951078012,0.9633418157911452,0.8872153562803651,8,4.0,True,True,True,False,PASS,0.12462,False,1.0,0.12152,False,0.11941,False,0.11941,False
C3,923_943_92_18,user,32,2,-0.03808447844514791,-0.038718620263567205,1.016650925634511,1.0553695458980783,8,4.0,True,True,True,False,PASS,0.12246,False,1.0,0.14145,False,0.11696,False,0.24711,False
C3,924_17_1042_0,model,32,2,0.02095027071213117,0.02038754515997243,0.9731399388632771,0.9527523937033047,5,6.4,True,True,True,False,PASS,0.13173,False,1.0,0.05095,False,0.12794,False,0.23912,False
C3,924_17_1042_0,user,32,2,0.8336663757965889,0.8475476926239702,1.016650925634511,0.16910323301054087,5,6.4,True,True,True,False,PASS,0.1127,True,1.0,0.14225,True,0.1306,True,0.31984,True
C3,925_318_875_32,model,31,2,0.13103969885343492,0.12720812664900571,0.9707602181785022,0.8435520915294965,7,4.43,True,True,True,False,PASS,0.14275,False,1.0,0.13561,False,0.15128,False,0.3274,False
C3,925_318_875_32,user,31,2,0.31478021442182236,0.28121501757982803,0.8933694199819842,0.6121544024021561,7,4.43,True,True,True,False,PASS,0.16053,True,1.0,0.15625,True,0.15625,True,0.24951,True
C3,926_162_383_42,model,24,2,0.05568207842027957,0.050745292781391504,0.9113397743233292,0.8605944815419377,7,3.43,True,True,True,False,PASS,0.19409,False,1.0,0.16657,False,0.21642,False,0.25944,False
C3,926_162_383_42,user,24,2,-0.014157420259657974,-0.014546296295338657,1.0274680011293298,1.0420142974246684,8,3.0,True,True,True,False,PASS,0.16553,False,1.0,0.19209,False,0.19209,False,0.27634,False
C3,927_502_943_45,model,37,2,0.07714278201864926,0.07675984009849357,0.9950359332378872,0.9182760931393936,7,5.29,True,True,True,False,PASS,0.10731,False,1.0,0.09846,False,0.09596,False,0.19376,False
C3,927_502_943_45,user,37,2,0.047193132734788146,0.044423999531057023,0.9413233866187088,0.8968993870876518,7,5.29,True,True,True,False,PASS,0.11918,False,1.0,0.0903,False,0.11783,False,0.1987,False
C3,928_1497_17_13,model,32,2,-0.00609791364650113,-0.006216643237215047,1.0194705267402469,1.025687169977462,6,5.33,True,True,True,False,PASS,0.12893,False,1.0,0.06332,False,0.11128,False,0.13172,False
C3,928_1497_17_13,user,32,2,0.5405350228722794,0.45880497587729574,0.8487978696353681,0.38999289375807233,5,6.4,True,True,True,False,PASS,0.18324,True,1.0,0.19289,True,0.1989,True,0.24847,True
C3,929_409_1425_25,model,32,2,0.03142884441884894,0.03275682389095169,1.0422535252777643,1.0094967013868126,8,4.0,True,True,True,False,PASS,0.12508,False,1.0,0.14137,False,0.12279,False,0.08619,False
C3,929_409_1425_25,user,32,2,0.06996936930476505,0.06992106405715393,0.9993096229379927,0.9293885588808388,7,4.57,True,True,True,False,PASS,0.1311,False,1.0,0.13009,False,0.12771,False,0.13329,False
C3,92_1037_1038_3,model,25,2,0.06278987022698557,0.06381134067479444,1.0162680770658747,0.9524567363910803,7,3.57,True,True,True,False,PASS,0.17601,False,1.0,0.10787,False,0.1513,False,-0.03242,True
C3,92_1037_1038_3,user,25,2,0.25451641270747527,0.25145194652662195,0.9879596519994355,0.7365077054728135,7,3.57,True,True,True,False,PASS,0.18935,True,1.0,0.18935,True,0.18638,True,0.11739,True
C3,930_382_383_36,model,33,2,-0.010395477017441776,-0.010463876909896364,1.0065797742941305,1.0170436512040268,8,4.12,True,True,True,False,PASS,0.12444,False,1.0,0.13048,False,0.13048,False,0.21969,False
C3,930_382_383_36,user,33,2,0.07337987180295207,0.07399243193598104,1.0083477950830153,0.9343553631470343,8,4.12,True,True,True,False,PASS,0.11291,False,1.0,0.12593,False,0.11953,False,0.27556,False
C3,931_861_17_21,model,27,2,0.03878425577949318,0.04050256766808458,1.0443043666574605,1.003801798989376,6,4.5,True,True,True,False,PASS,0.18746,False,1.0,0.09587,False,0.09587,False,0.17341,False
C3,931_861_17_21,user,27,2,0.47171692177747027,0.38546824085047116,0.8171600870242123,0.4316918461737411,5,5.4,True,True,True,False,PASS,0.24338,True,1.0,0.24402,True,0.19088,True,0.27681,True
C3,932_798_860_7,model,30,2,-0.021402792668163657,-0.019809528602357185,0.9255581226941272,0.9453676512964844,6,5.0,True,True,True,False,PASS,0.13787,False,1.0,0.10228,False,0.12427,False,0.14341,False
C3,932_798_860_7,user,30,2,0.45820408792398576,0.4439770499385671,0.968950434183427,0.5249733842448598,6,5.0,True,True,True,False,PASS,0.152,True,1.0,0.18573,True,0.18717,True,0.16605,True
C3,933_96_97_7,model,25,2,-0.05071515205227148,-0.05071822043299301,1.00006050224829,1.050778722681283,8,3.12,True,True,True,False,PASS,0.18453,False,1.0,0.16558,False,0.19642,False,0.1331,False
C3,933_96_97_7,user,25,2,0.24089792038803168,0.23139559624928352,0.9605545613534476,0.7291589651041641,7,3.57,True,True,True,False,PASS,0.22095,True,1.0,0.16175,True,0.16337,True,0.09125,True
C3,934_559_17_35,model,27,2,-0.04903003668684283,-0.05112379104086817,1.0427035037195311,1.0938272947603993,8,3.38,True,True,True,False,PASS,0.14826,False,1.0,0.13636,False,0.13636,False,0.03553,False
C3,934_559_17_35,user,27,2,0.18562005970773993,0.19354668661788899,1.0427035037195311,0.8491568171016421,8,3.38,True,True,True,False,PASS,0.13292,True,1.0,0.11103,True,0.13282,True,0.07745,True
C3,935_502_383_23,model,34,2,-0.0006961820012214209,-0.0006788191382878228,0.9750598795959451,0.9757386987342329,6,5.67,True,True,True,False,PASS,0.13271,False,1.0,0.06391,False,0.06391,False,0.21437,False
C3,935_502_383_23,user,34,2,0.23436601673011956,0.19166881158816973,0.8178182752872525,0.6261494636990828,6,5.67,True,True,True,False,PASS,0.14823,True,1.0,0.18075,True,0.14823,True,0.30685,False
C3,937_409_97_27,model,26,2,0.0903143744049609,0.08783537614155412,0.9725514539657752,0.8847160778242211,7,3.71,True,True,True,False,PASS,0.16499,False,1.0,0.26416,False,0.179,False,0.26897,False
C3,937_409_97_27,user,26,2,0.25705184588458324,0.2666556144534984,1.0373612122327542,0.7707055977792558,7,3.71,True,True,True,False,PASS,0.17625,True,1.0,0.20167,True,0.20053,True,0.35764,False
C3,938_798_409_27,model,26,2,0.0,0.0,0.9803389502303297,0.9803389502303297,4,6.5,True,True,True,False,PASS,0.1803,False,1.0,0.0,False,0.17231,False,0.43096,False
C3,938_798_409_27,user,26,2,1.0,0.9803389502303297,0.9803389502303297,0.0,4,6.5,True,True,True,True,PASS,0.19069,True,1.0,0.14921,True,0.1865,True,0.4902,True
C3,939_632_456_43,model,43,2,0.0727435093437627,0.07152963038980531,0.9833128898384461,0.9117832594486408,7,6.14,True,True,True,False,PASS,0.09957,False,1.0,0.12302,False,0.10901,False,0.12712,False
C3,939_632_456_43,user,43,2,0.04282328772352213,0.031040680427017464,0.7248551448787367,0.6938144644517192,7,6.14,True,True,True,False,PASS,0.13385,False,1.0,0.11102,False,0.12675,False,0.20988,False
C3,93_885_1431_13,model,41,2,-0.016705645948695325,-0.01668720356524056,0.9988960388894028,1.0155832424546434,8,5.12,True,True,True,False,PASS,0.08056,False,1.0,0.09191,False,0.09599,False,0.03035,False
C3,93_885_1431_13,user,41,2,0.16087201066338627,0.16207523285373537,1.0074793755942217,0.8454041427404864,8,5.12,True,True,True,False,PASS,0.07437,True,1.0,0.07741,True,0.10402,True,0.03203,True
C3,940_711_676_17,model,31,2,0.0015519297783185197,0.0012669030824105088,0.816340468563706,0.8150735654812955,6,5.17,True,True,True,False,PASS,0.17863,False,1.0,0.16635,False,0.14222,False,0.19995,False
C3,940_711_676_17,user,31,2,0.14461457056773605,0.12769637512642984,0.8830118197987394,0.7553154446723096,6,5.17,True,True,True,False,PASS,0.15788,False,1.0,0.14461,False,0.15257,False,0.41547,False
C3,941_408_409_37,model,32,2,0.0050259251411157784,0.005023503765741566,0.9995182229527448,0.9944947191870033,8,4.0,True,True,True,False,PASS,0.12966,False,1.0,0.12389,False,0.12653,False,0.3187,False
C3,941_408_409_37,user,32,2,0.10455188005757339,0.09608207103624422,0.9189894144737989,0.8229073434375547,8,4.0,True,True,True,False,PASS,0.15641,False,1.0,0.15641,False,0.17482,False,0.27916,False
C3,942_1106_408_39,model,30,2,0.1597896564383141,0.15576737653792305,0.9748276578719359,0.8190602813340129,8,3.75,True,True,True,False,PASS,0.14498,True,1.0,0.15697,True,0.14451,True,0.04868,True
C3,942_1106_408_39,user,30,2,-0.015632845029342642,-0.015930501107551898,1.0190404291509676,1.0349709302585195,8,3.75,True,True,True,False,PASS,0.13904,False,1.0,0.13814,False,0.17172,False,0.01967,False
C3,943_258_96_39,model,26,2,0.07105031036477585,0.07362256738851225,1.0362033186136739,0.9625807512251616,8,3.25,True,True,True,False,PASS,0.16008,False,1.0,0.11727,False,0.16594,False,0.09567,False
C3,943_258_96_39,user,26,2,-0.01860116368837019,-0.019553835733234548,1.0512157228883474,1.070769558621582,8,3.25,True,True,True,False,PASS,0.15512,False,1.0,0.15414,False,0.15701,False,0.07098,False
C3,944_1232_1233_27,model,45,2,0.038659222994243535,0.03786546464350893,0.979467814165515,0.941602349522006,6,7.5,True,True,True,False,PASS,0.09312,False,1.0,0.03866,False,0.13232,False,0.08405,False
C3,944_1232_1233_27,user,45,2,0.2366596920838465,0.18844368684714408,0.796264396306153,0.6078207094590089,6,7.5,True,True,True,False,PASS,0.10609,True,1.0,0.0865,True,0.1019,True,0.12066,True
C3,945_96_100_45,model,32,2,0.15790037946293772,0.1600060807488306,1.0133356315738755,0.8533295508250449,7,4.57,True,True,True,False,PASS,0.12713,True,1.0,0.13637,True,0.12633,True,0.09293,True
C3,945_96_100_45,user,32,2,-0.02133555503942167,-0.02162007814085154,1.0133356315738755,1.034955709714727,8,4.0,True,True,True,False,PASS,0.12791,False,1.0,0.12855,False,0.13613,False,0.09676,False
C3,946_1493_1494_45,model,47,2,-0.02760986968555855,-0.02836823531784005,1.0274671934680724,1.0558354287859124,8,5.88,True,True,True,False,PASS,0.06437,False,1.0,0.06523,False,0.07556,False,0.06297,False
C3,946_1493_1494_45,user,47,2,0.026506870764006426,0.026214860379009552,0.9889835964570592,0.9627687360780497,8,5.88,True,True,True,False,PASS,0.06658,False,1.0,0.06433,False,0.07695,False,0.10858,False
C3,947_438_798_21,model,29,2,0.042920782669421155,0.04048717145677028,0.9432999339412163,0.902812762484446,5,5.8,True,True,True,False,PASS,0.15045,False,1.0,0.14812,False,0.09712,False,0.36863,False
C3,947_438_798_21,user,29,2,0.6635302229370246,0.6613875323818881,0.996770771728148,0.3353832393462599,6,4.83,True,True,True,False,PASS,0.15251,True,1.0,0.16991,True,0.17481,True,0.3939,True
C3,948_653_632_20,model,38,2,0.41504786144265315,0.3217543303880167,0.7752222340566698,0.4534679036686531,6,6.33,True,True,True,False,PASS,0.14255,True,1.0,0.20547,True,0.13771,True,0.24569,True
C3,948_653_632_20,user,38,2,0.0016236683720506058,0.0015624087021552935,0.9622708239257352,0.9607084152235799,6,6.33,True,True,True,False,PASS,0.11695,False,1.0,0.07016,False,0.08201,False,0.17495,False
C3,949_52_53_20,model,39,2,0.060477236257258,0.046025831179181576,0.7610438906863558,0.7150180595071742,7,5.57,True,True,True,False,PASS,0.15745,False,1.0,0.14278,False,0.12119,False,0.13909,False
C3,949_52_53_20,user,39,2,-0.005358404115694669,-0.004748472896033862,0.8861729711885056,0.8909214440845394,8,4.88,True,True,True,False,PASS,0.13679,False,1.0,0.1189,False,0.14178,False,0.18482,False
C3,94_550_1238_24,model,31,2,0.02291705438949781,0.02394800360091187,1.044986113568178,1.021038109967266,8,3.88,True,True,True,False,PASS,0.09628,False,1.0,0.13768,False,0.13768,False,0.14855,False
C3,94_550_1238_24,user,31,2,0.177862021957059,0.17877562708548056,1.005136594751195,0.8263609676657144,8,3.88,True,True,True,False,PASS,0.12591,True,1.0,0.13716,True,0.10336,True,0.13187,True
C3,950_797_798_14,model,27,2,0.05662681060448516,0.05491032637270532,0.9696877819277379,0.9147774555550325,5,5.4,True,True,True,False,PASS,0.17991,False,1.0,0.13461,False,0.1339,False,0.10821,False
C3,950_797_798_14,user,27,2,0.7368988723106331,0.7015733812856549,0.9520619553749473,0.25048857408929237,5,5.4,True,True,True,False,PASS,0.18723,True,1.0,0.17861,True,0.19173,True,-0.01772,True
C3,952_823_676_19,model,34,2,0.49182832093238554,0.4218372716160217,0.8576921125979935,0.4358548409819718,7,4.86,True,True,True,False,PASS,0.13649,True,1.0,0.1866,True,0.17813,True,0.19707,True
C3,952_823_676_19,user,34,2,-0.031798761743229244,-0.028911967299933394,0.9092167655267105,0.9381287328266439,8,4.25,True,True,True,False,PASS,0.14175,False,1.0,0.10473,False,0.17399,False,0.19366,False
C3,954_285_492_1,model,38,2,0.37475048235466735,0.36072115316571596,0.9625635460138677,0.6018423928481518,7,5.43,True,True,True,False,PASS,0.11461,True,1.0,0.10457,True,0.18932,True,0.10798,True
C3,954_285_492_1,user,38,2,0.016546316167040703,0.015437660210744886,0.9329968105828779,0.917559150372133,7,5.43,True,True,True,False,PASS,0.11735,False,1.0,0.1387,False,0.09414,False,0.17975,False
C3,956_550_1118_17,model,31,2,0.028289758181589957,0.02627746710210188,0.9288685655574954,0.9025910984553935,7,4.43,True,True,True,False,PASS,0.13923,False,1.0,0.16609,False,0.15259,False,0.17559,False
C3,956_550_1118_17,user,31,2,0.25062639917992097,0.24948205068997908,0.9954340464783984,0.7459519957884193,7,4.43,True,True,True,False,PASS,0.14391,True,1.0,0.13417,True,0.13417,True,0.05464,True
C3,957_1530_823_60,model,33,2,0.08770365255576101,0.08508043604897775,0.9700899970486924,0.8850095609997146,7,4.71,True,True,True,False,PASS,0.12527,False,1.0,0.11229,False,0.14344,False,0.05547,True
C3,957_1530_823_60,user,33,2,0.10087348314329027,0.1042346181427738,1.0333203027668734,0.9290856846240996,8,4.12,True,True,True,False,PASS,0.11151,False,1.0,0.10087,False,0.11688,False,0.1008,True
C3,958_1260_1160_60,model,25,2,0.5739618721155816,0.5495304935760532,0.9574337952981509,0.40790330172209766,6,4.17,True,True,True,False,PASS,0.18928,True,1.0,0.18687,True,0.19533,True,0.09033,True
C3,958_1260_1160_60,user,25,2,0.12506565872381123,0.13195441211387182,1.0550810946854194,0.9231266825715476,5,5.0,True,True,True,False,PASS,0.17831,False,1.0,0.16848,False,0.1425,False,0.01499,True
C3,960_676_1118_32,model,30,2,0.06312209904081449,0.0637754073161596,1.0103499136637184,0.9465745063475588,7,4.29,True,True,True,False,PASS,0.13962,False,1.0,0.14113,False,0.13784,False,0.0886,False
C3,960_676_1118_32,user,30,2,0.18756046127082904,0.18669841084734196,0.9954038798068303,0.8087054689594884,7,4.29,True,True,True,False,PASS,0.14439,True,1.0,0.14834,True,0.15523,True,0.14577,True
C3,961_150_151_48,model,26,2,0.39361917346709313,0.3577480475278535,0.9088684485989896,0.5511204010711361,6,4.33,True,True,True,False,PASS,0.18438,True,1.0,0.1492,True,0.31101,True,0.21792,True
C3,961_150_151_48,user,26,2,0.14235307984980863,0.13570622174789582,0.953307240637676,0.8176010188897802,7,3.71,True,True,True,False,PASS,0.16512,False,1.0,0.16377,False,0.17963,False,0.03512,True
C3,962_1118_267_48,model,31,2,-0.017742328053409525,-0.01854373088531225,1.0451689783601268,1.063712709245439,8,3.88,True,True,True,False,PASS,0.09915,False,1.0,0.14182,False,0.13874,False,0.03193,False
C3,962_1118_267_48,user,31,2,0.03267208515044953,0.031930377739440075,0.9772984366441867,0.9453680589047466,8,3.88,True,True,True,False,PASS,0.14502,False,1.0,0.14757,False,0.16131,False,0.18164,False
C3,963_302_150_1,model,34,2,0.04450155309563132,0.04046155816652508,0.9092167655267105,0.8687552073601854,7,4.86,True,True,True,False,PASS,0.16197,False,1.0,0.14432,False,0.15628,False,0.19124,False
C3,963_302_150_1,user,34,2,0.5563468993297053,0.4648864463804301,0.8356053515181481,0.370718905137718,6,5.67,True,True,True,False,PASS,0.16709,True,1.0,0.16295,True,0.2581,True,0.23194,True
C3,965_1467_760_20,model,28,2,0.004176309095040404,0.004246719304904056,1.0168594345536512,1.0126127152487472,8,3.5,True,True,True,False,PASS,0.14466,False,1.0,0.16767,False,0.13258,False,0.22099,False
C3,965_1467_760_20,user,28,2,-0.0056362803654650415,-0.005716776990288386,1.014281870241333,1.0199986472316214,8,3.5,True,True,True,False,PASS,0.1326,False,1.0,0.16993,False,0.14509,False,0.19299,False
C3,966_150_743_1,model,30,2,-0.048206987148797335,-0.043993316399457916,0.9125921158206101,0.956585432220068,8,3.75,True,True,True,False,PASS,0.14684,False,1.0,0.16962,False,0.16907,False,0.31085,False
C3,966_150_743_1,user,30,2,0.01862888058765529,0.01830111088725972,0.9824052927467488,0.9641041818594891,8,3.75,True,True,True,False,PASS,0.14699,False,1.0,0.14895,False,0.15449,False,0.32097,False
C3,967_434_150_12,model,27,2,-0.04786607441215153,-0.049958612225875276,1.0437165119434262,1.0936751241693015,8,3.38,True,True,True,False,PASS,0.14607,False,1.0,0.12619,False,0.15053,False,0.05602,False
C3,967_434_150_12,user,27,2,0.18404084396804374,0.19354668661788899,1.0516507229856857,0.8581040363677968,8,3.38,True,True,True,False,PASS,0.14075,True,1.0,0.11712,True,0.14198,True,0.13072,True
C3,969_443_444_49,model,29,2,0.09234023797681425,0.08304972623753748,0.8993882629844475,0.81633853674691,7,4.14,True,True,True,False,PASS,0.15909,False,1.0,0.14008,False,0.18988,False,0.18077,False
C3,969_443_444_49,user,29,2,0.03544198522891961,0.03641987587418294,1.027591305592707,0.9911714297185241,7,4.14,True,True,True,False,PASS,0.15583,False,1.0,0.13623,False,0.17348,False,0.20183,False
C3,96_391_392_58,model,37,2,0.002046273045931325,0.0019260172594901537,0.9412317986202867,0.9393057813607966,7,5.29,True,True,True,False,PASS,0.10553,False,1.0,0.10237,False,0.10449,False,0.16076,False
C3,96_391_392_58,user,37,2,0.19486783844857736,0.17620246735834788,0.9042152299792919,0.728012762620944,7,5.29,True,True,True,False,PASS,0.1115,True,1.0,0.11015,True,0.1388,True,0.17133,True
C3,970_492_1118_32,model,32,2,0.42817464640320385,0.4402275980644297,1.028149615495626,0.5879220174311963,6,5.33,True,True,True,False,PASS,0.13225,True,1.0,0.12939,True,0.13765,True,0.12472,True
C3,970_492_1118_32,user,32,2,-0.01524131044441348,-0.014573095398123459,0.9561576382341227,0.9707307336322462,6,5.33,True,True,True,False,PASS,0.12897,False,1.0,0.03609,False,0.11562,False,0.18784,False
C3,971_792_478_32,model,37,2,-0.008469894668246656,-0.008384942770286008,0.9899701352510168,0.9983550780213029,8,4.62,True,True,True,False,PASS,0.10302,False,1.0,0.1333,False,0.10122,False,0.15277,False
C3,971_792_478_32,user,37,2,0.12215420361884803,0.12348611344520255,1.0109035120110186,0.887417398565816,8,4.62,True,True,True,False,PASS,0.10253,True,1.0,0.09887,True,0.08014,True,0.14622,False
C3,972_1118_760_57,model,25,2,0.027283174985675555,0.028533374093304698,1.0458230799122732,1.0172897058189685,6,4.17,True,True,True,False,PASS,0.18436,False,1.0,0.17899,False,0.15464,False,0.22087,False
C3,972_1118_760_57,user,25,2,0.6264964427280624,0.6396916626897569,1.021061923199813,0.3813702605100562,5,5.0,True,True,True,False,PASS,0.17405,True,1.0,0.14702,True,0.17558,True,0.07258,True
C3,973_509_291_57,model,26,2,0.355525180251168,0.35943219784711156,1.0109894258212129,0.6515572279741013,7,3.71,True,True,True,False,PASS,0.15944,True,1.0,0.15944,True,0.16538,True,0.07328,True
C3,973_509_291_57,user,26,2,0.10781328244695469,0.10277918279359677,0.953307240637676,0.8505280578440793,6,4.33,True,True,True,False,PASS,0.18028,False,1.0,0.10781,False,0.18839,False,-0.00525,True
C3,974_539_492_13,model,47,2,0.004275123354619829,0.0043925489949010466,1.0274671934680724,1.0230746444731713,8,5.88,True,True,True,False,PASS,0.07349,False,1.0,0.07153,False,0.07908,False,0.04267,False
C3,974_539_492_13,user,47,2,0.017928765812428724,0.015687288068857885,0.8749786925089409,0.859291404440083,7,6.71,True,True,True,False,PASS,0.08924,False,1.0,0.08695,False,0.08186,False,0.08695,False
C3,975_1101_792_13,model,25,2,0.10736865172153388,0.09772447241013782,0.9101769542900777,0.8124524818799399,8,3.12,True,True,True,False,PASS,0.19771,False,1.0,0.23942,False,0.21408,False,0.09936,True
C3,975_1101_792_13,user,25,2,0.07797893410318596,0.08111978195571123,1.0402781583083598,0.9591583763526486,7,3.57,True,True,True,False,PASS,0.15862,False,1.0,0.14086,False,0.17234,False,0.00097,True
C3,976_150_470_32,model,34,2,0.034674581561018346,0.03395594806622859,0.9792749194817205,0.9453189714154919,8,4.25,True,True,True,False,PASS,0.14191,False,1.0,0.10499,False,0.11286,False,0.10694,False
C3,976_150_470_32,user,34,2,0.10691858044876543,0.10362041397631017,0.9691525415076407,0.8655321275313306,7,4.86,True,True,True,False,PASS,0.12619,False,1.0,0.13786,False,0.13501,False,0.05562,True
C3,977_743_302_35,model,25,2,-0.022887024603839207,-0.023935778561215093,1.0458230799122732,1.0697588584734883,6,4.17,True,True,True,False,PASS,0.17655,False,1.0,0.15769,False,0.15769,False,0.01302,False
C3,977_743_302_35,user,25,2,0.4778760139888901,0.4645026128131424,0.9720149143621621,0.5075123015490197,6,4.17,True,True,True,False,PASS,0.1924,True,1.0,0.2164,True,0.1924,True,0.01693,True
C3,978_434_380_32,model,28,2,-0.021921338781463937,-0.02214167609366613,1.0100512707913853,1.0321929468850515,8,3.5,True,True,True,False,PASS,0.14455,False,1.0,0.17319,False,0.15965,False,0.12677,False
C3,978_434_380_32,user,28,2,0.09614866618130295,0.10074672339994928,1.0478223713470554,0.9470756479471061,8,3.5,True,True,True,False,PASS,0.1368,False,1.0,0.10857,False,0.14597,False,0.18629,False
C3,979_803_760_58,model,25,2,0.14539214775519382,0.14388911480918942,0.9896622137494306,0.8457730989402412,7,3.57,True,True,True,False,PASS,0.18113,False,1.0,0.17322,False,0.15886,False,0.11329,True
C3,979_803_760_58,user,25,2,0.05737981960510628,0.05740038869337294,1.0003584725153933,0.9429580838220204,7,3.57,True,True,True,False,PASS,0.18082,False,1.0,0.16262,False,0.15269,False,0.22224,False
C3,97_915_1094_36,model,34,2,-0.021661951673660876,-0.022084887842114487,1.0195243796507896,1.041609267492904,8,4.25,True,True,True,False,PASS,0.09125,False,1.0,0.10024,False,0.10025,False,0.24766,False
C3,97_915_1094_36,user,34,2,-0.03775691755101761,-0.03892454408637658,1.0309248373832758,1.0698493814696524,8,4.25,True,True,True,False,PASS,0.10652,False,1.0,0.0875,False,0.10322,False,0.27999,False
C3,980_659_509_13,model,28,2,0.18659720239181585,0.19552072309691892,1.0478223713470554,0.8523016482501364,7,4.0,True,True,True,False,PASS,0.1421,True,1.0,0.13288,True,0.17796,True,0.18329,True
C3,980_659_509_13,user,28,2,0.10862643325706761,0.11058798902906353,1.0180578125708486,0.9074698235417851,7,4.0,True,True,True,False,PASS,0.15495,False,1.0,0.1503,False,0.15231,False,0.15302,False
C3,981_860_943_27,model,27,2,0.17994052955344905,0.18506086316973014,1.0284556993857248,0.8433948362159946,6,4.5,True,True,True,False,PASS,0.16123,True,1.0,0.17994,False,0.16123,True,0.18426,False
C3,981_860_943_27,user,27,2,0.2754188336543434,0.2250612780770903,0.8171600870242123,0.592098808947122,5,5.4,True,True,True,False,PASS,0.24338,True,1.0,0.04772,True,0.22259,True,0.14225,True
C3,982_394_395_19,model,24,2,0.48348183020003443,0.49051470015553655,1.0145462962953382,0.5240315961398017,6,4.0,True,True,True,False,PASS,0.20067,True,1.0,0.20067,True,0.17865,True,-0.03528,True
C3,982_394_395_19,user,24,2,0.0051118160148933365,0.00518617400525323,1.0145462962953382,1.009360122290085,7,3.43,True,True,True,False,PASS,0.18054,False,1.0,0.19635,False,0.17489,False,-0.00493,True
C3,983_478_434_57,model,30,2,0.2822286249374043,0.2680034698479856,0.9495970506444069,0.6815935807964213,7,4.29,True,True,True,False,PASS,0.16671,True,1.0,0.16187,True,0.16187,True,0.21415,True
C3,983_478_434_57,user,30,2,0.10238389656823567,0.0972234462146786,0.9495970506444069,0.8523736044297283,7,4.29,True,True,True,False,PASS,0.15168,False,1.0,0.15705,False,0.16111,False,0.35862,False
C3,984_792_803_19,model,26,2,-0.0361251302925354,-0.034131350123885906,0.9448090525209408,0.9789404026448267,8,3.25,True,True,True,False,PASS,0.17916,False,1.0,0.13035,False,0.17509,False,0.33656,False
C3,984_792_803_19,user,26,2,0.07212151669667678,0.07487964883394316,1.0382428471223966,0.9633631982884534,8,3.25,True,True,True,False,PASS,0.1717,False,1.0,0.18119,False,0.14632,False,0.07212,False
C3,985_1364_1365_19,model,29,2,0.5890988011344441,0.552609188613427,0.938058586351308,0.385449397737881,6,4.83,True,True,True,False,PASS,0.14972,True,1.0,0.17829,True,0.17946,True,0.12555,True
C3,985_1364_1365_19,user,29,2,0.07686205705184827,0.07240915414171933,0.9420663057830319,0.8696571516413125,5,5.8,True,True,True,False,PASS,0.1535,False,1.0,0.07686,False,0.1296,False,0.21244,False
C3,986_434_394_35,model,37,2,0.2545023435399639,0.2558718152979389,1.0053809789683132,0.7495091636703743,7,5.29,True,True,True,False,PASS,0.11506,True,1.0,0.09523,True,0.12318,True,0.12932,True
C3,986_434_394_35,user,37,2,0.12289465643340095,0.11655426563762494,0.9484079212246955,0.8318536555870706,7,5.29,True,True,True,False,PASS,0.11724,True,1.0,0.09396,True,0.07454,True,0.13558,False
C3,987_478_943_19,model,40,2,0.1824822676845731,0.17492495755499182,0.9585860575634431,0.7836611000084512,6,6.67,True,True,True,False,PASS,0.10766,True,1.0,0.09937,True,0.08882,True,0.09969,True
C3,987_478_943_19,user,40,2,0.11669157129318504,0.10314025581861708,0.8838706572857727,0.7807304014671557,6,6.67,True,True,True,False,PASS,0.12164,False,1.0,0.03722,True,0.09508,True,0.11846,False
C3,988_470_860_35,model,32,2,0.06905064498699867,0.07196827816040274,1.0422535252777643,0.9702852471173615,8,4.0,True,True,True,False,PASS,0.12762,False,1.0,0.15134,False,0.15095,False,0.22653,False
C3,988_470_860_35,user,32,2,-0.023777247208297613,-0.02236383704462419,0.9405561900714823,0.9629200271161065,8,4.0,True,True,True,False,PASS,0.1452,False,1.0,0.1452,False,0.12909,False,0.12739,False
C3,989_1316_1317_21,model,35,2,0.19328982886183033,0.19063955724558657,0.9862886131575073,0.7956490559119207,7,5.0,True,True,True,False,PASS,0.09535,True,1.0,0.12052,True,0.15817,True,0.081,True
C3,989_1316_1317_21,user,35,2,0.10263202825155773,0.10675112609955395,1.04013462384179,0.933383497742236,8,4.38,True,True,True,False,PASS,0.10243,True,1.0,0.10263,False,0.10263,False,0.07167,True
C3,98_978_849_12,model,32,2,-0.029717463074466988,-0.022025433926488813,0.7411613121650648,0.7631867460915536,6,5.33,True,True,True,False,PASS,0.17072,False,1.0,0.16052,False,0.18249,False,0.15585,False
C3,98_978_849_12,user,32,2,0.12211505683848584,0.11489598199526896,0.9408830079589193,0.8259870259636504,6,5.33,True,True,True,False,PASS,0.12719,False,1.0,0.12692,False,0.16105,False,0.12692,False
C3,990_593_594_21,model,33,2,-0.03532591405444613,-0.03379322645983551,0.9566129388117641,0.9904061652715996,8,4.12,True,True,True,False,PASS,0.15241,False,1.0,0.14283,False,0.1355,False,0.29949,False
C3,990_593_594_21,user,33,2,0.11680383385350761,0.10377557068444243,0.8884603121383422,0.7846847414538998,8,4.12,True,True,True,False,PASS,0.14761,False,1.0,0.12709,False,0.12783,False,0.2529,False
C3,991_803_394_21,model,29,2,0.08164977776514849,0.0814033615052272,0.9969820339177153,0.9155786724124881,7,4.14,True,True,True,False,PASS,0.16948,False,1.0,0.19568,False,0.17139,False,0.16948,False
C3,991_803_394_21,user,29,2,0.17345036739367717,0.15599922464421356,0.8993882629844475,0.743389038340234,7,4.14,True,True,True,False,PASS,0.1945,False,1.0,0.17345,False,0.17306,True,0.09928,True
C3,993_1333_743_30,model,33,2,0.4014751426897716,0.3522539744771912,0.8773992136030832,0.525145239125892,6,5.5,True,True,True,False,PASS,0.15108,True,1.0,0.19578,True,0.1565,True,0.05714,True
C3,993_1333_743_30,user,33,2,0.10991561231699987,0.08893977754875293,0.8091641912729194,0.7202244137241665,7,4.71,True,True,True,False,PASS,0.17253,False,1.0,0.10992,False,0.21812,False,0.08661,True
C3,994_913_408_32,model,39,2,0.5991995839332644,0.5546061060429688,0.925578256250488,0.37097215020751917,6,6.5,True,True,True,False,PASS,0.11181,True,1.0,0.09943,True,0.14142,True,0.15945,True
C3,994_913_408_32,user,39,2,-0.015460173860985341,-0.013056302878546866,0.8445120343371568,0.8575683372157037,6,6.5,True,True,True,False,PASS,0.13244,False,1.0,0.05518,False,0.07213,False,0.28925,False
C3,995_456_875_37,model,24,2,-0.03687069513644383,-0.02133177255995289,0.5785562892430547,0.5998880618030076,6,4.0,True,True,True,False,PASS,0.22787,False,1.0,0.22787,False,0.22787,False,0.24693,False
C3,995_456_875_37,user,24,2,0.05802207339361748,0.050407519726403005,0.8687645369796094,0.8183570172532064,7,3.43,True,True,True,False,PASS,0.23474,False,1.0,0.23556,False,0.23136,False,0.23474,False
C3,996_1193_257_18,model,26,2,0.0038061805544296083,0.0039517397354928985,1.0382428471223966,1.0342911073869037,7,3.71,True,True,True,False,PASS,0.15477,False,1.0,0.13752,False,0.15779,False,0.30996,False
C3,996_1193_257_18,user,26,2,0.19988243677759013,0.1905493742563792,0.953307240637676,0.7627578663812968,7,3.71,True,True,True,False,PASS,0.19988,False,1.0,0.19988,False,0.20222,False,0.32287,False
C3,997_284_220_54,model,24,2,0.07439450686191558,0.06467886630238295,0.8694037910948731,0.8047249247924901,7,3.43,True,True,True,False,PASS,0.18035,False,1.0,0.16482,False,0.11907,False,0.08768,False
C3,997_284_220_54,user,24,2,-0.044017036258498225,-0.027803928439003922,0.6316628924246555,0.6594668208636594,6,4.0,True,True,True,False,PASS,0.15534,False,0.833,0.09618,False,0.13713,False,0.1246,False
C3,998_987_391_38,model,26,2,0.25222661005384095,0.24841888148577984,0.9849035414334423,0.7364846599476624,7,3.71,True,True,True,False,PASS,0.16146,True,1.0,0.16068,True,0.19559,True,0.24783,True
C3,998_987_391_38,user,26,2,0.08352832359377033,0.08226734171750294,0.9849035414334423,0.9026361997159393,7,3.71,True,True,True,False,PASS,0.15982,False,1.0,0.16553,False,0.19511,False,0.36436,False
C3,99_1100_848_54,model,24,2,0.15914241704893833,0.16790509191228686,1.0550618435099794,0.8871567515976926,8,3.0,True,True,True,False,PASS,0.16571,False,1.0,0.13978,True,0.16662,False,-0.03258,True
C3,99_1100_848_54,user,24,2,-0.04926584005482305,-0.04581301628451051,0.9299144444412146,0.9757274607257251,8,3.0,True,True,True,False,PASS,0.20174,False,1.0,0.25377,False,0.21256,False,0.00768,False
C3,9_191_1020_18,model,37,2,0.059064833512109914,0.05854515077716138,0.9912014865014055,0.9326563357242441,7,5.29,True,True,True,False,PASS,0.10989,False,1.0,0.11658,False,0.13768,False,0.08005,False
C3,9_191_1020_18,user,37,2,0.17420022647417258,0.18081377024969547,1.0379651847152072,0.8571514144655117,7,5.29,True,True,True,False,PASS,0.09653,True,1.0,0.09694,True,0.1083,True,0.13843,True
