corpus,conv,n_turns,readings_A,readings_B,H_A_min,H_A_max,H_B_min,H_B_max,omega_A_min,omega_A_max,omega_B_min,omega_B_max,gap_min,gap_max,gap_positive,gap_negative,absA_gt_absB,n_compared,empty_A,empty_B,score
C3,0_550_1442_22,30,29,29,-0.0,4.7004,-0.0,4.4594,-3.8269,4.5788,-4.0875,4.335,-5.2138,8.5181,13,16,16,29,0,0,28
C3,1002_257_921_53,27,26,26,-0.0,4.2479,-0.0,4.0875,-4.1427,4.0374,-3.4594,3.585,-5.0,6.8448,12,14,18,26,0,0,30
C3,1004_807_419_53,25,24,24,-0.0,4.1699,-0.0,4.2018,-2.585,3.8366,-2.3219,3.3219,-3.9069,2.9567,13,11,16,24,0,0,28
C3,1005_285_179_32,41,40,40,-0.0,4.2433,-0.0,4.0716,-4.1699,4.0114,-3.4594,3.585,-4.6645,4.1072,24,15,18,40,0,0,28
C3,1006_419_221_32,30,29,29,-0.0,4.7189,-0.0,6.0017,-3.7004,3.7004,-2.3239,5.0017,-5.3219,5.3219,16,13,21,29,0,0,28
C3,1007_419_420_14,28,27,27,-0.0,4.0,-0.0,4.3219,-2.7255,3.8074,-4.3219,4.0,-4.46,6.0,12,14,7,27,0,0,27
C3,1008_408_420_38,32,31,31,-0.0,3.7004,-0.0,4.1427,-3.2516,3.7004,-3.585,4.1427,-4.4782,6.5078,13,18,12,31,0,0,25
C3,1009_919_627_37,31,30,30,-0.0,4.2776,-0.0,3.8431,-3.4594,3.0,-3.7081,3.7081,-3.4857,5.6824,12,17,13,30,0,0,27
C3,100_1109_1110_38,36,35,35,-0.0,5.1113,2.0,5.2223,-3.1699,4.2018,-1.6927,2.9003,-3.1699,3.5092,15,19,19,35,0,0,26
C3,1010_284_285_35,31,30,30,-0.0,4.335,-0.0,4.7433,-3.7004,3.8522,-3.5216,3.3372,-7.0376,5.6371,15,15,16,30,0,0,27
C3,1012_363_1463_24,34,33,33,-0.0,4.1562,-0.0,4.2276,-2.8074,2.7255,-3.1699,3.4594,-4.9032,3.9438,14,17,17,33,0,0,28
C3,1013_627_284_51,28,27,27,-0.0,4.3923,-0.0,4.1219,-2.585,2.7255,-3.4594,3.9987,-4.9987,3.585,14,13,12,27,0,0,30
C3,1014_331_332_30,35,34,34,-0.0,4.5122,-0.0,4.6753,-4.5122,2.585,-3.9477,3.4594,-4.4594,3.9453,15,19,14,34,0,0,28
C3,1015_681_682_10,28,27,27,-0.0,5.1013,-0.0,4.8125,-3.1013,2.3219,-4.8125,4.1659,-3.3219,5.9069,12,15,9,27,0,0,30
C3,1017_364_773_45,27,26,26,-0.0,4.0374,1.0,4.1416,-3.7736,3.8431,-2.1219,2.1416,-3.3443,3.8745,13,13,14,26,0,0,25
C3,1018_92_93_1,25,24,24,1.585,4.0875,-0.0,3.9069,-2.415,1.623,-3.585,3.4594,-5.4371,3.6668,12,12,10,24,0,0,30
C3,1019_975_976_37,30,29,29,-0.0,4.7359,2.0,4.2737,-3.9292,2.9292,-1.9842,2.0,-5.618,3.7004,15,14,18,29,0,0,21
C3,1020_929_263_37,28,27,27,-0.0,3.9698,-0.0,3.9698,-3.7004,3.8074,-3.6645,3.9698,-5.2142,5.2917,12,15,12,27,0,0,28
C3,1021_929_1271_22,28,27,27,-0.0,4.0,1.0,4.1427,-3.0,3.1699,-2.7004,3.1427,-4.0,2.8845,13,13,13,27,0,0,28
C3,1022_420_238_30,28,27,27,-0.0,4.2516,-0.0,3.8747,-3.3219,4.0588,-3.4594,3.8747,-4.6732,5.4919,12,15,16,27,0,0,29
C3,1023_681_929_30,28,27,27,-0.0,4.2776,-0.0,4.3496,-3.7004,4.0588,-3.9698,3.8842,-5.3104,5.5229,13,13,9,27,0,0,30
C3,1024_733_734_12,34,33,33,-0.0,4.8791,-0.0,4.4586,-3.4594,3.0958,-4.2479,3.9069,-5.7004,5.6073,18,15,15,33,0,0,26
C3,1025_929_40_7,30,29,29,-0.0,4.0,2.0,5.1535,-4.0,3.9069,-2.5016,2.5016,-3.1289,5.1357,11,18,21,29,0,0,30
C3,1026_681_1333_7,27,26,26,-0.0,4.0588,-0.0,4.8252,-2.8074,3.1219,-4.6835,4.1524,-5.8893,7.7793,12,14,14,26,0,0,30
C3,1027_382_1418_7,34,33,33,-0.0,4.83,-0.0,4.6818,-3.1699,2.7255,-4.5821,4.5466,-6.2385,5.7276,15,18,16,33,0,0,30
C3,102_506_1506_38,33,32,32,-0.0,4.6579,-0.0,4.9232,-3.4183,4.1699,-4.5176,3.0,-5.1285,8.6875,16,15,11,32,0,0,28
C3,1030_696_1333_18,40,39,39,-0.0,3.9987,-0.0,4.0716,-3.5466,3.585,-4.0588,2.585,-5.247,6.3807,18,21,14,39,0,0,30
C3,1031_733_89_42,27,26,26,-0.0,4.5236,1.0,4.5973,-3.1867,3.0588,-2.5973,2.6777,-5.3753,4.5104,13,13,15,26,0,0,30
C3,1032_906_994_42,26,25,25,2.0,4.5671,2.0,4.6645,-2.5671,1.9821,-2.2439,2.1683,-3.4486,2.3041,14,11,11,25,0,0,30
C3,1033_760_443_32,28,27,27,1.0,4.2971,-0.0,3.9069,-1.7004,2.0795,-3.8074,3.1699,-4.6294,5.0071,15,12,10,27,0,0,30
C3,1034_34_245_0,32,31,31,-0.0,4.8008,-0.0,4.6235,-3.5069,4.8008,-3.4594,2.3219,-4.1956,4.7565,16,14,18,31,0,0,27
C3,1035_733_760_32,29,28,28,-0.0,3.875,-0.0,3.8431,-1.875,3.4183,-2.8074,3.1219,-4.875,5.4183,11,17,11,28,0,0,27
C3,1036_1337_712_23,39,38,38,1.0,4.3977,-0.0,5.0006,-2.9698,2.1461,-4.1219,4.3168,-3.9018,5.7069,21,17,14,38,0,0,28
C3,1037_130_813_19,30,29,29,-0.0,4.3923,1.585,4.3685,-3.1699,2.3923,-1.8745,1.9987,-4.2668,3.8517,12,17,16,29,0,0,30
C3,1038_681_733_23,28,27,27,-0.0,4.3219,-0.0,4.0588,-4.1066,4.2089,-2.8074,3.0588,-4.4594,4.8954,11,16,15,27,0,0,30
C3,1039_977_1121_23,26,25,25,-0.0,4.7889,-0.0,4.4537,-4.7889,4.2971,-4.4537,4.3868,-5.6151,5.2878,12,13,11,25,0,0,30
C3,103_752_280_46,31,30,30,1.0,4.2219,1.585,5.2725,-2.8074,2.875,-2.1757,3.2725,-4.5078,3.7402,14,16,15,30,0,0,30
C3,1040_902_903_35,27,26,26,-0.0,4.822,-0.0,4.5829,-4.2479,3.1699,-3.585,3.3219,-3.8741,4.0552,11,15,14,26,0,0,30
C3,1041_101_803_53,25,24,24,1.0,4.3923,-0.0,4.8156,-2.1699,2.9698,-3.9058,3.7216,-3.5848,6.8756,10,14,12,24,0,0,30
C3,1042_233_1333_13,32,31,31,-0.0,4.3219,-0.0,3.9069,-3.585,4.3219,-3.8366,2.7255,-5.585,6.5069,11,20,13,31,0,0,30
C3,1044_602_1242_19,40,39,39,-0.0,5.4837,-0.0,4.5726,-4.2219,5.4837,-3.4594,4.1427,-7.6814,7.3663,20,19,23,39,0,0,30
C3,1045_444_723_32,29,28,28,-0.0,3.9069,-0.0,4.7736,-2.3219,3.9069,-2.7736,3.3219,-4.9069,6.3104,13,15,17,28,0,0,28
C3,1046_529_362_32,37,36,36,-0.0,4.5639,1.0,4.9098,-3.4594,4.0958,-3.7363,3.5176,-4.3219,5.6244,19,17,23,36,0,0,29
C3,1047_990_1410_0,36,35,35,-0.0,4.694,1.0,4.9232,-4.5595,4.5595,-2.5561,2.7549,-6.4389,5.8634,18,17,23,35,0,0,30
C3,1048_2_3_35,31,30,30,-0.0,4.72,-0.0,4.7031,-3.3219,3.7004,-4.7031,4.2137,-4.0474,4.1565,15,15,12,30,0,0,30
C3,1049_858_285_18,33,32,32,-0.0,4.3923,-0.0,4.2479,-4.0588,4.3923,-2.3219,2.3219,-4.5406,4.7959,14,17,15,32,0,0,30
C3,104_979_1402_40,32,31,31,-0.0,4.5016,2.0,5.4871,-3.585,2.9292,-1.9167,3.4871,-3.8074,3.9058,13,17,23,31,0,0,28
C3,1050_1098_1126_59,28,27,27,2.0,4.5788,1.0,5.0096,-2.4576,2.5788,-2.1699,2.9116,-4.4852,3.3785,14,13,9,27,0,0,29
C3,1051_902_578_23,28,27,27,-0.0,4.5726,1.0,4.7736,-4.0,4.0875,-2.7736,2.9292,-4.9169,6.861,12,15,19,27,0,0,28
C3,1052_2_261_23,26,25,25,-0.0,4.5016,-0.0,4.335,-4.3035,4.0875,-4.1219,2.1699,-5.0562,5.7879,12,13,13,25,0,0,30
C3,1053_1098_245_23,28,27,27,-0.0,4.6235,1.0,5.4221,-3.9698,4.0588,-3.2433,2.9069,-3.5548,3.8163,13,14,15,27,0,0,27
C3,1054_578_1237_23,37,36,36,-0.0,4.3219,-0.0,4.1699,-3.3219,3.8074,-4.0,4.1699,-6.2433,5.663,19,17,20,36,0,0,28
C3,1056_578_579_32,29,28,28,-0.0,4.2821,-0.0,4.2737,-3.0,4.2821,-2.3219,3.0,-3.3219,4.511,13,14,14,28,0,0,28
C3,1057_1007_128_32,28,27,27,2.0,4.4183,-0.0,4.4537,-2.4183,1.7736,-4.0875,3.0,-4.0159,2.9416,15,11,12,27,0,0,30
C3,1058_261_578_46,31,30,30,-0.0,4.3168,-0.0,4.2821,-3.7004,3.1699,-3.0,3.5466,-5.1566,4.3219,15,15,12,30,0,0,30
C3,1059_1007_393_32,30,29,29,-0.0,4.5367,1.0,4.3362,-2.29,3.1699,-2.5809,3.2219,-3.8836,4.0664,15,14,16,29,0,0,30
C3,105_734_1039_37,44,43,43,-0.0,4.5327,-0.0,4.5788,-3.585,3.9292,-3.4594,3.6645,-3.3922,5.3177,18,24,21,43,0,0,30
C3,1060_719_720_19,31,30,30,-0.0,4.2439,-0.0,3.8522,-4.0588,3.5466,-3.2776,3.1219,-5.3658,4.6147,13,17,15,30,0,0,29
C3,1061_1016_789_32,25,24,24,-0.0,3.9069,-0.0,3.9977,-3.585,3.585,-3.3219,3.9977,-5.9046,3.7694,10,12,11,24,0,0,28
C3,1063_664_1042_31,34,33,33,-0.0,3.8431,1.0,4.6721,-2.75,2.75,-2.875,2.4594,-2.75,5.4504,12,21,18,33,0,0,29
C3,1064_723_144_0,26,25,25,-0.0,3.9512,-0.0,4.625,-3.0,3.1699,-3.3347,3.6645,-5.5995,6.1176,9,14,10,25,0,0,29
C3,1065_720_1042_19,35,34,34,-0.0,4.1699,-0.0,4.0,-2.9219,3.585,-3.0,3.9069,-3.7923,5.585,14,19,19,34,0,0,30
C3,1066_1007_318_50,33,32,32,-0.0,4.5016,1.0,5.0355,-2.6645,4.3496,-3.6645,3.6817,-5.2667,4.9346,19,13,10,32,0,0,30
C3,1067_173_1337_31,38,37,37,-0.0,4.8596,1.0,4.4157,-3.7004,3.8074,-3.1219,3.1219,-4.8159,4.9032,19,18,23,37,0,0,29
C3,1068_483_764_31,26,25,25,1.0,4.3239,-0.0,4.3035,-2.2299,2.7004,-4.3035,4.0,-4.263,4.1375,11,14,10,25,0,0,29
C3,1069_1007_1042_6,31,30,30,1.0,4.9579,1.0,4.6817,-3.0875,2.5577,-2.6402,3.0,-2.8703,4.3784,14,16,16,30,0,0,30
C3,106_733_1204_7,36,35,35,-0.0,4.1066,-0.0,5.2495,-3.9501,3.9387,-4.875,3.0,-5.3172,4.538,16,18,16,35,0,0,29
C3,1070_1505_321_28,29,28,28,-0.0,4.0,2.0,4.9375,-2.0,3.0,-2.2479,1.926,-2.9635,2.9484,15,13,13,28,0,0,28
C3,1071_529_144_23,34,33,33,-0.0,4.4183,1.0,4.5726,-4.3923,4.2936,-2.1699,2.5726,-4.4947,3.7538,19,14,18,33,0,0,27
C3,1072_1007_1016_28,26,25,25,-0.0,3.585,-0.0,4.0374,-3.585,2.8074,-3.3219,2.9492,-3.3642,3.585,9,13,12,25,0,0,30
C3,1073_720_332_31,29,28,28,-0.0,4.4586,1.0,4.2479,-3.2971,4.1337,-1.9069,2.8431,-3.6044,2.9885,14,14,18,28,0,0,30
C3,1074_546_1522_28,38,37,37,-0.0,4.6067,-0.0,4.5788,-3.0,4.6067,-2.5025,3.4594,-3.8931,5.4374,16,20,16,37,0,0,29
C3,1075_621_622_5,39,38,38,1.0,4.5466,1.0,4.4183,-2.2224,2.8078,-2.7121,2.9292,-3.6536,4.8918,18,20,21,38,0,0,30
C3,1076_359_360_5,26,25,25,-0.0,4.1699,-0.0,3.9477,-4.1427,3.8074,-3.7004,3.875,-4.8954,6.7165,10,15,12,25,0,0,28
C3,1077_749_1126_35,29,28,28,-0.0,4.9698,-0.0,4.7414,-4.3496,3.3221,-3.8074,3.1699,-4.7647,4.5468,15,13,18,28,0,0,30
C3,1078_1016_902_5,27,26,26,-0.0,3.9492,-0.0,4.4594,-3.8074,3.5069,-2.0,2.3376,-3.0,3.2401,11,14,13,26,0,0,28
C3,1079_720_902_53,28,27,27,-0.0,4.2479,-0.0,4.4839,-2.3219,2.8074,-3.3219,3.7736,-4.9435,4.0297,13,14,12,27,0,0,30
C3,107_1094_848_12,25,24,24,-0.0,4.3038,-0.0,4.5236,-4.1219,3.9069,-3.0,3.585,-3.9169,5.8074,11,13,15,24,0,0,30
C3,1080_905_1319_54,26,25,25,1.0,4.9698,-0.0,4.5736,-2.7004,2.3219,-4.1524,4.1416,-4.8786,6.1906,11,14,9,25,0,0,30
C3,1083_584_588_24,27,26,26,2.0,5.1293,1.0,4.8596,-3.1293,2.5443,-2.9698,3.5016,-3.2892,3.4586,11,15,13,26,0,0,30
C3,1086_686_543_53,29,28,28,-0.0,3.8431,-0.0,3.8431,-2.9219,3.6402,-3.7736,2.5899,-2.9885,4.3219,11,15,13,28,0,0,28
C3,1087_773_392_37,29,28,28,-0.0,4.7077,-0.0,4.2479,-3.9477,4.1867,-3.3927,3.2479,-5.5829,4.8918,14,12,13,28,0,0,29
C3,1089_788_789_9,35,34,34,-0.0,4.4366,2.0,4.8125,-3.6645,3.4594,-2.3496,2.2247,-3.0418,5.7863,15,19,21,34,0,0,29
C3,108_503_1310_12,30,29,29,1.585,4.6808,-0.0,5.0077,-2.0959,2.3589,-3.9698,4.0875,-3.7402,5.0662,15,13,11,29,0,0,28
C3,1090_1036_456_9,25,24,24,2.3219,4.4594,-0.0,4.1416,-2.0708,1.6512,-3.1699,3.1699,-3.7776,4.433,13,11,11,24,0,0,30
C3,1092_241_1036_37,28,27,27,-0.0,4.2971,-0.0,4.1503,-2.0,2.3219,-2.8074,2.585,-4.585,3.6374,13,13,15,27,0,0,28
C3,1093_1141_953_7,25,24,24,1.0,4.2479,-0.0,4.4183,-3.2439,2.663,-3.585,2.3219,-3.6597,5.585,11,12,12,24,0,0,30
C3,1094_242_686_16,28,27,27,-0.0,3.8074,-0.0,4.1699,-3.7004,3.6645,-3.585,3.1699,-4.2224,4.1699,13,13,10,27,0,0,28
C3,1095_616_312_16,32,31,31,-0.0,4.2971,-0.0,5.2252,-4.2971,3.8078,-3.585,2.4871,-4.2971,7.3927,13,18,15,31,0,0,25
C3,1096_241_457_5,36,35,35,1.0,4.911,-0.0,4.2219,-2.9698,3.2821,-4.2219,3.7004,-3.8954,4.087,19,16,12,35,0,0,29
C3,1097_773_391_9,25,24,24,-0.0,3.9069,-0.0,4.3419,-3.9069,3.7004,-4.2479,4.0875,-5.1066,6.585,11,13,14,24,0,0,30
C3,1098_186_187_9,26,25,25,-0.0,4.6235,-0.0,4.3868,-3.4594,4.0875,-3.3685,3.3362,-5.8074,6.0875,11,13,14,25,0,0,30
C3,1099_65_1141_55,26,25,25,-0.0,4.2219,-0.0,4.4537,-2.0374,4.0875,-4.3239,4.3158,-5.8366,5.8069,12,13,8,25,0,0,27
C3,109_1264_533_35,30,29,29,-0.0,4.1427,-0.0,4.0958,-4.1427,3.2776,-3.1699,3.585,-4.1427,4.2035,15,14,18,29,0,0,28
C3,10_703_680_3,27,26,26,1.585,4.6181,-0.0,4.4366,-2.3208,2.5163,-3.9069,2.4366,-2.4604,2.3719,12,14,15,26,0,0,30
C3,1100_953_616_9,32,31,31,-0.0,4.5466,1.585,4.3845,-4.3168,3.9987,-2.3219,2.415,-6.2568,5.6643,14,17,21,31,0,0,28
C3,1101_242_1141_23,30,29,29,-0.0,3.9698,2.0,4.5132,-3.9698,3.5466,-2.2479,2.2971,-3.9257,4.6912,12,17,22,29,0,0,28
C3,1102_391_559_60,28,27,27,1.0,4.3737,-0.0,4.6818,-3.3737,3.2479,-4.5236,4.0,-2.8074,3.4594,12,14,9,27,0,0,28
C3,1103_241_987_23,29,28,28,-0.0,4.6718,-0.0,3.9069,-4.0875,3.3219,-2.7255,3.3219,-5.3363,5.6438,14,13,15,28,0,0,30
C3,1104_186_953_45,37,36,36,1.0,5.3439,-0.0,4.5327,-3.1757,3.3439,-3.5466,4.5327,-3.1699,3.9127,14,22,16,36,0,0,29
C3,1105_187_616_9,28,27,27,-0.0,4.4366,-0.0,4.2018,-3.0,3.9698,-3.0958,3.4594,-5.2021,6.2657,15,12,13,27,0,0,28
C3,1107_242_391_5,27,26,26,-0.0,4.0716,-0.0,4.4183,-3.8074,3.8074,-4.3219,4.3219,-5.0224,8.0224,12,13,12,26,0,0,26
C3,1108_605_616_42,25,24,24,1.0,4.2479,-0.0,4.2219,-1.9477,2.5466,-3.2776,2.3219,-3.0147,3.374,13,11,13,24,0,0,28
C3,1109_187_241_50,31,30,30,-0.0,4.3496,-0.0,4.2089,-3.3496,3.4594,-3.8522,3.875,-4.5413,5.5548,15,15,15,30,0,0,29
C3,110_202_203_4,38,37,37,-0.0,4.7736,-0.0,5.144,-4.7004,4.6375,-4.7004,4.5639,-8.5754,5.1699,20,17,26,37,0,0,30
C3,1110_1030_1231_24,30,29,29,1.585,4.7293,2.0,5.5263,-2.7389,2.4074,-2.7742,2.9413,-4.0885,3.7919,16,13,14,29,0,0,27
C3,1111_271_272_25,28,27,27,-0.0,4.4366,-0.0,4.2479,-3.9477,3.585,-3.6645,3.8522,-6.8522,5.1699,16,11,16,27,0,0,27
C3,1112_616_617_24,25,24,24,-0.0,4.1659,-0.0,4.1427,-3.0,2.3219,-3.0958,3.9512,-4.7736,4.5812,13,11,10,24,0,0,23
C3,1113_953_391_24,26,25,25,1.0,4.8219,-0.0,4.6753,-3.237,3.2097,-3.2389,3.4594,-2.7664,2.7016,12,13,13,25,0,0,30
C3,1114_187_164_24,28,27,27,-0.0,4.2479,-0.0,4.2516,-4.2479,2.7004,-2.8074,2.0,-3.6246,3.6554,15,12,17,27,0,0,30
C3,1115_1412_489_24,47,46,46,-0.0,4.3464,-0.0,4.6808,-4.2479,4.3464,-4.3923,4.3923,-6.5636,4.9069,24,22,20,46,0,0,28
C3,1116_782_980_40,31,30,30,-0.0,4.1066,1.585,4.6316,-3.1699,2.3219,-3.0467,2.6583,-3.2494,3.8333,14,16,12,30,0,0,26
C3,1117_271_509_24,36,35,35,-0.0,4.4183,-0.0,4.0,-3.9069,3.9477,-4.0,3.3219,-4.5327,7.4071,16,18,18,35,0,0,28
C3,1118_272_40_24,30,29,29,-0.0,3.875,1.585,5.658,-2.0,3.875,-1.8333,2.2224,-3.3923,4.6828,11,17,20,29,0,0,30
C3,1119_953_187_40,26,25,25,-0.0,4.1416,1.0,4.8371,-3.4594,3.9698,-2.8333,3.8371,-4.1699,5.7772,12,13,11,25,0,0,30
C3,111_764_929_4,32,31,31,-0.0,4.5236,-0.0,4.7414,-4.2479,4.3219,-3.9069,4.7414,-4.2268,5.9069,17,14,11,31,0,0,29
C3,1120_683_1254_0,27,26,26,-0.0,4.7549,-0.0,3.9492,-2.8074,3.3347,-2.9219,3.9492,-5.3858,4.9196,12,14,13,26,0,0,28
C3,1121_782_509_0,29,28,28,1.0,4.5016,-0.0,4.6875,-2.9167,2.9167,-2.8074,4.1757,-6.4792,3.521,16,12,13,28,0,0,28
C3,1122_783_488_12,30,29,29,1.0,4.789,-0.0,4.8791,-3.1683,3.3685,-2.8074,3.9226,-5.5468,4.1293,13,16,19,29,0,0,29
C3,1124_271_617_30,32,31,31,-0.0,4.5016,-0.0,4.9069,-2.0,3.1699,-4.7711,3.9292,-5.1293,6.4216,13,18,16,31,0,0,27
C3,1127_220_221_35,32,31,31,2.0,4.8125,-0.0,4.5427,-2.2479,2.4906,-4.5427,3.5427,-4.2224,4.6976,15,16,13,31,0,0,25
C3,1128_1253_1026_29,25,24,24,2.3219,3.9069,-0.0,3.9492,-1.263,1.3219,-2.7255,3.9492,-5.2122,3.9885,13,9,12,24,0,0,30
C3,1129_398_399_29,33,32,32,-0.0,5.015,1.0,4.7255,-4.5016,4.6073,-1.7487,3.3035,-4.7759,5.3777,15,17,19,32,0,0,29
C3,112_373_758_38,32,31,31,-0.0,4.6235,-0.0,4.6235,-4.3685,3.8366,-4.0875,3.8522,-6.2768,6.1599,16,14,12,31,0,0,30
C3,1130_260_1040_20,32,31,31,2.0,5.0649,-0.0,4.2181,-2.4799,1.9752,-3.8074,2.9477,-3.3598,3.7646,11,18,16,31,0,0,28
C3,1131_489_92_12,32,31,31,-0.0,4.4366,-0.0,4.585,-3.0958,4.3219,-3.8074,4.4594,-4.1184,4.3371,16,14,8,31,0,0,29
C3,1132_227_228_12,44,43,43,-0.0,4.5788,-0.0,5.2688,-3.4594,4.1699,-5.0588,3.9698,-3.8567,5.3626,16,27,17,43,0,0,30
C3,1134_1040_489_9,29,28,28,2.0,4.3035,-0.0,4.9917,-2.3035,2.0,-4.3035,3.3035,-3.7665,4.4594,14,14,11,28,0,0,30
C3,1135_0_1_8,25,24,24,-0.0,4.422,-0.0,4.0875,-4.0219,3.7004,-2.7255,3.9477,-4.5094,6.4259,12,12,13,24,0,0,28
C3,1136_994_303_39,30,29,29,-0.0,4.3997,2.0,4.4502,-4.2847,3.585,-2.4502,2.2479,-3.9979,3.4475,12,16,13,29,0,0,27
C3,1137_900_1032_39,36,35,35,2.0,4.4502,-0.0,4.4947,-2.0,2.0019,-4.1683,4.0875,-4.377,3.2335,16,18,18,35,0,0,28
C3,1138_488_489_33,29,28,28,-0.0,4.1639,-0.0,4.0374,-3.3927,3.0958,-3.8074,2.8074,-3.6151,3.4171,14,14,15,28,0,0,29
C3,1139_1483_934_55,35,34,34,-0.0,4.5176,-0.0,5.0096,-3.7736,4.5132,-5.0096,4.0888,-4.727,6.7551,13,21,17,34,0,0,30
C3,1140_319_303_30,31,30,30,-0.0,3.9069,-0.0,4.5931,-3.7004,3.8431,-2.7255,4.2364,-5.6291,5.3104,16,14,16,30,0,0,30
C3,1141_848_303_59,31,30,30,-0.0,4.3219,-0.0,3.8431,-2.3219,3.9292,-3.585,2.0,-3.4719,6.0474,12,17,13,30,0,0,28
C3,1142_934_617_30,34,33,33,-0.0,4.1427,-0.0,4.1699,-4.1427,2.7255,-3.3219,3.875,-5.2776,3.9569,17,15,18,33,0,0,30
C3,1143_303_0_44,29,28,28,-0.0,4.0,-0.0,3.9698,-3.4183,3.585,-2.8074,3.9698,-5.4214,6.3104,13,15,16,28,0,0,22
C3,1144_994_617_55,29,28,28,-0.0,4.3158,1.0,4.3035,-3.7004,3.6835,-2.4594,2.8431,-3.9926,4.348,13,15,13,28,0,0,30
C3,1145_303_934_9,34,33,33,-0.0,3.9069,-0.0,4.0,-3.9069,2.8431,-3.2776,4.0,-6.7142,3.5466,16,14,19,33,0,0,30
C3,1146_848_668_30,27,26,26,-0.0,3.8431,-0.0,3.8431,-2.3219,3.8431,-3.1699,3.3927,-4.2776,6.4259,13,12,12,26,0,0,28
C3,1147_934_363_1,38,37,37,-0.0,4.5561,-0.0,4.0716,-3.4594,4.4594,-3.8074,2.585,-5.4594,6.4594,16,21,23,37,0,0,30
C3,1148_994_668_5,28,27,27,1.0,4.1699,2.0,4.6961,-1.9698,2.585,-2.4366,2.0,-3.7004,2.5031,16,10,11,27,0,0,28
C3,1149_9_1548_7,27,26,26,1.0,4.7549,2.0,4.5635,-3.4306,3.7549,-2.5016,2.5635,-4.3526,4.0919,13,13,10,26,0,0,28
C3,114_1094_373_6,37,36,36,-0.0,4.7736,-0.0,4.2971,-4.3074,4.2018,-3.4183,3.7004,-4.8283,5.8892,18,18,20,36,0,0,30
C3,1150_734_492_42,43,42,42,-0.0,5.4816,-0.0,5.0138,-4.9649,3.6439,-5.0138,4.5466,-8.5716,7.0247,24,18,20,42,0,0,30
C3,1151_363_488_58,26,25,25,-0.0,4.3219,-0.0,3.9492,-3.1699,3.6645,-2.8074,2.8074,-4.3219,3.9069,12,11,9,25,0,0,29
C3,1153_934_639_52,30,29,29,-0.0,4.5327,-0.0,4.1549,-4.5327,2.7255,-2.8074,3.8074,-4.9203,4.8436,16,12,14,29,0,0,30
C3,1154_363_364_52,27,26,26,-0.0,4.1699,-0.0,4.4157,-3.3219,3.4594,-2.7255,2.585,-3.7293,6.0444,12,14,18,26,0,0,27
C3,1155_1512_1513_2,30,29,29,-0.0,4.1427,1.0,4.3685,-4.1427,4.1427,-2.5899,2.3347,-5.6165,4.9068,14,15,19,29,0,0,30
C3,1157_311_668_39,31,30,30,-0.0,4.2479,-0.0,4.4068,-4.1524,4.2018,-3.8074,3.1699,-5.944,5.6873,14,16,20,30,0,0,28
C3,1158_637_777_39,30,29,29,-0.0,4.6316,1.0,4.2299,-4.6073,4.6316,-2.7004,1.875,-4.5294,7.3321,12,17,16,29,0,0,30
C3,1159_291_1237_35,30,29,29,-0.0,4.6579,-0.0,4.686,-2.6579,2.9069,-4.686,2.8074,-2.6677,4.8894,11,17,13,29,0,0,28
C3,115_831_581_22,44,43,43,-0.0,4.585,-0.0,4.4633,-2.4594,2.9292,-3.5466,3.4183,-4.5402,3.0897,22,20,22,43,0,0,29
C3,1160_119_539_57,35,34,34,-0.0,4.3923,1.585,5.1934,-4.3923,3.9069,-3.6085,2.2013,-6.1107,5.2914,19,15,20,34,0,0,28
C3,1161_976_1039_30,28,27,27,1.0,4.5639,-0.0,4.3362,-3.1699,3.3923,-4.335,3.3362,-5.5841,4.0237,14,13,15,27,0,0,23
C3,1162_119_291_30,41,40,40,1.585,5.1219,1.0,4.875,-2.537,2.2673,-3.3752,3.0,-2.8981,4.2201,21,19,16,40,0,0,29
C3,1163_515_1074_35,35,34,34,-0.0,5.3844,-0.0,4.4947,-4.3844,3.9292,-4.4947,3.7004,-7.1917,6.1099,17,17,18,34,0,0,26
C3,1164_119_646_35,43,42,42,1.0,5.1757,1.585,5.0503,-2.8847,3.4306,-3.3038,3.1384,-4.0139,4.4306,19,23,17,42,0,0,30
C3,1165_267_119_42,31,30,30,1.585,4.8269,-0.0,4.1699,-2.8269,2.5049,-3.7004,3.75,-2.7082,3.9477,13,17,11,30,0,0,28
C3,1166_251_407_29,31,30,30,-0.0,4.0716,-0.0,5.3926,-3.9069,3.9069,-4.0707,3.8076,-5.2177,7.9457,15,15,18,30,0,0,30
C3,1169_1218_69_28,28,27,27,1.0,4.0588,1.585,5.8956,-2.0,1.9292,-2.5216,2.3106,-3.6549,1.6183,13,12,10,27,0,0,28
C3,116_533_373_38,40,39,39,-0.0,4.4839,-0.0,4.6511,-3.5466,3.875,-3.0,3.9987,-5.7642,5.3344,17,22,21,39,0,0,30
C3,1170_1218_342_19,29,28,28,1.0,4.1427,-0.0,3.9292,-2.0588,2.4183,-3.3219,3.8078,-5.6054,4.4183,10,18,14,28,0,0,30
C3,1171_224_246_58,33,32,32,-0.0,4.2089,-0.0,4.0,-3.0,3.7004,-3.4594,3.8431,-4.7255,6.4259,15,16,14,32,0,0,27
C3,1172_906_1218_0,26,25,25,1.0,4.5639,-0.0,4.7123,-2.9698,2.9789,-2.8074,4.3035,-4.2087,3.2854,12,12,9,25,0,0,30
C3,1173_342_1016_58,29,28,28,-0.0,3.9512,-0.0,3.8431,-3.585,3.4594,-3.4594,3.8431,-4.0444,6.0444,11,16,18,28,0,0,30
C3,1174_867_377_0,30,29,29,-0.0,4.8402,-0.0,5.0033,-3.4594,4.8402,-3.0,3.0,-4.5625,7.4027,12,17,17,29,0,0,26
C3,1175_352_1375_55,25,24,24,-0.0,4.3239,-0.0,3.8431,-3.3219,2.3239,-3.1699,2.8074,-3.5049,3.6258,11,13,12,24,0,0,27
C3,1176_1218_659_0,29,28,28,1.0,4.1427,-0.0,4.473,-2.5466,2.1699,-3.875,3.0,-3.3995,4.0171,13,15,7,28,0,0,29
C3,1177_69_280_19,37,36,36,-0.0,5.1463,0.9183,5.711,-3.4183,4.7359,-2.9567,3.2322,-6.6066,2.887,20,16,17,36,0,0,29
C3,1178_246_1030_0,31,30,30,1.0,4.8626,1.585,4.789,-2.1371,3.2776,-1.4854,2.287,-2.2933,3.4151,14,16,17,30,0,0,30
C3,117_854_3_38,46,45,45,-0.0,4.7069,-0.0,5.0952,-4.7069,3.5367,-3.8269,4.7077,-5.9749,3.4594,24,21,16,45,0,0,29
C3,1181_69_377_47,28,27,27,-0.0,4.2089,2.0,5.9032,-4.1699,2.585,-2.3868,1.9963,-2.6019,3.6625,11,16,18,27,0,0,30
C3,1182_3_130_23,26,25,25,2.0,4.4139,-0.0,4.1219,-2.3923,2.0,-3.9698,3.8269,-6.2192,5.7772,10,15,13,25,0,0,29
C3,1183_787_1097_23,25,24,24,-0.0,4.5216,-0.0,4.9917,-3.875,4.3035,-3.9069,2.75,-6.335,6.4734,12,12,13,24,0,0,29
C3,1184_20_840_18,26,25,25,1.0,5.1122,-0.0,4.2737,-3.3868,2.9698,-2.7255,3.4594,-3.2895,5.0303,9,16,11,25,0,0,27
C3,1185_839_1420_3,27,26,26,2.0,4.7532,1.0,5.0566,-2.3859,2.3868,-2.1066,3.0566,-2.6781,2.8256,16,10,16,26,0,0,28
C3,1186_245_246_51,28,27,27,-0.0,4.3737,-0.0,4.3219,-2.585,3.2433,-3.0,3.4594,-3.8366,3.3219,13,14,9,27,0,0,30
C3,1189_3_522_14,30,29,29,-0.0,4.2971,1.0,4.335,-3.7345,2.7255,-2.5466,2.8747,-4.2199,3.6841,12,16,18,29,0,0,30
C3,118_854_533_58,37,36,36,-0.0,4.0875,-0.0,4.1427,-2.7255,3.4594,-3.4677,4.1427,-4.8796,6.233,18,18,18,36,0,0,30
C3,1191_3_579_14,29,28,28,2.0,4.4039,-0.0,4.0,-1.7155,1.9752,-2.585,2.585,-3.0967,2.2382,13,15,11,28,0,0,28
C3,1192_991_839_20,32,31,31,1.9219,4.7359,-0.0,4.6067,-2.414,2.7359,-2.8074,3.3362,-4.1126,4.1423,16,15,16,31,0,0,28
C3,1193_69_867_23,25,24,24,2.3219,4.9934,-0.0,4.5653,-2.6045,2.6045,-4.0,4.0588,-6.6633,6.5114,12,12,6,24,0,0,28
C3,1194_110_1192_23,41,40,40,-0.0,5.2202,-0.0,4.6692,-5.0719,3.3219,-3.8074,4.0842,-3.7748,3.922,18,22,14,40,0,0,30
C3,1195_21_1400_36,26,25,25,-0.0,4.4839,-0.0,4.5595,-3.585,3.8078,-3.5367,2.3219,-4.585,5.1216,12,13,17,25,0,0,29
C3,1196_442_1178_56,33,32,32,-0.0,4.2516,-0.0,4.335,-4.0588,3.8269,-3.7004,3.7004,-4.226,6.4118,13,19,14,32,0,0,28
C3,1197_527_1091_56,29,28,28,1.0,4.789,-0.0,4.72,-2.2627,2.8189,-3.3927,2.585,-4.5846,5.1109,12,16,14,28,0,0,30
C3,1199_867_291_23,31,30,30,-0.0,4.9932,-0.0,4.4594,-4.2433,4.9932,-3.7004,3.9069,-4.6069,6.6824,14,15,15,30,0,0,30
C3,119_1300_1140_58,35,34,34,-0.0,4.75,-0.0,4.3685,-3.6645,4.3868,-3.585,3.9842,-6.7982,4.5699,19,15,22,34,0,0,30
C3,11_219_1058_33,28,27,27,-0.0,4.6073,1.585,4.4761,-4.6073,3.0,-2.4183,2.5566,-5.7479,5.4183,15,11,13,27,0,0,30
C3,1200_1337_1317_0,41,40,40,1.0,5.0694,1.0,4.4157,-3.5503,2.7512,-2.1699,2.4157,-3.658,3.8448,20,19,26,40,0,0,30
C3,1201_1052_1053_53,30,29,29,-0.0,4.777,-0.0,4.2937,-3.0588,4.777,-4.162,4.162,-6.3144,7.362,13,16,13,29,0,0,30
C3,1202_405_21_0,27,26,26,-0.0,3.8842,-0.0,4.7004,-2.585,2.75,-3.7004,3.3219,-4.7768,5.2048,14,11,13,26,0,0,26
C3,1204_688_689_14,28,27,27,-0.0,4.3923,-0.0,4.0875,-4.3923,3.585,-3.3219,2.8074,-4.1964,6.4919,11,15,17,27,0,0,29
C3,1205_1317_21_53,61,60,60,-0.0,4.7947,-0.0,5.3942,-2.875,3.4183,-3.2433,4.0707,-6.3926,5.2563,31,29,27,60,0,0,28
C3,1206_130_51_23,36,35,35,2.0,5.2676,1.585,5.1566,-1.5216,2.6827,-1.7028,2.1566,-3.187,2.1634,18,16,13,35,0,0,30
C3,1207_991_442_56,38,37,37,-0.0,4.7255,-0.0,4.5484,-3.1699,4.4183,-4.3496,4.5169,-4.6309,4.3493,17,20,14,37,0,0,27
C3,1208_1081_837_56,27,26,26,-0.0,3.8431,-0.0,4.0875,-1.3788,2.4594,-3.0,3.1699,-2.3219,4.6439,8,17,11,26,0,0,27
C3,1209_1286_449_34,28,27,27,1.0,4.3219,1.585,4.8252,-2.585,2.3627,-2.8252,2.6181,-3.033,2.6301,13,14,16,27,0,0,28
C3,120_1079_695_58,31,30,30,1.0,4.6808,1.0,5.0508,-2.3685,3.6808,-4.0508,3.0588,-5.4273,5.2494,17,13,15,30,0,0,29
C3,1210_127_128_58,31,30,30,1.0,4.1219,-0.0,4.1699,-2.8219,2.537,-4.1699,3.585,-3.9875,5.4205,15,14,15,30,0,0,28
C3,1211_436_1283_58,28,27,27,2.3219,4.6579,1.585,5.2944,-1.6344,2.0443,-2.6954,2.9725,-3.011,4.3662,11,16,8,27,0,0,28
C3,1213_1317_449_10,36,35,35,1.0,4.8338,-0.0,5.0323,-2.7947,3.8338,-3.1219,3.1699,-4.3074,4.2202,18,17,23,35,0,0,30
C3,1214_216_528_10,32,31,31,1.0,4.7947,1.0,4.789,-3.0842,3.0842,-2.8074,3.4594,-6.0444,5.3923,13,18,8,31,0,0,30
C3,1215_991_128_10,40,39,39,-0.0,4.6439,-0.0,5.6482,-4.0842,3.6645,-3.9069,3.5466,-4.8411,4.6461,20,18,17,39,0,0,30
C3,1216_159_130_40,40,39,39,-0.0,4.4697,-0.0,4.1699,-4.3685,4.3239,-3.9321,3.875,-6.7004,7.6458,20,19,18,39,0,0,29
C3,1217_143_144_15,25,24,24,-0.0,4.335,-0.0,5.1542,-3.9058,4.0842,-3.6901,3.875,-4.4811,4.4344,11,13,9,24,0,0,27
C3,1218_226_742_7,42,41,41,-0.0,4.2971,-0.0,4.9072,-2.3927,3.0875,-2.1699,2.7255,-3.4516,3.9622,23,18,19,41,0,0,30
C3,1219_529_20_33,33,32,32,-0.0,4.1427,1.0,4.1427,-4.1427,2.7255,-2.1699,3.1427,-6.474,3.6216,17,15,18,32,0,0,30
C3,1221_216_217_53,30,29,29,-0.0,4.2479,1.0,4.3158,-2.663,2.6583,-2.5809,3.0374,-4.5882,3.8469,14,15,13,29,0,0,28
C3,1222_20_21_53,32,31,31,-0.0,4.5466,-0.0,4.2219,-4.0,4.2219,-4.2219,4.0707,-7.7736,5.7116,14,17,13,31,0,0,28
C3,1223_741_742_59,27,26,26,-0.0,4.628,-0.0,4.3845,-3.585,3.1699,-3.3219,3.6645,-3.9864,4.6645,13,13,15,26,0,0,30
C3,1224_85_130_19,25,24,24,1.585,4.4183,-0.0,4.1699,-2.6361,2.2868,-4.0842,3.1427,-4.8355,3.0842,11,13,13,24,0,0,30
C3,1225_1370_217_17,27,26,26,1.0,4.5639,-0.0,4.6235,-2.8074,2.3927,-4.6235,4.1699,-6.0875,5.8333,13,13,7,26,0,0,30
C3,1226_20_436_10,31,30,30,-0.0,4.5047,-0.0,4.2971,-4.3737,2.7255,-2.6402,3.1699,-6.181,3.2854,17,13,15,30,0,0,29
C3,1228_1134_1545_46,40,39,39,-0.0,4.5639,-0.0,4.3845,-2.8074,4.2954,-3.9069,3.8074,-4.0574,6.0,19,20,12,39,0,0,29
C3,1229_217_20_54,33,32,32,-0.0,4.5661,1.0,4.7004,-3.585,4.0588,-2.663,2.9386,-5.0941,4.1404,17,15,13,32,0,0,28
C3,122_1438_884_20,26,25,25,-0.0,4.4502,-0.0,6.1688,-4.0,4.4039,-3.0,4.0842,-5.0842,4.6411,15,10,9,25,0,0,24
C3,1230_557_1247_42,33,32,32,-0.0,4.2516,-0.0,4.2516,-2.585,2.3219,-4.2516,2.8074,-3.3512,3.5327,15,17,15,32,0,0,30
C3,1232_442_1134_10,32,31,31,-0.0,4.4039,-0.0,4.0588,-3.5899,2.0,-4.0588,3.9058,-6.9118,5.6402,13,17,11,31,0,0,27
C3,1233_1346_1549_46,30,29,29,1.585,4.75,2.0,4.4546,-2.0277,2.75,-2.3868,2.3496,-4.108,3.137,15,14,15,29,0,0,30
C3,1234_589_896_5,32,31,31,-0.0,4.0716,-0.0,5.0473,-3.9069,2.7004,-4.0473,5.0473,-6.7477,3.5484,14,15,12,31,0,0,28
C3,1235_557_742_48,37,36,36,-0.0,3.9698,-0.0,4.3685,-3.1699,3.9698,-3.875,4.1219,-5.9293,6.5548,13,23,16,36,0,0,30
C3,1236_556_636_56,32,31,31,-0.0,4.6511,-0.0,4.0,-2.6511,3.9292,-2.7255,2.585,-4.0,3.7255,16,15,14,31,0,0,29
C3,1237_709_1134_46,27,26,26,-0.0,3.7004,-0.0,4.2479,-3.4183,3.7004,-3.0,2.3219,-3.1699,6.0,11,13,10,26,0,0,28
C3,1238_556_557_25,25,24,24,1.0,4.781,-0.0,4.162,-2.2868,1.7255,-2.0,3.875,-2.3825,1.955,13,11,10,24,0,0,30
C3,123_1117_723_52,26,25,25,-0.0,3.585,-0.0,4.0933,-3.0,3.585,-3.1699,3.5466,-3.4177,5.6808,10,14,8,25,0,0,29
C3,1240_14_15_25,26,25,25,-0.0,4.3219,1.0,4.1427,-3.9698,3.9698,-3.1427,2.9698,-5.8869,4.9069,14,11,13,25,0,0,30
C3,1242_37_38_36,27,26,26,-0.0,4.6511,-0.0,4.4586,-4.6511,4.2219,-3.9977,3.8431,-4.2219,7.8864,10,14,16,26,0,0,30
C3,1243_556_1370_36,25,24,24,-0.0,4.3219,-0.0,4.4366,-3.6645,3.8747,-2.4366,3.7004,-3.3785,4.0,13,11,11,24,0,0,30
C3,1244_769_770_36,40,39,39,1.585,4.8311,-0.0,5.4204,-2.8311,2.3362,-4.7566,3.7736,-4.6472,3.6191,19,20,15,39,0,0,30
C3,1246_1134_38_34,33,32,32,-0.0,4.9838,-0.0,4.72,-4.2971,4.4839,-2.8074,3.1699,-4.6596,4.4839,18,14,25,32,0,0,30
C3,1247_564_1234_34,28,27,27,-0.0,4.8252,-0.0,4.5389,-3.1699,4.0219,-4.4697,4.2099,-6.8029,7.0219,11,16,14,27,0,0,30
C3,1248_557_482_36,36,35,35,-0.0,5.1027,1.0,4.6073,-4.0707,4.5788,-2.7736,2.8842,-3.782,4.9414,15,20,21,35,0,0,29
C3,1249_556_678_34,27,26,26,-0.0,3.9069,1.0,4.6817,-3.7004,3.8431,-3.4366,3.6817,-4.2602,5.0216,13,12,11,26,0,0,30
C3,124_86_87_13,27,26,26,-0.0,4.6718,-0.0,4.7489,-4.1427,4.3035,-4.4366,4.1887,-6.6424,7.5662,14,12,14,26,0,0,30
C3,1250_1134_896_34,29,28,28,-0.0,4.6402,-0.0,4.2737,-3.3219,3.9219,-3.8842,3.1699,-3.8328,6.5552,10,18,17,28,0,0,30
C3,1251_81_441_2,27,26,26,-0.0,4.7889,-0.0,4.6961,-4.1427,4.3168,-4.1427,3.9058,-4.8193,6.3218,12,14,14,26,0,0,30
C3,1252_1134_557_60,29,28,28,-0.0,4.5153,-0.0,4.1427,-4.4406,4.5153,-3.8074,3.6402,-5.4476,5.5153,15,12,12,28,0,0,30
C3,1254_327_328_7,40,39,39,-0.0,4.6718,-0.0,4.5047,-3.875,3.4183,-4.4839,4.5047,-4.1608,4.4377,16,23,24,39,0,0,29
C3,1255_777_525_35,32,31,31,1.0,4.9232,1.0,4.7606,-3.0588,2.7967,-2.3219,3.7606,-5.8402,3.4374,16,15,17,31,0,0,30
C3,1256_1308_1168_52,35,34,34,-0.0,4.5671,-0.0,4.3923,-3.9321,4.3219,-3.9058,4.2219,-5.2541,5.3745,15,19,21,34,0,0,28
C3,1257_1052_327_44,42,41,41,-0.0,4.8125,-0.0,4.5625,-4.6817,3.0,-2.9775,4.2089,-6.0611,4.3923,21,19,21,41,0,0,26
C3,1258_413_525_58,30,29,29,1.0,4.4611,-0.0,5.4361,-2.8761,2.1392,-3.6645,4.3219,-4.1346,4.1666,14,14,10,29,0,0,28
C3,1259_310_311_8,31,30,30,-0.0,4.6211,-0.0,5.5157,-4.0,4.6211,-3.1699,3.5157,-4.2307,4.9773,17,13,18,30,0,0,30
C3,125_533_723_58,32,31,31,-0.0,4.0208,-0.0,3.8431,-2.7255,3.3219,-3.1699,3.8431,-4.5599,5.6439,12,16,15,31,0,0,29
C3,1260_1159_769_2,32,31,31,-0.0,4.6959,-0.0,4.8712,-4.4366,3.875,-2.585,4.3219,-4.8835,4.0125,16,15,13,31,0,0,28
C3,1261_525_271_15,26,25,25,-0.0,4.1699,-0.0,4.0,-4.0049,4.0875,-3.8074,3.9292,-6.2854,7.4594,12,13,13,25,0,0,29
C3,1263_1465_107_42,29,28,28,-0.0,4.5047,-0.0,4.0,-4.3685,4.5016,-4.0,3.6645,-5.752,7.2271,13,14,13,28,0,0,30
C3,1264_769_636_42,30,29,29,-0.0,4.6718,2.0,4.75,-4.0,4.6718,-2.165,2.4281,-4.4475,5.8321,14,15,16,29,0,0,30
C3,1265_327_271_51,27,26,26,-0.0,3.9492,-0.0,4.4366,-3.4594,3.5466,-4.3685,4.0,-6.3219,5.3946,13,13,13,26,0,0,24
C3,1266_333_1061_12,32,31,31,-0.0,4.3927,-0.0,4.9392,-4.3927,4.3286,-4.4594,4.9392,-7.5839,7.136,18,13,16,31,0,0,29
C3,1267_1237_525_56,30,29,29,-0.0,3.8747,-0.0,4.8366,-3.1699,3.585,-2.8366,3.8074,-5.1293,5.9069,14,15,18,29,0,0,29
C3,1268_780_459_43,30,29,29,1.0,4.3685,-0.0,4.0716,-2.1699,2.3219,-2.0,4.0716,-3.3104,3.4624,16,13,9,29,0,0,30
C3,1269_1106_271_26,30,29,29,-0.0,4.0061,-0.0,4.2479,-4.0,4.0061,-3.9698,3.585,-5.2479,6.4594,13,16,16,29,0,0,28
C3,1270_459_271_59,32,31,31,-0.0,4.1416,-0.0,4.1503,-3.9477,4.1416,-3.3219,3.1699,-3.7664,5.0081,17,13,17,31,0,0,23
C3,1271_327_1317_43,31,30,30,1.0,4.3219,1.0,4.4839,-3.3219,3.0958,-2.9069,2.2971,-4.7353,6.0027,17,13,16,30,0,0,30
C3,1272_636_333_43,29,28,28,1.0,4.1427,-0.0,4.4366,-2.4594,2.5577,-3.7004,3.585,-3.3923,4.5935,13,13,8,28,0,0,30
C3,1273_197_590_51,26,25,25,-0.0,4.6875,-0.0,4.2802,-2.5908,2.7255,-4.2802,3.4594,-5.2928,3.1964,11,14,14,25,0,0,29
C3,1274_271_636_19,41,40,40,-0.0,4.3239,-0.0,4.5466,-4.2971,2.7255,-3.4594,2.8074,-3.5235,4.8074,18,21,21,40,0,0,28
C3,1275_333_320_51,29,28,28,-0.0,4.1699,-0.0,4.2737,-3.8074,3.7004,-3.1699,4.2737,-5.0444,6.4948,14,14,20,28,0,0,26
C3,1276_1405_1406_16,28,27,27,-0.0,4.2776,-0.0,4.2971,-4.2776,3.8431,-4.2219,4.2971,-5.4535,7.0956,12,15,11,27,0,0,28
C3,1277_1177_940_7,28,27,27,-0.0,4.1659,-0.0,5.3254,-3.7004,3.1699,-4.5184,3.3254,-2.8916,5.3508,12,15,12,27,0,0,30
C3,1278_333_143_1,30,29,29,-0.0,4.6135,1.0,4.9579,-3.8074,4.2479,-2.9058,3.9501,-4.9484,7.1537,14,15,16,29,0,0,30
C3,1279_320_257_7,28,27,27,-0.0,4.4366,-0.0,4.0875,-3.5216,2.8074,-3.9698,3.4183,-4.9069,5.2329,14,12,12,27,0,0,28
C3,127_721_474_5,36,35,35,-0.0,4.8968,1.0,4.585,-3.9698,3.8968,-2.4839,2.1699,-3.9698,4.2919,19,16,19,35,0,0,29
C3,1280_327_664_51,44,43,43,-0.0,5.1158,-0.0,4.6439,-2.585,3.5309,-3.4594,3.6067,-5.0866,5.6261,24,19,19,43,0,0,30
C3,1281_454_258_5,30,29,29,-0.0,4.6439,-0.0,4.2345,-3.0,3.9058,-3.3219,4.0,-4.7004,7.2277,17,12,15,29,0,0,27
C3,1282_143_1304_5,32,31,31,-0.0,4.7791,-0.0,5.4774,-4.3685,3.3685,-4.3685,4.5016,-4.8239,3.8831,15,16,16,31,0,0,28
C3,1283_957_983_5,38,37,37,-0.0,5.0444,2.0,4.4366,-5.0444,3.585,-1.875,2.2971,-3.344,3.0,20,17,22,37,0,0,26
C3,1285_1044_1045_21,26,25,25,1.0,4.4366,-0.0,4.6151,-2.0,2.8078,-4.6151,4.0588,-3.475,4.8078,11,14,13,25,0,0,30
C3,1286_333_198_5,31,30,30,-0.0,4.1427,-0.0,3.8431,-2.0,4.1427,-3.4594,3.3219,-4.7255,7.1427,13,17,18,30,0,0,28
C3,1287_197_101_16,35,34,34,-0.0,4.5744,-0.0,4.6645,-3.875,3.9069,-2.4594,3.3219,-3.4011,2.7694,18,16,14,34,0,0,28
C3,1288_957_1044_16,32,31,31,1.0,4.8502,-0.0,4.7889,-3.585,2.8989,-3.9698,3.9477,-7.5327,4.9589,17,14,13,31,0,0,29
C3,1289_983_198_0,31,30,30,1.0,4.858,-0.0,3.9477,-3.0842,2.9069,-3.9477,3.9477,-5.7124,6.2207,12,17,8,30,0,0,28
C3,128_1204_915_2,35,34,34,-0.0,4.7919,-0.0,4.1008,-4.6835,3.6645,-3.2776,3.1219,-6.169,5.5864,18,16,19,34,0,0,28
C3,1290_243_244_54,43,42,42,-0.0,4.9848,-0.0,4.6067,-3.875,4.2018,-3.9698,4.2776,-4.7746,6.7868,20,21,20,42,0,0,30
C3,1291_64_1332_54,34,33,33,-0.0,4.4366,-0.0,3.8431,-3.7736,3.9292,-3.5466,3.5466,-4.1874,3.6439,17,15,19,33,0,0,28
C3,1292_96_242_20,25,24,24,-0.0,4.2971,-0.0,4.6067,-3.3219,3.5466,-4.0707,3.3219,-4.8685,7.6172,12,12,12,24,0,0,27
C3,1293_780_783_26,29,28,28,-0.0,4.6067,-0.0,3.9069,-1.8745,3.3219,-3.9069,3.8431,-5.1964,6.1917,16,11,6,28,0,0,29
C3,1294_636_637_21,32,31,31,-0.0,4.0,-0.0,4.6067,-4.0,2.7255,-3.6645,3.6067,-5.6645,3.8836,14,16,8,31,0,0,29
C3,1295_957_197_22,28,27,27,-0.0,3.7736,-0.0,4.8921,-2.8074,3.4594,-2.4594,2.8074,-4.259,2.9649,12,15,11,27,0,0,28
C3,1296_186_96_24,30,29,29,-0.0,5.2051,-0.0,5.0905,-2.75,4.5327,-4.3158,3.9754,-5.3382,6.5327,15,14,11,29,0,0,30
C3,1297_1050_1211_45,38,37,37,-0.0,4.8252,1.0,4.5639,-3.7711,4.8125,-2.3249,3.1683,-4.3995,6.2251,17,20,21,37,0,0,30
C3,1298_780_64_24,26,25,25,2.0,4.2971,-0.0,4.1427,-1.263,1.9512,-2.8074,4.1427,-4.7276,3.4854,11,14,9,25,0,0,28
C3,129_915_1140_2,28,27,27,-0.0,4.2281,1.585,4.4594,-3.9069,3.9069,-1.8745,2.4594,-4.4919,4.2527,14,13,18,27,0,0,28
C3,12_1489_679_13,32,31,31,-0.0,4.2479,1.0,4.5327,-2.9069,3.9492,-1.1619,2.8989,-5.3139,3.9219,17,14,20,31,0,0,30
C3,1300_197_637_24,35,34,34,-0.0,4.2627,-0.0,4.0208,-3.5778,3.585,-3.8074,4.0208,-4.3033,5.7598,17,17,19,34,0,0,28
C3,1301_1497_780_21,32,31,31,-0.0,4.0061,-0.0,4.1416,-2.3219,4.0061,-2.8074,3.1416,-4.5574,5.8074,14,16,16,31,0,0,28
C3,1302_243_783_21,29,28,28,-0.0,4.0875,1.585,4.9584,-3.4594,3.8074,-2.5577,2.9789,-6.1488,4.3008,15,13,16,28,0,0,30
C3,1303_197_198_52,39,38,38,-0.0,3.585,-0.0,3.8431,-3.1699,3.585,-3.3219,3.4183,-4.585,5.585,18,20,11,38,0,0,26
C3,1304_753_1050_35,40,39,39,-0.0,4.3685,-0.0,4.4303,-3.2776,2.9512,-3.4594,3.8074,-5.3439,4.5327,20,19,14,39,0,0,29
C3,1305_647_1211_43,29,28,28,1.0,4.5302,-0.0,3.9292,-3.056,2.585,-3.8074,3.835,-3.6409,4.1699,12,16,10,28,0,0,29
C3,1306_779_865_43,27,26,26,-0.0,4.335,2.0,4.5327,-2.585,3.8074,-1.9,2.0,-3.3627,3.6331,13,13,19,26,0,0,30
C3,1307_403_505_48,28,27,27,1.0,4.3496,-0.0,4.3197,-2.9477,2.0,-4.2202,4.1659,-4.3034,3.906,11,15,9,27,0,0,28
C3,1308_419_1050_14,33,32,32,-0.0,3.7736,-0.0,4.1699,-3.585,3.3927,-3.4594,4.0797,-4.9228,6.7814,15,17,17,32,0,0,29
C3,1309_74_75_41,41,40,40,-0.0,4.3496,-0.0,4.3845,-4.0875,4.0898,-2.585,4.3845,-6.7111,4.4281,21,19,15,40,0,0,28
C3,130_597_970_42,29,28,28,1.0,5.0875,2.3219,5.2605,-3.8252,2.8252,-2.29,2.0905,-4.0687,2.7051,14,14,19,28,0,0,29
C3,1310_419_865_35,27,26,26,-0.0,4.6511,-0.0,5.1363,-3.8074,4.6511,-4.2299,4.2181,-6.3608,6.1427,16,9,15,26,0,0,29
C3,1311_779_780_41,33,32,32,-0.0,4.3923,-0.0,4.0535,-3.0219,3.5466,-2.29,2.4685,-4.1922,4.0747,13,19,15,32,0,0,29
C3,1312_735_909_44,41,40,40,1.585,4.6808,-0.0,4.585,-2.0223,1.6479,-4.2905,4.585,-4.6188,4.629,19,21,13,40,0,0,29
C3,1313_382_244_49,47,46,46,-0.0,4.2971,-0.0,4.9885,-4.2971,4.2345,-4.0875,3.4594,-6.6703,6.3902,23,23,25,46,0,0,30
C3,1314_1048_845_44,35,34,34,1.0,5.0383,1.585,5.3363,-4.0383,3.8398,-3.6605,2.9123,-3.6303,4.6471,14,20,18,34,0,0,29
C3,1315_338_779_47,32,31,31,-0.0,4.2018,-0.0,4.4653,-4.2018,3.6645,-2.3219,3.0,-3.855,4.2495,14,16,18,31,0,0,30
C3,1316_383_865_27,26,25,25,-0.0,4.2971,-0.0,4.3168,-2.537,4.2971,-4.2516,4.2516,-6.7886,4.8589,13,12,14,25,0,0,30
C3,1317_865_244_27,40,39,39,-0.0,4.72,-0.0,4.7669,-3.7004,4.5389,-3.9069,4.335,-7.7023,5.8869,21,18,13,39,0,0,30
C3,1318_456_1048_16,37,36,36,1.0,4.9698,-0.0,4.5132,-2.1797,3.9698,-2.0,3.585,-3.8802,4.3539,19,16,19,36,0,0,30
C3,1319_252_740_36,32,31,31,1.0,4.9363,2.0,5.5118,-2.8074,1.7655,-2.0,3.5118,-3.1193,2.263,16,15,21,31,0,0,29
C3,131_533_915_53,36,35,35,-0.0,4.8252,-0.0,4.0797,-3.0,3.7004,-3.0,3.0,-3.6402,3.7004,16,17,20,35,0,0,28
C3,1320_735_382_27,33,32,32,1.0,4.6151,-0.0,4.9932,-3.2776,3.0958,-4.6808,4.2439,-5.5995,5.4177,13,19,18,32,0,0,30
C3,1321_779_186_27,39,38,38,-0.0,4.9934,-0.0,4.2868,-4.0875,3.9934,-3.9069,3.585,-4.0444,6.2917,16,21,21,38,0,0,29
C3,1322_865_1048_52,30,29,29,-0.0,4.6639,1.0,4.7549,-2.6639,3.6639,-2.415,2.862,-3.862,5.0164,14,15,14,29,0,0,30
C3,1323_252_1141_27,36,35,35,2.0,4.7264,1.585,4.7069,-2.5639,2.7264,-2.3496,2.7121,-3.6556,3.7264,16,19,16,35,0,0,29
C3,1324_740_957_27,37,36,36,1.585,4.6718,-0.0,4.1699,-2.737,2.737,-3.1699,4.0208,-4.4359,5.2224,17,19,14,36,0,0,26
C3,1325_1048_501_21,33,32,32,-0.0,4.7069,-0.0,4.0,-2.3219,4.7069,-4.0,3.6645,-4.4919,5.8768,17,15,20,32,0,0,28
C3,1326_272_782_15,29,28,28,-0.0,3.9292,-0.0,4.0875,-3.7004,3.9292,-3.8074,4.0374,-5.1293,4.9314,14,14,13,28,0,0,27
C3,1327_735_779_21,31,30,30,-0.0,4.3158,-0.0,4.4366,-3.4183,3.5899,-3.9321,3.9363,-5.9302,7.4957,13,17,11,30,0,0,28
C3,1328_988_989_14,30,29,29,1.0,4.3685,-0.0,4.6645,-1.3219,2.4594,-4.6645,2.585,-3.524,4.4421,11,18,13,29,0,0,29
C3,1329_740_980_14,27,26,26,-0.0,4.0958,-0.0,4.3239,-3.3927,4.0588,-3.875,3.5466,-5.0515,5.0208,13,13,12,26,0,0,25
C3,1330_1048_957_5,33,32,32,-0.0,4.6402,-0.0,4.9977,-4.0,3.8842,-4.9977,2.585,-4.415,5.5846,14,18,16,32,0,0,28
C3,1331_501_782_14,39,38,38,-0.0,4.2202,-0.0,3.8522,-2.6352,2.3219,-3.2776,3.5899,-6.0493,4.1103,18,20,14,38,0,0,23
C3,1332_272_735_51,27,26,26,-0.0,3.9069,-0.0,4.1427,-3.8074,3.8074,-3.9698,4.1427,-6.1849,7.4292,13,12,13,26,0,0,28
C3,1334_735_980_12,30,29,29,-0.0,4.4183,-0.0,4.585,-3.7004,4.0,-4.2971,4.5671,-4.3598,6.5466,10,19,9,29,0,0,30
C3,1335_740_845_12,30,29,29,1.585,4.8074,1.585,4.8681,-1.7655,1.8745,-3.0959,2.8847,-4.5612,2.912,13,16,15,29,0,0,30
C3,1336_460_673_12,39,38,38,-0.0,4.9232,-0.0,4.9953,-2.7185,3.9232,-4.0,4.0374,-6.3593,6.9248,19,18,17,38,0,0,27
C3,1337_252_782_15,35,34,34,-0.0,4.1524,1.0,4.875,-2.585,3.1699,-2.2342,2.0223,-3.9532,3.585,15,19,15,34,0,0,28
C3,1338_1131_461_59,31,30,30,1.0,4.3845,-0.0,4.5047,-1.9297,2.2776,-3.1699,2.0,-2.9459,3.7484,14,16,14,30,0,0,30
C3,133_774_775_28,30,29,29,-0.0,4.0588,-0.0,3.8431,-3.3219,3.0,-3.0,3.0958,-4.9069,3.585,14,15,10,29,0,0,27
C3,1341_501_845_53,33,32,32,-0.0,5.0952,-0.0,3.8431,-3.7077,4.0374,-3.7004,3.1219,-4.6439,4.8854,15,16,18,32,0,0,30
C3,1342_1040_1274_39,30,29,29,-0.0,4.4817,-0.0,3.9292,-4.1427,4.2219,-3.7736,2.0,-5.3116,4.8007,13,15,18,29,0,0,28
C3,1343_460_461_25,38,37,37,-0.0,4.9765,1.0,5.8922,-3.5466,4.9765,-2.5025,2.75,-3.769,3.2709,18,17,21,37,0,0,29
C3,1344_266_398_12,28,27,27,1.0,4.6511,-0.0,5.1013,-3.1066,2.9069,-3.8074,4.1427,-3.4955,4.7549,11,16,14,27,0,0,29
C3,1345_459_1274_51,30,29,29,-0.0,4.9447,-0.0,5.3721,-4.3219,4.3219,-2.5016,3.3721,-4.3219,5.4183,11,18,18,29,0,0,28
C3,1346_637_1346_52,31,30,30,1.0,4.335,2.0,4.783,-3.335,2.9698,-1.7004,2.4611,-3.1466,3.353,17,13,21,30,0,0,29
C3,1347_435_646_56,33,32,32,-0.0,5.0712,-0.0,4.6248,-4.6067,5.0712,-4.3923,4.3637,-4.9346,6.8762,17,15,19,32,0,0,28
C3,1349_639_89_32,27,26,26,-0.0,4.1429,1.0,5.1899,-3.8078,2.9226,-2.1699,3.2971,-2.9069,3.0,13,13,9,26,0,0,29
C3,134_784_785_48,29,28,28,-0.0,4.2776,-0.0,4.3868,-3.6901,4.2776,-3.9477,3.9698,-4.5809,6.4475,12,16,14,28,0,0,27
C3,1350_877_1066_32,25,24,24,1.0,4.5359,-0.0,5.1992,-3.0588,3.5359,-4.3685,3.1992,-3.3104,2.9161,14,10,14,24,0,0,30
C3,1351_906_234_23,27,26,26,-0.0,4.5047,-0.0,4.7736,-2.585,3.3219,-4.2971,3.1659,-3.1341,4.6666,13,13,10,26,0,0,30
C3,1352_444_546_0,27,26,26,-0.0,4.3219,-0.0,3.9987,-3.3219,3.8074,-2.8074,3.7004,-4.8685,4.3104,9,17,12,26,0,0,30
C3,1354_356_50_0,38,37,37,-0.0,4.1219,-0.0,5.1773,-3.5466,4.1219,-4.6511,3.1773,-5.3539,4.6074,17,20,20,37,0,0,30
C3,1355_637_812_1,37,36,36,-0.0,4.2821,1.0,4.4502,-4.2219,4.2821,-1.8652,1.5302,-4.5893,5.7721,17,18,26,36,0,0,26
C3,1356_1039_546_31,28,27,27,-0.0,4.1427,-0.0,3.8431,-3.5466,3.585,-2.7255,2.585,-3.9069,4.0704,12,15,18,27,0,0,30
C3,1357_421_422_54,36,35,35,-0.0,5.0473,1.585,4.8305,-4.6485,4.9007,-2.7389,3.0589,-5.359,6.0706,15,20,20,35,0,0,30
C3,1358_1290_332_58,32,31,31,-0.0,4.4537,-0.0,4.2018,-3.585,3.585,-3.3219,3.875,-3.9475,6.7756,13,18,20,31,0,0,29
C3,135_1204_581_2,38,37,37,1.0,4.1219,-0.0,3.8431,-2.3219,2.9987,-2.8464,3.1219,-2.585,3.7293,16,20,19,37,0,0,29
C3,1360_778_792_50,28,27,27,-0.0,4.4442,-0.0,4.6375,-4.4442,4.3496,-3.5466,3.4594,-6.7814,7.5196,11,16,14,27,0,0,29
C3,1361_262_1429_38,30,29,29,-0.0,4.3219,-0.0,4.8361,-2.4677,2.7255,-2.7255,3.9698,-4.5182,4.7255,17,12,9,29,0,0,27
C3,1362_1290_837_9,29,28,28,-0.0,4.3219,-0.0,4.1699,-4.2479,4.3219,-3.0,3.4594,-4.8854,6.3104,12,16,16,28,0,0,28
C3,1363_777_778_8,25,24,24,1.0,4.7736,1.0,4.8366,-3.7736,3.6511,-3.3737,2.1699,-3.6558,6.5436,10,14,11,24,0,0,30
C3,1364_903_311_25,28,27,27,-0.0,4.4947,-0.0,4.3158,-2.585,2.9161,-3.3219,3.5466,-4.0796,4.3219,11,15,14,27,0,0,29
C3,1365_1290_1259_25,28,27,27,-0.0,4.0588,-0.0,3.8431,-2.8074,4.0588,-2.9219,3.3219,-5.9773,4.4624,12,12,12,27,0,0,28
C3,1367_978_1290_44,27,26,26,-0.0,4.2627,-0.0,4.2479,-3.3219,4.2089,-3.7004,2.8074,-5.4439,5.7147,10,16,10,26,0,0,28
C3,136_1416_299_29,32,31,31,-0.0,4.4157,-0.0,4.8366,-2.0875,3.0615,-2.9698,3.5899,-3.875,3.7666,15,16,15,31,0,0,29
C3,1370_690_691_46,30,29,29,-0.0,4.3927,-0.0,4.3219,-4.2603,2.3219,-2.585,3.8747,-5.6786,4.9069,13,16,11,29,0,0,28
C3,1371_1126_441_7,40,39,39,-0.0,5.1132,-0.0,4.9934,-3.5035,4.6235,-2.802,4.3685,-4.0721,4.9027,22,17,23,39,0,0,28
C3,1372_159_81_53,28,27,27,-0.0,4.1066,-0.0,4.5466,-3.8078,4.0588,-3.0,4.5466,-3.6645,5.585,12,15,14,27,0,0,30
C3,1374_707_1394_10,30,29,29,-0.0,4.2971,-0.0,4.2433,-2.7255,4.0842,-3.7004,4.0958,-5.1777,4.0,16,12,15,29,0,0,29
C3,1375_413_539_8,32,31,31,-0.0,4.3737,-0.0,4.5327,-4.3737,3.875,-2.4739,4.0716,-4.9228,3.1572,18,13,14,31,0,0,30
C3,1378_173_666_0,27,26,26,2.0,4.1427,1.585,4.589,-2.1427,1.4516,-2.5025,1.4524,-2.7068,2.263,13,13,12,26,0,0,29
C3,1379_441_442_0,40,39,39,-0.0,4.1867,-0.0,4.1699,-3.9219,4.1659,-3.1699,2.6645,-3.3104,6.8914,16,22,18,39,0,0,28
C3,137_506_1204_46,34,33,33,-0.0,3.5216,-0.0,3.8431,-2.3219,3.4183,-2.0,3.8431,-4.5931,5.4183,13,18,15,33,0,0,30
C3,1380_157_177_58,25,24,24,-0.0,4.2479,-0.0,4.0,-3.9292,3.2776,-3.4594,3.0958,-5.7724,5.8626,11,13,10,24,0,0,25
C3,1382_173_352_12,27,26,26,1.0,4.6316,-0.0,3.8431,-2.7004,3.1659,-2.5466,3.4594,-4.8347,5.1659,11,14,9,26,0,0,28
C3,1383_177_66_4,29,28,28,1.585,4.7004,-0.0,4.4381,-2.415,2.6235,-3.4594,2.737,-5.0226,5.349,13,14,8,28,0,0,24
C3,1384_1066_81_34,28,27,27,1.0,4.2099,-0.0,4.781,-2.3219,1.585,-3.6645,3.9292,-4.8921,3.9994,15,12,7,27,0,0,28
C3,1385_50_869_41,39,38,38,-0.0,4.8795,1.0,4.8045,-4.2219,3.8795,-3.5661,2.7836,-5.9287,6.1511,20,18,13,38,0,0,28
C3,1386_1066_435_6,31,30,30,1.585,5.0719,-0.0,4.8137,-2.8383,3.0719,-4.5484,3.9842,-5.3765,6.3557,17,13,12,30,0,0,22
C3,1387_1360_1189_42,27,26,26,-0.0,4.3685,-0.0,5.1966,-4.2479,4.3496,-3.9698,4.2219,-5.8129,7.157,13,13,11,26,0,0,29
C3,1388_1072_1087_6,36,35,35,-0.0,3.8074,-0.0,4.2971,-3.6645,3.4594,-4.0,4.1699,-6.0444,5.1375,18,17,20,35,0,0,30
C3,1389_407_159_29,28,27,27,-0.0,4.2089,-0.0,4.0875,-3.8074,3.9754,-3.3219,2.8074,-4.8074,5.8704,14,13,13,27,0,0,30
C3,138_112_1180_29,25,24,24,-0.0,4.0842,-0.0,4.2479,-2.3219,3.8431,-3.9698,4.0,-6.0842,4.3536,13,11,12,24,0,0,30
C3,1390_177_350_6,32,31,31,-0.0,4.3419,1.0,5.1598,-2.8074,3.4594,-3.6639,3.1598,-3.3667,5.7266,15,16,15,31,0,0,28
C3,1391_425_869_43,45,44,44,-0.0,4.335,1.0,4.4594,-3.3219,1.415,-3.1699,2.1155,-2.9852,2.8745,18,24,14,44,0,0,28
C3,1392_901_920_58,27,26,26,2.0,4.3518,-0.0,4.6073,-2.3518,2.2219,-4.5561,4.1524,-4.9597,3.1877,13,13,10,26,0,0,30
C3,1393_50_424_29,40,39,39,1.585,5.865,1.5,5.3489,-1.585,4.2801,-2.2041,3.3489,-2.6761,2.6297,18,21,20,39,0,0,30
C3,1394_80_81_29,29,28,28,2.0,4.8481,-0.0,4.4183,-2.0626,2.7864,-3.9058,4.4183,-6.2716,5.2202,16,12,8,28,0,0,30
C3,1395_1087_177_9,39,38,38,-0.0,4.0875,-0.0,4.6375,-2.7004,3.1699,-3.5899,4.0875,-5.2277,5.9118,18,20,15,38,0,0,27
C3,1396_550_839_15,39,38,38,-0.0,5.1899,2.0,4.7244,-4.7947,4.0588,-2.0738,2.3656,-5.392,4.8291,21,17,19,38,0,0,30
C3,1397_1408_1409_50,29,28,28,1.585,4.0888,-0.0,4.0588,-2.0707,1.585,-2.8074,2.3219,-2.9187,2.585,12,16,14,28,0,0,30
C3,1398_1352_1353_16,28,27,27,1.0,4.8635,1.0,4.7669,-2.9069,2.1219,-3.4839,3.3239,-5.1926,4.1875,17,10,14,27,0,0,27
C3,1399_413_920_20,25,24,24,2.0,4.3496,2.0,4.2821,-2.2018,2.3496,-1.7736,1.9408,-1.9958,3.1976,10,14,12,24,0,0,30
C3,139_653_1093_51,30,29,29,-0.0,4.3566,-0.0,4.5016,-4.3566,2.7255,-4.5016,4.5016,-6.6785,5.8989,14,13,9,29,0,0,30
C3,13_219_191_1,30,29,29,-0.0,5.1144,-0.0,4.6817,-3.3219,3.1699,-3.9977,4.2389,-7.5608,5.7346,17,12,15,29,0,0,30
C3,1400_1450_1451_48,27,26,26,-0.0,4.5327,-0.0,4.0707,-3.5327,4.5327,-2.585,2.4739,-4.8074,5.1699,11,14,17,26,0,0,30
C3,1401_869_920_50,27,26,26,-0.0,4.2627,1.0,4.2389,-3.8074,3.9477,-2.5466,1.848,-3.5594,4.1443,12,14,11,26,0,0,30
C3,1403_1352_813_6,27,26,26,1.585,4.1867,1.585,4.2971,-2.5577,2.0588,-1.9752,1.8745,-2.8472,3.8745,13,12,13,26,0,0,30
C3,1404_1087_127_16,46,45,45,-0.0,4.9392,-0.0,4.2776,-4.9392,4.5327,-3.7004,3.7004,-5.8264,5.5327,25,20,23,45,0,0,29
C3,1405_1475_674_16,34,33,33,-0.0,4.1867,-0.0,4.2089,-4.0875,3.6402,-3.4594,3.4594,-4.6311,5.1699,16,17,21,33,0,0,30
C3,1406_589_571_46,27,26,26,1.0,4.4183,-0.0,4.3668,-3.2627,2.1368,-3.1699,3.0,-4.2484,4.4183,11,14,12,26,0,0,30
C3,1407_664_1475_4,36,35,35,-0.0,4.7414,-0.0,4.0,-4.3903,3.5216,-3.0,2.3219,-4.532,5.0,21,14,24,35,0,0,29
C3,1408_441_920_34,28,27,27,1.0,4.7544,1.0,5.2926,-2.5788,2.1066,-2.9069,3.2926,-2.5768,2.4475,12,15,12,27,0,0,29
C3,1409_245_1083_53,25,24,24,-0.0,4.1524,-0.0,3.9698,-3.3219,2.1524,-3.7004,3.2776,-5.3219,3.0382,14,10,11,24,0,0,30
C3,140_586_1538_3,36,35,35,-0.0,4.2516,2.0,4.3927,-3.3219,3.6645,-2.2479,2.0708,-4.499,4.263,19,16,27,35,0,0,29
C3,1410_1006_650_53,42,41,41,-0.0,4.72,-0.0,5.1674,-3.6901,4.2971,-3.4183,4.4183,-6.8777,7.1383,20,21,21,41,0,0,30
C3,1411_158_87_40,34,33,33,-0.0,4.5327,-0.0,4.781,-4.4697,3.8074,-2.875,4.1524,-4.4154,4.2982,19,14,19,33,0,0,29
C3,1412_1087_1052_53,35,34,34,-0.0,4.7069,-0.0,4.875,-3.2018,2.6645,-4.0,2.9987,-3.3219,5.0,16,18,16,34,0,0,28
C3,1413_920_1052_39,25,24,24,-0.0,4.3219,-0.0,4.5389,-3.585,4.2776,-3.8074,4.0875,-4.8244,4.8365,12,12,14,24,0,0,28
C3,1414_1052_650_30,34,33,33,-0.0,4.9698,-0.0,4.7188,-4.9698,4.0588,-3.9698,3.8074,-4.0704,5.6438,19,14,18,33,0,0,28
C3,1415_1052_1409_30,33,32,32,-0.0,5.0719,-0.0,5.8919,-3.4594,3.4594,-4.0,3.7004,-4.9635,6.1849,18,14,22,32,0,0,28
C3,1416_650_903_30,32,31,31,-0.0,4.5016,-0.0,4.4546,-4.2971,3.1699,-3.0,2.9069,-4.9773,5.1699,18,13,18,31,0,0,30
C3,1417_1052_50_48,34,33,33,1.0,4.1524,-0.0,4.7742,-1.3219,2.4594,-3.1699,4.2776,-4.8457,5.6294,17,16,6,33,0,0,26
C3,1418_1071_1052_10,32,31,31,-0.0,4.7871,-0.0,4.0716,-4.0374,3.3219,-4.0,3.1219,-4.298,6.4537,14,17,16,31,0,0,29
C3,1419_1006_571_39,30,29,29,1.585,4.6292,-0.0,4.2971,-1.4183,2.3923,-4.1066,4.2479,-4.7013,4.9228,14,15,11,29,0,0,27
C3,141_831_586_38,39,38,38,1.0,4.1219,-0.0,4.2479,-2.6402,2.3219,-3.5725,3.1699,-4.0704,3.585,17,21,16,38,0,0,30
C3,1420_389_390_31,31,30,30,-0.0,4.1066,-0.0,4.2433,-4.1066,3.8431,-3.1699,3.1699,-3.7549,4.9069,14,16,20,30,0,0,29
C3,1421_82_83_42,52,51,51,-0.0,4.3002,-0.0,5.2159,-3.7004,3.585,-4.0875,4.0,-5.0,6.4094,23,27,26,51,0,0,27
C3,1422_50_51_7,34,33,33,1.5,4.6645,-0.0,4.4039,-3.1645,1.5426,-2.3219,3.75,-3.2127,2.5886,16,17,20,33,0,0,30
C3,1423_650_99_7,26,25,25,-0.0,4.8402,1.0,4.3464,-4.8402,4.7359,-2.3219,2.0958,-3.8317,6.7359,13,12,16,25,0,0,30
C3,1424_459_458_7,33,32,32,-0.0,4.0875,-0.0,4.3964,-3.5216,4.0842,-2.0,3.8074,-3.8756,5.0842,15,17,15,32,0,0,30
C3,1425_99_436_48,36,35,35,-0.0,5.003,-0.0,5.0814,-3.5132,4.2578,-3.875,3.4183,-4.8665,4.0948,19,16,19,35,0,0,29
C3,1426_820_821_7,38,37,37,-0.0,4.3249,-0.0,4.5236,-2.7004,3.1219,-3.875,3.9698,-4.875,4.7549,17,20,13,37,0,0,30
C3,1427_527_528_56,29,28,28,-0.0,4.5661,-0.0,4.9116,-4.5661,4.1427,-2.8074,3.8074,-4.7345,5.7276,13,15,15,28,0,0,30
C3,1428_147_148_11,35,34,34,-0.0,4.9953,-0.0,5.3926,-4.3923,2.9953,-3.9069,4.0,-5.6645,4.6237,17,17,15,34,0,0,29
C3,1429_171_1006_8,31,30,30,1.0,4.6235,-0.0,4.7736,-2.3016,2.4183,-3.8074,4.3685,-4.4314,5.4552,12,17,14,30,0,0,29
C3,142_508_1521_5,36,35,35,1.0,4.9754,1.0,5.2603,-2.6535,2.3419,-2.7736,3.3752,-5.0172,4.3347,17,18,16,35,0,0,29
C3,1430_159_147_43,29,28,28,-0.0,4.3074,-0.0,4.0588,-3.4316,4.3074,-4.0588,3.8431,-3.5801,4.9586,12,14,11,28,0,0,27
C3,1431_1314_1315_53,28,27,27,-0.0,4.6248,1.0,5.9424,-4.2479,4.5931,-3.4839,3.3574,-4.9849,4.7061,13,14,13,27,0,0,30
C3,1432_1005_1006_46,37,36,36,-0.0,3.9698,-0.0,3.8431,-3.585,3.9698,-3.1699,3.8431,-4.8224,3.9477,19,15,15,36,0,0,27
C3,1434_304_887_56,27,26,26,1.0,4.6294,1.585,5.2566,-3.2018,2.9321,-2.4366,3.2566,-4.4142,2.7142,15,11,15,26,0,0,29
C3,1435_1006_1315_57,40,39,39,-0.0,4.4594,-0.0,4.3549,-3.9069,4.0898,-3.3549,3.7004,-5.29,6.8143,17,21,17,39,0,0,30
C3,1436_1216_604_1,28,27,27,-0.0,4.0875,-0.0,4.7004,-3.3219,3.3219,-4.5016,4.4183,-5.6439,6.6439,13,14,11,27,0,0,26
C3,1437_304_148_1,26,25,25,1.0,4.6235,1.0,3.9698,-2.7004,3.6235,-2.9698,2.3642,-3.1859,2.898,13,12,14,25,0,0,28
C3,1438_1315_1072_1,39,38,38,-0.0,4.5047,-0.0,5.4646,-4.1427,4.0588,-3.9069,3.5466,-5.3219,6.7142,22,16,19,38,0,0,29
C3,1439_1216_683_46,28,27,27,-0.0,4.8252,-0.0,4.2479,-3.9698,3.585,-3.0,3.8747,-5.2029,4.0958,12,15,17,27,0,0,29
C3,143_506_508_5,40,39,39,-0.0,4.3923,-0.0,4.5829,-3.3923,2.8074,-3.7736,4.5829,-5.1155,5.2854,20,19,20,39,0,0,28
C3,1441_148_905_1,30,29,29,-0.0,4.2433,2.0,4.7414,-3.3219,2.7255,-2.0301,2.5236,-2.3648,3.6884,14,14,15,29,0,0,30
C3,1443_148_401_51,32,31,31,-0.0,4.1699,-0.0,4.3219,-4.1699,4.1659,-4.3168,4.0875,-3.8366,3.4928,13,15,13,31,0,0,28
C3,1444_683_912_51,29,28,28,-0.0,4.2776,-0.0,3.8431,-4.2776,4.2219,-3.8074,3.8431,-5.3249,5.7736,14,14,16,28,0,0,29
C3,1445_1003_1004_25,26,25,25,2.0,4.3736,-0.0,4.5484,-1.9698,2.2433,-4.2627,3.3347,-5.1082,4.0386,12,12,8,25,0,0,30
C3,1446_449_450_7,39,38,38,-0.0,4.8252,-0.0,4.3219,-3.2402,2.9386,-3.8366,4.0875,-6.1579,3.0401,17,21,18,38,0,0,29
C3,1447_767_891_36,48,47,47,1.0,5.0366,-0.0,5.593,-3.0219,2.8049,-3.7004,4.1699,-4.8309,5.0159,22,25,23,47,0,0,28
C3,1448_1446_1447_36,31,30,30,-0.0,3.7004,-0.0,4.146,-3.7004,3.585,-3.7004,4.146,-4.5069,5.6439,16,14,13,30,0,0,24
C3,1449_83_1072_46,35,34,34,-0.0,4.1562,-0.0,4.5109,-3.0374,4.1562,-2.585,3.4594,-4.3339,2.9672,20,13,16,34,0,0,30
C3,144_277_547_43,33,32,32,-0.0,4.4183,-0.0,4.1416,-3.4183,3.8074,-3.9698,3.2776,-3.8333,4.3219,13,19,18,32,0,0,30
C3,1450_140_147_37,29,28,28,-0.0,4.0219,2.0,4.5109,-3.9698,4.0219,-1.926,1.8074,-4.3568,4.7875,13,14,24,28,0,0,25
C3,1451_139_254_41,32,31,31,1.0,4.83,2.0,4.8137,-2.9069,3.3239,-2.8008,2.3845,-3.5323,4.4186,16,15,15,31,0,0,30
C3,1452_148_140_25,31,30,30,1.0,5.3867,-0.0,5.71,-3.3685,4.3867,-4.7736,3.71,-4.5147,5.4786,12,17,14,30,0,0,28
C3,1453_139_74_52,27,26,26,-0.0,4.0,-0.0,4.6506,-4.0,2.7255,-3.1699,2.3219,-2.415,3.235,13,13,13,26,0,0,30
C3,1454_412_240_52,27,26,26,-0.0,3.875,-0.0,3.9492,-3.4594,3.8074,-3.0,3.9492,-3.7964,4.0704,10,16,11,26,0,0,30
C3,1455_1465_450_59,28,27,27,-0.0,4.2971,-0.0,4.6294,-3.7004,3.8431,-2.8074,3.4183,-3.6845,6.0474,10,16,14,27,0,0,30
C3,1456_678_140_58,30,29,29,1.0,4.6511,1.0,4.9003,-2.8019,2.4594,-3.9003,3.2113,-6.0131,5.5469,12,17,12,29,0,0,29
C3,1457_8_445_33,26,25,25,-0.0,4.7549,-0.0,4.5726,-3.7736,2.1699,-2.8074,4.2971,-3.4507,3.4174,12,13,15,25,0,0,30
C3,1458_450_74_52,26,25,25,-0.0,3.9492,-0.0,4.9917,-3.4594,3.2776,-2.0,4.9917,-3.3074,2.848,11,14,13,25,0,0,29
C3,1459_139_140_21,27,26,26,1.0,4.4697,1.585,4.5788,-2.8074,1.7647,-1.8745,1.7847,-1.8049,2.6632,9,17,15,26,0,0,28
C3,145_224_567_19,31,30,30,1.0,4.3219,-0.0,4.2971,-2.737,2.2224,-4.0374,3.585,-5.7744,6.1529,15,15,11,30,0,0,29
C3,1460_74_1072_59,36,35,35,-0.0,4.6645,-0.0,4.0,-4.6645,3.6645,-2.8074,3.585,-4.9069,4.6147,17,18,16,35,0,0,30
C3,1461_538_1386_44,32,31,31,-0.0,4.7601,1.5219,4.6313,-3.1751,3.585,-3.1094,2.0795,-4.7293,3.9699,17,14,16,31,0,0,30
C3,1463_791_140_40,29,28,28,-0.0,4.6235,1.0,5.0116,-4.5466,2.4739,-3.3685,3.1416,-3.095,3.2804,14,14,15,28,0,0,28
C3,1464_277_234_43,33,32,32,-0.0,4.4306,-0.0,3.8431,-3.9069,3.9069,-3.0,2.585,-2.7664,3.7142,14,17,16,32,0,0,30
C3,1465_240_678_41,35,34,34,1.0,4.7632,-0.0,4.6294,-3.1066,3.3736,-3.875,3.8074,-4.2097,6.6955,15,19,12,34,0,0,30
C3,1466_1072_234_6,38,37,37,-0.0,4.5639,-0.0,4.0875,-3.7004,3.7004,-3.3219,3.7736,-4.6818,4.7004,19,16,21,37,0,0,30
C3,1467_767_74_25,36,35,35,-0.0,4.0842,1.585,5.7422,-3.9987,4.0842,-2.9304,2.7422,-6.7408,3.7918,19,16,25,35,0,0,30
C3,1469_560_561_15,31,30,30,-0.0,4.3248,-0.0,4.4633,-3.6645,3.8797,-3.0958,4.4633,-4.2891,4.5577,16,14,19,30,0,0,30
C3,146_823_424_20,36,35,35,-0.0,4.789,2.0,4.9698,-4.0842,2.7736,-1.8,1.5531,-3.6258,3.437,19,16,24,35,0,0,30
C3,1470_460_277_7,37,36,36,-0.0,4.0875,-0.0,4.473,-3.585,3.9917,-2.6169,3.2516,-6.1849,5.8626,16,20,18,36,0,0,27
C3,1471_276_1027_7,33,32,32,-0.0,4.5931,-0.0,4.7947,-4.3219,4.3899,-2.9775,3.2097,-5.7738,6.9115,15,16,17,32,0,0,30
C3,1472_725_1221_59,25,24,24,-0.0,4.4366,1.0,4.6961,-3.1699,2.9069,-3.1427,1.8207,-3.5078,3.3837,11,13,12,24,0,0,30
C3,1473_276_277_59,28,27,27,-0.0,4.2018,-0.0,5.1204,-3.1699,2.8074,-3.7004,4.2219,-4.585,4.9635,14,12,10,27,0,0,28
C3,1474_1027_460_59,44,43,43,-0.0,4.4839,-0.0,4.2737,-4.4839,3.75,-3.1699,3.4594,-4.7814,4.1964,24,19,31,43,0,0,27
C3,1475_560_653_6,39,38,38,-0.0,4.7123,-0.0,3.9292,-2.8074,4.3496,-3.5466,3.6645,-4.7123,4.937,18,18,14,38,0,0,30
C3,1476_675_314_6,33,32,32,-0.0,4.0875,1.0,4.8074,-4.0875,2.9219,-2.4854,3.8074,-4.6724,3.8948,15,17,18,32,0,0,27
C3,1477_276_460_56,31,30,30,-0.0,4.3496,-0.0,3.9512,-4.2479,3.585,-3.3347,2.7255,-6.3104,5.1699,16,14,18,30,0,0,29
C3,1478_1027_277_0,28,27,27,-0.0,4.5216,-0.0,4.3923,-3.8074,4.1219,-2.3219,3.4594,-4.6147,4.8138,14,13,15,27,0,0,28
C3,147_1210_1224_20,31,30,30,2.0,5.0006,-0.0,4.9069,-1.585,1.8207,-4.9069,4.9069,-5.3897,5.4634,16,14,11,30,0,0,30
C3,1480_1454_663_12,51,50,50,-0.0,4.7566,-0.0,4.6439,-3.3219,4.7566,-4.6067,4.6439,-7.0124,7.504,25,25,22,50,0,0,27
C3,1481_276_501_12,35,34,34,1.0,5.1013,-0.0,4.6961,-3.6235,3.8107,-4.4594,2.3219,-5.324,4.349,18,16,22,34,0,0,29
C3,1482_460_183_12,33,32,32,1.0,5.1337,-0.0,4.8107,-3.6235,2.5639,-4.7359,4.2776,-4.2258,7.2998,16,16,16,32,0,0,28
C3,1483_560_909_27,40,39,39,-0.0,4.1219,-0.0,4.9971,-3.7004,3.875,-4.9971,2.7255,-4.1219,3.6604,22,17,24,39,0,0,26
C3,1484_1027_1063_27,37,36,36,-0.0,4.8626,-0.0,4.4839,-3.2015,3.875,-3.584,2.585,-4.798,4.5538,15,21,22,36,0,0,28
C3,1485_1040_675_12,30,29,29,-0.0,4.0,-0.0,4.72,-4.0,3.8747,-3.4594,3.8074,-3.152,2.0931,16,12,12,29,0,0,29
C3,1486_425_561_50,32,31,31,-0.0,4.0588,-0.0,4.6067,-3.75,3.9477,-2.8074,2.3219,-4.2696,6.7551,14,17,18,31,0,0,27
C3,1487_1027_461_26,39,38,38,-0.0,4.914,-0.0,4.2737,-3.1219,4.7359,-3.4594,4.2219,-6.871,5.8764,20,17,20,38,0,0,30
C3,1488_675_276_33,30,29,29,-0.0,4.5236,-0.0,3.9987,-2.3219,3.75,-3.0,2.7255,-4.7255,3.3056,13,16,11,29,0,0,30
C3,1489_544_430_1,34,33,33,-0.0,4.5661,-0.0,4.3496,-4.5661,4.0231,-3.9977,4.3496,-6.1343,7.1676,18,15,14,33,0,0,30
C3,148_586_653_38,30,29,29,-0.0,4.8128,-0.0,4.0,-3.6645,4.1368,-3.9069,3.9069,-5.4919,7.7233,14,15,17,29,0,0,29
C3,1490_604_605_1,27,26,26,-0.0,4.585,-0.0,4.5661,-2.585,2.3219,-4.3168,4.5661,-4.2512,6.6388,12,14,9,26,0,0,28
C3,1491_1119_1547_1,34,33,33,2.0,4.3362,1.0,4.3923,-1.7655,1.3183,-1.585,2.8431,-2.0084,2.085,15,18,14,33,0,0,30
C3,1492_183_1026_50,25,24,24,1.585,4.6402,-0.0,3.8747,-1.9069,2.0374,-2.585,2.585,-4.1621,4.3593,10,12,9,24,0,0,17
C3,1493_312_254_23,38,37,37,-0.0,4.5639,1.585,4.8514,-4.5639,3.9698,-2.9972,2.8847,-5.8415,6.967,18,18,22,37,0,0,28
C3,1494_714_283_7,33,32,32,-0.0,4.4306,-0.0,4.1427,-3.9161,4.4306,-2.7255,2.8074,-4.0681,4.6005,15,17,23,32,0,0,30
C3,1495_705_568_21,26,25,25,-0.0,3.9698,-0.0,4.4546,-3.3219,2.7255,-3.1699,2.7255,-3.6589,4.0474,12,12,10,25,0,0,30
C3,1496_495_638_34,36,35,35,-0.0,4.9232,-0.0,4.5016,-4.3074,4.5047,-3.1219,4.3845,-4.2584,7.6266,15,19,20,35,0,0,29
C3,1497_82_905_46,32,31,31,1.0,4.8984,-0.0,4.1683,-2.5577,3.72,-4.1427,3.6645,-4.2657,4.8967,14,17,13,31,0,0,30
C3,1498_155_1503_30,27,26,26,-0.0,4.2479,1.0,4.7345,-3.9477,3.0839,-2.7345,3.6073,-5.6822,4.3195,16,10,17,26,0,0,28
C3,1499_900_901_30,28,27,27,-0.0,4.2776,2.0,4.1699,-3.8522,4.0,-2.0958,1.9917,-3.3056,4.1926,12,14,15,27,0,0,28
C3,149_248_1035_51,30,29,29,1.0,4.6403,-0.0,4.6405,-2.8989,2.3219,-2.875,4.1683,-7.0672,3.4624,16,13,9,29,0,0,30
C3,1500_1424_1002_30,35,34,34,-0.0,4.6822,-0.0,4.0667,-4.2219,4.0114,-3.1699,3.7004,-4.2029,5.6724,16,18,13,34,0,0,27
C3,1501_41_42_30,55,54,54,-0.0,4.5216,-0.0,4.4839,-4.1066,3.8074,-2.8989,3.1699,-4.5582,5.769,25,29,27,54,0,0,29
C3,1502_151_905_29,25,24,24,-0.0,3.9069,-0.0,4.9161,-2.29,2.8074,-2.585,3.4594,-3.7772,3.0628,10,14,13,24,0,0,29
C3,1503_900_705_29,25,24,24,1.585,4.2433,2.0,4.2627,-2.4739,1.8333,-1.9408,2.0374,-2.2183,2.2369,12,12,11,24,0,0,28
C3,1504_1033_1034_59,35,34,34,-0.0,4.4183,-0.0,4.9116,-4.4183,4.3158,-2.3219,2.9116,-5.4577,5.1699,15,19,19,34,0,0,30
C3,1505_151_80_3,30,29,29,-0.0,4.1549,1.0,5.1013,-2.8074,3.1549,-2.7794,3.1427,-3.766,5.7794,12,16,17,29,0,0,30
C3,1506_1445_1387_6,29,28,28,-0.0,4.585,-0.0,3.9477,-3.0958,3.1699,-3.9477,3.76,-6.1316,6.1699,14,14,11,28,0,0,28
C3,1507_900_407_59,26,25,25,-0.0,4.2479,-0.0,4.1699,-3.5466,3.4594,-3.1699,2.3219,-4.5466,3.5484,14,11,10,25,0,0,30
C3,1508_357_358_29,32,31,31,-0.0,3.585,-0.0,4.1427,-3.4183,3.4594,-3.3219,4.1427,-3.9749,5.3788,17,14,14,31,0,0,30
C3,1509_546_151_31,25,24,24,-0.0,3.4594,-0.0,4.1683,-2.585,3.4594,-3.7004,3.1699,-3.9773,5.1699,9,15,10,24,0,0,27
C3,1510_1458_949_34,29,28,28,1.0,4.6439,-0.0,4.6808,-2.2711,1.8365,-3.2776,4.4183,-4.4626,3.9288,17,11,13,28,0,0,27
C3,1513_425_705_59,29,28,28,1.585,4.1699,-0.0,3.9069,-2.1699,1.585,-2.3219,3.8431,-2.737,3.6439,14,14,12,28,0,0,28
C3,1514_647_1034_48,40,39,39,-0.0,5.1507,-0.0,5.0006,-3.9069,5.1507,-3.7028,3.875,-5.1599,5.3286,21,18,23,39,0,0,27
C3,1516_362_155_23,27,26,26,-0.0,5.1346,1.0,4.3496,-3.4594,2.6927,-2.0795,2.3219,-4.2219,3.9795,14,12,17,26,0,0,27
C3,1517_151_435_26,31,30,30,-0.0,4.0797,-0.0,5.1566,-3.4594,3.9069,-4.4039,4.4039,-5.5548,6.2288,12,16,15,30,0,0,28
C3,1518_1002_227_3,28,27,27,-0.0,4.1699,-0.0,4.1699,-4.1699,2.3219,-4.1699,3.9698,-5.7185,3.9699,15,12,13,27,0,0,30
C3,151_1396_1252_51,39,38,38,-0.0,4.4183,-0.0,4.5016,-4.0588,3.7255,-2.8074,4.5016,-7.335,4.0938,22,16,20,38,0,0,29
C3,1521_478_479_30,25,24,24,-0.0,4.4406,-0.0,4.3927,-4.0588,2.3219,-4.3927,2.7255,-3.4036,3.5003,13,10,9,24,0,0,29
C3,1522_102_1186_42,29,28,28,-0.0,3.7004,-0.0,4.4594,-3.1699,3.7004,-3.8924,4.4594,-5.8954,7.0623,13,15,16,28,0,0,27
C3,1523_435_357_42,31,30,30,-0.0,3.6645,-0.0,4.4502,-3.1699,3.0,-4.4502,2.8431,-5.4719,5.7928,10,18,12,30,0,0,26
C3,1524_568_569_33,27,26,26,1.0,3.9698,-0.0,4.4839,-2.3219,1.585,-4.4839,2.4594,-3.9069,5.2854,9,15,3,26,0,0,27
C3,1525_638_1002_56,34,33,33,-0.0,3.8431,-0.0,4.875,-3.0,3.0,-4.2018,4.875,-3.8074,4.3219,16,17,16,33,0,0,28
C3,1526_949_834_23,31,30,30,-0.0,4.3923,-0.0,4.7544,-2.3219,4.1699,-4.2479,4.1867,-4.1293,5.2479,12,18,17,30,0,0,25
C3,1527_42_1083_34,38,37,37,-0.0,4.5466,1.0,4.858,-4.2018,4.5466,-3.1699,1.8995,-4.5685,6.0598,14,23,17,37,0,0,28
C3,1528_949_1090_16,27,26,26,-0.0,4.4537,-0.0,4.1699,-2.8687,2.2089,-4.1699,3.5466,-4.032,4.6554,13,13,10,26,0,0,27
C3,1529_42_675_50,36,35,35,-0.0,4.0875,-0.0,4.9947,-3.7004,4.0875,-3.1699,3.7004,-5.2257,3.9477,21,13,17,35,0,0,29
C3,1530_820_401_23,33,32,32,1.0,4.7185,-0.0,4.1219,-3.7185,2.4183,-2.3219,3.8074,-4.3923,3.4215,17,15,12,32,0,0,28
C3,1531_1247_568_42,30,29,29,-0.0,4.2776,-0.0,3.9292,-3.5069,4.2776,-2.8074,3.2516,-5.8288,6.2776,14,15,13,29,0,0,27
C3,1532_820_891_18,30,29,29,-0.0,4.5561,1.0,4.6645,-4.2479,4.4839,-3.0795,3.3927,-3.2522,4.1619,14,15,16,29,0,0,28
C3,1533_949_777_46,31,30,30,-0.0,3.9069,1.585,4.4406,-3.875,3.875,-1.7736,1.9292,-3.4183,4.6071,14,16,23,30,0,0,28
C3,1534_698_677_46,30,29,29,2.0,4.911,2.0,5.4312,-1.8302,2.2219,-2.2627,2.6238,-3.2525,1.7527,15,14,16,29,0,0,30
C3,1535_568_42_8,41,40,40,-0.0,4.0219,1.0,4.5236,-2.9069,3.585,-2.8074,3.1699,-5.4919,5.1599,17,22,18,40,0,0,28
C3,1536_1005_1090_42,26,25,25,-0.0,3.8431,-0.0,3.9987,-3.0958,3.1699,-3.4594,2.8074,-4.585,4.585,11,13,15,25,0,0,25
C3,1537_638_401_19,36,35,35,-0.0,4.5016,-0.0,5.7186,-2.5025,2.0,-4.2776,2.9113,-4.4919,2.7549,18,15,15,35,0,0,28
C3,1538_105_106_19,36,35,35,-0.0,4.5016,-0.0,4.5653,-3.5016,3.1562,-3.6645,3.4594,-4.4594,4.5754,21,14,24,35,0,0,28
C3,153_297_84_14,26,25,25,-0.0,4.8125,-0.0,4.6639,-4.4697,3.0,-4.4366,4.6639,-4.7402,4.685,13,12,8,25,0,0,30
C3,1540_447_663_23,35,34,34,-0.0,5.1249,-0.0,4.1219,-4.2776,4.2776,-4.1219,3.9698,-6.1316,5.0651,15,19,19,34,0,0,26
C3,1541_569_647_34,28,27,27,-0.0,4.5069,-0.0,4.3496,-4.0588,3.8431,-4.3496,4.3496,-4.0588,2.8811,13,13,10,27,0,0,28
C3,1542_568_676_23,33,32,32,-0.0,4.2479,-0.0,4.3752,-3.585,3.0,-3.8074,3.875,-6.1826,6.8074,13,16,7,32,0,0,30
C3,1543_638_712_10,49,48,48,-0.0,4.6151,-0.0,5.6996,-2.9069,3.3219,-4.1524,3.2553,-3.6395,4.0145,23,25,19,48,0,0,27
C3,1544_105_155_10,25,24,24,1.0,3.9069,-0.0,3.8747,-1.8074,2.0,-2.585,3.585,-3.3626,2.8745,9,15,12,24,0,0,28
C3,1545_106_1005_10,30,29,29,-0.0,3.9477,-0.0,4.0588,-2.585,2.5466,-3.585,3.8747,-4.7549,6.1316,15,13,11,29,0,0,28
C3,1546_305_1073_16,30,29,29,-0.0,4.2776,-0.0,3.9058,-3.2776,3.4594,-2.585,3.8431,-4.7858,4.0614,14,15,17,29,0,0,28
C3,1547_676_677_16,35,34,34,1.0,4.6067,-0.0,5.0473,-3.3219,3.1427,-3.9842,3.9321,-3.3855,4.4919,13,21,16,34,0,0,30
C3,1548_580_105_53,35,34,34,-0.0,4.0875,-0.0,4.4502,-3.5466,3.6645,-3.9321,4.3923,-4.5886,7.5966,18,16,17,34,0,0,24
C3,1549_950_951_53,25,24,24,1.0,4.6014,-0.0,4.2971,-2.2479,2.2795,-3.4594,3.8431,-3.3348,3.585,10,14,14,24,0,0,27
C3,154_831_424_41,37,36,36,-0.0,4.4039,-0.0,4.901,-4.4039,2.8189,-2.8074,3.1699,-2.8407,3.8074,16,20,16,36,0,0,30
C3,1550_42_106_23,32,31,31,1.0,4.2479,-0.0,4.1757,-2.8074,2.4594,-3.5216,3.3219,-4.1699,4.4594,17,13,14,31,0,0,28
C3,1551_638_569_27,36,35,35,-0.0,4.3923,-0.0,5.4343,-4.3923,3.4594,-3.8074,3.7004,-4.8897,5.9228,16,18,20,35,0,0,29
C3,1552_155_106_16,27,26,26,-0.0,4.3219,-0.0,4.1219,-3.1699,3.1699,-2.585,4.086,-3.585,4.7549,11,15,15,26,0,0,27
C3,1553_105_425_26,32,31,31,-0.0,4.5069,-0.0,4.2776,-4.1427,3.5069,-4.0,3.7345,-5.1699,5.0,14,17,19,31,0,0,28
C3,1554_560_155_50,31,30,30,-0.0,3.3219,-0.0,4.1549,-3.3219,3.3219,-2.585,2.3219,-5.0,5.7549,17,13,19,30,0,0,29
C3,1555_677_299_16,37,36,36,-0.0,4.5327,1.0,4.4817,-4.1219,3.7004,-3.0588,3.0588,-5.3807,5.3483,21,15,22,36,0,0,30
C3,1556_227_399_33,34,33,33,-0.0,4.8971,-0.0,4.8522,-3.3927,4.1427,-4.4366,4.8522,-5.2802,7.4646,15,18,13,33,0,0,28
C3,1557_106_41_30,29,28,28,1.0,4.7549,-0.0,4.2018,-3.5016,3.1699,-3.1219,4.2018,-7.3718,6.2919,12,14,15,28,0,0,27
C3,1558_1022_399_44,34,33,33,-0.0,3.9069,-0.0,4.1699,-2.585,2.8747,-4.1699,3.5466,-4.7549,5.585,18,13,11,33,0,0,29
C3,1559_604_495_50,33,32,32,-0.0,4.6808,1.585,4.1416,-3.7004,4.3845,-2.0,2.1416,-3.5785,3.7996,17,15,22,32,0,0,28
C3,155_586_203_14,32,31,31,-0.0,4.1219,-0.0,5.2747,-3.875,3.7736,-2.875,5.1953,-4.9712,5.3585,14,17,23,31,0,0,29
C3,1560_1249_1077_31,37,36,36,-0.0,4.2219,-0.0,4.0842,-4.1659,4.2219,-3.585,4.0842,-8.2501,7.143,18,17,20,36,0,0,30
C3,1561_1388_1273_46,29,28,28,1.0,4.789,-0.0,5.0031,-2.9977,2.7004,-4.2776,3.3382,-4.1699,3.8626,15,12,11,28,0,0,28
C3,1562_495_769_10,31,30,30,-0.0,4.4306,-0.0,4.3637,-3.7028,3.9292,-4.3637,3.9977,-5.4831,4.3442,17,13,17,30,0,0,30
C3,1563_1028_753_12,40,39,39,-0.0,4.4594,-0.0,4.5466,-2.8074,4.0219,-4.5466,4.5466,-6.5113,4.5074,19,19,19,39,0,0,25
C3,1564_26_885_12,30,29,29,1.0,4.802,-0.0,4.1699,-2.2711,3.802,-4.1699,3.4594,-5.7306,5.9679,13,14,14,29,0,0,30
C3,1565_1216_314_51,34,33,33,-0.0,4.7363,1.0,4.4157,-3.3219,4.0588,-2.8074,3.0374,-4.0387,6.474,12,21,19,33,0,0,27
C3,1566_1028_1159_51,32,31,31,-0.0,4.8793,-0.0,4.0208,-3.8231,4.4406,-3.8074,3.4594,-5.2511,5.6057,15,16,15,31,0,0,22
C3,1567_1216_885_45,31,30,30,-0.0,4.0374,-0.0,4.9073,-3.6645,3.9069,-2.8074,4.9073,-5.1282,6.6151,16,13,11,30,0,0,30
C3,1568_749_1028_23,25,24,24,-0.0,4.5184,1.585,4.4039,-2.1155,2.8074,-1.7736,1.8747,-3.8747,3.3931,11,13,15,24,0,0,27
C3,156_1354_1355_27,47,46,46,-0.0,5.0584,1.0,5.4786,-3.7736,3.4594,-3.5466,3.8937,-6.6517,6.9412,24,21,14,46,0,0,26
C3,1570_918_1350_10,33,32,32,1.0,4.8522,1.0,4.2971,-3.4151,1.7655,-3.0,2.0,-2.9769,4.0,12,20,14,32,0,0,30
C3,1571_294_885_41,28,27,27,-0.0,5.0782,-0.0,4.5236,-4.0875,4.0875,-4.5236,4.0374,-5.1208,5.2068,13,14,16,27,0,0,28
C3,1572_749_459_20,27,26,26,1.585,4.2776,-0.0,4.2971,-2.2582,2.2582,-4.2971,3.2971,-4.2776,4.0,12,13,10,26,0,0,29
C3,1573_1028_41_20,39,38,38,-0.0,4.0,-0.0,4.2202,-4.0,3.5899,-3.3219,3.875,-7.875,6.9118,20,18,23,38,0,0,27
C3,1574_330_576_20,35,34,34,1.0,4.9188,-0.0,4.7004,-3.2479,3.5236,-4.1427,2.9698,-4.8115,5.0562,18,16,13,34,0,0,30
C3,1575_1343_560_20,30,29,29,-0.0,4.0,-0.0,4.6235,-2.0,3.2776,-3.2776,3.6067,-3.761,3.818,16,13,13,29,0,0,30
C3,1576_917_918_44,28,27,27,1.585,4.6235,1.0,5.2707,-2.5025,2.3443,-3.5016,3.2707,-2.5962,3.1591,11,16,12,27,0,0,29
C3,1577_549_329_49,26,25,25,-0.0,4.6808,-0.0,4.6808,-4.0615,4.0374,-4.4183,4.4183,-5.7302,6.0374,14,11,13,25,0,0,30
C3,1578_1012_1518_23,48,47,47,-0.0,4.3496,2.0,4.3168,-3.875,4.2479,-1.5261,2.0842,-3.9453,3.7625,25,22,25,47,0,0,30
C3,1579_749_549_29,27,26,26,-0.0,3.9069,-0.0,3.8431,-3.9069,3.8924,-3.5466,3.8431,-5.5574,5.1699,11,14,12,26,0,0,29
C3,1581_1343_918_22,27,26,26,1.585,4.2971,-0.0,4.3923,-2.3849,1.9752,-3.2219,4.2479,-3.5834,2.5145,15,11,13,26,0,0,30
C3,1582_164_549_24,26,25,25,-0.0,4.1427,-0.0,4.2219,-4.1427,3.7004,-3.3219,4.2219,-4.9698,5.7004,13,12,12,25,0,0,30
C3,1583_329_330_39,40,39,39,1.0,5.0812,1.0,4.8366,-2.5466,2.433,-2.0019,3.5236,-4.6321,3.2959,19,20,24,39,0,0,30
C3,1584_917_605_50,25,24,24,2.0,4.9848,2.3219,4.3788,-2.4782,2.0466,-1.4404,2.0569,-3.1088,2.6871,12,12,10,24,0,0,30
C3,1585_75_918_41,38,37,37,1.0,4.9186,1.585,5.2131,-2.585,3.9186,-3.0656,2.4058,-2.7004,3.2516,17,20,16,37,0,0,26
C3,1586_1343_1335_50,27,26,26,-0.0,4.1699,2.0,4.6073,-3.1699,3.7004,-1.9069,1.9717,-3.9773,4.1699,14,11,14,26,0,0,30
C3,1587_549_550_41,30,29,29,-0.0,4.4366,-0.0,4.2219,-3.7004,4.4366,-4.2219,3.8431,-4.8074,5.3919,13,16,14,29,0,0,30
C3,1588_917_647_41,27,26,26,-0.0,4.3923,2.0,4.4366,-4.2627,3.585,-2.4366,1.9949,-5.9949,3.826,13,13,16,26,0,0,28
C3,1589_25_790_6,27,26,26,-0.0,4.3737,1.0,4.5016,-3.9058,4.3737,-3.0,3.1699,-3.6378,7.2794,11,15,10,26,0,0,30
C3,158_127_1014_27,34,33,33,-0.0,4.8074,-0.0,5.2926,-4.4183,2.8074,-3.1699,4.1427,-4.9204,4.2224,20,13,15,33,0,0,28
C3,1590_329_550_34,30,29,29,1.0,4.9232,-0.0,4.5466,-2.585,1.8207,-3.7004,4.4586,-5.3475,4.3566,15,14,13,29,0,0,30
C3,1591_1343_458_48,39,38,38,-0.0,4.5236,-0.0,4.72,-3.1219,3.3219,-3.0,4.4151,-5.2895,5.2016,20,18,20,38,0,0,30
C3,1592_626_647_40,31,30,30,-0.0,4.2203,-0.0,4.2219,-3.7028,3.0958,-4.0875,4.2219,-4.6618,4.2219,13,17,15,30,0,0,28
C3,1593_25_75_36,36,35,35,-0.0,4.5931,1.0,4.6817,-3.6402,2.8989,-2.9069,3.4594,-6.2252,5.8058,20,15,14,35,0,0,29
C3,1594_790_834_40,35,34,34,-0.0,4.8712,-0.0,4.5639,-4.0875,4.4586,-3.9698,2.6645,-4.509,5.0636,16,18,14,34,0,0,30
C3,1595_329_436_40,32,31,31,-0.0,4.7711,1.0,5.8919,-4.6073,3.5466,-2.0,2.722,-4.4918,4.1699,15,16,10,31,0,0,30
C3,1596_1393_1241_16,44,43,43,-0.0,4.5176,-0.0,5.0518,-3.585,3.9226,-4.1699,3.2479,-6.7069,4.8321,23,19,24,43,0,0,29
C3,1597_550_980_40,26,25,25,1.585,4.0875,-0.0,4.4366,-1.9616,1.415,-2.6169,3.8747,-3.8747,3.0,9,15,10,25,0,0,30
C3,1598_790_179_54,34,33,33,-0.0,4.9001,-0.0,5.3382,-3.4817,4.4817,-3.4594,4.1524,-6.5025,5.3799,18,15,19,33,0,0,29
C3,159_47_926_23,28,27,27,-0.0,4.5016,-0.0,4.3496,-3.1699,4.2971,-4.335,4.335,-5.5747,7.3929,12,15,9,27,0,0,30
C3,15_475_440_0,31,30,30,1.0,4.2219,-0.0,4.3362,-2.637,2.8747,-3.585,2.1699,-3.7008,3.5579,12,17,12,30,0,0,29
C3,1600_80_25_26,37,36,36,-0.0,4.7433,1.0,4.3168,-3.7433,3.4183,-3.0588,3.3168,-4.7433,4.4183,22,14,21,36,0,0,28
C3,1601_892_283_46,32,31,31,1.0,5.1136,-0.0,4.8155,-2.8074,2.1136,-4.0588,3.9698,-3.8255,5.1963,18,13,15,31,0,0,30
C3,1602_319_790_39,27,26,26,-0.0,4.5671,-0.0,4.5016,-2.1619,3.8078,-4.2433,4.5016,-4.9693,5.5012,14,12,10,26,0,0,30
C3,1603_1002_1189_19,30,29,29,-0.0,3.875,-0.0,3.9226,-3.1699,2.585,-2.3219,2.3376,-5.1808,3.0704,14,14,13,29,0,0,28
C3,1604_757_283_19,31,30,30,-0.0,4.8626,-0.0,4.7841,-3.7004,2.5048,-2.5216,3.1992,-4.2054,3.1375,15,15,13,30,0,0,30
C3,1605_107_108_59,34,33,33,-0.0,4.5427,1.0,3.8431,-3.4183,3.4594,-1.8074,1.8431,-2.6109,2.9546,12,19,23,33,0,0,30
C3,1606_251_252_29,26,25,25,1.585,4.6067,-0.0,4.8921,-2.2224,2.2711,-3.9069,4.3868,-4.0973,4.3513,14,11,8,25,0,0,30
C3,1607_366_795_45,30,29,29,-0.0,5.0033,-0.0,4.5821,-3.1699,2.585,-4.5821,3.9477,-5.8222,3.6803,15,13,16,29,0,0,28
C3,1608_561_342_50,31,30,30,-0.0,4.1337,-0.0,4.0,-3.875,3.8747,-3.4594,3.6645,-4.0474,5.3923,10,20,15,30,0,0,28
C3,1609_1229_833_7,28,27,27,1.0,4.7045,-0.0,4.0875,-2.9167,2.5577,-3.3219,3.8269,-4.5687,5.3868,13,14,16,27,0,0,30
C3,160_844_247_34,27,26,26,1.0,4.4697,1.0,5.133,-2.8847,1.9477,-2.875,3.3637,-3.1711,3.4476,14,12,12,26,0,0,28
C3,1611_626_251_60,29,28,28,1.0,5.0286,-0.0,4.3868,-2.7004,3.3219,-3.585,3.6402,-2.9248,4.4576,15,13,17,28,0,0,28
C3,1612_1485_1197_2,31,30,30,1.585,4.0875,1.0,4.5327,-1.585,1.8747,-2.3219,2.3362,-2.0,1.9411,14,16,12,30,0,0,27
C3,1613_9_436_58,31,30,30,-0.0,4.5726,-0.0,5.1106,-1.7185,4.1035,-3.4594,3.5256,-2.8293,5.3468,15,15,11,30,0,0,28
C3,1614_251_725_2,31,30,30,1.585,4.5327,1.0,4.4039,-2.5327,2.2107,-3.4039,2.7736,-3.6374,4.9184,12,18,17,30,0,0,30
C3,1615_375_516_49,31,30,30,-0.0,4.7359,-0.0,4.3923,-3.0588,4.335,-4.1659,3.8074,-4.4054,6.1678,10,20,12,30,0,0,29
C3,1616_1399_89_0,32,31,31,-0.0,4.9683,1.585,5.2806,-2.8074,3.1427,-2.6017,2.9775,-3.6613,5.0577,13,17,17,31,0,0,30
C3,1617_521_1348_2,42,41,41,-0.0,5.1542,1.0,4.8712,-2.8323,3.0795,-2.585,3.0,-3.5364,4.607,17,24,19,41,0,0,30
C3,1618_545_110_57,32,31,31,-0.0,4.6961,-0.0,4.5466,-3.1699,2.7255,-3.5466,3.7004,-3.5305,4.3742,13,17,14,31,0,0,30
C3,1619_1205_428_57,25,24,24,1.0,4.7606,-0.0,4.6151,-3.3923,1.8074,-2.585,2.1416,-3.1375,2.8074,15,9,9,24,0,0,28
C3,1620_251_516_57,38,37,37,-0.0,5.2213,-0.0,4.9677,-3.5788,4.3219,-3.0,2.8074,-4.3923,5.3922,18,19,17,37,0,0,30
C3,1621_428_1002_2,26,25,25,-0.0,3.3219,-0.0,4.2089,-3.3219,3.3219,-2.585,4.2089,-6.5309,3.3219,12,13,10,25,0,0,27
C3,1622_1014_107_12,25,24,24,2.0,5.8177,-0.0,4.1416,-2.2018,3.8177,-2.7255,3.1416,-2.6259,3.433,10,13,12,24,0,0,26
C3,1623_1399_110_12,35,34,34,1.0,5.2463,1.0,5.0096,-3.7549,3.2586,-3.1524,2.4074,-3.9788,3.8927,16,18,18,34,0,0,29
C3,1624_399_725_10,29,28,28,-0.0,3.9292,1.585,4.8897,-3.5111,2.875,-2.663,2.5188,-2.0958,2.1553,13,15,14,28,0,0,28
C3,1625_516_978_12,29,28,28,-0.0,4.7606,-0.0,4.5236,-3.4594,4.0875,-4.1699,3.585,-4.612,6.8129,14,13,10,28,0,0,30
C3,1626_1448_1449_12,26,25,25,-0.0,4.7255,1.0,4.8402,-4.1219,2.7255,-3.2971,2.6667,-3.0,4.1843,11,14,11,25,0,0,28
C3,1628_516_256_2,34,33,33,-0.0,4.7077,1.585,4.0588,-4.4183,4.6316,-1.3849,2.04,-6.2933,4.8062,16,15,17,33,0,0,30
C3,1629_184_185_2,37,36,36,-0.0,4.2247,-0.0,4.6318,-4.1699,3.9512,-4.3868,4.1699,-4.9773,3.9662,20,16,10,36,0,0,30
C3,162_203_247_23,26,25,25,-0.0,3.8074,1.0,4.5466,-3.0,3.4594,-2.9069,3.5466,-4.2805,6.3663,14,11,15,25,0,0,29
C3,1630_1213_761_1,30,29,29,-0.0,4.6151,-0.0,4.4947,-3.9069,2.3219,-3.9477,4.2018,-5.4188,4.3647,15,14,17,29,0,0,30
C3,1631_257_258_21,31,30,30,-0.0,4.6251,-0.0,3.9069,-3.7004,4.6251,-3.585,2.9069,-5.2288,5.6251,13,17,15,30,0,0,30
C3,1632_626_347_2,38,37,37,-0.0,4.2937,-0.0,3.9292,-3.3219,3.9292,-3.7004,3.7004,-3.9109,6.7969,16,21,18,37,0,0,24
C3,1634_428_761_10,28,27,27,-0.0,4.1427,-0.0,4.5581,-3.6645,3.6645,-3.1699,2.585,-5.6645,6.8344,14,13,17,27,0,0,28
C3,1635_1213_790_29,28,27,27,-0.0,4.5327,-0.0,4.9232,-2.3219,4.5026,-4.3219,4.9232,-3.825,4.0,14,13,11,27,0,0,30
C3,1636_428_184_7,28,27,27,1.585,4.5931,-0.0,4.0219,-2.2711,2.0081,-2.8074,4.0219,-4.0219,3.3104,14,13,14,27,0,0,28
C3,1638_1213_1097_38,37,36,36,-0.0,4.4839,-0.0,4.6248,-4.4839,4.3927,-4.585,4.585,-6.3539,5.3585,16,18,13,36,0,0,30
C3,1639_184_166_38,33,32,32,-0.0,3.9698,-0.0,3.8431,-2.875,2.3219,-2.585,3.585,-5.0033,4.1699,14,17,17,32,0,0,29
C3,163_47_1035_42,28,27,27,-0.0,4.3861,-0.0,4.3685,-2.8074,3.3861,-3.9977,3.9698,-5.2663,3.9256,14,13,16,27,0,0,29
C3,1641_486_487_38,29,28,28,2.0,4.72,2.0,4.7791,-1.9069,2.1155,-1.8736,1.9097,-3.1715,2.169,12,15,11,28,0,0,28
C3,1642_1160_540_32,29,28,28,-0.0,4.0875,-0.0,4.8074,-3.1219,3.4594,-2.5661,2.8074,-3.6439,4.4594,14,14,14,28,0,0,30
C3,1643_712_1164_27,29,28,28,-0.0,4.5236,-0.0,4.2627,-4.1427,3.9321,-3.0,4.2627,-7.7395,5.9321,16,12,19,28,0,0,29
C3,1644_175_478_38,30,29,29,1.585,4.5788,-0.0,5.1132,-2.5788,2.2569,-2.3219,3.875,-4.9007,4.4878,15,13,11,29,0,0,28
C3,1645_1213_753_27,32,31,31,-0.0,3.8747,-0.0,4.8635,-3.7004,3.4594,-2.8074,3.6645,-6.0276,4.8745,17,14,17,31,0,0,30
C3,1646_254_571_56,30,29,29,1.585,4.3637,2.0,5.7802,-2.3627,2.437,-2.3219,2.5026,-4.1099,3.585,15,14,10,29,0,0,28
C3,1648_907_649_23,38,37,37,-0.0,3.9977,-0.0,4.9408,-3.3219,3.9977,-3.4594,3.3964,-6.3126,6.805,15,21,21,37,0,0,29
C3,1649_390_480_30,31,30,30,-0.0,4.0588,-0.0,4.3685,-3.3219,3.9292,-2.7255,3.2389,-6.4088,6.6324,15,15,20,30,0,0,29
C3,1650_432_1413_30,36,35,35,-0.0,4.5236,-0.0,5.0166,-4.5236,4.4183,-4.2479,3.3219,-6.4276,7.2479,16,19,22,35,0,0,28
C3,1651_1331_1067_30,25,24,24,2.3219,4.6628,2.585,5.2084,-1.7632,2.2107,-1.6927,1.9228,-2.7802,3.4166,13,11,11,24,0,0,30
C3,1652_462_665_51,33,32,32,-0.0,4.5184,-0.0,4.7028,-4.0933,3.585,-3.9698,3.7736,-6.2728,5.2132,17,15,16,32,0,0,27
C3,1653_834_545_40,28,27,27,-0.0,4.7004,2.0,4.6375,-1.5025,4.0588,-1.5466,2.4183,-2.2395,2.2395,13,14,12,27,0,0,30
C3,1654_895_1321_17,31,30,30,-0.0,4.6235,-0.0,4.5931,-4.4366,4.4366,-2.9167,3.9069,-6.2021,6.7077,13,17,20,30,0,0,30
C3,1656_335_628_34,25,24,24,-0.0,4.3496,-0.0,4.5466,-4.335,4.2018,-4.5466,4.5466,-4.6832,8.2018,10,14,12,24,0,0,29
C3,1658_233_234_6,35,34,34,-0.0,4.335,-0.0,4.1549,-3.3788,2.585,-3.3219,3.3219,-5.9069,4.6732,17,15,14,34,0,0,30
C3,1659_363_895_14,25,24,24,-0.0,4.6251,-0.0,4.0716,-3.3219,4.6251,-3.3219,3.3927,-3.9728,3.947,13,11,13,24,0,0,30
C3,165_297_247_30,26,25,25,-0.0,4.7484,-0.0,4.1757,-4.0875,3.9069,-3.9069,2.9842,-5.4919,7.7142,13,12,14,25,0,0,30
C3,1660_107_432_2,31,30,30,-0.0,4.4839,-0.0,4.7069,-2.4839,2.3219,-3.9069,3.875,-3.4156,4.585,13,17,13,30,0,0,30
C3,1661_892_824_60,26,25,25,-0.0,4.5232,1.0,4.3219,-4.1659,3.3219,-2.0,2.637,-4.5954,5.3219,14,11,12,25,0,0,29
C3,1662_136_1214_60,38,37,37,2.0,4.8626,-0.0,5.1828,-1.9149,2.0552,-5.1828,3.1699,-4.0281,5.2792,17,20,19,37,0,0,28
C3,1663_182_1328_60,33,32,32,1.0,4.5561,2.0,4.7363,-3.1219,2.3219,-2.4366,2.1147,-5.2366,4.0216,18,14,22,32,0,0,30
C3,1664_481_1426_16,26,25,25,-0.0,4.6251,1.585,4.8256,-2.8074,3.8431,-2.337,2.8256,-3.9388,3.139,11,14,18,25,0,0,30
C3,1665_1474_1340_12,32,31,31,-0.0,4.5788,-0.0,5.0,-3.9698,4.5301,-4.3636,4.4366,-7.2141,7.111,17,14,12,31,0,0,30
C3,1666_1068_1245_57,26,25,25,2.0,4.5236,2.3219,4.7026,-2.5236,2.5236,-1.7026,2.1147,-3.6519,2.4764,12,13,10,25,0,0,30
C3,1667_209_462_5,42,41,41,-0.0,4.2971,-0.0,4.6639,-4.0875,4.2479,-4.5736,3.8074,-6.9189,8.0286,20,21,16,41,0,0,28
C3,1669_882_826_58,29,28,28,1.0,4.3594,-0.0,5.3305,-2.1155,2.3927,-3.9698,3.9698,-5.1349,5.0978,13,15,11,28,0,0,30
C3,166_1203_1514_30,31,30,30,-0.0,4.6235,-0.0,4.6067,-2.2018,2.8074,-3.6645,3.6645,-3.8948,4.9446,13,17,16,30,0,0,30
C3,1670_432_1245_58,33,32,32,-0.0,4.6866,-0.0,4.5109,-4.6866,4.0588,-4.4697,4.1429,-5.3792,4.7515,13,19,10,32,0,0,28
C3,1671_157_895_4,25,24,24,-0.0,4.7933,-0.0,4.0219,-4.6835,4.7933,-2.8074,3.0,-4.3489,5.7933,11,13,14,24,0,0,29
C3,1672_614_353_4,26,25,25,2.0,4.7414,-0.0,4.8443,-2.7414,1.9069,-4.8443,4.7489,-4.8379,4.9962,13,12,7,25,0,0,30
C3,1674_295_296_10,31,30,30,-0.0,4.8008,-0.0,4.3219,-3.7004,4.4366,-3.7004,3.1699,-4.9937,4.922,13,17,12,30,0,0,29
C3,1675_432_445_23,33,32,32,-0.0,4.4782,-0.0,4.3843,-3.7028,3.6901,-3.4594,2.3219,-2.9275,4.3549,13,18,15,32,0,0,30
C3,1676_209_175_37,48,47,47,-0.0,4.1427,-0.0,4.2018,-4.1427,4.1427,-3.7736,3.2776,-3.2776,5.4919,21,25,30,47,0,0,30
C3,1678_296_1245_39,29,28,28,1.585,5.2567,-0.0,5.09,-2.6718,2.4854,-4.09,3.8868,-3.8957,2.2902,15,13,14,28,0,0,30
C3,1679_432_614_39,37,36,36,-0.0,4.7711,-0.0,4.6169,-4.5216,4.5026,-3.9069,4.2971,-4.5466,6.7561,18,18,21,36,0,0,29
C3,167_203_1035_50,32,31,31,-0.0,4.5327,-0.0,4.3362,-3.8279,3.585,-3.8074,3.5216,-5.3961,4.9449,16,15,19,31,0,0,30
C3,1680_445_888_39,32,31,31,2.0,4.5788,-0.0,4.3496,-1.5466,1.926,-4.2219,4.3496,-5.8351,5.3785,13,18,7,31,0,0,28
C3,1681_311_331_32,28,27,27,-0.0,4.0,-0.0,4.8681,-3.9069,3.9069,-3.7004,2.5462,-4.4374,6.6481,14,13,14,27,0,0,30
C3,1682_751_1049_43,29,28,28,-0.0,3.8431,-0.0,3.9987,-3.1699,3.8431,-3.1699,3.0,-3.4919,3.585,12,16,9,28,0,0,30
C3,1683_614_1245_14,27,26,26,-0.0,4.5047,-0.0,4.9838,-4.3923,3.4183,-3.3168,3.2479,-4.9477,4.9747,13,13,13,26,0,0,30
C3,1684_847_1123_14,32,31,31,-0.0,4.2219,-0.0,4.3737,-3.9069,2.1699,-3.8074,2.3219,-4.2416,5.0704,14,15,14,31,0,0,25
C3,1685_882_576_13,29,28,28,-0.0,5.0535,-0.0,4.2433,-3.0958,4.1867,-3.585,3.3219,-6.1293,5.585,12,15,13,28,0,0,30
C3,1686_751_120_14,25,24,24,-0.0,4.0797,-0.0,4.0797,-3.9069,3.8366,-2.3219,4.0797,-3.0995,3.8366,12,12,15,24,0,0,27
C3,1687_697_365_14,31,30,30,-0.0,4.4183,-0.0,4.7549,-3.5466,3.7736,-3.0,4.3219,-4.1936,5.0776,12,18,17,30,0,0,29
C3,1688_614_813_46,30,29,29,-0.0,4.3219,-0.0,4.5188,-3.4677,4.3219,-4.2439,4.5188,-3.6905,4.6064,15,14,16,29,0,0,30
C3,1689_1498_1499_37,25,24,24,-0.0,4.5132,1.0,4.789,-2.585,4.2219,-2.5216,2.1219,-4.3104,4.3814,10,14,17,24,0,0,28
C3,168_247_248_50,26,25,25,-0.0,4.5466,1.0,4.6067,-4.5466,4.5466,-2.9069,3.585,-6.0224,4.8262,13,12,16,25,0,0,30
C3,1690_707_283_0,33,32,32,-0.0,4.5466,1.0,4.5026,-4.0,4.3685,-2.5026,3.1219,-4.6281,3.9966,19,13,21,32,0,0,30
C3,1691_614_705_43,25,24,24,1.585,4.1219,-0.0,4.2018,-1.8,1.585,-3.585,3.5216,-3.2321,3.1147,11,12,11,24,0,0,28
C3,1693_697_565_46,29,28,28,-0.0,4.0797,-0.0,4.6818,-4.0,3.0,-2.3219,3.1699,-5.4406,4.585,13,13,18,28,0,0,28
C3,1694_223_739_36,26,25,25,-0.0,4.4546,-0.0,4.3496,-3.9477,4.2439,-4.335,3.8522,-5.5111,8.5788,9,16,12,25,0,0,30
C3,1695_707_365_39,25,24,24,2.0,5.21,1.0,4.8402,-1.9,2.4872,-2.4183,3.3496,-3.8074,3.1547,13,11,5,24,0,0,30
C3,1696_1031_1021_39,31,30,30,1.0,4.8514,-0.0,4.8436,-1.8514,2.3496,-4.3158,3.9477,-4.811,4.8735,12,18,8,30,0,0,28
C3,1697_882_847_30,29,28,28,-0.0,4.0,-0.0,4.0114,-3.0958,2.8074,-3.4594,3.6645,-3.5336,5.7402,11,17,13,28,0,0,26
C3,1699_312_739_56,31,30,30,-0.0,4.6439,-0.0,4.7264,-4.1427,4.585,-3.9069,3.2219,-5.3051,5.0953,14,16,14,30,0,0,30
C3,169_831_774_23,44,43,43,-0.0,4.7871,-0.0,4.6645,-4.0,4.2219,-4.3219,4.6645,-6.0703,5.4845,23,19,21,43,0,0,30
C3,1700_564_565_54,29,28,28,-0.0,3.9292,-0.0,4.3964,-3.7004,3.1699,-3.8074,3.875,-6.7165,6.3219,15,13,10,28,0,0,30
C3,1701_365_366_54,25,24,24,1.0,5.3195,-0.0,3.8431,-2.7345,2.0517,-2.8074,2.7255,-4.1791,2.8591,14,10,15,24,0,0,28
C3,1702_565_443_54,25,24,24,-0.0,4.1427,-0.0,3.8747,-3.3927,4.1427,-3.8074,3.585,-4.3995,5.7736,11,13,12,24,0,0,28
C3,1703_564_847_56,25,24,24,-0.0,3.0,-0.0,3.9987,-3.0,2.8074,-3.3219,3.9987,-4.806,4.6439,9,13,11,24,0,0,29
C3,1704_1164_347_9,31,30,30,-0.0,4.5466,-0.0,4.2219,-3.75,4.2089,-4.2219,4.2219,-4.8651,4.9612,14,16,13,30,0,0,29
C3,1705_421_847_40,27,26,26,-0.0,4.0237,2.3219,4.7711,-3.7345,4.0237,-1.3784,1.7776,-3.7607,4.2164,12,14,18,26,0,0,26
C3,1706_365_226_53,34,33,33,-0.0,4.6067,1.0,4.7871,-4.6067,3.9069,-2.585,2.3219,-4.3463,4.6147,17,16,17,33,0,0,30
C3,1707_809_1495_53,29,28,28,1.0,4.6842,1.585,4.6808,-2.2419,2.1886,-2.6808,1.8431,-3.7551,3.1168,16,12,17,28,0,0,29
C3,1708_656_847_27,33,32,32,-0.0,3.8431,-0.0,4.1699,-3.5466,3.8431,-2.585,3.5466,-3.9616,4.9069,16,16,19,32,0,0,28
C3,1709_731_732_51,29,28,28,-0.0,4.6235,1.0,4.4366,-4.4295,3.75,-2.75,2.7736,-4.2097,6.5,13,14,17,28,0,0,27
C3,170_247_112_23,25,24,24,1.0,3.9069,-0.0,4.0588,-2.9069,2.8074,-2.0,3.3219,-4.4038,4.8074,11,13,14,24,0,0,28
C3,1710_765_766_40,30,29,29,1.0,4.6699,-0.0,4.5661,-3.0114,3.3737,-2.7255,3.2776,-3.763,2.5901,15,14,12,29,0,0,30
C3,1711_107_365_40,30,29,29,-0.0,4.6251,1.0,4.6511,-4.4839,4.2508,-2.1699,1.8431,-5.7528,5.1699,14,14,16,29,0,0,29
C3,1712_1223_986_4,36,35,35,-0.0,4.5176,-0.0,4.5788,-4.5176,4.3868,-4.1699,3.5216,-4.9843,7.2668,14,21,21,35,0,0,30
C3,1713_847_1178_4,26,25,25,-0.0,4.0875,-0.0,3.9069,-4.0875,3.6645,-3.3788,3.8431,-3.8074,5.6645,10,14,14,25,0,0,28
C3,1714_877_589_0,27,26,26,-0.0,4.1699,-0.0,4.3964,-3.75,4.1427,-3.3219,4.3964,-6.75,4.9907,12,14,13,26,0,0,30
C3,1716_1435_651_52,29,28,28,-0.0,5.1554,-0.0,4.0797,-2.8074,3.1554,-3.9069,3.875,-6.0177,4.1699,12,15,12,28,0,0,28
C3,1717_766_762_2,34,33,33,-0.0,4.5671,-0.0,4.6068,-3.0,3.8074,-2.8074,4.1416,-2.8545,3.6973,15,18,21,33,0,0,30
C3,1718_100_847_2,25,24,24,-0.0,4.2971,-0.0,3.8431,-2.3219,4.0716,-3.4183,3.5466,-4.4719,6.1304,12,12,10,24,0,0,28
C3,1719_366_548_54,28,27,27,-0.0,4.5236,-0.0,3.8431,-4.1219,4.1867,-3.4183,3.1699,-4.8,4.8648,14,12,13,27,0,0,28
C3,171_248_506_23,31,30,30,-0.0,3.9069,-0.0,4.5236,-3.875,3.9069,-3.8522,3.4183,-3.7786,3.6324,15,13,14,30,0,0,27
C3,1720_60_61_54,34,33,33,-0.0,4.9375,1.0,4.6067,-3.0,3.585,-2.8074,3.5016,-3.228,3.8074,14,18,17,33,0,0,27
C3,1721_846_847_57,26,25,25,-0.0,3.8747,-0.0,4.7304,-3.0,2.5216,-2.8074,2.75,-2.6439,4.5216,14,11,8,25,0,0,27
C3,1722_1367_1368_52,30,29,29,2.0,4.6402,1.585,4.335,-2.3927,2.3183,-1.9144,2.3849,-4.5106,4.1928,13,16,17,29,0,0,30
C3,1723_239_1178_24,35,34,34,-0.0,4.8626,1.0,4.5788,-3.0,2.7569,-2.9938,3.1867,-3.651,4.3157,19,15,16,34,0,0,28
C3,1724_109_402_58,27,26,26,2.0,4.7069,1.0,4.7244,-1.9649,2.3685,-1.8074,2.1699,-2.9449,1.9604,13,13,12,26,0,0,30
C3,1725_442_64_34,36,35,35,-0.0,3.8431,-0.0,4.3923,-3.8074,3.8431,-3.2776,4.3923,-4.7695,7.1142,15,19,23,35,0,0,25
C3,1726_1004_1104_26,29,28,28,-0.0,4.6235,1.0,4.5639,-4.6235,3.7004,-3.5639,3.2018,-4.4568,4.7968,13,14,15,28,0,0,29
C3,1727_1151_667_34,43,42,42,1.585,4.6511,1.0,4.5639,-2.6402,2.4137,-2.585,3.2018,-4.318,3.3812,20,22,23,42,0,0,30
C3,1728_239_1068_58,33,32,32,1.0,4.1715,-0.0,4.2516,-2.8522,2.875,-3.0,4.2516,-3.2776,2.6526,15,16,10,32,0,0,28
C3,172_822_835_18,29,28,28,1.0,4.8888,1.0,4.2219,-2.5669,3.3038,-1.9161,2.1155,-3.8739,3.3401,14,14,17,28,0,0,28
C3,1730_1172_1096_28,43,42,42,-0.0,4.2219,-0.0,4.4723,-2.585,4.2219,-3.5466,3.4183,-4.4183,6.4594,16,23,16,42,0,0,28
C3,1731_1178_448_54,46,45,45,-0.0,5.1106,-0.0,6.2394,-3.3219,3.8074,-4.6439,4.2394,-3.7004,8.4512,18,27,22,45,0,0,28
C3,1732_1164_1137_6,37,36,36,-0.0,4.3219,-0.0,4.9501,-3.585,2.9069,-4.3496,3.4594,-5.0875,5.9944,18,18,15,36,0,0,28
C3,1733_1077_675_10,52,51,51,-0.0,4.0374,-0.0,4.0235,-3.0374,3.1219,-3.4183,3.3219,-3.4594,4.2854,22,27,25,51,0,0,30
C3,1734_1096_461_30,62,61,61,-0.0,4.2499,1.0,5.7921,-3.6645,3.1699,-4.2071,2.6927,-4.6621,4.9441,30,31,34,61,0,0,27
C3,1735_184_1178_27,32,31,31,-0.0,4.0,-0.0,4.6181,-3.585,4.0,-2.3219,4.6181,-6.7549,6.3219,18,13,18,31,0,0,24
C3,1736_632_312_14,45,44,44,-0.0,4.7359,-0.0,5.0719,-4.7359,3.5466,-4.1757,4.5236,-6.8455,5.0725,23,21,19,44,0,0,30
C3,1737_374_375_47,36,35,35,-0.0,4.1699,-0.0,4.3927,-4.1699,3.5216,-3.9058,4.1659,-4.1699,6.3585,14,21,17,35,0,0,28
C3,1738_897_1241_2,34,33,33,1.0,4.5236,-0.0,4.2389,-2.875,2.4594,-2.2389,2.8431,-3.7578,4.0444,16,16,11,33,0,0,30
C3,1739_711_75_17,33,32,32,-0.0,4.7787,-0.0,4.9221,-4.5736,4.0875,-4.6808,3.5216,-4.6033,4.0959,18,14,19,32,0,0,28
C3,173_203_248_35,44,43,43,-0.0,4.5216,-0.0,4.8402,-4.2299,4.5216,-3.585,3.4594,-5.3964,7.1066,21,21,29,43,0,0,30
C3,1740_897_461_24,29,28,28,1.585,3.9702,-0.0,4.5736,-1.4594,2.2228,-3.8522,4.1659,-4.6226,3.9198,15,13,11,28,0,0,30
C3,1741_1241_374_41,34,33,33,1.0,4.9851,-0.0,4.6181,-2.875,3.0875,-3.4594,2.7255,-3.9449,5.0444,15,18,15,33,0,0,27
C3,1742_375_403_24,26,25,25,-0.0,4.5466,-0.0,3.8431,-2.5466,2.7736,-2.0,3.2776,-3.9255,4.585,13,12,13,25,0,0,30
C3,1743_897_375_43,26,25,25,-0.0,4.2971,-0.0,4.3074,-3.7004,3.7004,-2.0,2.7224,-6.0443,4.3923,11,14,16,25,0,0,30
C3,1744_403_1241_42,29,28,28,-0.0,4.6151,1.0,4.2389,-4.1699,3.9477,-3.2018,2.2018,-5.4662,4.4649,12,16,14,28,0,0,30
C3,1746_1491_111_11,25,24,24,2.0,3.8747,2.0,4.2847,-1.8269,1.4126,-2.0219,1.3811,-3.0788,2.2672,12,12,10,24,0,0,28
C3,1747_330_110_7,35,34,34,1.0,4.4586,-0.0,4.4546,-3.2219,2.4586,-2.1219,3.585,-5.2854,3.7868,15,17,14,34,0,0,30
C3,1748_757_892_16,27,26,26,-0.0,4.8626,1.585,4.5327,-3.7736,3.2776,-2.4739,2.7887,-4.3464,3.7736,15,11,16,26,0,0,30
C3,1749_283_178_39,30,29,29,1.0,4.4839,-0.0,4.6235,-2.9069,3.4839,-3.585,3.0237,-5.4919,4.1321,14,14,14,29,0,0,30
C3,174_774_1035_35,42,41,41,1.585,4.2776,-0.0,4.4594,-1.3785,2.1101,-3.3035,2.7255,-3.2742,4.3712,18,21,16,41,0,0,30
C3,1750_26_845_12,27,26,26,1.0,4.7359,-0.0,5.3503,-3.3927,2.8747,-3.7004,4.3219,-3.7917,4.2969,16,10,13,26,0,0,30
C3,1751_1161_1162_22,35,34,34,-0.0,4.5232,1.0,4.4871,-3.585,4.1699,-3.3566,3.2868,-4.3919,4.7549,18,16,8,34,0,0,28
C3,1752_330_1014_22,37,36,36,-0.0,5.023,1.0,5.4801,-3.9698,4.0875,-2.1699,3.3362,-4.9249,4.5068,15,21,22,36,0,0,27
C3,1753_110_111_11,25,24,24,1.0,4.9903,1.0,4.0588,-3.9903,2.1754,-1.8745,2.9698,-3.2281,1.8673,12,12,12,24,0,0,28
C3,1755_757_548_11,27,26,26,-0.0,4.6875,2.0,4.6961,-3.0123,3.9069,-2.5973,2.1477,-3.5328,2.3548,13,13,15,26,0,0,30
C3,1756_25_402_6,36,35,35,1.0,4.585,-0.0,5.1636,-3.0,2.4528,-3.6402,3.4677,-4.7402,6.0378,15,20,15,35,0,0,28
C3,1757_809_757_51,29,28,28,1.0,5.4514,-0.0,4.8031,-3.0526,4.4514,-4.335,4.2627,-4.2946,6.125,12,16,17,28,0,0,28
C3,1758_900_569_46,27,26,26,1.585,4.0,-0.0,4.1427,-1.9069,1.4594,-3.1699,3.5216,-5.0027,3.374,12,14,13,26,0,0,28
C3,1759_1160_809_41,28,27,27,1.0,5.1554,1.0,4.5466,-2.8335,2.1699,-3.1699,1.3219,-2.7398,2.8626,12,14,18,27,0,0,29
C3,175_822_831_18,38,37,37,1.0,4.3685,-0.0,4.6645,-3.2971,2.9477,-3.75,4.6235,-5.4454,6.1185,18,19,11,37,0,0,30
C3,1760_367_1256_6,27,26,26,-0.0,4.0958,-0.0,3.9977,-3.8074,4.0958,-3.9977,3.7004,-4.6808,7.3196,11,15,15,26,0,0,30
C3,1761_402_399_18,31,30,30,-0.0,4.2479,-0.0,5.2839,-3.7004,3.7736,-4.1867,4.6808,-5.7607,6.0498,13,17,12,30,0,0,30
C3,1762_319_111_60,34,33,33,-0.0,4.9698,-0.0,4.9162,-2.8074,4.4594,-3.4594,3.3239,-4.7111,6.2666,14,19,14,33,0,0,27
C3,1763_495_496_39,33,32,32,-0.0,4.8712,-0.0,4.2099,-3.4594,4.1337,-3.3219,3.0,-2.93,5.967,14,17,19,32,0,0,25
C3,1764_1164_263_34,25,24,24,-0.0,4.3219,-0.0,4.5216,-4.0588,4.3219,-4.0875,4.5216,-4.0478,7.3264,8,16,8,24,0,0,28
C3,1765_884_375_5,46,45,45,-0.0,4.6506,-0.0,6.0522,-3.4782,3.2776,-2.9977,3.7303,-6.3585,3.8522,22,23,21,45,0,0,29
C3,1766_258_1193_10,27,26,26,-0.0,4.1699,-0.0,3.8431,-4.1699,3.3219,-3.8074,3.4594,-4.2111,6.2696,13,13,10,26,0,0,30
C3,1767_519_1129_46,34,33,33,-0.0,4.3923,-0.0,4.4839,-3.6402,3.875,-3.0,4.3462,-5.7808,6.1969,17,16,22,33,0,0,30
C3,1768_374_1106_2,30,29,29,-0.0,4.2849,-0.0,4.5829,-4.2849,3.585,-3.4183,2.585,-6.8678,6.1699,15,14,19,29,0,0,28
C3,1769_665_519_6,35,34,34,-0.0,4.3964,-0.0,4.4594,-4.2018,4.3964,-3.8078,4.0,-4.2845,7.0224,17,16,16,34,0,0,27
C3,176_972_656_39,53,52,52,-0.0,4.7185,-0.0,5.3862,-3.7004,4.2433,-5.1296,4.9542,-5.3604,6.7864,23,29,27,52,0,0,30
C3,1771_259_1103_57,30,29,29,-0.0,4.5466,-0.0,4.0716,-3.5466,3.1808,-3.5216,3.1699,-3.9438,4.1808,12,14,13,29,0,0,29
C3,1772_674_963_43,26,25,25,1.0,4.9477,-0.0,4.6235,-2.0875,1.8648,-4.6235,3.8431,-4.1267,4.3605,11,13,11,25,0,0,30
C3,1773_12_925_21,26,25,25,1.585,4.3685,2.0,5.2315,-2.3685,2.7121,-1.875,2.2442,-3.4622,2.0492,13,12,16,25,0,0,30
C3,1774_1392_126_35,33,32,32,1.0,4.6511,1.0,4.5136,-3.2971,3.3035,-2.9287,2.9512,-4.2142,3.4374,12,20,23,32,0,0,25
C3,1775_833_1399_40,31,30,30,1.585,4.7606,1.0,4.9035,-2.6511,2.7887,-2.8687,3.6645,-4.0704,5.2909,15,15,7,30,0,0,30
C3,1776_674_519_59,31,30,30,-0.0,3.8431,-0.0,4.3685,-2.585,2.585,-3.1699,3.8522,-4.7002,4.4919,15,15,14,30,0,0,30
C3,1777_544_136_9,26,25,25,1.0,4.0888,1.0,4.2433,-1.737,2.9226,-2.4594,2.9069,-2.7375,3.3074,11,14,12,25,0,0,30
C3,1778_665_673_40,32,31,31,-0.0,4.5466,2.0,4.7484,-2.875,3.2737,-2.0,2.2219,-2.863,3.4466,15,15,23,31,0,0,28
C3,1779_544_545_48,25,24,24,1.0,4.4839,1.0,4.4947,-3.3219,3.2219,-2.7004,2.9292,-3.5548,4.1397,13,11,13,24,0,0,30
C3,177_1227_1068_2,29,28,28,2.0,4.945,2.0,4.4594,-1.945,1.9408,-1.8522,2.0533,-1.8955,3.1514,13,15,12,28,0,0,28
C3,1780_1096_463_12,39,38,38,-0.0,4.0588,-0.0,4.3737,-2.7004,2.9477,-4.2219,2.8074,-4.0224,6.2696,17,20,17,38,0,0,30
C3,1781_469_1345_2,26,25,25,1.585,4.2479,2.0,4.2211,-2.2672,2.2479,-1.585,1.6361,-2.303,2.1886,10,13,16,25,0,0,27
C3,1783_1008_431_37,33,32,32,1.0,4.4366,-0.0,4.3496,-3.0,2.6927,-3.8366,4.3496,-4.5014,4.6253,13,19,17,32,0,0,30
C3,1784_626_544_38,33,32,32,-0.0,4.4366,-0.0,5.1584,-4.1429,3.0615,-2.1699,4.1584,-4.7626,5.0615,17,15,13,32,0,0,28
C3,1786_1138_1543_47,30,29,29,-0.0,4.4306,-0.0,5.1106,-3.4594,4.4306,-3.9069,3.3492,-2.6031,4.5327,9,20,13,29,0,0,30
C3,1787_1096_9_37,31,30,30,-0.0,3.9842,1.0,4.9035,-2.1699,2.3219,-3.2479,3.7069,-4.5466,3.6058,14,16,14,30,0,0,28
C3,1788_979_1399_47,25,24,24,-0.0,4.0,1.0,4.4723,-3.7871,4.0,-2.6645,2.4723,-3.1351,4.75,12,12,15,24,0,0,30
C3,1789_1107_1108_13,33,32,32,1.0,5.0465,1.0,5.2973,-3.8513,2.928,-3.0457,2.3685,-2.9913,5.0921,16,16,17,32,0,0,30
C3,1790_812_521_36,37,36,36,-0.0,4.0875,-0.0,4.9031,-2.9477,3.4594,-3.585,3.9698,-5.2917,4.9069,14,22,25,36,0,0,27
C3,1791_1096_858_22,32,31,31,-0.0,4.0,-0.0,4.7736,-2.8074,3.1699,-4.5661,4.2219,-3.5908,6.1511,15,16,15,31,0,0,30
C3,1792_832_553_11,37,36,36,-0.0,4.1503,-0.0,5.6005,-3.5466,2.8074,-3.8522,4.4183,-4.3126,4.3539,16,19,11,36,0,0,30
C3,1793_1075_1492_11,27,26,26,-0.0,4.4366,-0.0,4.1416,-4.4306,3.6835,-3.6835,2.4183,-3.6233,3.3551,12,13,13,26,0,0,29
C3,1795_101_102_54,25,24,24,-0.0,4.0237,2.0,4.5236,-3.1699,4.0237,-1.9477,2.2971,-2.8365,2.9069,13,11,21,24,0,0,28
C3,1796_1067_834_9,26,25,25,2.0,5.2688,1.0,4.5821,-1.5531,2.9468,-1.8074,2.3685,-3.775,3.0539,13,12,10,25,0,0,30
C3,1797_1197_1075_2,25,24,24,-0.0,4.5639,1.0,4.2089,-3.6645,3.4594,-2.0958,2.0,-5.6645,4.1964,13,11,12,24,0,0,28
C3,1798_832_833_54,29,28,28,-0.0,4.4139,-0.0,4.2018,-1.6066,2.3219,-4.0875,4.0875,-4.3656,6.0135,15,12,17,28,0,0,27
C3,1799_350_1075_29,28,27,27,-0.0,4.6235,-0.0,4.3063,-2.585,3.3219,-3.3219,3.5466,-5.9616,4.6439,13,13,14,27,0,0,28
C3,179_506_1203_23,34,33,33,-0.0,4.6235,-0.0,4.4502,-3.0,3.8431,-3.2776,3.875,-4.4919,3.8517,17,16,17,33,0,0,28
C3,17_439_1116_57,32,31,31,-0.0,4.2089,-0.0,4.4546,-3.4594,3.7736,-3.3219,2.7255,-4.7255,3.8433,17,14,20,31,0,0,28
C3,1800_1534_1222_29,38,37,37,2.0,5.1839,-0.0,4.0875,-2.7549,2.5989,-3.1699,4.0875,-6.8424,4.7345,20,16,15,37,0,0,30
C3,1801_1482_135_58,25,24,24,1.585,4.5466,1.0,4.9637,-2.4839,2.8745,-3.2627,3.6235,-4.2707,4.3693,11,13,10,24,0,0,30
C3,1803_1197_304_54,28,27,27,1.0,4.2299,-0.0,4.585,-2.3992,2.7004,-2.29,3.4594,-3.6927,2.9367,13,14,10,27,0,0,28
C3,1804_135_136_54,28,27,27,-0.0,4.4502,-0.0,4.5327,-3.7579,4.4502,-4.0875,2.2737,-5.0,4.6971,12,15,18,27,0,0,29
C3,1805_1075_925_48,30,29,29,-0.0,4.3685,-0.0,4.1423,-3.4183,3.3788,-3.1699,2.585,-5.9069,3.3599,15,14,17,29,0,0,26
C3,1806_837_833_25,31,30,30,-0.0,4.4366,-0.0,3.8431,-3.2018,3.8747,-3.7004,3.585,-5.5238,4.8129,16,13,15,30,0,0,30
C3,1807_490_1266_25,31,30,30,-0.0,4.7606,1.585,5.5607,-4.3496,3.4594,-2.0588,3.9757,-4.5607,3.6294,16,14,17,30,0,0,28
C3,1809_1313_716_45,32,31,31,-0.0,4.1757,-0.0,4.6439,-3.8074,4.1757,-2.8074,3.4594,-3.5801,4.8074,12,18,10,31,0,0,26
C3,180_830_1097_39,38,37,37,-0.0,5.029,-0.0,4.0898,-4.0588,4.5016,-3.8074,3.585,-4.4306,7.7792,19,18,26,37,0,0,30
C3,1810_136_895_30,30,29,29,1.0,4.6316,1.585,4.6067,-2.6316,3.585,-1.415,2.0797,-3.1964,4.3219,13,16,20,29,0,0,30
C3,1811_182_183_12,30,29,29,2.3219,4.9375,2.0,4.6375,-1.8989,1.8989,-2.6375,2.0526,-2.9947,2.8796,13,16,14,29,0,0,30
C3,1812_624_1371_57,28,27,27,1.585,4.1757,1.0,5.1196,-2.2582,1.8538,-2.1699,4.1196,-6.3778,2.3908,14,13,10,27,0,0,30
C3,1814_1222_1054_25,33,32,32,-0.0,3.9698,-0.0,4.1604,-1.875,2.3219,-3.6402,3.4594,-5.2668,4.6402,17,15,14,32,0,0,28
C3,1815_1194_1195_34,30,29,29,-0.0,4.4039,2.0,4.8252,-4.4039,3.8074,-1.8989,1.7669,-3.6883,3.3609,18,11,15,29,0,0,29
C3,1816_1311_1312_34,33,32,32,-0.0,4.5744,1.585,4.8851,-4.1699,4.5744,-2.6017,2.6169,-5.2971,6.5496,13,19,15,32,0,0,30
C3,181_822_774_39,37,36,36,2.0,5.0875,-0.0,4.3496,-1.8074,2.2801,-3.6645,3.0,-4.4992,3.3012,20,16,12,36,0,0,27
C3,1820_1222_183_58,27,26,26,1.0,4.875,-0.0,3.9292,-2.3219,2.9698,-3.0,3.9292,-4.7549,3.6953,15,11,12,26,0,0,26
C3,1822_1266_132_45,32,31,31,-0.0,4.5466,-0.0,4.875,-2.9698,3.7004,-3.3685,3.875,-3.4616,3.875,15,16,11,31,0,0,29
C3,1823_178_1222_11,26,25,25,-0.0,4.2433,-0.0,3.8522,-3.3219,2.9226,-3.8522,3.8522,-4.5105,4.9917,13,11,5,25,0,0,29
C3,1824_352_353_36,29,28,28,-0.0,3.6901,-0.0,3.8747,-2.585,3.0,-3.585,3.585,-4.6439,3.585,15,13,10,28,0,0,25
C3,1826_1279_1280_32,32,31,31,2.0,4.6579,-0.0,4.8252,-2.2219,1.6235,-3.1699,3.9512,-5.6516,4.063,16,15,11,31,0,0,30
C3,1827_1222_447_32,30,29,29,-0.0,4.5236,-0.0,3.9292,-4.1219,3.7004,-3.585,3.3219,-4.8074,5.2518,13,16,11,29,0,0,26
C3,1828_739_1266_54,36,35,35,-0.0,4.3685,-0.0,5.5332,-4.1427,3.8269,-2.585,3.3219,-3.8269,6.1488,17,16,19,35,0,0,30
C3,1830_986_791_53,32,31,31,-0.0,4.911,-0.0,4.5327,-2.8074,3.7888,-4.5047,4.5327,-5.0492,5.7888,16,15,17,31,0,0,30
C3,1831_1539_1540_35,27,26,26,2.0,4.4594,-0.0,4.8851,-2.2202,2.4594,-4.2202,4.3219,-6.0955,3.7256,14,12,9,26,0,0,28
C3,1832_447_448_35,33,32,32,-0.0,4.4697,-0.0,5.3136,-4.0374,4.4697,-4.1699,3.7028,-5.9069,7.3663,16,16,18,32,0,0,30
C3,1833_132_589_32,32,31,31,-0.0,4.0219,-0.0,4.4366,-2.3219,3.585,-3.9069,4.2971,-5.8437,4.1964,17,13,16,31,0,0,30
C3,1834_826_199_39,25,24,24,-0.0,4.1699,1.0,4.858,-3.7004,3.7004,-2.8924,2.8924,-4.3629,4.4439,13,10,14,24,0,0,25
C3,1836_1166_1167_8,26,25,25,-0.0,4.0,-0.0,3.9069,-2.7255,4.0,-2.8074,3.9069,-5.0768,6.7255,9,16,16,25,0,0,30
C3,1837_960_667_14,28,27,27,-0.0,3.8074,-0.0,4.1219,-3.8074,3.2516,-4.1219,3.8074,-4.9773,5.4594,13,14,12,27,0,0,28
C3,1838_396_397_9,40,39,39,-0.0,4.5778,-0.0,4.5109,-4.5016,4.2089,-4.0,3.4594,-3.6845,4.9995,18,20,26,39,0,0,28
C3,1839_969_528_44,32,31,31,-0.0,4.6067,-0.0,4.8514,-4.2219,4.2219,-4.8514,4.3496,-6.3067,8.726,16,14,13,31,0,0,28
C3,183_1284_631_4,39,38,38,-0.0,4.7566,-0.0,4.5466,-4.7566,4.3197,-4.1835,4.5466,-8.006,5.3189,19,19,24,38,0,0,30
C3,1840_645_58_23,30,29,29,-0.0,5.0033,1.0,5.164,-4.0033,4.0888,-3.5639,3.1427,-5.0033,5.2258,15,14,16,29,0,0,30
C3,1841_29_1217_25,28,27,27,1.585,4.4594,-0.0,4.5016,-1.7938,2.2479,-4.3736,2.8074,-3.6439,6.411,12,15,11,27,0,0,28
C3,1842_304_305_30,31,30,30,-0.0,3.3219,-0.0,3.9512,-2.0,2.3219,-3.1699,2.585,-3.3662,2.8074,14,15,12,30,0,0,27
C3,1844_480_716_40,35,34,34,-0.0,4.8342,-0.0,4.3868,-3.0374,3.875,-3.1219,3.1219,-3.3593,6.3104,16,18,20,34,0,0,29
C3,1845_88_305_35,27,26,26,-0.0,3.1699,-0.0,4.4402,-3.1699,3.1699,-3.4594,2.8516,-3.585,5.4594,10,15,12,26,0,0,29
C3,1847_1179_754_1,33,32,32,-0.0,4.1659,-0.0,4.8712,-4.1659,3.7004,-3.6808,4.5236,-4.0,4.9475,17,15,22,32,0,0,29
C3,1848_1340_833_10,34,33,33,-0.0,5.0374,-0.0,5.1958,-4.585,4.1524,-4.2433,4.5766,-4.8072,5.2183,19,14,18,33,0,0,30
C3,1849_199_58_10,26,25,25,-0.0,3.8431,2.0,4.9815,-3.0,3.6645,-2.0842,2.6595,-3.0995,3.1757,12,13,19,25,0,0,27
C3,184_776_1105_4,34,33,33,1.585,4.5147,1.0,4.8513,-1.9298,1.3426,-1.8566,2.1699,-3.3217,2.2257,19,14,17,33,0,0,27
C3,1850_620_95_34,32,31,31,-0.0,4.5821,1.0,4.6067,-4.1427,4.2018,-3.5639,3.6067,-5.9038,5.2018,15,16,12,31,0,0,29
C3,1851_645_646_10,30,29,29,-0.0,4.5661,1.0,5.0531,-3.0,3.9069,-1.8333,2.3849,-3.5734,5.4919,15,13,11,29,0,0,30
C3,1852_717_708_36,33,32,32,-0.0,4.3239,-0.0,4.2737,-3.7004,2.8074,-3.7736,3.7736,-4.7105,3.8074,16,16,17,32,0,0,27
C3,1853_1054_305_58,31,30,30,-0.0,3.8431,1.0,5.429,-3.3219,3.8431,-2.0,3.429,-2.7255,3.4624,15,15,16,30,0,0,24
C3,1854_58_906_58,30,29,29,2.0,4.83,-0.0,5.0554,-2.83,1.9914,-2.7004,3.0615,-5.8914,3.5724,13,16,11,29,0,0,30
C3,1855_199_95_58,29,28,28,-0.0,4.0208,-0.0,4.3462,-2.585,4.0208,-4.0875,3.0,-1.8031,2.7255,12,16,16,28,0,0,26
C3,1856_765_667_2,26,25,25,1.0,4.7293,-0.0,4.1757,-1.585,2.1443,-3.8522,3.1699,-3.4922,4.1493,10,14,10,25,0,0,30
C3,1857_922_1207_36,28,27,27,1.0,4.7673,1.585,4.4366,-3.0219,2.9698,-1.7847,1.7316,-3.8964,4.0056,13,14,17,27,0,0,27
C3,1858_906_1034_36,33,32,32,-0.0,4.9428,-0.0,4.9582,-4.9428,4.1066,-4.3219,4.3219,-5.9706,6.0919,14,18,19,32,0,0,30
C3,1859_341_59_42,31,30,30,1.0,4.2219,-0.0,4.6961,-2.3219,2.3219,-1.585,3.585,-4.9069,3.4594,14,16,18,30,0,0,30
C3,185_507_822_44,32,31,31,1.585,4.9267,1.0,4.0588,-2.3642,1.73,-1.737,1.8074,-3.7793,2.7931,16,15,17,31,0,0,28
C3,1860_171_310_10,35,34,34,-0.0,4.8712,2.0,5.3913,-3.8074,4.1427,-1.6402,3.0694,-6.0469,4.2406,18,16,24,34,0,0,28
C3,1861_665_1004_2,27,26,26,1.0,4.2219,1.0,5.0463,-2.6402,2.585,-1.9069,3.2516,-3.2209,2.5439,9,17,11,26,0,0,27
C3,1862_1054_341_2,25,24,24,-0.0,4.3419,1.0,4.4068,-2.9069,3.7004,-2.0,3.3219,-4.5443,4.7004,13,11,13,24,0,0,28
C3,1863_1068_709_28,30,29,29,-0.0,3.9754,1.585,4.0,-3.9754,3.585,-1.1405,1.6927,-3.7549,4.3104,15,14,25,29,0,0,30
C3,1864_58_59_36,27,26,26,1.585,4.5389,2.3219,5.2535,-2.1699,2.1886,-2.0418,2.4462,-3.0047,4.2304,14,12,16,26,0,0,26
C3,1865_940_1192_12,30,29,29,-0.0,5.4269,1.0,4.9698,-4.8851,4.1699,-2.75,3.2971,-7.0226,5.4594,16,13,16,29,0,0,29
C3,1866_709_561_2,30,29,29,-0.0,3.9292,-0.0,3.8431,-3.4594,3.7004,-3.1219,3.3219,-3.6591,6.4259,12,17,16,29,0,0,27
C3,1867_754_171_36,26,25,25,-0.0,4.4532,-0.0,4.0716,-2.1313,4.4532,-3.8074,4.0716,-4.4342,5.4148,12,13,13,25,0,0,26
C3,1868_370_1359_36,33,32,32,-0.0,4.5389,-0.0,4.4502,-4.2018,4.0875,-4.2389,4.2219,-5.1354,5.0257,17,15,10,32,0,0,29
C3,1869_58_341_12,36,35,35,2.0,5.0176,1.0,4.6753,-2.4326,2.3168,-3.5236,2.6753,-4.6842,3.9698,19,16,16,35,0,0,30
C3,186_463_464_7,35,34,34,-0.0,4.7736,-0.0,4.7352,-2.9069,3.2737,-3.585,2.1699,-3.9069,3.433,19,14,17,34,0,0,30
C3,1870_95_370_2,25,24,24,-0.0,3.8442,-0.0,4.1427,-3.4183,3.8431,-3.1699,2.3219,-3.7353,3.9069,12,12,8,24,0,0,30
C3,1872_711_712_42,36,35,35,-0.0,5.1864,1.0,4.0875,-3.7736,3.8074,-1.9367,2.8074,-4.3219,4.8074,19,16,21,35,0,0,25
C3,1873_370_341_55,27,26,26,-0.0,3.7004,-0.0,3.8522,-3.1699,2.3219,-2.7255,3.8431,-4.7814,3.9069,12,14,6,26,0,0,30
C3,1874_762_370_52,36,35,35,-0.0,4.2479,-0.0,4.72,-4.0219,2.8074,-2.7255,3.1699,-4.0627,3.2956,19,16,23,35,0,0,26
C3,1875_240_1168_0,37,36,36,-0.0,4.0,-0.0,4.7359,-3.4183,2.585,-2.0,2.3219,-3.8869,3.1699,19,17,21,36,0,0,27
C3,1876_664_665_12,37,36,36,-0.0,4.6439,-0.0,4.8514,-3.875,3.9698,-3.9842,4.3496,-7.1615,4.6439,17,18,13,36,0,0,30
C3,1877_711_341_55,32,31,31,-0.0,4.0875,-0.0,5.1944,-3.5466,2.8074,-3.5466,2.585,-4.5466,4.0297,17,13,20,31,0,0,28
C3,1878_1480_1481_55,27,26,26,-0.0,4.9392,1.585,4.9121,-3.9069,4.8626,-2.5025,2.1797,-4.9242,5.5195,13,13,18,26,0,0,30
C3,1879_716_717_10,32,31,31,-0.0,5.0049,-0.0,4.3219,-4.4594,4.5639,-4.3219,3.585,-5.4746,6.9069,13,18,19,31,0,0,26
C3,187_438_496_7,31,30,30,-0.0,4.5236,-0.0,4.7606,-4.4366,4.2299,-3.7606,3.4594,-3.8747,4.8659,14,16,18,30,0,0,28
C3,1882_1168_1259_53,25,24,24,1.585,4.72,-0.0,4.3964,-1.9127,2.9811,-3.5466,3.9698,-3.9127,6.5277,12,12,10,24,0,0,28
C3,1883_717_1163_53,39,38,38,-0.0,5.2666,-0.0,4.0716,-3.4594,4.4548,-4.0716,3.0,-4.6818,7.2622,20,18,17,38,0,0,29
C3,1884_1073_239_27,33,32,32,-0.0,4.0875,-0.0,4.2479,-2.8074,4.0875,-3.1699,3.875,-4.29,3.7249,14,18,19,32,0,0,26
C3,1886_716_495_12,34,33,33,1.0,4.6645,-0.0,4.9934,-2.0875,2.875,-4.2971,4.1699,-4.1699,5.4346,16,16,15,33,0,0,28
C3,1887_625_948_27,32,31,31,2.0,4.5236,1.585,4.9698,-1.7004,2.1699,-3.3849,2.6359,-3.2224,3.3729,18,13,7,31,0,0,28
C3,1888_753_948_6,35,34,34,1.0,5.2898,-0.0,4.2821,-2.9698,3.2898,-3.2479,3.585,-3.9698,5.2177,12,21,17,34,0,0,29
C3,1889_948_624_27,25,24,24,-0.0,4.6375,-0.0,4.2479,-3.7736,4.0,-4.2479,4.0061,-5.6706,6.0,12,12,13,24,0,0,30
C3,1890_625_163_27,33,32,32,1.0,4.2516,-0.0,4.5016,-2.2516,1.7655,-4.3737,4.1427,-4.3219,4.2037,13,18,11,32,0,0,30
C3,1891_1212_808_14,28,27,27,-0.0,3.9226,-0.0,4.4586,-3.8078,3.875,-4.4586,4.0,-4.459,8.2664,13,14,13,27,0,0,30
C3,1892_729_730_41,31,30,30,-0.0,4.7359,1.585,4.5026,-3.5466,3.9069,-2.1867,2.4546,-5.5932,5.6905,16,14,15,30,0,0,28
C3,1893_948_163_41,31,30,30,-0.0,4.3168,2.0,5.0033,-2.585,3.0588,-3.0033,2.263,-3.7002,4.1036,12,18,20,30,0,0,29
C3,1894_624_625_41,32,31,31,1.0,4.0875,-0.0,4.5236,-2.4594,3.0875,-4.2018,4.2219,-5.9719,4.9518,18,13,10,31,0,0,30
C3,1895_738_881_25,28,27,27,-0.0,4.5176,1.585,4.6808,-2.7255,4.0,-2.6808,2.4366,-4.244,3.1926,14,12,14,27,0,0,30
C3,1897_163_624_12,28,27,27,1.0,4.335,2.0,4.625,-2.8431,2.8431,-2.2479,1.6169,-4.4438,2.5212,16,11,14,27,0,0,30
C3,1898_948_663_39,34,33,33,-0.0,4.5026,-0.0,3.8431,-3.9069,4.2776,-3.8074,3.8074,-5.0875,6.8626,16,16,17,33,0,0,29
C3,1899_625_808_49,25,24,24,1.585,4.6067,-0.0,4.3685,-2.3219,1.926,-4.3685,4.0,-5.085,6.1421,15,9,8,24,0,0,30
C3,189_631_438_7,38,37,37,-0.0,4.5931,-0.0,4.5016,-4.0049,3.4183,-2.9477,3.9698,-5.5169,4.915,16,19,14,37,0,0,30
C3,18_219_679_57,31,30,30,1.585,4.3219,1.585,4.2299,-1.7121,2.5025,-2.6361,2.6361,-2.9581,3.3663,15,15,15,30,0,0,30
C3,1900_738_729_39,27,26,26,-0.0,4.6645,2.0,4.7404,-3.585,3.4594,-2.1375,1.9331,-3.7776,3.2895,11,14,17,26,0,0,29
C3,1901_163_164_7,25,24,24,1.0,4.7363,-0.0,4.4442,-3.0,2.4594,-2.9698,3.875,-5.2933,3.9698,13,11,15,24,0,0,30
C3,1902_624_881_55,31,30,30,-0.0,4.3496,1.0,4.5216,-2.7647,3.3496,-2.2018,1.9358,-3.7549,3.4476,15,15,17,30,0,0,30
C3,1903_1212_44_39,32,31,31,1.585,4.6067,-0.0,4.7359,-2.3035,2.0,-4.7359,3.0875,-4.9484,4.8847,16,15,13,31,0,0,27
C3,1904_491_724_26,29,28,28,-0.0,4.2776,-0.0,4.6235,-4.2776,4.0875,-2.8074,3.0,-4.0586,4.4478,14,14,16,28,0,0,30
C3,1906_625_881_26,31,30,30,-0.0,4.4839,-0.0,4.1699,-3.8522,4.4839,-4.1699,3.585,-3.9069,4.7664,14,16,16,30,0,0,29
C3,1907_294_44_20,40,39,39,-0.0,4.9838,-0.0,5.3709,-4.9838,4.1699,-3.9477,4.1427,-4.596,6.4071,21,18,19,39,0,0,30
C3,190_318_319_15,30,29,29,-0.0,4.2868,1.0,4.7864,-3.4594,2.3219,-2.2015,3.5466,-4.3091,3.5919,15,13,14,29,0,0,29
C3,1910_1212_881_22,27,26,26,-0.0,4.2479,1.0,4.3685,-2.1699,4.2479,-3.3685,2.3685,-3.585,4.0474,12,14,16,26,0,0,29
C3,1912_165_508_20,27,26,26,1.0,4.585,-0.0,4.5236,-2.585,1.3219,-4.5236,4.0842,-3.9479,5.746,13,13,10,26,0,0,28
C3,1913_663_1160_26,34,33,33,-0.0,4.2299,-0.0,4.4594,-4.0875,3.8078,-4.1699,3.7004,-5.0813,5.0632,16,16,20,33,0,0,30
C3,1916_43_44_12,27,26,26,1.585,3.9069,-0.0,4.2821,-1.8078,1.9069,-4.0,4.2821,-5.0895,3.9069,9,15,7,26,0,0,28
C3,1917_165_166_12,33,32,32,-0.0,4.7004,-0.0,4.6248,-4.1699,4.7004,-3.0875,3.6248,-3.4528,6.4374,13,19,19,32,0,0,28
C3,1918_663_43_53,30,29,29,-0.0,4.4532,-0.0,3.9321,-4.0,2.585,-2.8074,3.7004,-5.2854,4.6439,14,14,15,29,0,0,26
C3,1919_44_1160_53,29,28,28,1.0,4.0,-0.0,4.4947,-1.9477,2.1699,-2.0,2.0,-2.585,3.4919,13,14,13,28,0,0,27
C3,191_437_438_38,28,27,27,-0.0,4.694,1.0,4.2737,-4.2018,4.3477,-1.9069,2.4524,-3.7002,2.8813,13,14,11,27,0,0,27
C3,1920_1009_1010_45,30,29,29,-0.0,4.7359,-0.0,4.4366,-4.3219,3.4366,-2.0,2.1147,-4.7004,3.9069,15,14,19,29,0,0,26
C3,1921_1219_1020_45,30,29,29,-0.0,4.9232,-0.0,5.0886,-4.335,3.8074,-3.902,3.0958,-5.0028,5.7378,15,14,13,29,0,0,30
C3,1922_386_387_45,43,42,42,1.0,4.7736,-0.0,4.3685,-3.4697,3.4871,-4.1524,4.1524,-6.134,6.657,18,24,23,42,0,0,28
C3,1923_125_176_40,29,28,28,-0.0,4.2202,-0.0,4.0588,-3.6402,3.8431,-3.1699,3.3927,-4.5942,5.6169,13,15,15,28,0,0,26
C3,1924_518_1248_41,48,47,47,-0.0,4.8626,-0.0,4.3637,-4.8626,4.335,-3.8366,4.1524,-4.5809,6.0444,20,26,27,47,0,0,27
C3,1925_795_165_32,31,30,30,-0.0,4.8235,1.0,5.1476,-2.875,3.3219,-2.4222,3.5627,-5.1476,3.6852,15,15,18,30,0,0,28
C3,1926_166_1009_41,28,27,27,-0.0,4.0,-0.0,3.8747,-3.7004,3.3219,-3.4677,3.8747,-6.1966,6.3219,12,15,13,27,0,0,28
C3,1927_1147_131_34,41,40,40,1.0,5.2322,1.0,4.9069,-4.0033,2.9698,-2.1155,3.9069,-4.6461,4.2917,18,20,19,40,0,0,30
C3,1929_750_345_11,34,33,33,-0.0,4.4366,1.0,5.2809,-3.3219,2.3074,-3.2971,3.0842,-4.1293,3.6293,19,14,17,33,0,0,30
C3,192_597_822_53,35,34,34,1.0,5.4026,1.585,5.2219,-2.8176,2.9477,-2.7069,2.1699,-4.0768,3.6078,18,16,17,34,0,0,28
C3,1930_518_165_13,35,34,34,-0.0,4.2479,1.585,4.6067,-4.2479,4.2479,-1.7994,1.737,-4.2495,4.7179,14,20,23,34,0,0,28
C3,1931_131_132_13,29,28,28,1.0,4.585,-0.0,4.6511,-2.0,2.0,-4.6511,2.8074,-4.3923,3.236,16,11,13,28,0,0,30
C3,1932_1219_260_22,26,25,25,-0.0,3.9069,1.585,4.1427,-3.9069,3.8074,-1.8074,2.5048,-4.6747,3.1699,13,12,19,25,0,0,28
C3,1933_518_260_31,34,33,33,-0.0,4.0,-0.0,4.2433,-2.5466,2.9219,-3.7004,3.3219,-4.8074,5.7004,15,16,17,33,0,0,30
C3,1934_518_519_22,32,31,31,-0.0,4.7889,-0.0,4.7359,-3.6402,4.4537,-4.7359,2.8074,-3.8687,8.9839,11,20,17,31,0,0,29
C3,1935_263_750_46,32,31,31,-0.0,4.2181,-0.0,4.4546,-3.5899,3.5899,-3.4594,4.4183,-4.3736,4.4151,14,16,12,31,0,0,27
C3,1936_1138_334_36,31,30,30,-0.0,4.0875,1.0,4.3362,-3.0,3.6645,-2.0,3.3362,-3.6439,3.415,16,14,18,30,0,0,26
C3,1938_136_750_45,34,33,33,-0.0,4.875,-0.0,4.3555,-3.875,4.875,-3.6402,3.4594,-5.46,6.2535,17,15,24,33,0,0,30
C3,193_32_1452_34,32,31,31,1.0,5.1219,-0.0,4.0588,-2.4083,2.5466,-3.4594,4.0588,-3.5881,2.9421,17,14,10,31,0,0,28
C3,1940_387_256_13,36,35,35,-0.0,4.2389,-0.0,4.5639,-3.7004,3.5466,-3.7736,3.6901,-6.7967,5.5582,19,15,20,35,0,0,28
C3,1941_101_61_51,25,24,24,1.585,4.6808,-0.0,4.7359,-2.637,1.9,-3.1699,3.8074,-2.5874,2.4374,13,11,13,24,0,0,28
C3,1942_603_566_24,28,27,27,-0.0,4.0,-0.0,4.7359,-3.7736,3.875,-2.2971,2.2582,-3.617,5.4594,12,15,15,27,0,0,30
C3,1943_388_429_24,37,36,36,-0.0,4.5047,-0.0,5.0374,-2.8074,3.8074,-3.5047,4.2971,-5.5078,7.3121,14,22,17,36,0,0,30
C3,1944_1067_717_54,26,25,25,-0.0,4.8402,2.0,4.5595,-2.5025,3.1699,-1.5178,1.4594,-2.2801,4.3157,8,17,15,25,0,0,30
C3,1945_167_168_10,40,39,39,-0.0,5.1953,-0.0,4.911,-4.1659,4.5236,-4.8402,4.1066,-7.5801,7.4506,23,16,21,39,0,0,29
C3,1946_1286_814_32,27,26,26,-0.0,3.9492,-0.0,4.1427,-3.4183,3.1699,-2.0,2.3219,-4.7549,5.1699,14,12,15,26,0,0,29
C3,1947_204_704_32,28,27,27,2.0,4.5724,-0.0,4.3239,-2.335,2.0716,-3.6645,4.1066,-2.6623,3.6422,12,14,13,27,0,0,28
C3,1948_178_139_32,25,24,24,2.0,4.6645,1.585,4.6151,-2.0,1.9226,-2.1219,2.737,-1.6781,3.0931,13,11,7,24,0,0,30
C3,1949_169_170_32,27,26,26,-0.0,4.7363,-0.0,5.0114,-3.9069,4.3219,-4.6645,4.6579,-6.0723,5.6593,13,13,19,26,0,0,28
C3,194_776_774_7,31,30,30,-0.0,3.9477,-0.0,4.6511,-3.9477,3.5466,-4.2776,3.2776,-5.1394,4.7382,16,14,14,30,0,0,30
C3,1950_540_262_41,31,30,30,2.0,4.4697,1.585,5.3981,-1.926,2.1427,-2.5577,2.2282,-1.973,2.5825,14,16,16,30,0,0,29
C3,1951_603_1197_35,28,27,27,-0.0,4.4183,-0.0,4.2089,-2.3219,3.8074,-2.8074,3.5466,-5.1316,6.1599,10,17,14,27,0,0,27
C3,1952_1253_204_12,34,33,33,-0.0,4.5466,-0.0,4.2874,-3.9698,3.0,-3.585,3.585,-6.5548,5.0704,16,17,16,33,0,0,24
C3,1953_694_255_5,52,51,51,-0.0,4.8402,-0.0,5.3158,-4.72,4.4366,-4.6645,4.694,-6.2068,6.5444,25,25,28,51,0,0,30
C3,1954_702_364_57,31,30,30,-0.0,4.0,-0.0,4.4969,-3.75,3.75,-2.8431,3.9069,-4.2019,3.3767,16,13,15,30,0,0,29
C3,1955_646_1073_36,40,39,39,-0.0,3.9754,-0.0,5.2142,-2.8074,3.4594,-4.8156,4.5216,-6.5216,5.8156,20,19,23,39,0,0,27
C3,1956_46_599_50,30,29,29,-0.0,4.6014,-0.0,4.6692,-3.0,2.969,-3.5466,3.4594,-3.8435,4.969,11,17,17,29,0,0,19
C3,1957_490_491_45,32,31,31,-0.0,3.8431,-0.0,4.6808,-3.7004,3.7004,-2.8074,2.8074,-4.0224,6.5078,14,17,14,31,0,0,29
C3,1958_602_480_9,36,35,35,-0.0,4.5466,-0.0,4.6235,-2.7255,3.1219,-4.5931,4.335,-5.0265,4.053,20,14,14,35,0,0,30
C3,1959_1127_1128_16,36,35,35,1.0,4.6067,-0.0,4.3964,-3.0588,3.2516,-4.2219,3.4594,-4.0588,4.1552,15,19,18,35,0,0,30
C3,195_156_157_30,31,30,30,-0.0,4.4402,-0.0,4.2971,-3.585,3.585,-3.8074,4.1699,-4.4703,3.585,16,14,15,30,0,0,28
C3,1961_185_1214_10,36,35,35,-0.0,4.6162,-0.0,4.5726,-2.585,2.0875,-3.2776,4.3845,-4.5699,4.4094,17,18,11,35,0,0,30
C3,1962_491_754_1,25,24,24,-0.0,4.1427,-0.0,3.9698,-3.3219,3.0,-3.8074,3.9492,-4.4862,4.585,12,12,13,24,0,0,29
C3,1963_1138_185_41,31,30,30,-0.0,4.4366,-0.0,4.4366,-3.0,3.585,-3.4594,4.2018,-4.2776,6.1621,14,16,11,30,0,0,30
C3,1964_602_762_23,28,27,27,1.585,4.7606,-0.0,4.6067,-2.637,2.7309,-2.585,2.7255,-5.1398,2.871,16,11,11,27,0,0,29
C3,1966_761_366_10,25,24,24,-0.0,4.3964,-0.0,3.9292,-3.8074,3.585,-3.1699,3.1699,-4.7165,6.1699,13,11,13,24,0,0,28
C3,1967_666_515_12,28,27,27,-0.0,4.2971,1.0,4.2219,-4.2971,4.2776,-2.0,2.8074,-3.4897,4.1219,14,13,15,27,0,0,30
C3,1968_255_30_5,46,45,45,-0.0,4.6961,-0.0,4.7791,-3.7736,3.9698,-3.7736,4.0875,-4.7505,5.9698,21,24,24,45,0,0,29
C3,1969_312_313_28,40,39,39,1.0,4.2937,-0.0,4.0588,-1.9754,2.875,-3.4594,2.9477,-3.6685,3.8685,18,21,16,39,0,0,30
C3,196_656_631_39,39,38,38,-0.0,4.6235,-0.0,5.213,-4.3104,4.6073,-4.3685,4.4839,-7.1185,7.3071,20,18,20,38,0,0,30
C3,1970_628_313_0,32,31,31,-0.0,4.4058,-0.0,5.0355,-4.2018,4.3685,-4.0588,5.0355,-5.7978,7.991,14,17,16,31,0,0,27
C3,1971_762_540_1,37,36,36,1.0,4.9001,-0.0,5.4956,-3.8239,2.5782,-4.0,3.0,-5.9167,4.415,20,16,15,36,0,0,30
C3,1972_269_82_57,26,25,25,-0.0,5.067,-0.0,5.0782,-2.3219,2.317,-3.585,3.7736,-5.233,3.5006,12,13,10,25,0,0,29
C3,1973_82_885_10,30,29,29,-0.0,4.4697,-0.0,4.3923,-2.9477,4.0114,-4.3923,4.3496,-4.602,7.0082,13,16,12,29,0,0,30
C3,1974_1526_825_50,31,30,30,-0.0,4.4594,-0.0,4.4594,-4.1659,2.7255,-4.0,4.0,-5.263,5.138,14,16,14,30,0,0,28
C3,1975_1043_343_7,30,29,29,-0.0,3.585,-0.0,4.2479,-3.4594,2.585,-3.4183,4.2479,-3.9773,3.585,14,14,14,29,0,0,28
C3,1976_76_77_7,28,27,27,-0.0,4.6235,-0.0,4.3845,-3.585,4.2971,-4.3219,4.3219,-4.8395,4.6376,14,13,10,27,0,0,29
C3,1978_825_209_22,27,26,26,1.0,4.8626,-0.0,4.4817,-2.875,2.8431,-4.0875,4.0374,-5.1529,3.622,15,11,15,26,0,0,28
C3,1979_955_956_47,27,26,26,-0.0,4.0588,-0.0,4.2433,-3.9754,3.4183,-3.3219,3.0374,-4.3593,6.489,12,13,12,26,0,0,30
C3,197_1035_437_2,36,35,35,-0.0,4.4586,-0.0,4.5016,-1.9058,3.4677,-3.875,2.6927,-4.1429,3.6768,16,19,15,35,0,0,30
C3,1982_766_618_52,28,27,27,1.0,4.3496,-0.0,4.0588,-2.2776,3.2776,-3.0,3.7004,-5.5078,3.2224,10,14,11,27,0,0,28
C3,1984_1302_1303_44,32,31,31,-0.0,4.4537,-0.0,3.9292,-3.875,3.8431,-2.8074,3.585,-7.46,4.7255,17,13,13,31,0,0,28
C3,1985_649_397_40,33,32,32,-0.0,3.4566,-0.0,4.335,-3.4566,2.7255,-4.1427,4.335,-4.8454,6.4907,13,19,17,32,0,0,28
C3,1986_137_138_38,30,29,29,-0.0,3.875,-0.0,4.0933,-2.4594,2.3219,-4.0,3.9698,-5.3031,5.3219,13,15,13,29,0,0,25
C3,1987_662_209_1,29,28,28,-0.0,4.2389,-0.0,4.4633,-4.2389,2.8074,-4.3637,4.4633,-5.7966,6.7235,15,13,12,28,0,0,30
C3,1988_611_1299_1,28,27,27,-0.0,4.3923,1.585,5.0191,-2.3219,3.1699,-2.4341,2.2971,-3.4624,2.2682,15,12,14,27,0,0,26
C3,1989_1401_160_12,27,26,26,-0.0,4.2479,-0.0,4.5327,-4.2479,4.0374,-2.3219,3.3219,-5.1651,6.1293,12,14,14,26,0,0,30
C3,198_774_1203_6,32,31,31,-0.0,4.7004,-0.0,4.4366,-4.3923,3.8074,-3.8074,4.4366,-5.5741,6.6147,18,13,11,31,0,0,29
C3,1990_373_1023_44,31,30,30,-0.0,4.7019,-0.0,4.4633,-4.7019,3.75,-3.3219,3.7736,-5.2596,5.7219,15,15,19,30,0,0,27
C3,1991_648_649_36,32,31,31,-0.0,3.9292,-0.0,4.0875,-3.1699,3.9292,-4.0875,3.4594,-4.1066,6.6091,14,17,17,31,0,0,26
C3,1992_109_825_58,26,25,25,-0.0,4.3923,1.0,4.3923,-3.585,3.585,-3.3923,2.585,-5.598,5.1688,13,12,15,25,0,0,29
C3,1993_541_542_55,31,30,30,-0.0,3.6645,-0.0,4.1219,-3.0958,3.3219,-3.4594,3.9069,-3.5443,4.0,14,16,14,30,0,0,28
C3,1994_825_826_55,30,29,29,-0.0,4.2776,-0.0,4.3845,-3.1219,4.2776,-3.3219,2.7255,-3.9137,4.9069,15,14,16,29,0,0,30
C3,1995_584_427_37,26,25,25,-0.0,4.2433,-0.0,5.268,-3.7004,3.9477,-3.5788,3.2219,-3.7685,3.9554,12,13,17,25,0,0,27
C3,1996_255_648_59,25,24,24,-0.0,4.4059,-0.0,4.8786,-4.0958,2.8074,-3.4594,3.7736,-4.2681,4.8074,13,11,14,24,0,0,27
C3,1998_632_169_28,28,27,27,-0.0,5.0031,-0.0,4.1699,-3.8366,3.2516,-3.4183,4.1699,-3.8047,4.5882,15,12,10,27,0,0,30
C3,1999_739_1163_35,26,25,25,1.0,4.4183,-0.0,4.5639,-2.7004,3.2534,-3.4594,4.2776,-6.9781,5.1599,14,11,12,25,0,0,30
C3,199_776_157_51,33,32,32,-0.0,4.0875,1.0,5.3048,-3.5466,3.5466,-2.1699,3.3048,-3.7333,4.4919,15,17,13,32,0,0,26
C3,19_1020_680_18,35,34,34,-0.0,5.1928,1.0,4.0995,-4.0049,4.9375,-1.5466,1.8431,-5.3631,6.0674,15,19,22,34,0,0,30
C3,1_156_506_22,35,34,34,-0.0,3.875,-0.0,4.1427,-3.875,3.8074,-2.3219,2.8074,-3.9069,4.3219,14,19,18,34,0,0,28
C3,2000_255_256_23,31,30,30,1.0,5.2899,-0.0,4.6718,-3.7601,2.968,-2.6718,4.335,-4.6532,4.4705,15,15,18,30,0,0,28
C3,2001_1163_542_2,36,35,35,-0.0,4.0,-0.0,3.9987,-4.0,4.0,-3.2389,3.5466,-5.4439,6.6983,18,17,17,35,0,0,29
C3,2002_1123_255_14,31,30,30,1.0,4.7069,-0.0,4.4366,-2.4594,2.5466,-4.3219,4.1219,-5.0444,4.9635,17,13,7,30,0,0,26
C3,2003_1060_1507_33,38,37,37,-0.0,4.6817,-0.0,4.3362,-2.8074,3.8522,-2.8366,2.8366,-5.0951,6.6595,16,21,13,37,0,0,26
C3,2004_1073_1060_16,26,25,25,1.0,4.5661,-0.0,4.0875,-3.3923,2.9069,-2.3219,2.3219,-4.7814,3.585,13,11,14,25,0,0,27
C3,2005_121_72_16,30,29,29,1.0,4.8397,-0.0,5.1699,-3.8397,3.2547,-4.9838,3.7736,-6.4152,5.2468,15,14,11,29,0,0,27
C3,2006_167_1060_50,31,30,30,-0.0,4.5427,-0.0,4.1699,-2.9578,3.4594,-3.1219,3.8074,-6.2668,5.5744,13,16,16,30,0,0,30
C3,2007_160_651_15,31,30,30,-0.0,3.9292,-0.0,3.875,-3.4183,3.9292,-3.6402,3.4677,-4.4677,5.585,16,14,12,30,0,0,27
C3,2008_564_72_9,30,29,29,-0.0,4.2219,-0.0,3.9977,-3.7004,3.8522,-3.7736,3.8074,-5.3585,4.4919,12,16,11,29,0,0,29
C3,2009_121_122_15,25,24,24,1.0,4.8259,1.0,4.6718,-1.585,2.0,-3.4594,2.9698,-4.5548,2.5404,12,12,8,24,0,0,26
C3,200_985_609_51,27,26,26,-0.0,5.0286,2.0,5.2338,-4.3496,4.1699,-2.4442,2.4265,-4.3872,4.3766,11,15,13,26,0,0,30
C3,2010_651_441_15,32,31,31,-0.0,4.2971,-0.0,4.2868,-3.4594,3.4594,-3.0,3.9292,-3.6813,5.3923,13,18,15,31,0,0,29
C3,2011_1366_250_6,40,39,39,1.0,4.7606,-0.0,3.8747,-2.8074,2.5899,-3.585,3.5466,-4.3072,3.9543,18,21,14,39,0,0,30
C3,2012_94_378_43,33,32,32,-0.0,4.2776,-0.0,4.2219,-4.0588,4.2359,-3.8074,4.2018,-5.6958,6.8729,14,18,15,32,0,0,28
C3,2013_46_121_56,27,26,26,1.0,4.8184,-0.0,4.5653,-3.2433,3.1427,-3.3927,3.8522,-6.6616,4.936,14,12,14,26,0,0,28
C3,2014_1167_1350_20,28,27,27,-0.0,4.2971,-0.0,4.6316,-4.2971,3.8431,-3.585,3.0,-3.585,6.6439,13,14,14,27,0,0,30
C3,2015_71_1261_20,31,30,30,1.0,4.777,-0.0,4.5653,-3.2776,2.4551,-4.1066,3.3219,-5.737,4.4285,16,14,14,30,0,0,30
C3,2016_1329_145_6,34,33,33,1.0,4.3868,-0.0,4.1427,-2.8019,2.3868,-3.0875,2.9321,-3.6554,4.1699,16,17,13,33,0,0,29
C3,2017_378_397_6,26,25,25,-0.0,4.2018,-0.0,4.3158,-3.9698,4.1699,-4.0,4.3158,-5.583,7.1699,14,11,16,25,0,0,28
C3,2018_46_118_6,27,26,26,1.0,5.2379,-0.0,4.8137,-3.1427,3.1427,-3.585,3.1699,-4.1699,4.8373,14,12,15,26,0,0,28
C3,2019_94_823_6,29,28,28,-0.0,4.1427,-0.0,4.7359,-4.1427,3.4594,-4.5466,3.9706,-6.1405,4.5466,14,13,18,28,0,0,28
C3,201_475_31_7,28,27,27,1.585,4.8402,1.585,4.4183,-2.5183,2.7721,-2.4857,2.3219,-2.9372,2.5058,13,14,6,27,0,0,30
C3,2021_378_379_23,31,30,30,-0.0,4.1503,-0.0,4.585,-2.9477,3.7028,-3.585,3.585,-4.9659,7.2878,16,14,18,30,0,0,27
C3,2022_94_305_37,30,29,29,-0.0,3.8431,-0.0,4.2202,-2.585,3.3219,-3.2202,4.1427,-3.8333,5.9069,11,15,9,29,0,0,29
C3,2024_160_102_51,34,33,33,-0.0,4.2479,-0.0,4.2874,-3.4594,3.1699,-3.3219,3.1699,-4.5098,5.1699,15,18,10,33,0,0,30
C3,2025_1484_572_47,26,25,25,-0.0,3.9058,1.585,4.1562,-2.9058,2.585,-2.2224,1.8074,-3.2224,2.8074,12,11,16,25,0,0,28
C3,2026_131_379_47,27,26,26,-0.0,4.0,-0.0,4.1659,-3.9698,3.9698,-2.585,3.4992,-3.9069,5.1066,14,12,14,26,0,0,28
C3,2027_94_95_47,26,25,25,-0.0,3.8431,-0.0,3.875,-3.3219,3.585,-3.7004,3.7004,-6.4439,4.585,11,14,14,25,0,0,30
C3,2028_667_160_44,32,31,31,-0.0,4.0875,-0.0,4.2868,-3.9069,4.0875,-4.1427,2.2582,-4.3187,4.6684,14,16,20,31,0,0,28
C3,2029_396_300_25,37,36,36,-0.0,4.2202,-0.0,3.8431,-3.3219,3.0,-3.0,3.1699,-5.8074,6.0,17,17,13,36,0,0,30
C3,202_608_219_7,36,35,35,2.0,4.7532,-0.0,4.3737,-1.585,1.7369,-3.4183,3.0,-4.1699,4.1513,16,18,14,35,0,0,30
C3,2030_508_491_12,27,26,26,-0.0,4.5561,-0.0,4.585,-4.1699,3.5327,-4.585,4.4594,-7.7074,7.6893,12,13,7,26,0,0,30
C3,2031_577_348_30,41,40,40,-0.0,4.2479,-0.0,4.3737,-3.6645,3.9069,-2.6402,3.0875,-4.8074,6.1585,16,24,20,40,0,0,29
C3,2032_883_817_3,29,28,28,-0.0,4.5561,1.0,4.3868,-2.585,2.6645,-2.6352,2.8019,-5.0444,2.9261,14,14,11,28,0,0,30
C3,2033_314_508_37,32,31,31,-0.0,4.4039,-0.0,4.0898,-4.0,3.4039,-3.8074,3.0898,-6.7004,4.0,17,14,15,31,0,0,30
C3,2034_931_932_37,36,35,35,-0.0,4.5778,-0.0,4.7606,-2.585,3.5466,-4.4839,3.4594,-5.4523,4.1072,16,19,13,35,0,0,28
C3,2035_396_576_37,26,25,25,-0.0,4.3219,-0.0,4.2018,-2.3219,3.6402,-3.1699,3.585,-3.4624,5.2252,12,13,8,25,0,0,30
C3,2036_330_300_6,39,38,38,-0.0,4.875,2.0,5.1316,-4.875,4.1066,-2.5561,2.3685,-5.2754,4.7734,19,18,28,38,0,0,30
C3,2038_346_532_37,25,24,24,1.0,4.7363,1.585,4.6316,-3.7363,2.6402,-2.1375,2.2582,-3.0655,3.2081,15,9,15,24,0,0,30
C3,2039_576_577_26,33,32,32,-0.0,3.7736,-0.0,4.1427,-3.75,3.7736,-3.4183,4.1427,-4.7276,7.0955,14,18,13,32,0,0,30
C3,203_437_475_7,31,30,30,1.0,4.3923,1.0,4.4556,-2.4594,2.0,-2.7947,2.2672,-3.7054,2.7947,17,12,14,30,0,0,30
C3,2041_1142_1143_33,27,26,26,-0.0,4.5821,-0.0,4.0061,-3.7004,3.585,-3.0,4.0061,-5.1699,4.0,14,12,14,26,0,0,24
C3,2042_883_808_46,32,31,31,-0.0,3.9069,1.0,4.0898,-3.9069,3.3219,-2.3219,2.3219,-5.1219,5.4439,19,11,22,31,0,0,30
C3,2044_1142_346_18,30,29,29,-0.0,3.8431,-0.0,4.3219,-3.4594,3.8431,-4.0,4.0875,-5.6691,5.7004,16,13,14,29,0,0,28
C3,2045_1143_532_18,30,29,29,-0.0,4.3868,2.3219,4.8074,-3.2479,4.3868,-1.8074,2.0277,-3.5327,4.1662,16,13,20,29,0,0,30
C3,2046_817_346_35,25,24,24,-0.0,5.1942,-0.0,4.3219,-4.3518,5.1942,-4.0537,3.875,-6.6924,7.4259,11,13,14,24,0,0,30
C3,2047_102_532_44,33,32,32,-0.0,4.3219,1.0,4.72,-3.1699,3.7004,-2.1699,2.2089,-4.5328,4.9773,15,16,21,32,0,0,29
C3,2048_1219_346_7,31,30,30,-0.0,3.9069,-0.0,4.0061,-3.0,3.3219,-3.7004,2.585,-2.6841,6.4919,13,17,18,30,0,0,30
C3,2049_817_818_10,26,25,25,-0.0,4.1699,1.0,4.7216,-4.1699,4.1604,-2.7123,3.2971,-3.2132,5.9533,13,12,12,25,0,0,29
C3,204_219_1203_7,28,27,27,2.0,4.3219,1.0,4.2219,-1.9698,1.6781,-1.875,2.637,-3.848,3.0366,13,14,7,27,0,0,30
C3,2050_387_883_10,26,25,25,-0.0,3.585,1.0,4.0615,-3.0,2.585,-2.3219,2.1699,-2.7255,3.29,16,9,13,25,0,0,26
C3,2051_815_635_10,36,35,35,2.0,5.2926,1.0,4.5188,-2.5016,2.1227,-2.3927,2.8078,-4.4707,2.4597,17,18,15,35,0,0,30
C3,2052_346_347_46,36,35,35,-0.0,4.4594,-0.0,3.9917,-3.4594,4.0,-3.585,3.585,-4.1599,6.2516,17,18,24,35,0,0,30
C3,2053_1219_532_9,34,33,33,-0.0,4.5484,2.3219,4.3542,-3.6402,4.5484,-1.7155,2.0323,-3.3629,5.068,19,13,20,33,0,0,29
C3,2054_635_818_9,37,36,36,1.0,5.1069,2.0,4.4817,-2.9698,3.3845,-1.4129,2.2737,-4.1565,3.3546,18,16,23,36,0,0,29
C3,2055_346_815_41,32,31,31,-0.0,4.1699,1.0,4.8712,-3.1699,2.3219,-2.4594,2.9706,-2.5095,3.2222,16,14,16,31,0,0,30
C3,2056_29_30_53,29,28,28,-0.0,4.5236,-0.0,3.8747,-3.9069,3.9069,-3.4594,3.585,-4.8626,4.2675,13,15,17,28,0,0,27
C3,2057_694_532_5,33,32,32,-0.0,4.3923,-0.0,4.4594,-3.4594,3.875,-3.8074,3.8074,-4.6818,7.0224,14,18,17,32,0,0,29
C3,2058_977_815_5,29,28,28,2.3219,5.0702,1.0,4.3239,-1.8989,1.6927,-2.7736,2.9069,-3.7549,2.8605,15,13,11,28,0,0,28
C3,2059_125_126_34,29,28,28,-0.0,4.3685,-0.0,4.5466,-2.8074,3.8431,-2.8074,3.7004,-5.747,3.7736,17,11,14,28,0,0,28
C3,2060_635_111_34,30,29,29,2.0,4.8252,-0.0,4.2776,-1.8252,2.5735,-2.0,2.3219,-3.6252,2.9771,15,14,10,29,0,0,29
C3,2061_977_126_37,34,33,33,-0.0,4.0588,1.585,4.1329,-2.2776,3.9698,-2.4857,2.29,-2.559,3.5734,15,18,21,33,0,0,29
C3,2062_111_694_45,36,35,35,-0.0,4.5736,-0.0,4.9793,-3.1699,4.3035,-4.1427,4.1219,-4.9964,5.0924,18,17,17,35,0,0,28
C3,2063_1159_118_45,32,31,31,1.585,4.5016,1.0,5.2666,-1.9616,2.8736,-1.5809,4.2666,-3.2666,4.2471,15,16,20,31,0,0,28
C3,2064_600_1057_45,33,32,32,-0.0,4.3923,1.0,4.5466,-3.9321,4.1699,-2.3219,2.2247,-4.2472,3.2603,16,16,16,32,0,0,30
C3,2065_635_649_29,38,37,37,1.0,4.6956,-0.0,4.2516,-3.1107,2.6402,-4.2516,3.4594,-4.9333,3.4896,18,19,12,37,0,0,28
C3,2066_889_268_44,30,29,29,-0.0,4.585,-0.0,4.4586,-3.7736,3.6402,-4.3845,3.9069,-4.0589,5.2386,13,16,15,29,0,0,30
C3,2067_126_600_52,33,32,32,-0.0,4.7004,-0.0,4.9096,-4.3158,4.1524,-4.2937,4.4586,-3.9373,3.8894,15,16,16,32,0,0,25
C3,2068_1074_694_35,48,47,47,-0.0,4.789,-0.0,4.7606,-3.3927,4.6439,-4.7069,4.7069,-5.6894,5.6796,22,25,23,47,0,0,24
C3,2069_268_29_0,32,31,31,1.0,4.7004,-0.0,5.8068,-3.7004,2.9972,-3.8924,4.015,-3.5846,4.5395,16,15,11,31,0,0,29
C3,206_816_1173_1,36,35,35,1.0,4.7742,-0.0,4.6067,-3.4839,3.5561,-4.2776,3.585,-4.0066,4.9539,16,19,22,35,0,0,28
C3,2070_125_635_6,36,35,35,-0.0,4.1001,1.585,4.9073,-3.7004,3.7004,-2.1219,2.3752,-4.3752,5.0704,15,19,25,35,0,0,27
C3,2071_347_889_0,38,37,37,-0.0,4.8074,-0.0,4.0933,-4.4183,4.0289,-3.7004,4.0933,-5.9199,5.6324,18,19,21,37,0,0,28
C3,2072_29_126_37,39,38,38,-0.0,4.9673,-0.0,4.7787,-4.6067,4.3158,-4.0588,3.585,-4.2137,4.5382,20,18,23,38,0,0,26
C3,2073_268_269_11,25,24,24,-0.0,4.0707,-0.0,4.4059,-3.0,3.1699,-3.9698,2.9219,-3.5736,3.7068,10,14,10,24,0,0,29
C3,2074_259_260_40,27,26,26,1.0,4.72,-0.0,3.9492,-1.6162,2.8074,-3.0,3.9492,-4.7114,3.9844,13,11,10,26,0,0,28
C3,2075_1208_1209_40,27,26,26,-0.0,4.0875,-0.0,4.2971,-4.0,4.0,-3.8924,3.0,-5.1187,4.9399,10,16,15,26,0,0,28
C3,2077_268_600_50,32,31,31,-0.0,4.3737,-0.0,4.2737,-2.8074,3.9069,-3.1699,2.3219,-3.8587,2.9069,17,14,19,31,0,0,29
C3,2078_890_843_25,25,24,24,-0.0,4.335,1.585,4.4366,-3.7736,3.0,-2.8516,2.0795,-3.7256,4.6255,14,10,6,24,0,0,30
C3,2079_260_297_55,25,24,24,-0.0,4.5639,2.0,4.3219,-3.1699,2.5712,-1.8074,1.8431,-3.585,2.6781,11,12,17,24,0,0,30
C3,207_475_219_40,33,32,32,1.585,4.9859,1.0,4.5803,-2.664,2.415,-2.2776,2.5803,-4.2487,4.1405,18,14,20,32,0,0,30
C3,2080_1060_29_9,40,39,39,-0.0,4.858,-0.0,4.9949,-2.8074,2.3219,-3.0,3.3685,-3.9806,3.2516,21,18,16,39,0,0,29
C3,2081_268_890_9,27,26,26,-0.0,4.3737,-0.0,4.2203,-3.3219,3.2516,-3.914,4.0842,-5.5123,5.664,10,16,12,26,0,0,28
C3,2082_256_61_54,44,43,43,-0.0,4.5327,2.0,5.0286,-4.5327,3.875,-1.751,2.0286,-3.3627,4.1969,22,21,26,43,0,0,28
C3,2083_1243_1244_54,32,31,31,1.0,4.8239,-0.0,4.2516,-3.3496,3.0842,-4.2516,3.585,-3.6871,4.6058,15,16,13,31,0,0,28
C3,2084_890_262_54,31,30,30,-0.0,4.72,-0.0,4.3168,-2.8074,3.0958,-3.7736,4.3168,-6.2295,4.4305,14,16,10,30,0,0,28
C3,2085_388_1197_32,27,26,26,-0.0,4.1699,-0.0,4.3685,-3.1699,2.585,-3.0,4.3685,-3.9475,3.8222,13,13,12,26,0,0,30
C3,2086_269_12_50,30,29,29,-0.0,4.6511,-0.0,5.1106,-3.4183,3.3219,-4.9363,3.585,-4.585,5.9363,14,15,14,29,0,0,30
C3,2087_167_388_9,36,35,35,-0.0,4.2219,-0.0,4.2971,-4.2219,4.2018,-4.2971,4.2971,-7.5439,5.433,17,18,18,35,0,0,30
C3,2089_262_263_60,28,27,27,-0.0,3.7736,-0.0,4.3219,-3.585,3.7736,-2.9477,4.1699,-4.2821,5.5327,10,17,20,27,0,0,30
C3,208_507_656_29,34,33,33,-0.0,4.4366,-0.0,4.7255,-2.3219,3.2776,-3.5466,3.8431,-2.9069,5.8685,10,23,14,33,0,0,30
C3,2090_335_170_29,28,27,27,-0.0,4.5639,-0.0,4.2219,-4.5639,4.5639,-3.9069,3.9069,-6.0564,6.8948,15,12,15,27,0,0,30
C3,2091_141_142_29,31,30,30,-0.0,4.1699,1.0,4.6718,-2.585,3.9321,-2.7736,3.6067,-2.6667,2.8781,18,12,10,30,0,0,29
C3,2092_936_706_29,39,38,38,-0.0,4.8888,-0.0,4.8366,-2.7255,4.1219,-4.3685,3.3219,-2.7004,5.2868,17,20,12,38,0,0,30
C3,2093_882_1254_56,28,27,27,-0.0,3.8431,-0.0,4.3362,-3.0,2.3219,-2.875,2.8074,-4.0676,4.1293,13,14,19,27,0,0,26
C3,2094_516_407_34,30,29,29,-0.0,4.3685,-0.0,4.2971,-3.3219,4.1699,-4.2971,2.585,-5.3219,5.3399,12,17,13,29,0,0,26
C3,2095_335_553_50,29,28,28,-0.0,4.4594,-0.0,4.2479,-3.3219,3.4594,-3.3219,3.8431,-5.4281,5.9219,14,14,15,28,0,0,30
C3,2096_1191_520_50,33,32,32,-0.0,4.8851,-0.0,4.7669,-3.4594,2.7255,-3.1427,3.3219,-3.8074,4.7276,13,18,17,32,0,0,30
C3,2097_520_521_59,28,27,27,-0.0,4.0875,-0.0,4.2971,-3.7216,3.1219,-2.5038,4.2018,-3.0,3.1219,13,14,13,27,0,0,30
C3,2098_990_752_23,27,26,26,1.0,4.6067,1.0,4.3685,-3.5327,3.6067,-3.3685,3.0114,-6.544,4.9785,14,11,16,26,0,0,30
C3,2099_520_572_23,33,32,32,-0.0,4.2971,-0.0,4.7787,-3.9977,3.8747,-3.585,3.6645,-6.9435,6.7293,14,16,21,32,0,0,28
C3,209_31_32_15,36,35,35,1.0,4.5466,-0.0,3.9987,-3.1699,2.585,-3.3219,2.8074,-3.2219,3.1516,16,19,21,35,0,0,26
C3,20_1076_1157_32,47,46,46,-0.0,5.0191,1.585,4.4817,-4.9838,4.5327,-1.537,2.0553,-5.3988,3.9477,24,22,31,46,0,0,29
C3,2100_515_582_1,25,24,24,-0.0,4.4183,2.0,4.7345,-3.3923,3.3219,-2.7345,1.9816,-3.1221,2.8775,10,14,12,24,0,0,30
C3,2102_1282_872_27,28,27,27,-0.0,4.4366,-0.0,5.0883,-3.1219,2.6017,-4.1427,3.9069,-7.0288,4.8207,16,11,11,27,0,0,28
C3,2103_520_427_27,33,32,32,-0.0,4.0,-0.0,4.9586,-3.585,4.0,-2.9219,4.0588,-4.1665,6.9219,14,17,22,32,0,0,28
C3,2104_313_167_55,29,28,28,-0.0,4.4366,-0.0,4.6808,-2.8074,3.3219,-4.3737,4.2516,-4.9037,6.9864,13,15,11,28,0,0,30
C3,2105_1383_73_55,28,27,27,-0.0,4.8317,-0.0,4.5639,-4.8317,4.7649,-3.585,4.155,-4.4752,4.5425,13,14,18,27,0,0,28
C3,2106_4_5_55,32,31,31,1.585,4.4697,-0.0,4.2776,-2.471,2.0588,-2.585,2.0,-2.471,2.3286,15,15,16,31,0,0,25
C3,2107_648_520_58,29,28,28,-0.0,4.7069,-0.0,3.9226,-3.9698,4.4594,-2.3219,3.3219,-4.5959,4.8626,12,15,16,28,0,0,28
C3,2108_1282_752_58,31,30,30,-0.0,4.4594,1.0,4.4366,-3.4594,4.4594,-3.0842,2.7004,-4.9587,3.0842,14,14,15,30,0,0,30
C3,2109_611_601_36,30,29,29,-0.0,3.9477,-0.0,3.8431,-3.8431,3.9477,-3.7004,2.7255,-5.1013,3.863,16,12,11,29,0,0,26
C3,210_281_218_27,31,30,30,-0.0,4.72,1.0,4.9473,-3.7004,2.8147,-2.3219,2.7947,-4.3796,4.3219,15,15,21,30,0,0,28
C3,2110_1229_814_2,25,24,24,-0.0,4.4502,-0.0,4.4233,-4.4502,4.2203,-3.585,3.0,-4.4594,4.0,14,10,10,24,0,0,28
C3,2112_601_602_2,33,32,32,-0.0,4.2971,-0.0,3.9069,-2.4594,2.585,-2.8074,2.8074,-4.7814,4.2495,17,15,15,32,0,0,28
C3,2113_24_1397_29,36,35,35,-0.0,4.0875,1.0,4.8184,-3.7004,3.8431,-1.3219,2.8184,-3.3767,3.585,18,17,24,35,0,0,30
C3,2114_170_601_50,31,30,30,-0.0,4.1524,-0.0,4.4039,-3.0,3.585,-2.875,3.6645,-3.5164,4.875,11,19,18,30,0,0,29
C3,2115_813_814_43,26,25,25,-0.0,4.1416,1.0,4.0,-3.0,2.585,-1.7004,1.8431,-4.0,2.7664,13,12,14,25,0,0,28
C3,2117_24_4_28,28,27,27,-0.0,5.3854,-0.0,4.8533,-5.3854,2.3219,-3.3219,2.8533,-5.3854,3.5238,15,12,17,27,0,0,28
C3,2118_728_195_49,28,27,27,-0.0,4.7606,-0.0,4.6352,-3.8522,4.4947,-2.7255,2.7255,-4.0942,4.5328,13,14,16,27,0,0,29
C3,2119_4_1073_49,35,34,34,-0.0,3.4594,-0.0,4.3219,-2.3219,2.9477,-4.2219,3.8431,-5.8431,6.2219,15,19,13,34,0,0,29
C3,211_475_816_40,32,31,31,1.0,4.9392,-0.0,4.3219,-3.2299,3.9392,-2.585,3.7004,-5.0372,4.0797,17,14,17,31,0,0,30
C3,2120_170_1311_8,27,26,26,1.0,4.2479,1.0,4.6375,-2.4594,2.585,-2.1427,2.3219,-3.0712,2.8543,11,15,14,26,0,0,30
C3,2121_24_539_49,31,30,30,-0.0,4.1375,-0.0,4.8294,-2.8074,4.0374,-3.7004,3.0,-4.8745,4.8379,15,15,15,30,0,0,29
C3,2122_702_990_1,26,25,25,-0.0,4.72,-0.0,4.7897,-3.585,4.1549,-3.585,3.7004,-7.2854,5.1699,13,12,9,25,0,0,30
C3,2123_826_444_50,37,36,36,-0.0,4.7531,-0.0,4.9777,-4.0,4.0,-2.3219,3.8074,-4.2406,4.4036,20,14,20,36,0,0,26
C3,2124_349_1414_50,36,35,35,1.0,5.015,-0.0,4.5744,-3.3921,3.015,-4.4366,2.8989,-4.1169,4.7736,17,18,17,35,0,0,30
C3,2125_804_91_50,30,29,29,-0.0,4.9489,1.0,4.4959,-3.9069,4.0588,-2.875,2.174,-3.2376,5.75,13,16,15,29,0,0,30
C3,2126_335_613_28,25,24,24,-0.0,4.2479,-0.0,3.8431,-3.7004,2.585,-3.3219,3.8074,-5.4281,4.9069,12,12,12,24,0,0,30
C3,2127_662_349_12,29,28,28,1.585,4.789,2.0,4.6808,-2.6017,2.4127,-2.6718,2.3589,-4.0104,2.801,12,16,16,28,0,0,30
C3,2128_826_933_54,33,32,32,-0.0,4.1427,1.585,4.5653,-3.2389,3.3219,-2.2224,2.5653,-2.7655,3.0995,12,19,19,32,0,0,25
C3,2129_804_521_23,25,24,24,-0.0,4.7045,-0.0,4.6144,-3.875,2.3219,-2.3219,4.6144,-4.7683,3.3219,12,12,12,24,0,0,30
C3,212_219_816_42,32,31,31,1.585,4.4183,1.585,4.7606,-2.3035,1.8207,-3.1757,2.6375,-4.0039,3.8761,19,12,14,31,0,0,30
C3,2130_182_1313_57,25,24,24,-0.0,3.8431,1.585,4.0374,-2.1699,3.585,-1.3219,1.8431,-2.5125,4.7255,9,15,12,24,0,0,30
C3,2131_629_472_29,25,24,24,-0.0,4.3219,-0.0,4.8921,-3.7004,3.585,-4.7264,4.1699,-4.3337,7.7971,10,14,11,24,0,0,30
C3,2132_804_511_29,31,30,30,-0.0,5.3707,-0.0,5.0129,-3.0,3.6067,-4.2299,4.4183,-3.7531,7.1917,14,16,14,30,0,0,29
C3,2133_1130_1466_29,29,28,28,2.0,4.8311,1.0,4.6511,-2.5091,2.151,-1.4199,3.0219,-2.6928,1.6251,13,15,18,28,0,0,30
C3,2134_490_933_5,30,29,29,1.585,4.6808,-0.0,4.6511,-2.737,3.0958,-3.2821,2.415,-2.9925,4.2298,13,16,11,29,0,0,30
C3,2135_1289_572_9,27,26,26,-0.0,4.8888,-0.0,3.9292,-3.0,3.8431,-3.4594,3.1699,-3.5882,5.225,12,14,15,26,0,0,28
C3,2136_985_472_7,26,25,25,2.0,4.75,-0.0,4.7601,-1.2906,2.4281,-3.5466,3.9698,-3.8954,3.5656,13,12,12,25,0,0,30
C3,2137_572_379_7,30,29,29,-0.0,3.9698,-0.0,3.9492,-3.0,3.4594,-2.585,3.0,-3.9492,6.0444,15,13,18,29,0,0,28
C3,2138_49_300_55,36,35,35,-0.0,4.5132,-0.0,4.3518,-4.5132,3.2776,-4.1683,4.3518,-4.9607,5.7402,19,16,15,35,0,0,29
C3,2139_708_922_41,31,30,30,-0.0,4.6067,1.0,4.6067,-4.6067,3.7736,-1.9408,3.4546,-4.6067,3.7753,14,15,21,30,0,0,29
C3,213_475_218_42,28,27,27,-0.0,4.9069,1.585,5.7802,-3.1699,3.4594,-2.3496,2.4739,-4.4919,4.1964,12,15,15,27,0,0,25
C3,2140_62_63_41,49,48,48,2.0,4.5466,-0.0,4.9267,-1.6777,1.4857,-4.4366,4.2219,-4.6448,5.5741,26,22,16,48,0,0,30
C3,2141_708_347_29,29,28,28,-0.0,3.7004,-0.0,4.5661,-3.7004,3.7004,-3.7004,4.1699,-4.3927,4.7004,14,14,12,28,0,0,28
C3,2142_922_729_41,27,26,26,-0.0,4.4183,2.0,4.686,-1.1375,3.1699,-1.5899,1.8207,-1.8207,4.5325,13,12,12,26,0,0,27
C3,2143_708_300_41,31,30,30,-0.0,3.8074,-0.0,4.2479,-2.8074,3.8074,-4.1699,4.2479,-6.9773,7.3539,13,17,11,30,0,0,30
C3,2144_1078_406_41,38,37,37,-0.0,4.7345,1.0,5.1204,-4.3923,4.2971,-3.1219,3.2971,-5.0249,4.081,19,18,23,37,0,0,27
C3,2145_62_600_41,29,28,28,-0.0,4.9003,2.0,4.7359,-2.8074,2.3219,-1.9367,1.5216,-1.9479,2.3257,12,16,20,28,0,0,28
C3,2146_406_724_41,32,31,31,-0.0,4.2018,-0.0,4.2219,-3.1699,3.8431,-4.1427,3.1699,-4.3219,4.4057,16,15,17,31,0,0,29
C3,2147_878_1453_41,33,32,32,-0.0,4.4306,-0.0,4.789,-4.4306,3.8074,-4.789,3.8074,-5.585,3.7392,17,15,13,32,0,0,28
C3,2148_1078_605_51,30,29,29,1.0,4.72,1.0,4.6961,-2.6645,2.7004,-2.4594,2.5466,-4.3539,2.9449,18,11,15,29,0,0,28
C3,2149_706_724_59,30,29,29,-0.0,4.7261,-0.0,5.7436,-3.585,2.7255,-4.9698,4.6402,-5.3183,4.75,17,12,16,29,0,0,28
C3,214_535_939_50,28,27,27,-0.0,4.7188,1.585,4.0,-3.9219,3.8074,-1.415,1.6927,-4.0965,4.5025,11,14,20,27,0,0,27
C3,2150_406_729_51,27,26,26,-0.0,4.2776,1.585,4.4653,-3.585,3.9917,-1.2224,1.8745,-4.1699,3.9228,15,11,19,26,0,0,28
C3,2151_62_878_59,26,25,25,1.0,4.585,-0.0,4.0049,-2.6645,3.5466,-3.875,4.0049,-5.3137,3.9935,15,10,5,25,0,0,28
C3,2152_13_154_59,28,27,27,-0.0,4.2971,-0.0,4.7791,-4.1699,4.1699,-4.7791,4.3685,-6.499,5.7736,13,13,14,27,0,0,25
C3,2153_348_125_46,32,31,31,-0.0,4.4677,-0.0,4.1416,-2.8074,3.9292,-3.625,3.3219,-3.9662,6.7949,14,17,18,31,0,0,28
C3,2154_604_729_10,29,28,28,-0.0,4.3035,1.585,4.4546,-2.2479,4.3035,-2.2219,2.4546,-2.9979,3.9328,14,14,15,28,0,0,28
C3,2155_469_345_38,30,29,29,-0.0,4.1427,1.0,4.9375,-3.7004,3.8074,-3.0219,3.0219,-2.6589,3.5956,13,16,16,29,0,0,29
C3,2156_62_406_28,27,26,26,-0.0,4.5639,-0.0,4.2776,-3.9698,3.6402,-4.2219,4.0898,-4.4417,7.8622,13,13,9,26,0,0,30
C3,2157_977_125_44,28,27,27,-0.0,4.5216,-0.0,4.3685,-3.8074,4.3104,-2.9698,3.3927,-3.5663,4.9833,14,12,11,27,0,0,28
C3,2158_348_13_58,37,36,36,-0.0,4.2479,-0.0,3.9292,-3.0,4.2479,-3.5216,3.0,-3.8333,7.6407,11,25,21,36,0,0,26
C3,2159_62_345_44,33,32,32,1.0,4.5016,-0.0,4.8576,-2.2018,2.5016,-3.8576,3.3035,-3.682,4.1521,11,21,18,32,0,0,30
C3,215_218_219_0,30,29,29,1.0,4.3685,1.585,5.2318,-1.848,3.3685,-3.2318,2.694,-4.542,3.1046,15,14,14,29,0,0,29
C3,2160_1387_1078_57,27,26,26,-0.0,4.2479,2.7255,4.4183,-3.3219,4.2479,-1.0319,1.3923,-4.1256,4.7784,13,13,21,26,0,0,29
C3,2161_872_469_58,34,33,33,-0.0,4.1699,-0.0,3.9987,-3.7004,3.9069,-2.585,3.3219,-5.3586,6.2288,14,18,20,33,0,0,28
C3,2162_1423_692_44,47,46,46,-0.0,4.1427,-0.0,4.3685,-3.1699,2.7255,-3.8074,3.0,-4.0704,3.8074,23,22,21,46,0,0,28
C3,2163_13_872_55,33,32,32,-0.0,4.4183,-0.0,4.2089,-3.1699,4.2181,-3.1699,3.2776,-4.3314,7.3457,15,17,14,32,0,0,28
C3,2165_1078_891_55,28,27,27,-0.0,4.2971,1.0,4.7791,-2.1699,3.9069,-3.4183,2.2582,-3.0179,3.3513,15,12,11,27,0,0,30
C3,2166_154_9_28,28,27,27,-0.0,3.9977,-0.0,3.9069,-2.6645,3.7004,-3.7004,3.8747,-5.0446,6.7004,8,18,16,27,0,0,30
C3,2167_481_348_34,35,34,34,-0.0,3.4594,-0.0,4.585,-2.7255,3.4594,-3.4594,4.2479,-4.1074,6.9189,13,21,15,34,0,0,30
C3,2168_1295_1336_17,28,27,27,-0.0,5.0952,-0.0,4.7345,-3.9842,5.0952,-3.4594,2.7835,-3.9842,5.4612,12,15,14,27,0,0,29
C3,2169_154_406_22,27,26,26,-0.0,4.1562,-0.0,4.9466,-3.9698,3.9698,-3.9698,4.9466,-4.1123,4.2329,9,15,11,26,0,0,30
C3,216_1193_828_9,32,31,31,-0.0,4.5561,-0.0,4.7359,-2.2342,4.2534,-3.6645,4.0114,-5.2211,3.5014,15,16,13,31,0,0,29
C3,2170_1202_1376_22,26,25,25,1.585,4.5016,-0.0,4.6645,-2.5809,2.737,-3.4697,3.8431,-5.1111,4.8282,14,11,11,25,0,0,29
C3,2171_891_13_22,28,27,27,-0.0,4.5216,-0.0,4.5765,-3.0,4.5216,-4.0588,4.0588,-4.5463,4.8952,13,13,11,27,0,0,28
C3,2175_891_102_60,27,26,26,-0.0,4.6439,-0.0,4.1549,-3.3219,3.9069,-2.585,3.3219,-5.1699,3.8808,15,10,12,26,0,0,30
C3,2176_12_13_10,32,31,31,-0.0,3.8269,2.3219,4.5698,-3.7004,3.585,-1.9848,1.848,-4.3721,5.3067,15,16,18,31,0,0,27
C3,2177_706_72_10,29,28,28,-0.0,5.3666,-0.0,5.2725,-3.9698,5.3666,-3.4594,3.3219,-4.7111,5.4594,13,14,15,28,0,0,30
C3,2178_396_1202_6,29,28,28,-0.0,4.1699,-0.0,4.3637,-3.9069,3.3788,-4.2299,4.3637,-4.4015,5.6449,13,15,10,28,0,0,29
C3,2179_694_673_40,33,32,32,-0.0,4.4375,-0.0,4.9698,-4.3868,4.3868,-3.8078,3.9698,-7.7772,4.5659,16,15,14,32,0,0,30
C3,217_536_558_14,28,27,27,1.0,4.8897,1.0,4.6511,-2.9977,2.5678,-2.7849,3.2219,-5.2268,3.2432,12,13,12,27,0,0,28
C3,2180_534_514_47,30,29,29,1.0,4.75,-0.0,4.6753,-2.6402,3.3219,-2.1368,2.3534,-3.5443,4.3104,15,14,16,29,0,0,29
C3,2182_706_490_15,36,35,35,-0.0,5.2867,-0.0,4.9862,-4.8125,4.3737,-3.4594,2.7352,-4.2029,5.1699,15,20,17,35,0,0,30
C3,2183_348_349_60,33,32,32,-0.0,5.1296,-0.0,4.3419,-3.9698,2.3219,-3.0,3.1699,-4.1427,4.2845,14,15,17,32,0,0,27
C3,2184_936_250_59,34,33,33,-0.0,4.6535,-0.0,4.8921,-4.2099,3.1066,-3.4594,3.4594,-3.5106,5.6147,15,17,15,33,0,0,30
C3,2185_1272_1102_42,25,24,24,1.0,4.6251,2.3219,4.5466,-2.969,3.6251,-1.7392,1.4866,-3.8651,3.2261,14,10,14,24,0,0,28
C3,2186_427_490_58,30,29,29,-0.0,4.7069,-0.0,3.8431,-4.7069,3.9069,-3.4594,3.8431,-5.4039,7.2288,13,14,15,29,0,0,28
C3,2187_349_1102_42,26,25,25,-0.0,4.83,-0.0,4.3685,-2.0226,3.585,-3.875,4.3685,-3.8882,6.6397,13,12,14,25,0,0,30
C3,2188_73_1189_36,27,26,26,-0.0,3.9698,-0.0,4.335,-3.875,3.9698,-3.8522,3.1699,-4.433,6.0474,13,12,19,26,0,0,27
C3,2189_804_349_5,27,26,26,-0.0,4.585,-0.0,4.8239,-3.7345,4.3219,-3.3219,4.0588,-5.9535,5.8164,10,16,10,26,0,0,27
C3,218_535_558_0,25,24,24,-0.0,3.9069,1.0,4.2971,-2.3219,3.9069,-3.0875,3.2971,-4.3252,5.4094,13,11,9,24,0,0,28
C3,2190_1102_761_59,29,28,28,-0.0,4.8751,-0.0,4.3685,-3.9069,3.585,-2.8074,4.1699,-4.3146,3.8074,13,15,18,28,0,0,30
C3,2191_90_471_60,33,32,32,2.0,4.9977,-0.0,4.5639,-2.0875,2.4366,-4.2433,4.5639,-5.3016,3.5957,16,15,16,32,0,0,29
C3,2192_1267_772_60,37,36,36,-0.0,4.75,2.0,4.9698,-3.0875,4.5016,-2.1066,2.1619,-2.4629,4.2312,18,17,23,36,0,0,30
C3,2194_572_1102_33,30,29,29,-0.0,3.9069,-0.0,4.2776,-3.0,3.8431,-3.5466,4.0875,-4.6599,4.5661,14,15,16,29,0,0,30
C3,2195_804_706_27,32,31,31,-0.0,4.3239,-0.0,5.1228,-3.0,4.0061,-2.8074,3.8074,-4.7799,3.8464,17,13,17,31,0,0,30
C3,2196_692_1102_50,32,31,31,-0.0,4.2479,-0.0,3.8431,-3.8522,4.2479,-3.3219,3.4594,-4.192,4.8329,12,17,16,31,0,0,30
C3,2198_471_472_6,31,30,30,1.0,5.0649,-0.0,5.0033,-3.2137,3.2971,-3.0,4.5931,-4.0081,2.7365,15,15,18,30,0,0,29
C3,2199_90_692_6,35,34,34,-0.0,4.1368,-0.0,4.4839,-3.9318,3.7345,-3.3219,2.2479,-3.8795,6.6439,15,18,16,34,0,0,28
C3,219_535_536_46,30,29,29,-0.0,4.2776,1.0,4.1757,-2.3219,3.3219,-3.1757,3.1659,-4.3034,4.3358,15,14,19,29,0,0,26
C3,21_679_680_57,31,30,30,1.0,4.0588,1.585,4.2971,-1.8828,2.7255,-2.1427,2.2479,-3.4707,4.8681,15,15,16,30,0,0,30
C3,2201_472_1022_41,32,31,31,-0.0,4.2137,1.0,5.0179,-2.585,4.2137,-1.8074,3.0179,-3.6618,4.0624,13,18,17,31,0,0,27
C3,2202_471_842_41,25,24,24,-0.0,4.2202,-0.0,5.4312,-3.9069,3.8431,-2.9392,3.7736,-3.6404,4.0958,10,14,15,24,0,0,26
C3,2203_648_90_41,26,25,25,-0.0,4.1416,-0.0,3.9292,-3.9069,3.9069,-3.0,3.9069,-3.3949,6.3539,13,12,11,25,0,0,28
C3,2204_316_471_14,31,30,30,-0.0,4.72,1.585,5.7142,-3.1699,2.8074,-2.4183,3.7142,-4.9967,3.1045,16,14,14,30,0,0,27
C3,2206_654_655_1,43,42,42,-0.0,3.8074,-0.0,4.4366,-3.75,3.75,-3.585,4.0797,-4.0797,3.1592,23,18,22,42,0,0,30
C3,2208_90_601_8,30,29,29,-0.0,3.8522,-0.0,4.5653,-3.2776,3.1219,-3.4594,3.7322,-6.5057,6.006,14,15,13,29,0,0,28
C3,2209_945_337_8,26,25,25,-0.0,4.5744,2.3219,4.5016,-3.9977,3.1699,-1.6479,1.7,-4.9143,4.2121,12,13,16,25,0,0,30
C3,2210_471_946_41,29,28,28,-0.0,5.5247,1.0,4.7787,-3.3219,2.5132,-3.1066,2.8687,-4.901,3.6399,14,14,15,28,0,0,29
C3,2212_945_946_1,27,26,26,2.0,4.5788,-0.0,4.9116,-1.5788,1.9058,-4.0875,3.2053,-4.4094,4.8662,11,15,8,26,0,0,28
C3,2214_472_388_29,28,27,27,-0.0,4.0208,-0.0,5.3262,-4.0,4.0208,-2.585,2.6067,-3.2,2.585,14,13,19,27,0,0,30
C3,2215_810_811_29,33,32,32,-0.0,4.2219,-0.0,4.1503,-4.2219,3.7736,-3.8074,4.0842,-7.5519,6.7598,15,16,20,32,0,0,28
C3,2216_553_554_36,26,25,25,-0.0,4.5236,1.0,4.2202,-3.1699,3.3219,-2.5025,3.0875,-3.6172,4.6662,12,13,13,25,0,0,30
C3,2217_90_91_40,25,24,24,1.585,4.8402,-0.0,4.3788,-3.1886,2.1598,-4.2018,4.3464,-6.4053,4.8117,12,12,13,24,0,0,28
C3,2218_45_46_29,27,26,26,-0.0,4.7736,-0.0,4.6645,-2.6402,2.8074,-4.4502,4.4697,-7.1099,6.4074,14,12,12,26,0,0,28
C3,2219_692_388_41,34,33,33,-0.0,4.2776,-0.0,4.2479,-4.2776,3.8074,-4.1699,3.4594,-5.6147,7.4919,15,16,13,33,0,0,28
C3,221_1156_722_30,27,26,26,1.585,5.0125,-0.0,4.7606,-2.6927,2.6906,-4.5788,4.72,-5.9742,5.2785,16,10,7,26,0,0,30
C3,2221_407_731_50,32,31,31,1.585,4.4839,-0.0,5.015,-2.2322,2.0,-5.015,3.9321,-5.2971,6.7886,14,17,10,31,0,0,29
C3,2222_951_45_27,27,26,26,1.0,4.911,-0.0,5.1638,-3.6795,2.8074,-4.1427,4.0,-4.737,4.4646,12,14,16,26,0,0,30
C3,2224_981_542_41,33,32,32,1.0,4.5931,-0.0,4.7188,-2.5216,3.2219,-3.3219,2.585,-3.1586,5.5439,15,16,20,32,0,0,28
C3,2225_731_810_41,32,31,31,1.0,4.2971,1.0,4.9534,-3.2299,2.3927,-2.585,2.8747,-3.1966,3.7736,17,14,15,31,0,0,26
C3,2226_337_185_23,34,33,33,-0.0,4.3219,-0.0,4.3923,-3.1683,4.3219,-2.0,3.8431,-4.6439,6.3219,13,18,14,33,0,0,29
C3,2227_1517_1523_23,33,32,32,-0.0,4.9073,-0.0,4.802,-3.0958,2.9073,-4.802,3.4502,-5.1179,4.4806,13,19,15,32,0,0,30
C3,2228_1341_1342_23,37,36,36,-0.0,4.7787,-0.0,4.8294,-4.3923,4.3923,-4.0,4.0374,-7.2854,4.585,17,17,21,36,0,0,27
C3,2229_45_754_23,27,26,26,-0.0,4.1699,-0.0,4.7359,-3.585,3.4594,-4.7359,3.3219,-3.3219,8.0579,13,13,12,26,0,0,27
C3,222_1193_535_36,31,30,30,-0.0,4.4697,-0.0,4.3035,-4.4697,4.0842,-4.3035,4.3035,-5.0224,4.441,15,14,20,30,0,0,30
C3,2230_990_1021_50,36,35,35,-0.0,4.8626,-0.0,4.4537,-2.7004,4.2479,-3.4537,4.4537,-3.9231,5.9734,19,16,10,35,0,0,28
C3,2231_337_401_23,28,27,27,-0.0,4.2971,2.0,4.7359,-3.4594,2.7255,-1.9286,2.3566,-3.7345,1.9885,15,12,10,27,0,0,30
C3,2232_981_522_50,34,33,33,-0.0,4.4586,-0.0,4.802,-3.625,4.4586,-2.7359,2.414,-3.4875,6.6604,15,18,17,33,0,0,30
C3,2234_45_1517_15,30,29,29,-0.0,4.8366,-0.0,4.2203,-3.3219,4.7004,-2.3219,3.1699,-4.1066,5.9002,12,17,14,29,0,0,29
C3,2235_135_294_56,33,32,32,-0.0,4.4366,-0.0,5.0129,-3.1699,3.9292,-3.2516,3.9321,-3.5466,5.1293,14,18,18,32,0,0,29
C3,2237_1187_1188_58,25,24,24,-0.0,4.5016,-0.0,4.4594,-3.7004,4.3219,-3.8209,3.75,-4.8088,5.0723,11,13,15,24,0,0,28
C3,2238_799_693_50,28,27,27,-0.0,3.9492,-0.0,4.1427,-3.7004,3.5216,-3.4183,4.1219,-4.2885,6.7402,11,16,15,27,0,0,28
C3,2239_981_799_17,30,29,29,-0.0,4.6961,-0.0,4.7684,-3.3239,3.1112,-4.72,4.72,-6.3219,5.3211,14,14,9,29,0,0,28
C3,223_558_631_40,35,34,34,-0.0,4.6235,-0.0,4.8156,-4.0588,3.875,-4.3845,3.585,-5.3219,6.8436,15,19,15,34,0,0,28
C3,2241_1474_1266_10,37,36,36,-0.0,4.9251,1.0,4.72,-3.1405,2.5577,-3.3637,3.2219,-4.9589,3.256,19,16,19,36,0,0,28
C3,2243_857_1351_15,35,34,34,-0.0,5.3452,1.0,5.0323,-4.029,3.5176,-3.3496,3.2479,-4.2723,3.9346,16,18,20,34,0,0,28
C3,2244_1295_554_44,37,36,36,-0.0,4.4839,-0.0,4.6961,-2.8074,4.0875,-3.1699,3.0875,-4.1591,5.2203,18,18,19,36,0,0,28
C3,2245_1021_981_44,40,39,39,-0.0,4.9706,-0.0,4.9579,-4.0875,3.2681,-3.2299,2.9069,-4.9954,6.3998,20,19,19,39,0,0,30
C3,2246_1419_315_50,38,37,37,1.585,4.8045,1.0,4.6757,-1.5108,2.079,-2.5466,2.5747,-3.3169,3.0212,17,20,17,37,0,0,28
C3,2248_687_427_36,29,28,28,-0.0,4.0588,-0.0,4.0716,-3.585,4.0588,-2.3219,3.8074,-4.7551,4.5033,14,13,16,28,0,0,29
C3,2249_1022_511_41,37,36,36,-0.0,4.2971,-0.0,4.8008,-3.8074,3.585,-2.8074,2.9219,-5.2439,4.2288,20,14,22,36,0,0,28
C3,224_633_634_40,33,32,32,-0.0,4.8502,-0.0,4.8074,-4.5016,4.5639,-4.4594,4.4594,-8.1653,7.8051,16,16,20,32,0,0,25
C3,2250_1427_1428_41,35,34,34,-0.0,4.3035,-0.0,4.6235,-3.4594,3.9069,-1.7736,2.9292,-4.0667,4.4919,18,16,22,34,0,0,26
C3,2251_731_262_50,31,30,30,-0.0,4.6808,1.585,4.6151,-3.8074,2.8074,-1.8077,2.2931,-3.2897,3.3219,13,17,18,30,0,0,27
C3,2252_180_1298_15,28,27,27,-0.0,4.1429,-0.0,4.5188,-3.6645,2.8074,-3.7871,4.5188,-3.9449,4.1293,14,13,11,27,0,0,28
C3,2253_660_1281_15,28,27,27,-0.0,5.3953,-0.0,4.6645,-5.0114,2.8074,-3.9363,3.9477,-5.9477,5.3464,14,13,11,27,0,0,30
C3,2254_687_1021_6,32,31,31,1.0,4.3168,-0.0,4.4402,-2.6645,2.0,-1.7255,2.5809,-3.1176,3.4259,11,20,19,31,0,0,30
C3,2255_993_1338_21,25,24,24,-0.0,4.6645,1.585,5.0544,-3.1219,4.5216,-2.7325,2.5289,-4.6076,4.1106,11,13,12,24,0,0,30
C3,2256_669_670_56,33,32,32,-0.0,4.7606,-0.0,4.5016,-4.7606,3.9477,-3.9698,3.1757,-4.8555,7.9175,16,16,22,32,0,0,28
C3,2257_1014_799_6,29,28,28,-0.0,5.0034,-0.0,4.7304,-3.6402,3.6402,-3.0,3.9977,-4.4402,6.4594,11,16,17,28,0,0,26
C3,2258_687_514_21,25,24,24,-0.0,4.8791,-0.0,4.635,-3.7345,2.5572,-3.9698,4.1524,-3.2242,5.6439,10,14,14,24,0,0,29
C3,2259_515_12_15,29,28,28,-0.0,4.6808,2.3219,4.5639,-3.3219,4.6808,-1.3353,1.9789,-3.5602,5.808,13,15,18,28,0,0,30
C3,225_558_1156_40,27,26,26,-0.0,4.5561,-0.0,4.6251,-4.5561,4.4839,-4.1699,3.8431,-4.6672,8.4475,11,15,16,26,0,0,30
C3,2260_795_993_22,26,25,25,-0.0,3.8522,-0.0,4.5236,-2.585,2.8431,-3.0,3.8074,-4.3923,3.3219,15,10,9,25,0,0,28
C3,2261_514_254_6,30,29,29,1.0,5.016,-0.0,4.9611,-1.8,3.2516,-4.6639,4.6073,-5.8838,4.2302,15,13,10,29,0,0,29
C3,2262_669_1022_22,37,36,36,-0.0,3.8747,-0.0,4.0,-3.585,2.8074,-3.9069,3.4058,-6.4919,5.9773,20,16,12,36,0,0,29
C3,2263_1492_12_11,27,26,26,1.585,4.4546,1.0,4.2971,-2.8697,1.7046,-2.7736,2.6645,-3.9915,2.2192,12,14,10,26,0,0,30
C3,2265_1088_1089_16,27,26,26,-0.0,4.7345,1.0,4.7004,-3.7345,4.0588,-2.5216,2.5216,-5.1066,5.2585,13,13,19,26,0,0,28
C3,2266_212_841_16,35,34,34,1.0,4.4633,1.585,5.5846,-3.4633,2.4633,-1.9069,2.2219,-5.6296,4.0631,17,17,20,34,0,0,28
C3,2267_430_890_9,28,27,27,-0.0,4.3923,-0.0,4.2299,-4.3923,3.4594,-2.8074,4.2299,-5.3443,5.2594,14,13,12,27,0,0,30
C3,2268_314_795_6,28,27,27,-0.0,4.2219,1.0,5.0782,-3.2219,3.7736,-3.3923,2.585,-5.0444,2.7032,15,11,12,27,0,0,28
C3,226_563_684_7,25,24,24,-0.0,4.8897,1.585,4.5931,-4.1699,4.4594,-1.7857,2.4633,-4.0519,4.0559,11,13,18,24,0,0,28
C3,2270_1060_799_54,28,27,27,-0.0,4.4947,-0.0,3.9292,-2.75,4.4947,-3.585,3.8522,-6.237,6.302,12,15,7,27,0,0,28
C3,2271_952_992_54,26,25,25,-0.0,4.9123,1.0,4.5639,-2.585,2.3219,-3.5327,2.585,-2.585,4.1577,13,12,13,25,0,0,30
C3,2272_259_993_60,28,27,27,-0.0,4.0,-0.0,3.8747,-2.1155,3.7004,-3.585,3.8747,-4.7255,5.6324,11,15,10,27,0,0,26
C3,2273_430_795_12,29,28,28,-0.0,4.5236,-0.0,4.9501,-4.2971,3.585,-3.0218,3.9501,-4.2479,4.9069,16,12,11,28,0,0,28
C3,2274_514_1088_12,33,32,32,-0.0,4.694,-0.0,4.9838,-2.7255,4.4366,-2.8457,3.6235,-5.0085,6.5862,16,16,12,32,0,0,30
C3,2276_212_952_9,30,29,29,-0.0,4.4039,-0.0,4.5069,-2.8074,3.9917,-4.2776,4.0958,-3.7191,6.2021,14,15,20,29,0,0,30
C3,2277_1065_1479_9,28,27,27,-0.0,4.7069,-0.0,4.8817,-4.1699,4.7069,-4.0,4.8817,-5.2654,7.3439,12,14,14,27,0,0,30
C3,2279_992_765_25,35,34,34,-0.0,4.4697,1.585,4.2089,-3.7004,4.0875,-1.0823,2.624,-4.7717,3.4502,18,16,23,34,0,0,29
C3,227_215_273_7,31,30,30,-0.0,4.3737,1.585,4.1416,-4.1699,2.3737,-1.7487,1.5466,-2.848,3.3849,16,14,17,30,0,0,30
C3,2280_1024_181_25,26,25,25,-0.0,4.5236,-0.0,4.2971,-2.585,2.8747,-4.2971,3.2776,-4.585,5.3923,15,10,11,25,0,0,30
C3,2281_1088_4_25,30,29,29,-0.0,4.3249,1.585,4.3752,-3.6645,3.8074,-2.1155,2.437,-3.435,3.8074,14,15,16,29,0,0,28
C3,2282_514_515_25,29,28,28,-0.0,4.5236,1.0,4.5561,-2.7004,3.7004,-2.5561,3.2433,-3.8366,4.1065,12,15,9,28,0,0,28
C3,2283_188_189_25,36,35,35,-0.0,4.5466,-0.0,4.7649,-4.2627,2.5985,-3.4594,2.624,-2.9374,3.1964,15,18,18,35,0,0,30
C3,2285_1065_367_4,33,32,32,-0.0,4.6151,-0.0,4.6375,-3.4594,2.0,-3.0,2.3219,-4.3651,5.0,16,15,13,32,0,0,29
C3,2286_181_212_39,25,24,24,-0.0,4.4594,-0.0,4.2479,-4.3923,2.3219,-2.585,4.2479,-5.2207,4.585,10,13,7,24,0,0,27
C3,2287_1181_1182_39,30,29,29,-0.0,4.6645,-0.0,4.9862,-3.0,3.1699,-2.3219,2.3219,-3.6594,4.7213,14,15,9,29,0,0,30
C3,2288_1024_814_4,30,29,29,-0.0,3.3219,1.585,4.5466,-2.3219,3.0,-1.9616,2.5466,-2.8074,3.3219,13,14,16,29,0,0,28
C3,2289_1088_1130_4,27,26,26,-0.0,5.0014,-0.0,5.6807,-4.2479,4.3923,-3.3685,3.6807,-3.7162,6.3923,9,17,12,26,0,0,30
C3,228_499_500_7,26,25,25,-0.0,4.6511,-0.0,4.0875,-4.1219,4.3197,-3.7736,3.9226,-5.602,7.5809,13,12,14,25,0,0,30
C3,2290_4_353_4,25,24,24,1.0,4.4183,-0.0,4.2479,-2.3219,1.7255,-4.1639,3.9512,-4.5362,4.6847,11,12,10,24,0,0,28
C3,2292_180_181_6,27,26,26,-0.0,4.0374,-0.0,4.1219,-3.3219,4.0374,-3.1699,3.0,-4.585,4.3004,13,12,15,26,0,0,29
C3,2293_146_575_35,33,32,32,2.0,5.1624,-0.0,5.0584,-2.1368,2.2776,-3.4127,2.7365,-3.8323,4.6513,17,15,10,32,0,0,28
C3,2294_599_1123_17,35,34,34,-0.0,4.2479,-0.0,4.4183,-3.9069,3.9698,-3.7004,3.585,-5.8329,6.8882,14,20,21,34,0,0,26
C3,2295_27_28_34,38,37,37,1.0,4.8252,-0.0,5.4653,-3.8252,3.0374,-4.1427,4.2971,-5.0768,6.204,15,21,17,37,0,0,29
C3,2297_857_146_50,27,26,26,-0.0,4.3219,1.585,4.1219,-4.0875,2.585,-1.8,2.0,-4.0875,2.7002,13,12,18,26,0,0,29
C3,2298_145_181_37,26,25,25,-0.0,4.2299,1.0,4.0716,-2.585,2.3219,-1.9219,3.0716,-2.6781,3.1152,11,14,10,25,0,0,29
C3,2299_692_693_54,31,30,30,-0.0,4.2971,-0.0,4.2479,-4.0588,4.2971,-3.1699,3.5216,-4.6977,6.9199,12,17,17,30,0,0,29
C3,22_679_680_54,36,35,35,1.0,4.3496,-0.0,4.3168,-1.7647,3.2971,-4.2635,3.9058,-3.9058,4.2635,15,20,17,35,0,0,30
C3,2301_145_146_0,35,34,34,-0.0,4.0716,-0.0,4.1659,-3.585,3.2776,-3.3219,3.3219,-3.5964,3.2776,18,16,15,34,0,0,30
C3,2302_857_181_49,37,36,36,-0.0,4.2433,-0.0,4.4366,-3.875,4.2433,-2.0277,3.9069,-5.7939,5.2089,18,18,24,36,0,0,30
C3,2303_715_612_46,33,32,32,2.0,4.8712,1.0,5.5164,-2.6073,2.4366,-2.8074,3.1219,-3.679,3.5734,17,15,9,32,0,0,29
C3,2305_400_1059_3,25,24,24,-0.0,4.0,-0.0,3.8747,-3.7004,4.0,-3.585,2.4594,-4.3377,7.585,11,13,15,24,0,0,30
C3,2306_1024_1389_58,33,32,32,-0.0,4.5788,-0.0,5.3579,-4.5788,3.75,-3.6645,3.773,-5.545,7.4145,16,16,10,32,0,0,27
C3,2307_693_661_46,27,26,26,-0.0,3.8074,-0.0,3.9069,-3.8074,2.585,-2.8074,3.8431,-4.4281,4.585,13,13,13,26,0,0,30
C3,2308_314_315_60,38,37,37,-0.0,4.5639,1.0,4.9069,-4.0588,4.0588,-3.0,2.0,-3.6847,3.6012,15,22,28,37,0,0,28
C3,2309_400_207_50,25,24,24,1.0,4.5047,-0.0,4.2479,-2.5047,2.2897,-3.9069,4.2479,-5.8266,4.9933,10,14,8,24,0,0,29
C3,230_210_153_55,32,31,31,-0.0,4.5788,-0.0,4.3035,-2.3219,2.8074,-4.1699,4.3035,-4.0807,4.6845,15,16,10,31,0,0,30
C3,2310_204_876_50,34,33,33,-0.0,4.3927,-0.0,4.2479,-3.9977,3.4594,-3.585,2.8074,-2.6371,5.1427,12,21,17,33,0,0,28
C3,2311_946_791_35,28,27,27,1.0,4.7736,1.0,5.3981,-3.7736,3.5218,-2.9698,4.0473,-5.499,4.5029,15,12,13,27,0,0,27
C3,2313_143_207_0,25,24,24,1.0,4.5176,2.0,5.1834,-2.5466,2.2516,-2.4594,3.1834,-2.5466,2.6325,10,14,11,24,0,0,30
C3,2315_985_403_33,26,25,25,-0.0,4.4502,-0.0,4.2868,-4.4502,4.4502,-3.0,3.9069,-6.737,6.6704,13,12,12,25,0,0,30
C3,2316_1069_70_33,35,34,34,-0.0,4.7069,-0.0,4.5466,-4.7069,3.4594,-3.9477,4.1562,-4.4944,3.4183,14,16,12,34,0,0,30
C3,2317_577_724_6,32,31,31,-0.0,4.7736,-0.0,4.8235,-4.5236,3.3923,-3.9698,3.9069,-5.1741,6.6407,14,16,17,31,0,0,28
C3,2318_868_1251_33,43,42,42,-0.0,4.0707,-0.0,5.2018,-3.8522,4.0707,-4.4366,4.3104,-5.7549,6.3223,19,21,12,42,0,0,29
C3,2319_253_254_43,33,32,32,-0.0,4.4059,1.585,4.8209,-4.4039,3.7004,-2.585,1.8516,-4.8777,5.1187,16,15,21,32,0,0,29
C3,231_292_293_53,33,32,32,1.585,4.5931,-0.0,4.6645,-2.4839,2.2711,-4.0588,2.8847,-3.7694,3.6817,14,18,14,32,0,0,30
C3,2321_259_403_12,32,31,31,-0.0,4.72,-0.0,4.5236,-4.2219,4.1867,-4.3923,3.8747,-5.8747,4.1249,16,15,11,31,0,0,28
C3,2322_505_71_41,28,27,27,-0.0,4.5176,1.0,4.9423,-3.4594,3.3219,-3.9423,2.9492,-5.5621,4.6439,11,16,13,27,0,0,29
C3,2323_1119_1069_25,30,29,29,-0.0,4.5236,-0.0,4.807,-4.5236,4.2776,-3.4366,4.3685,-6.3685,4.0169,17,12,21,29,0,0,30
C3,2324_70_577_41,32,31,31,-0.0,4.8026,-0.0,3.9226,-4.8026,3.8747,-3.1699,3.585,-5.211,4.1849,17,13,17,31,0,0,30
C3,2325_1143_726_35,27,26,26,-0.0,4.2971,-0.0,4.2776,-4.2971,3.8431,-2.3219,2.3219,-4.2288,4.8898,14,12,17,26,0,0,30
C3,2326_253_71_35,30,29,29,-0.0,4.5931,-0.0,4.9586,-3.2219,3.0081,-4.1699,4.9586,-4.4193,4.8532,13,16,14,29,0,0,28
C3,2327_868_70_50,32,31,31,-0.0,5.2202,-0.0,4.1427,-5.2202,2.7255,-2.6427,3.3927,-6.8546,4.3219,17,9,15,31,0,0,30
C3,2328_577_715_35,27,26,26,-0.0,4.911,-0.0,4.5109,-3.7004,3.0875,-3.7004,3.875,-6.0275,4.4426,13,13,11,26,0,0,30
C3,2329_1230_467_35,26,25,25,-0.0,4.7933,-0.0,4.8626,-4.4366,4.3923,-4.4502,4.335,-4.5369,5.585,9,16,14,25,0,0,29
C3,232_215_633_36,38,37,37,-0.0,4.6439,-0.0,4.8959,-4.5466,4.2116,-4.0588,4.1524,-6.0174,6.5183,16,20,17,37,0,0,30
C3,2330_1069_726_35,28,27,27,-0.0,4.1219,-0.0,3.9069,-4.1219,3.5466,-2.9069,3.9069,-5.3219,4.5466,16,11,14,27,0,0,30
C3,2331_1143_868_8,30,29,29,-0.0,4.6375,-0.0,3.9292,-2.3219,2.3219,-3.0958,3.5216,-4.9955,3.9438,13,15,15,29,0,0,30
C3,2332_70_71_8,35,34,34,-0.0,4.5016,-0.0,4.0588,-4.5016,3.7004,-3.5466,3.2776,-3.585,4.3785,15,19,21,34,0,0,30
C3,2333_1069_1230_36,31,30,30,-0.0,4.2776,-0.0,4.5236,-3.2776,3.585,-4.1699,4.1066,-5.8219,5.9069,13,17,18,30,0,0,29
C3,2334_467_868_8,34,33,33,-0.0,3.9292,-0.0,4.8252,-2.8074,3.0,-4.8252,3.6645,-4.0795,7.8252,14,18,13,33,0,0,30
C3,2335_551_552_8,30,29,29,1.0,4.686,-0.0,4.6753,-3.0588,3.2545,-2.585,3.5216,-4.4105,4.1035,16,13,16,29,0,0,30
C3,2337_868_715_28,34,33,33,-0.0,4.2971,-0.0,3.9292,-3.4594,3.0,-2.7255,3.3219,-4.2971,5.7255,18,15,23,33,0,0,30
C3,2338_1230_551_53,32,31,31,-0.0,4.5216,-0.0,4.6073,-4.2776,3.2516,-4.0875,2.8431,-3.6927,5.3389,15,15,12,31,0,0,30
C3,2339_467_552_53,28,27,27,-0.0,4.7004,-0.0,4.783,-4.2479,4.7004,-3.7004,3.4183,-3.3188,5.1499,12,15,16,27,0,0,30
C3,233_210_500_53,29,28,28,-0.0,4.5327,-0.0,4.2834,-3.9698,3.7004,-3.1699,4.2834,-4.1459,3.6186,15,12,14,28,0,0,30
C3,2340_71_467_29,28,27,27,-0.0,4.3158,-0.0,4.8125,-4.0588,3.8074,-3.7736,2.7255,-4.0795,5.6147,13,14,13,27,0,0,30
C3,2341_552_1230_29,32,31,31,1.0,3.9069,-0.0,4.1416,-2.6645,1.8431,-3.3219,2.8074,-5.4719,4.3923,14,17,12,31,0,0,30
C3,2342_551_715_29,35,34,34,1.0,4.8074,-0.0,4.2479,-3.2439,2.3219,-3.3219,3.9698,-3.6439,3.9886,18,16,14,34,0,0,30
C3,2343_467_468_29,30,29,29,-0.0,4.4839,-0.0,4.0875,-4.0,3.3219,-2.585,4.0875,-4.0224,3.3219,11,18,19,29,0,0,29
C3,2344_551_396_15,37,36,36,-0.0,4.4366,-0.0,4.822,-4.4366,4.4366,-4.2202,3.9842,-5.0955,4.0709,19,17,17,36,0,0,29
C3,2345_308_309_15,35,34,34,-0.0,4.4594,-0.0,4.1659,-4.4594,4.0588,-4.0707,4.0707,-5.5749,5.4373,17,17,13,34,0,0,28
C3,2346_551_815_35,26,25,25,-0.0,5.1136,2.0,4.9737,-4.4586,5.1136,-2.9737,2.5216,-6.9802,7.4323,14,11,18,25,0,0,30
C3,2347_309_1475_35,25,24,24,-0.0,3.9069,-0.0,4.4839,-3.8074,3.6402,-3.0,2.0,-3.3183,4.6402,10,14,14,24,0,0,30
C3,2348_308_468_35,30,29,29,-0.0,4.4594,-0.0,4.5327,-4.1219,4.2971,-4.5327,3.8431,-3.7574,5.9069,12,17,20,29,0,0,26
C3,2349_965_966_38,31,30,30,-0.0,4.8795,1.0,5.1899,-4.8626,4.7726,-3.3492,2.537,-6.1889,4.5024,14,16,13,30,0,0,30
C3,234_286_211_9,26,25,25,-0.0,4.8454,1.0,4.4594,-4.8454,2.1699,-2.4594,2.3923,-3.9709,3.1326,12,13,13,25,0,0,29
C3,2350_308_889_38,36,35,35,-0.0,4.3594,-0.0,5.4287,-3.4594,3.4594,-3.1699,3.8438,-3.4594,5.8948,14,18,14,35,0,0,28
C3,2351_866_873_36,28,27,27,1.0,4.6067,1.585,4.4442,-3.4366,2.2848,-2.6017,2.4406,-2.8002,3.0708,10,17,19,27,0,0,30
C3,2352_866_549_46,34,33,33,-0.0,4.3685,-0.0,4.5016,-4.162,4.1639,-3.585,4.5016,-5.6082,6.4504,16,16,15,33,0,0,30
C3,2354_966_1008_38,27,26,26,-0.0,4.7606,-0.0,4.6645,-3.4594,3.8074,-2.6287,3.8074,-4.9012,5.0826,14,12,9,26,0,0,30
C3,2356_889_866_38,28,27,27,-0.0,4.4839,-0.0,4.4182,-4.0,3.4594,-4.2402,4.0842,-4.2068,7.6997,12,15,9,27,0,0,28
C3,2358_361_1062_53,35,34,34,-0.0,4.5047,-0.0,4.4366,-4.5047,3.7736,-2.9477,2.0,-4.6746,4.6122,14,16,16,34,0,0,29
C3,2359_866_367_10,28,27,27,-0.0,4.7817,-0.0,4.2516,-4.1699,4.7817,-3.1699,4.1699,-4.585,6.7114,12,15,20,27,0,0,30
C3,235_722_500_30,25,24,24,-0.0,4.5736,-0.0,3.9477,-3.875,3.9069,-3.9477,3.8074,-5.8512,6.6324,10,14,13,24,0,0,29
C3,2360_873_1062_26,37,36,36,-0.0,4.335,-0.0,4.6511,-2.8074,2.3219,-3.7736,3.0,-4.0,4.0481,19,16,12,36,0,0,29
C3,2361_212_361_10,28,27,27,1.0,4.5639,-0.0,5.1106,-2.4183,2.4524,-3.7028,3.875,-4.6288,5.9202,14,13,11,27,0,0,28
C3,2362_367_1062_35,34,33,33,-0.0,4.2971,-0.0,4.6181,-3.585,3.1699,-4.0875,4.2137,-6.3219,6.4919,15,15,10,33,0,0,30
C3,2363_583_249_38,28,27,27,1.585,4.3845,1.585,5.1872,-1.75,2.624,-2.5309,3.0789,-2.6554,2.5729,12,15,13,27,0,0,28
C3,2364_1057_1062_34,35,34,34,-0.0,4.6645,-0.0,4.2737,-2.3219,3.0374,-4.0875,3.9069,-5.4719,5.0875,18,14,11,34,0,0,30
C3,2365_1078_887_22,30,29,29,1.0,4.789,-0.0,4.8481,-2.789,1.9,-4.0588,2.8074,-4.0838,4.0387,14,14,16,29,0,0,30
C3,2366_534_343_60,32,31,31,-0.0,4.6511,-0.0,3.9987,-4.0875,4.3168,-3.9069,3.7004,-5.2535,8.1548,15,15,15,31,0,0,29
C3,2367_600_249_59,26,25,25,-0.0,4.4537,-0.0,4.7069,-3.0875,3.1427,-3.8269,3.1219,-3.6834,4.0527,12,13,10,25,0,0,30
C3,2368_583_1062_11,30,29,29,-0.0,4.5047,1.0,4.875,-4.5047,4.5047,-2.875,2.9292,-4.1695,4.3503,16,13,20,29,0,0,30
C3,2369_361_611_38,34,33,33,-0.0,4.2479,-0.0,4.5639,-4.2479,4.2479,-3.2545,3.8431,-4.6714,4.97,18,15,18,33,0,0,28
C3,236_892_827_28,32,31,31,-0.0,4.1427,1.585,4.2776,-3.3219,3.2776,-2.5025,2.2479,-3.8431,3.085,15,16,20,31,0,0,30
C3,2370_887_249_19,25,24,24,1.585,4.3219,-0.0,4.7736,-1.6645,2.3849,-4.7736,4.7736,-5.4841,5.6361,10,14,11,24,0,0,28
C3,2371_878_249_28,25,24,24,1.0,4.3239,-0.0,4.2219,-1.9698,2.1699,-3.9069,4.2219,-6.1917,5.7549,9,15,7,24,0,0,28
C3,2372_887_965_6,33,32,32,1.0,4.875,-0.0,4.5931,-2.875,2.4183,-4.5931,3.9058,-4.9589,5.5931,18,14,15,32,0,0,29
C3,2373_249_250_46,50,49,49,-0.0,4.335,-0.0,4.0208,-3.1699,3.7028,-3.8074,3.1699,-5.9773,5.29,22,23,20,49,0,0,29
C3,2375_670_1119_22,25,24,24,-0.0,4.6439,-0.0,4.8647,-4.2971,4.2971,-3.1699,4.0588,-5.0413,6.3808,12,12,13,24,0,0,28
C3,2376_583_343_37,28,27,27,1.585,4.3685,-0.0,4.2971,-2.1496,2.6169,-3.5466,4.2971,-4.6668,4.5147,12,14,8,27,0,0,28
C3,2377_1269_1270_27,30,29,29,-0.0,4.2137,-0.0,4.9054,-3.9477,4.2137,-3.8522,4.9054,-4.7798,6.7814,9,20,19,29,0,0,30
C3,2378_1214_841_50,31,30,30,-0.0,4.5671,-0.0,4.2737,-4.1699,4.5378,-3.4594,3.7345,-6.1574,6.5378,16,14,13,30,0,0,28
C3,2379_205_1294_50,29,28,28,-0.0,5.1013,1.585,5.3623,-3.4586,2.8074,-2.1219,2.8745,-4.3599,4.3923,15,13,19,28,0,0,29
C3,237_595_615_14,26,25,25,1.585,4.9375,-0.0,4.8402,-2.8897,1.7369,-3.5561,2.0,-4.8457,3.2946,14,10,14,25,0,0,28
C3,2380_430_431_37,29,28,28,-0.0,4.0958,1.0,3.9477,-3.3219,3.8074,-2.2776,2.5466,-4.1791,6.085,11,17,15,28,0,0,28
C3,2381_1486_1487_22,40,39,39,-0.0,5.5237,-0.0,4.0588,-4.5931,4.2479,-3.585,2.585,-6.5931,6.1427,19,20,22,39,0,0,26
C3,2382_204_1294_0,28,27,27,-0.0,4.9966,-0.0,5.1785,-2.585,3.1699,-3.3219,3.7004,-4.5749,3.9773,14,13,13,27,0,0,28
C3,2383_1047_819_0,33,32,32,-0.0,4.3964,-0.0,4.2293,-3.8078,4.3888,-3.9069,4.1699,-5.7241,5.3888,15,17,18,32,0,0,28
C3,2384_752_925_36,29,28,28,1.0,4.6511,1.585,4.2479,-2.4183,3.6511,-1.737,2.2479,-3.8317,4.8757,12,16,21,28,0,0,28
C3,2385_958_959_36,27,26,26,-0.0,4.6573,-0.0,4.5466,-3.585,4.6067,-3.8074,4.2868,-5.0541,6.7718,12,14,17,26,0,0,30
C3,2386_786_1255_58,32,31,31,-0.0,4.802,1.0,4.9932,-4.0875,3.7004,-1.8974,2.6692,-3.2348,5.0224,16,15,18,31,0,0,28
C3,2387_1417_1436_35,32,31,31,-0.0,5.0719,-0.0,4.5236,-4.6808,4.72,-3.1699,4.1699,-7.9773,7.89,18,13,19,31,0,0,29
C3,2388_819_772_58,31,30,30,-0.0,4.5778,-0.0,4.6645,-4.1699,3.9069,-4.2479,3.6645,-4.8081,6.0768,16,14,13,30,0,0,29
C3,2389_78_79_28,26,25,25,-0.0,4.3923,-0.0,3.9069,-4.3923,4.1427,-3.7004,3.7004,-4.8074,7.2854,12,13,19,25,0,0,28
C3,238_80_294_6,32,31,31,-0.0,4.5671,-0.0,4.1416,-4.0374,4.0374,-3.7004,3.875,-5.1219,5.1779,15,16,12,31,0,0,30
C3,2390_73_938_44,25,24,24,-0.0,4.6808,1.0,3.8747,-2.3737,4.3927,-1.1155,1.4594,-3.3963,3.3927,10,14,18,24,0,0,28
C3,2391_772_169_44,31,30,30,-0.0,4.5639,1.0,4.6645,-4.0,3.6645,-3.2971,2.4594,-5.1599,4.648,14,16,18,30,0,0,28
C3,2392_819_205_44,30,29,29,-0.0,4.1549,-0.0,5.496,-3.9698,3.75,-3.8366,4.2018,-8.1717,4.5328,16,13,18,29,0,0,30
C3,2393_772_316_41,29,28,28,-0.0,4.0875,2.0,4.5639,-4.0875,3.0,-1.6781,1.5025,-5.0875,4.6781,14,11,15,28,0,0,30
C3,2394_482_1039_34,27,26,26,2.0,4.8531,1.0,4.5132,-2.3566,2.1039,-2.8366,2.437,-3.6831,3.8375,11,15,11,26,0,0,30
C3,2395_1417_819_34,36,35,35,-0.0,4.2868,-0.0,4.5047,-3.7004,4.0875,-4.5047,3.2776,-4.4475,4.841,17,18,17,35,0,0,30
C3,2396_205_1498_34,25,24,24,1.0,5.0033,1.0,4.3518,-3.4594,2.1886,-2.3219,3.3518,-4.7814,4.5105,13,11,10,24,0,0,28
C3,2397_431_984_18,27,26,26,1.0,4.9961,1.0,4.5744,-3.0652,2.7736,-2.585,2.2219,-3.4451,5.3585,11,14,14,26,0,0,29
C3,2398_1273_167_4,35,34,34,-0.0,4.3685,-0.0,4.5016,-3.4183,3.9977,-2.8074,3.7004,-5.2668,6.805,17,16,18,34,0,0,28
C3,2399_204_205_36,33,32,32,1.0,4.72,1.0,4.822,-3.1699,2.1351,-2.0146,1.2737,-4.2142,2.2073,16,16,21,32,0,0,28
C3,239_862_1064_6,47,46,46,2.0,5.1427,-0.0,4.7004,-2.9531,2.9754,-4.1524,2.585,-3.2188,3.4354,23,23,19,46,0,0,30
C3,23_113_954_23,37,36,36,1.0,4.9232,-0.0,4.5788,-3.3104,3.6375,-4.5788,4.0875,-6.7699,6.097,20,16,12,36,0,0,30
C3,2400_984_147_4,28,27,27,2.0,4.5236,-0.0,4.954,-1.848,1.848,-3.8924,2.954,-3.8613,3.9069,13,14,8,27,0,0,28
C3,2401_772_1003_34,27,26,26,-0.0,4.5327,-0.0,4.2776,-2.3921,3.8431,-3.7004,3.8074,-5.1427,5.239,12,14,11,26,0,0,30
C3,2403_417_431_27,42,41,41,1.0,4.8045,1.585,5.893,-2.0,3.4871,-2.2672,2.893,-1.8745,4.1516,19,22,20,41,0,0,26
C3,2405_628_649_55,35,34,34,-0.0,3.8074,-0.0,4.6151,-3.8074,3.5466,-3.9698,4.3362,-6.4324,7.2917,14,19,17,34,0,0,28
C3,2406_758_222_44,26,25,25,2.0,4.7359,2.0,4.5327,-2.4406,2.1619,-2.1039,1.7004,-3.373,2.95,13,12,13,25,0,0,25
C3,2407_1215_417_21,26,25,25,1.585,4.9188,-0.0,4.3868,-2.7121,2.5908,-4.3868,4.0588,-5.034,3.8769,13,12,12,25,0,0,29
C3,2408_194_1471_56,35,34,34,-0.0,4.5047,1.0,4.0615,-3.3249,3.1699,-3.0615,2.9069,-3.3535,4.9597,16,17,13,34,0,0,30
C3,2409_1148_1149_56,29,28,28,-0.0,4.4871,-0.0,4.3868,-3.9219,3.9069,-3.3868,3.8269,-6.3735,5.0288,13,14,14,28,0,0,30
C3,240_210_211_9,25,24,24,-0.0,4.4183,1.0,4.9724,-3.875,3.0,-2.4594,2.6505,-4.2645,3.9999,14,10,14,24,0,0,30
C3,2411_859_1196_35,41,40,40,-0.0,4.9116,-0.0,4.5153,-4.8402,4.5236,-3.9698,3.5466,-3.3477,4.5846,21,19,21,40,0,0,28
C3,2412_1148_87_35,28,27,27,-0.0,4.8402,-0.0,4.7069,-4.8402,4.3923,-3.7069,4.3239,-7.7471,6.9622,13,14,18,27,0,0,30
C3,2415_194_195_42,31,30,30,-0.0,4.5147,1.0,4.2627,-2.585,1.8074,-2.4594,3.2627,-3.9069,2.9134,16,14,18,30,0,0,29
C3,2416_583_841_0,31,30,30,-0.0,4.7362,-0.0,4.2954,-4.2479,3.2479,-2.585,3.585,-5.0444,3.3219,16,13,16,30,0,0,30
C3,2417_870_871_2,29,28,28,-0.0,5.1005,1.0,4.9267,-4.5661,4.1427,-3.2018,3.4366,-4.0576,6.3445,15,13,17,28,0,0,30
C3,2418_628_629_4,30,29,29,-0.0,4.7069,-0.0,4.9917,-3.7069,4.1623,-3.6645,3.3219,-5.1623,5.3847,16,13,17,29,0,0,28
C3,2419_180_859_22,27,26,26,-0.0,4.1659,-0.0,4.2219,-2.75,2.7255,-2.8074,3.8431,-3.4919,3.1699,13,13,14,26,0,0,30
C3,241_595_215_9,31,30,30,-0.0,4.1066,-0.0,4.2479,-2.1066,4.0875,-3.6402,4.2479,-6.0215,7.7277,14,15,19,30,0,0,30
C3,2420_629_870_9,28,27,27,-0.0,5.5385,-0.0,6.0103,-4.5931,5.5385,-4.5821,4.0103,-4.7334,6.5229,13,14,17,27,0,0,30
C3,2421_955_907_14,28,27,27,-0.0,4.2971,-0.0,4.8897,-2.3219,3.1699,-3.585,3.0,-5.2479,5.4919,10,16,9,27,0,0,30
C3,2423_194_841_36,32,31,31,-0.0,4.1659,1.0,4.7185,-3.3219,3.4594,-2.585,3.1699,-4.585,3.3333,16,14,12,31,0,0,27
C3,2424_1185_629_1,28,27,27,1.0,4.72,-0.0,4.6067,-3.6067,3.3923,-3.1699,3.7004,-5.3785,6.5622,15,12,12,27,0,0,28
C3,2425_1101_538_6,32,31,31,-0.0,4.2219,-0.0,4.8711,-4.0,4.0114,-4.2627,4.0588,-5.3923,7.0768,12,17,13,31,0,0,28
C3,2426_1113_1114_2,44,43,43,-0.0,4.7889,1.0,4.9007,-4.7889,4.5327,-3.7069,3.6067,-3.6212,3.8075,22,21,21,43,0,0,30
C3,2428_907_986_1,28,27,27,-0.0,4.5466,1.0,4.6808,-3.9069,4.5466,-3.6808,3.6808,-4.3484,5.5176,12,15,6,27,0,0,30
C3,2429_1455_1456_1,35,34,34,-0.0,4.4537,-0.0,4.2299,-3.7004,4.335,-3.9069,4.1427,-4.6043,8.2419,17,16,13,34,0,0,30
C3,242_836_837_29,25,24,24,-0.0,4.3845,-0.0,4.0875,-4.3845,3.9292,-2.3219,3.3219,-3.9616,4.6495,11,13,10,24,0,0,29
C3,2430_537_538_40,29,28,28,-0.0,4.5671,-0.0,4.7363,-4.5671,4.4947,-4.1699,4.7363,-6.4236,7.2202,13,15,15,28,0,0,28
C3,2431_907_908_58,32,31,31,1.0,4.5466,-0.0,4.3419,-3.0588,3.0842,-3.5216,4.1219,-5.3466,6.6058,14,17,16,31,0,0,30
C3,2433_244_1239_52,35,34,34,-0.0,4.4183,-0.0,4.5327,-4.2971,4.1427,-3.9069,4.2971,-7.419,6.5195,18,16,15,34,0,0,29
C3,2434_498_465_52,26,25,25,-0.0,4.1368,-0.0,4.4366,-3.9395,4.0875,-3.6169,4.0875,-3.6453,3.8799,10,15,13,25,0,0,26
C3,2435_1430_1356_47,35,34,34,-0.0,4.7345,-0.0,4.3464,-4.4594,4.7345,-4.3219,3.5466,-6.4594,7.6956,20,14,20,34,0,0,28
C3,2436_498_505_47,26,25,25,-0.0,4.2137,1.0,4.2737,-1.9069,2.3849,-3.1427,2.2737,-2.3074,4.7276,13,12,12,25,0,0,30
C3,2438_64_498_53,27,26,26,1.0,4.1427,-0.0,4.0061,-1.9312,1.8745,-3.9698,3.9698,-3.4844,4.2928,11,15,10,26,0,0,27
C3,2439_465_1430_5,29,28,28,-0.0,4.2433,-0.0,4.0,-4.1427,3.4183,-3.7004,3.585,-6.2854,3.8745,13,15,14,28,0,0,28
C3,2440_1381_466_5,41,40,40,-0.0,4.4366,-0.0,4.6439,-3.4594,3.3219,-3.3219,3.4059,-4.9271,6.6439,21,19,20,40,0,0,27
C3,2441_498_1430_38,26,25,25,-0.0,4.9579,-0.0,4.4996,-2.0218,2.7255,-4.2479,4.4996,-5.5684,5.3404,12,13,10,25,0,0,30
C3,2442_64_65_5,27,26,26,-0.0,4.5484,-0.0,3.9292,-4.5484,4.4366,-3.1699,3.7004,-4.5263,5.1147,12,14,14,26,0,0,26
C3,2443_465_65_28,26,25,25,-0.0,4.2479,-0.0,3.8747,-3.4594,4.2479,-2.1699,2.8747,-3.974,5.7074,13,10,15,25,0,0,27
C3,2444_465_466_16,32,31,31,2.0,4.3923,-0.0,4.4366,-2.2627,2.3923,-2.585,3.8074,-3.8074,4.0216,18,13,14,31,0,0,26
C3,2445_512_513_4,43,42,42,-0.0,4.5766,-0.0,4.5639,-4.0,4.5766,-4.5639,3.9492,-6.7142,7.5766,16,26,23,42,0,0,28
C3,2447_513_466_39,35,34,34,-0.0,4.4594,-0.0,4.8681,-4.2219,4.0,-4.1066,4.1066,-5.875,4.2288,17,17,16,34,0,0,30
C3,2448_1356_253_12,28,27,27,-0.0,4.9579,-0.0,4.5016,-4.0875,3.9069,-3.585,4.5016,-6.5809,7.2288,13,14,15,27,0,0,28
C3,2449_971_886_12,42,41,41,-0.0,4.911,-0.0,4.6875,-4.5931,4.5788,-4.2018,4.3219,-4.9336,6.7549,20,21,26,41,0,0,28
C3,244_1263_596_29,32,31,31,-0.0,4.1219,1.0,4.2776,-4.1219,2.7255,-1.8074,2.7557,-4.1922,2.4036,15,14,17,31,0,0,30
C3,2450_513_1356_26,39,38,38,-0.0,4.6808,-0.0,5.0092,-4.6808,4.4586,-3.585,4.1699,-8.8507,7.0444,20,18,20,38,0,0,28
C3,2451_710_1080_22,35,34,34,-0.0,4.4839,-0.0,4.0,-3.8074,3.6645,-3.7028,3.4594,-6.6645,6.2495,16,18,21,34,0,0,29
C3,2453_103_104_22,34,33,33,-0.0,4.4182,-0.0,4.4817,-2.6249,3.2776,-3.4594,2.0,-4.1699,6.0444,15,18,23,33,0,0,28
C3,2454_710_886_22,30,29,29,-0.0,3.8431,-0.0,4.1416,-3.1699,3.75,-3.9698,3.0,-4.0,4.8875,12,17,13,29,0,0,29
C3,2455_971_1253_60,35,34,34,-0.0,4.2219,-0.0,4.2137,-4.2219,3.4594,-3.7004,3.9512,-7.46,5.9199,19,15,22,34,0,0,24
C3,2457_103_1356_53,31,30,30,-0.0,4.5973,1.585,4.4039,-4.2219,4.2219,-2.3849,2.3239,-3.4919,4.1401,16,14,18,30,0,0,28
C3,2458_710_512_53,28,27,27,-0.0,4.0407,-0.0,4.1427,-3.1699,3.7736,-2.6645,3.9292,-5.8074,6.3585,13,14,12,27,0,0,30
C3,2460_104_367_38,29,28,28,1.585,4.72,-0.0,4.2516,-2.72,2.72,-2.3219,2.0,-4.3923,2.8647,13,14,18,28,0,0,29
C3,2461_530_531_38,32,31,31,1.0,4.6808,-0.0,4.8252,-3.0959,2.9512,-3.6645,4.8252,-5.3782,4.9275,16,15,17,31,0,0,25
C3,2462_353_1356_38,30,29,29,-0.0,4.6817,-0.0,4.3496,-4.0875,4.6817,-4.0,4.3168,-6.1178,6.8344,13,16,19,29,0,0,29
C3,2463_1131_886_19,31,30,30,-0.0,4.3219,-0.0,4.0,-4.2971,3.9698,-3.585,3.585,-5.0747,7.1316,15,15,14,30,0,0,28
C3,2464_971_710_5,42,41,41,-0.0,4.4406,-0.0,4.8107,-4.0,4.1219,-4.8107,4.4366,-5.4242,6.9293,21,20,23,41,0,0,29
C3,2465_104_786_19,27,26,26,-0.0,4.6235,-0.0,4.72,-1.585,3.1699,-4.72,3.9226,-3.152,4.6899,9,15,8,26,0,0,30
C3,2466_653_468_6,33,32,32,-0.0,4.0,-0.0,3.8431,-3.9219,2.8074,-3.3219,3.8074,-3.8074,3.8074,15,17,17,32,0,0,29
C3,2467_886_530_28,39,38,38,-0.0,4.5484,-0.0,4.6235,-3.4594,3.3219,-3.3219,3.9058,-4.3912,3.8074,20,18,18,38,0,0,29
C3,2468_1057_876_22,25,24,24,-0.0,5.2688,-0.0,4.2971,-3.5216,5.2688,-3.1699,3.8074,-3.981,7.0768,11,13,14,24,0,0,29
C3,2469_786_309_22,30,29,29,-0.0,4.1427,-0.0,4.0,-2.3219,3.1699,-3.7004,3.7004,-4.1699,5.8954,14,13,13,29,0,0,30
C3,246_827_836_9,34,33,33,-0.0,4.2627,-0.0,5.1927,-3.6645,3.4594,-2.3219,3.3219,-3.9864,3.7864,16,16,17,33,0,0,26
C3,2470_339_340_22,25,24,24,1.585,4.4594,1.0,4.4871,-1.9557,1.9557,-3.0875,3.4871,-4.4428,4.0431,11,13,13,24,0,0,28
C3,2471_104_530_44,27,26,26,-0.0,4.4366,-0.0,4.6073,-3.0,3.1699,-4.6073,3.6645,-3.5599,6.9231,10,15,15,26,0,0,30
C3,2472_418_843_17,25,24,24,-0.0,4.5931,-0.0,4.7359,-2.9711,2.6449,-3.5216,2.3219,-4.763,5.2402,11,12,16,24,0,0,29
C3,2473_710_309_44,28,27,27,-0.0,4.3219,-0.0,3.9698,-2.8074,2.4594,-3.1699,2.7255,-4.3923,3.8074,15,12,12,27,0,0,30
C3,2474_530_339_2,31,30,30,1.0,4.3219,-0.0,4.3923,-2.1699,2.0,-2.8074,3.8747,-4.4596,2.3219,14,16,11,30,0,0,30
C3,2478_530_417_31,38,37,37,1.0,4.6439,-0.0,4.5047,-3.6067,3.0589,-3.4594,4.5047,-4.8832,4.1375,18,18,17,37,0,0,29
C3,2479_309_737_55,28,27,27,-0.0,4.4764,-0.0,3.8431,-3.0,4.3219,-3.3219,3.8074,-5.7131,4.0474,16,11,10,27,0,0,28
C3,247_1064_596_48,32,31,31,-0.0,4.4183,-0.0,4.8252,-3.7736,3.5899,-3.5466,3.2402,-5.3219,4.7304,16,14,14,31,0,0,27
C3,2480_1335_1171_34,44,43,43,-0.0,4.2479,-0.0,4.2479,-2.7736,3.4594,-4.0,4.0,-4.9864,6.0958,21,21,15,43,0,0,30
C3,2481_802_340_19,29,28,28,-0.0,4.3219,-0.0,4.1659,-2.8074,3.585,-4.1659,3.9754,-4.2385,4.2439,14,14,8,28,0,0,30
C3,2482_417_418_54,32,31,31,-0.0,4.6511,-0.0,4.5466,-3.1699,2.6449,-4.5466,3.7871,-4.1699,6.0143,16,15,16,31,0,0,28
C3,2483_661_339_53,26,25,25,-0.0,4.4183,-0.0,4.0875,-2.4183,3.5216,-3.0,2.0875,-2.6151,4.5216,13,12,15,25,0,0,28
C3,2484_973_974_52,31,30,30,-0.0,4.5829,-0.0,4.335,-4.1524,4.5829,-4.335,3.6645,-5.9864,5.8074,14,15,13,30,0,0,28
C3,2485_1305_1306_22,30,29,29,1.0,4.2479,-0.0,4.5199,-2.2776,2.6645,-4.1427,4.2479,-5.7704,4.0336,16,13,15,29,0,0,30
C3,2486_802_737_19,29,28,28,1.585,4.789,-0.0,5.2603,-2.6718,3.2041,-4.2018,3.5466,-5.6341,3.5003,13,15,9,28,0,0,28
C3,2487_731_340_21,31,30,30,-0.0,3.7736,1.0,4.5016,-2.4183,3.3249,-2.6645,3.1659,-3.9041,4.9421,14,16,20,30,0,0,29
C3,2488_512_812_38,43,42,42,-0.0,4.0,-0.0,3.8747,-3.4594,2.8074,-3.585,3.8747,-4.682,4.7136,22,20,13,42,0,0,28
C3,2489_493_494_16,25,24,24,1.0,4.5327,1.0,4.5561,-2.5809,2.2971,-2.7788,1.9717,-2.5893,2.4079,10,14,13,24,0,0,28
C3,248_210_862_26,32,31,31,-0.0,4.2479,1.0,4.9071,-3.585,4.0933,-2.9071,3.4586,-4.2776,3.9715,15,16,17,31,0,0,29
C3,2490_941_942_36,35,34,34,2.0,4.6151,1.0,4.9116,-1.643,2.5236,-1.75,2.5466,-2.7928,2.0381,13,20,18,34,0,0,28
C3,2491_1305_362_36,32,31,31,-0.0,5.1068,1.585,4.368,-2.8074,3.3219,-2.5577,2.7831,-3.983,4.3426,15,16,19,31,0,0,26
C3,2492_1361_1292_59,26,25,25,-0.0,4.9673,1.585,4.4068,-4.3685,3.7004,-2.3219,2.2672,-5.3383,4.8629,8,17,16,25,0,0,30
C3,2493_1171_974_16,32,31,31,-0.0,4.2219,-0.0,4.0588,-3.3219,3.7736,-3.9477,3.7004,-6.7004,5.7736,18,13,15,31,0,0,29
C3,2494_493_841_16,33,32,32,1.0,4.2439,-0.0,3.9226,-2.1625,1.8982,-2.9219,3.1699,-4.0033,3.0005,17,15,12,32,0,0,29
C3,2495_250_512_50,50,49,49,-0.0,4.0875,-0.0,4.0588,-3.0,3.8074,-3.4594,3.9698,-6.0853,5.8074,26,23,27,49,0,0,28
C3,2496_362_1292_50,28,27,27,-0.0,4.6067,-0.0,5.0228,-4.0,4.6067,-4.2971,3.0228,-6.8074,5.0922,12,15,11,27,0,0,28
C3,2497_1084_1496_50,32,31,31,-0.0,4.9728,1.585,4.9777,-3.7255,4.2219,-2.9386,2.6667,-3.6436,3.1255,17,14,15,31,0,0,27
C3,2498_361_362_34,32,31,31,-0.0,4.1757,-0.0,5.3436,-3.4594,4.1757,-4.7264,5.3436,-4.3045,5.2553,12,18,12,31,0,0,26
C3,2499_1323_1324_31,26,25,25,-0.0,4.0875,-0.0,4.3788,-3.3219,3.2776,-3.9754,3.9512,-6.4919,4.6439,13,12,10,25,0,0,28
C3,249_235_236_26,29,28,28,-0.0,4.4839,-0.0,4.7185,-3.3219,2.8989,-4.3104,3.0,-3.8333,3.875,14,14,12,28,0,0,30
C3,24_1135_829_8,26,25,25,-0.0,3.9698,-0.0,5.1927,-3.1699,3.9698,-3.3219,3.3219,-4.3923,6.6953,12,13,13,25,0,0,29
C3,2500_512_1084_31,47,46,46,-0.0,4.4839,-0.0,4.9375,-3.9977,4.1867,-4.2219,4.9375,-5.6439,5.5102,23,21,22,46,0,0,28
C3,250_595_596_48,33,32,32,-0.0,4.9392,-0.0,4.2868,-3.4594,2.1155,-3.8366,4.2868,-3.4594,4.3219,15,15,12,32,0,0,29
C3,252_596_211_14,31,30,30,-0.0,3.9987,-0.0,4.4366,-2.7255,3.0,-2.0,2.3219,-3.3219,3.7255,11,18,16,30,0,0,29
C3,253_596_836_34,28,27,27,-0.0,4.0898,-0.0,3.9292,-3.1699,2.585,-3.9069,3.3219,-2.9069,5.4919,13,12,16,27,0,0,29
C3,254_862_595_21,26,25,25,-0.0,5.1007,-0.0,4.2219,-2.4594,4.1427,-4.2018,4.2219,-6.0964,5.7606,12,13,13,25,0,0,27
C3,255_827_828_26,27,26,26,-0.0,4.2971,2.0,4.3685,-2.3219,3.4594,-1.6169,1.8799,-2.4281,2.5085,15,11,13,26,0,0,27
C3,256_211_215_14,33,32,32,-0.0,4.3685,-0.0,4.9998,-3.2181,3.2737,-3.9069,3.9754,-5.1453,6.0997,12,20,16,32,0,0,29
C3,257_862_828_21,30,29,29,-0.0,4.2971,1.585,4.9901,-3.8522,3.1887,-2.3737,2.0649,-3.3354,4.7014,15,14,21,29,0,0,30
C3,258_49_350_7,31,30,30,1.0,4.2219,-0.0,4.4039,-3.2219,2.0797,-3.585,4.4039,-4.7414,3.2708,16,14,18,30,0,0,28
C3,259_836_828_34,28,27,27,-0.0,4.5466,-0.0,4.0,-3.0,3.2516,-4.0,2.585,-4.485,3.9,15,12,16,27,0,0,28
C3,25_679_680_54,34,33,33,1.585,4.4594,1.0,4.4366,-1.6521,2.8745,-3.4366,2.1427,-2.6521,4.0588,13,20,12,33,0,0,30
C3,260_862_827_7,36,35,35,1.0,4.8842,-0.0,4.5047,-3.8842,3.8311,-2.1487,2.9987,-5.3696,4.5623,17,17,18,35,0,0,29
C3,262_827_685_7,32,31,31,-0.0,3.9292,-0.0,4.2439,-3.0,2.3219,-3.7004,3.9069,-3.2439,4.0719,14,16,16,31,0,0,28
C3,263_292_684_14,32,31,31,-0.0,4.8326,1.0,4.6235,-3.5069,3.4594,-2.0588,2.2582,-3.0655,2.6521,17,14,22,31,0,0,29
C3,264_722_684_6,27,26,26,-0.0,4.0716,-0.0,4.2389,-3.4594,3.875,-3.3219,3.9477,-3.1274,5.1969,15,11,12,26,0,0,30
C3,265_1176_838_42,29,28,28,-0.0,4.4183,-0.0,4.3638,-3.8074,3.9977,-4.3239,3.4183,-4.263,4.6234,15,13,14,28,0,0,30
C3,266_292_722_42,27,26,26,-0.0,4.4059,1.0,4.7264,-1.8745,3.4594,-3.7026,2.7264,-2.4552,4.0875,11,15,11,26,0,0,30
C3,268_722_838_10,30,29,29,-0.0,4.2627,-0.0,4.3737,-3.4594,4.2627,-4.3737,3.0,-6.3219,5.2627,15,14,16,29,0,0,29
C3,26_475_113_0,31,30,30,-0.0,4.5466,-0.0,4.6511,-2.3219,3.0875,-4.2479,4.0588,-5.7005,5.13,12,18,13,30,0,0,30
C3,270_123_124_4,32,31,31,-0.0,4.72,-0.0,4.6511,-3.6645,3.6645,-3.4594,3.1699,-4.3312,4.0417,13,18,17,31,0,0,28
C3,271_684_597_10,29,28,28,-0.0,4.6757,1.585,4.4311,-4.1683,4.1639,-2.637,2.1155,-6.2838,4.0907,16,12,18,28,0,0,30
C3,272_1064_292_42,25,24,24,-0.0,4.1699,2.0,4.6439,-3.7004,2.7004,-1.8522,2.6439,-3.9635,3.3004,10,14,12,24,0,0,30
C3,273_124_685_42,28,27,27,-0.0,4.5639,1.0,4.335,-3.875,4.5639,-2.6645,2.0958,-2.7375,5.4213,14,13,16,27,0,0,28
C3,274_1064_124_34,27,26,26,-0.0,4.0588,2.0,4.7123,-2.0,3.9292,-2.3904,1.585,-2.3927,2.595,16,10,13,26,0,0,29
C3,275_685_281_9,25,24,24,1.0,4.5427,2.0,4.8712,-3.5219,2.9239,-2.5788,2.3685,-4.0474,4.0934,14,10,15,24,0,0,28
C3,277_914_454_25,31,30,30,1.585,4.7359,-0.0,4.585,-2.8516,2.7359,-3.8074,2.263,-3.1903,4.3867,16,14,14,30,0,0,29
C3,278_455_1076_4,32,31,31,-0.0,4.2018,-0.0,4.2479,-4.1699,4.0,-2.415,3.3219,-4.5484,3.974,15,16,20,31,0,0,30
C3,279_631_292_57,42,41,41,1.0,5.3398,-0.0,5.1955,-2.3219,2.663,-3.9069,5.1955,-5.8593,4.33,18,22,17,41,0,0,30
C3,280_1076_454_57,32,31,31,-0.0,4.2516,-0.0,4.0875,-2.3219,2.3219,-4.0,2.585,-3.237,3.759,16,15,14,31,0,0,28
C3,281_914_828_4,39,38,38,-0.0,4.8074,-0.0,4.5184,-2.3219,3.8522,-4.3845,4.3247,-4.3883,4.936,18,20,19,38,0,0,28
C3,283_1076_609_7,26,25,25,2.0,4.9321,1.0,4.7549,-1.9977,2.2569,-2.663,3.2251,-3.4475,2.3219,12,13,12,25,0,0,28
C3,284_454_455_29,31,30,30,-0.0,3.3927,-0.0,3.8431,-3.3927,3.1699,-3.7736,3.0,-3.0719,3.7221,16,14,14,30,0,0,28
C3,286_914_915_57,25,24,24,-0.0,4.3989,-0.0,4.585,-4.1682,4.3989,-4.585,4.2219,-6.0016,5.7069,13,11,16,24,0,0,27
C3,287_1156_455_40,28,27,27,-0.0,4.7004,-0.0,4.635,-3.4594,3.9292,-2.7736,4.1427,-5.8581,5.2854,13,14,12,27,0,0,30
C3,289_473_736_23,34,33,33,1.0,4.9542,-0.0,5.1937,-3.7484,2.9069,-3.9069,4.5931,-5.0384,4.8888,16,17,15,33,0,0,29
C3,28_112_113_11,30,29,29,1.0,4.1427,-0.0,4.0588,-2.5466,2.8431,-3.5466,4.0588,-5.0692,5.0374,14,15,7,29,0,0,30
C3,290_1378_270_10,29,28,28,1.0,4.5821,1.0,4.1699,-3.2516,2.6645,-2.3927,2.585,-5.4216,3.5828,16,12,11,28,0,0,28
C3,292_734_562_25,27,26,26,-0.0,4.6645,-0.0,4.2219,-4.6645,3.0,-4.2219,4.0208,-4.6438,5.4594,13,13,10,26,0,0,30
C3,293_823_503_38,27,26,26,1.585,4.7414,-0.0,4.7185,-3.0959,3.1564,-3.8074,4.7185,-3.8542,5.1427,10,16,11,26,0,0,30
C3,294_302_303_45,49,48,48,-0.0,4.1219,-0.0,4.5236,-3.1699,3.7004,-4.5236,4.5236,-5.085,6.7962,20,28,23,48,0,0,29
C3,295_196_40_19,33,32,32,1.0,4.6639,-0.0,4.5176,-3.4039,3.3927,-3.2479,4.3219,-4.1528,4.8318,16,16,24,32,0,0,30
C3,296_854_303_19,45,44,44,-0.0,4.1699,-0.0,5.0415,-4.1699,4.0842,-2.8074,3.7004,-4.585,4.2587,24,19,28,44,0,0,29
C3,297_355_1271_32,27,26,26,1.585,4.4539,-0.0,4.6511,-1.7623,2.1699,-4.0114,3.1699,-2.76,4.0433,12,14,15,26,0,0,29
C3,298_473_474_23,27,26,26,1.0,4.9838,1.0,4.781,-2.4594,2.5176,-2.781,2.013,-2.8139,4.1644,12,14,12,26,0,0,30
C3,299_303_838_32,30,29,29,-0.0,3.8431,-0.0,3.9917,-3.0,3.4183,-3.3219,3.3219,-4.0559,5.4183,13,16,15,29,0,0,27
C3,29_475_113_11,29,28,28,-0.0,4.3168,-0.0,4.8184,-3.7004,4.2219,-4.0219,3.3219,-7.0224,7.7224,10,18,13,28,0,0,30
C3,2_618_619_22,35,34,34,-0.0,4.7999,-0.0,5.6774,-3.7736,3.2089,-2.875,4.6774,-4.9402,5.9773,18,16,18,34,0,0,28
C3,300_570_571_22,31,30,30,-0.0,4.911,-0.0,4.4546,-3.326,3.585,-4.0958,2.585,-5.911,7.4218,15,15,17,30,0,0,28
C3,301_1025_969_45,25,24,24,-0.0,4.5236,-0.0,4.2971,-4.0588,4.5236,-3.3219,2.75,-4.5481,7.8455,9,14,16,24,0,0,29
C3,302_288_1056_2,37,36,36,1.0,5.2576,1.0,4.5625,-4.2576,3.585,-3.0615,2.3856,-3.1771,3.4285,18,18,19,36,0,0,27
C3,304_1056_473_46,32,31,31,-0.0,4.9232,1.0,5.0473,-3.6579,3.6316,-2.0,1.585,-3.8807,3.9003,16,15,16,31,0,0,29
C3,305_1082_1201_23,28,27,27,-0.0,4.6316,-0.0,4.0898,-2.3219,3.3219,-2.8074,3.7736,-5.6486,4.3219,13,13,16,27,0,0,29
C3,306_1056_474_23,30,29,29,1.0,4.7736,-0.0,4.5016,-2.3219,1.6479,-3.4594,4.5016,-4.585,4.0125,12,17,8,29,0,0,29
C3,307_273_1082_36,27,26,26,-0.0,4.4366,-0.0,4.1867,-2.3219,3.8431,-3.1699,2.2776,-3.4919,5.5754,10,15,15,26,0,0,29
C3,308_1099_482_49,41,40,40,-0.0,4.9071,-0.0,4.5639,-4.9071,4.0,-3.5639,3.2364,-6.6481,5.9946,19,21,20,40,0,0,30
C3,309_1389_1464_37,36,35,35,-0.0,4.4594,-0.0,4.5639,-4.4594,4.4594,-4.3923,4.0588,-5.3031,6.5238,17,18,27,35,0,0,29
C3,30_793_794_18,30,29,29,1.585,4.9321,2.0,4.4594,-2.5577,2.3183,-2.1427,2.0716,-2.5418,2.4136,15,14,17,29,0,0,30
C3,311_984_1291_49,28,27,27,1.9219,5.0118,1.0,4.5016,-2.2863,2.4586,-2.1699,2.1699,-1.8285,3.2522,11,15,14,27,0,0,30
C3,312_1082_1140_49,29,28,28,-0.0,4.5236,-0.0,3.9842,-2.585,3.8522,-3.2776,3.2776,-2.6927,4.9676,15,13,8,28,0,0,30
C3,313_696_522_31,32,31,31,-0.0,4.0875,-0.0,3.9292,-3.0,3.4594,-3.6645,3.585,-4.9069,5.6439,16,14,15,31,0,0,28
C3,314_1056_1082_27,29,28,28,-0.0,4.7123,1.0,4.9932,-2.0,4.2181,-3.9375,3.5821,-3.7074,4.7435,13,15,11,28,0,0,30
C3,315_570_1180_45,25,24,24,-0.0,3.875,2.0,5.2281,-3.0,2.8431,-1.4764,3.2281,-3.3119,3.1969,9,15,16,24,0,0,28
C3,316_587_1140_14,25,24,24,-0.0,3.9477,-0.0,4.4594,-3.3249,3.0,-4.4594,3.8431,-4.3782,5.4594,11,12,9,24,0,0,27
C3,317_1082_473_14,33,32,32,1.0,4.3158,1.585,5.09,-3.3158,3.0219,-2.2827,2.537,-3.4307,2.5002,15,17,9,32,0,0,28
C3,318_1099_1140_49,29,28,28,-0.0,4.635,-0.0,4.6235,-3.6835,3.585,-4.6235,3.7736,-4.0995,3.8162,12,15,12,28,0,0,30
C3,319_964_510_49,37,36,36,-0.0,4.1427,-0.0,4.6375,-3.0958,3.0,-3.0,4.6375,-4.352,5.6324,17,19,19,36,0,0,30
C3,31_1237_1238_6,37,36,36,-0.0,4.6151,-0.0,5.3496,-4.5389,4.6151,-4.0888,4.2439,-5.4033,5.2004,19,16,23,36,0,0,30
C3,320_1180_1140_14,28,27,27,1.585,4.4039,-0.0,4.1066,-2.4039,1.8189,-3.1699,3.3219,-4.5663,4.6479,14,12,10,27,0,0,30
C3,321_237_238_4,33,32,32,-0.0,4.2479,-0.0,4.6403,-4.2479,4.2479,-4.0535,3.1066,-6.3014,5.6385,17,15,19,32,0,0,28
C3,324_114_433_55,30,29,29,-0.0,4.72,1.0,4.789,-4.6151,2.9292,-3.789,2.3685,-6.9836,3.1985,16,13,14,29,0,0,29
C3,325_237_1099_37,35,34,34,1.0,4.5016,-0.0,3.9477,-2.1797,1.8,-3.9477,3.9292,-5.7263,5.3274,16,18,9,34,0,0,30
C3,326_500_1099_6,31,30,30,-0.0,4.8635,-0.0,5.1407,-3.6645,4.0707,-3.4594,3.5557,-3.6556,7.5301,17,12,14,30,0,0,30
C3,327_238_112_58,31,30,30,1.0,4.1757,-0.0,3.9987,-2.75,2.7004,-3.1699,3.9069,-4.638,4.7276,15,15,10,30,0,0,30
C3,328_237_124_37,31,30,30,-0.0,4.0237,1.0,4.3362,-3.9698,3.6645,-2.875,2.3362,-5.7429,5.4523,15,15,24,30,0,0,27
C3,329_500_86_37,28,27,27,1.585,4.4183,-0.0,4.789,-2.4992,2.8333,-2.0,3.1699,-5.3919,4.637,13,14,15,27,0,0,28
C3,32_113_1238_18,38,37,37,-0.0,4.5176,1.0,4.3737,-4.5176,4.2516,-2.9698,3.2479,-4.2479,3.863,21,16,26,37,0,0,30
C3,330_939_1180_55,28,27,27,-0.0,4.1699,2.0,3.875,-3.585,2.3219,-1.5531,1.585,-3.0172,2.5872,14,13,18,27,0,0,29
C3,331_237_500_22,28,27,27,-0.0,4.5099,1.0,4.0842,-3.5466,3.8074,-1.737,2.0842,-4.9069,4.9069,12,15,15,27,0,0,29
C3,332_451_579_46,30,29,29,-0.0,4.8522,-0.0,4.8107,-3.7736,3.3219,-3.7004,4.1427,-5.1964,4.8074,16,13,14,29,0,0,30
C3,333_68_69_35,32,31,31,-0.0,4.9185,2.0,5.8891,-4.4947,4.9185,-3.0649,2.7192,-4.4287,4.6143,16,15,15,31,0,0,29
C3,334_479_582_19,38,37,37,1.585,4.7077,-0.0,4.7711,-2.7255,2.8968,-2.7255,4.4594,-5.4594,4.0474,20,17,14,37,0,0,30
C3,337_238_695_55,30,29,29,-0.0,4.6474,-0.0,4.3168,-4.2202,3.4183,-2.3219,3.0,-2.56,2.2278,20,9,17,29,0,0,30
C3,338_1210_1291_38,39,38,38,-0.0,5.1241,1.0,5.1179,-4.1524,4.2439,-3.3219,2.5891,-4.3678,4.2616,20,18,25,38,0,0,30
C3,339_1339_51_44,29,28,28,1.585,4.5625,2.0,4.6645,-2.4711,1.8917,-2.0615,2.2776,-3.793,3.1852,16,12,12,28,0,0,29
C3,33_1135_829_46,25,24,24,-0.0,3.3219,-0.0,3.8431,-3.3219,3.3219,-3.3219,3.3219,-3.4038,4.8074,11,13,15,24,0,0,30
C3,341_479_914_6,32,31,31,-0.0,3.875,-0.0,4.4068,-3.1219,3.6645,-3.5466,2.3219,-4.1219,4.1499,14,16,18,31,0,0,27
C3,342_300_301_30,37,36,36,-0.0,3.8431,-0.0,3.9069,-3.4594,3.8431,-3.9069,3.8431,-6.1013,5.8431,16,19,17,36,0,0,30
C3,343_610_144_30,25,24,24,1.585,3.9842,-0.0,4.7606,-2.3219,2.3219,-3.8842,3.0,-5.1179,6.1066,10,14,8,24,0,0,30
C3,344_1531_1532_40,25,24,24,1.0,4.4947,1.0,4.9838,-3.3496,3.2971,-3.0219,3.0374,-4.206,5.4402,10,14,15,24,0,0,27
C3,345_1440_1441_40,25,24,24,-0.0,4.335,1.585,4.1699,-2.585,2.1808,-2.1155,1.9292,-2.9885,3.4444,10,13,14,24,0,0,25
C3,346_479_238_40,43,42,42,-0.0,4.4947,-0.0,5.2714,-3.4947,3.2516,-4.2868,3.1699,-4.8954,4.4794,17,25,22,42,0,0,30
C3,348_448_718_26,38,37,37,-0.0,4.5639,-0.0,4.6961,-3.875,3.9698,-3.4594,4.3566,-3.8629,5.5749,15,22,19,37,0,0,30
C3,349_914_127_40,38,37,37,-0.0,4.0061,-0.0,4.6235,-3.1699,4.0061,-2.585,2.3219,-3.3219,5.7549,19,18,23,37,0,0,25
C3,34_1135_829_58,31,30,30,-0.0,3.8747,-0.0,3.9069,-2.8074,2.8747,-2.7255,2.9069,-4.3219,3.585,16,14,16,30,0,0,27
C3,350_816_215_7,32,31,31,-0.0,4.4406,-0.0,5.0647,-2.0,3.0716,-2.3219,3.9058,-5.8756,4.0,14,16,17,31,0,0,30
C3,351_626_627_25,28,27,27,-0.0,4.2018,-0.0,4.1416,-3.9161,4.1219,-3.4594,4.0958,-6.4378,6.4177,12,15,17,27,0,0,28
C3,352_474_563_49,33,32,32,1.0,4.8502,-0.0,4.9392,-2.7004,2.4677,-4.4406,4.4406,-4.7379,4.1672,15,17,18,32,0,0,29
C3,353_51_718_40,34,33,33,-0.0,4.8658,-0.0,4.4183,-2.875,4.4183,-4.0958,4.3685,-6.5324,7.1438,12,21,20,33,0,0,28
C3,354_864_1301_40,25,24,24,1.0,4.5697,-0.0,4.9579,-2.3219,2.198,-4.3685,2.8074,-4.3923,4.4858,12,12,10,24,0,0,30
C3,355_1291_563_30,33,32,32,-0.0,4.4839,-0.0,4.2433,-3.4594,4.2776,-3.5216,3.4594,-4.0948,6.8626,16,14,13,32,0,0,30
C3,356_47_1301_57,26,25,25,-0.0,4.1066,-0.0,4.0374,-3.585,3.4594,-3.9477,4.0374,-3.4183,6.2668,10,15,17,25,0,0,28
C3,357_119_120_0,36,35,35,1.0,5.0276,1.0,4.6817,-3.6535,2.3721,-3.6067,2.2848,-4.5699,4.287,16,18,14,35,0,0,30
C3,358_846_1404_0,35,34,34,-0.0,4.6067,-0.0,4.7069,-3.6067,3.0218,-4.6511,4.1659,-3.737,5.1657,16,18,16,34,0,0,28
C3,359_718_972_0,38,37,37,-0.0,5.2089,1.0,5.3447,-2.4442,4.4442,-2.2848,3.8252,-5.3509,5.1667,20,17,21,37,0,0,30
C3,35_84_85_3,27,26,26,1.0,4.7933,1.585,4.75,-2.9069,3.4697,-2.558,2.5016,-4.6438,4.4327,12,14,16,26,0,0,28
C3,360_474_149_40,30,29,29,-0.0,4.4594,-0.0,4.3219,-3.3104,3.4183,-3.8074,4.3219,-5.0147,6.0033,13,16,16,29,0,0,28
C3,361_1291_112_57,33,32,32,-0.0,3.8431,-0.0,4.1219,-3.0,3.8431,-3.9058,4.0588,-4.3807,5.5552,14,17,12,32,0,0,27
C3,362_851_961_57,32,31,31,-0.0,4.2219,-0.0,4.7359,-3.3219,4.0,-2.7255,4.2627,-5.1582,6.7255,15,16,18,31,0,0,30
C3,364_474_852_57,27,26,26,-0.0,3.7004,-0.0,3.8431,-3.0,3.0,-2.6645,3.8431,-3.5212,4.0,13,13,15,26,0,0,30
C3,365_208_209_0,30,29,29,-0.0,4.5639,-0.0,4.4556,-4.2219,4.5639,-4.1867,3.9477,-5.5328,6.9535,16,13,16,29,0,0,28
C3,366_718_775_29,34,33,33,-0.0,4.3168,-0.0,3.8431,-2.7255,4.3168,-2.9477,3.0,-4.2097,7.0352,14,17,13,33,0,0,30
C3,367_415_416_29,31,30,30,1.0,4.5176,-0.0,4.6235,-1.6479,1.585,-4.3518,4.0588,-4.8807,5.2814,15,14,8,30,0,0,30
C3,368_851_224_58,38,37,37,-0.0,4.3685,-0.0,4.5466,-2.6449,4.0219,-3.875,3.9069,-3.6114,6.6069,15,21,16,37,0,0,26
C3,36_506_723_3,26,25,25,-0.0,3.8431,-0.0,3.8431,-3.4677,3.8431,-3.0,3.2516,-3.9189,3.7572,12,13,13,25,0,0,29
C3,370_852_853_29,29,28,28,-0.0,4.1427,-0.0,4.8851,-3.0,3.7736,-3.4183,3.7736,-2.8745,4.7814,12,15,11,28,0,0,26
C3,371_721_156_20,32,31,31,-0.0,4.0716,-0.0,4.8531,-3.5466,4.0716,-3.1699,2.4059,-4.3219,5.1043,17,14,16,31,0,0,27
C3,372_718_964_14,41,40,40,-0.0,4.781,-0.0,4.5639,-2.585,4.1699,-4.5639,4.2776,-5.1134,5.4919,18,21,21,40,0,0,30
C3,373_1164_860_50,40,39,39,-0.0,4.6251,-0.0,4.9584,-3.3219,4.6251,-4.9584,4.0958,-5.5855,6.7004,18,21,19,39,0,0,28
C3,374_1301_852_0,30,29,29,-0.0,4.3069,-0.0,3.9842,-3.5466,3.9977,-3.1887,2.7255,-3.1155,2.8303,15,14,14,29,0,0,30
C3,375_1206_1104_24,27,26,26,-0.0,4.3685,-0.0,4.4366,-3.3219,4.3685,-4.0588,4.2971,-6.95,4.1922,13,13,12,26,0,0,30
C3,376_853_581_24,27,26,26,-0.0,4.6235,-0.0,4.9069,-4.2479,3.1699,-2.585,3.8431,-3.8694,3.585,14,12,15,26,0,0,29
C3,377_850_851_46,29,28,28,-0.0,4.2971,-0.0,4.1768,-2.7255,4.0875,-3.5216,4.1427,-5.0179,7.0224,13,15,12,28,0,0,28
C3,378_31_721_40,32,31,31,-0.0,4.4183,-0.0,4.3964,-2.9477,2.7736,-2.415,3.4594,-4.6036,4.1886,16,15,18,31,0,0,30
C3,37_1468_636_3,26,25,25,-0.0,4.1416,2.0,5.2255,-3.0,3.5466,-2.0798,2.4755,-3.5507,2.1557,14,11,18,25,0,0,28
C3,380_852_149_46,30,29,29,-0.0,4.2203,1.0,3.8431,-2.8074,4.2203,-2.4594,2.585,-4.7814,2.7255,16,13,10,29,0,0,30
C3,381_1301_850_7,25,24,24,-0.0,4.5466,-0.0,4.3168,-3.9161,3.5899,-3.7004,3.5899,-5.5466,5.4057,12,12,9,24,0,0,27
C3,382_851_31_46,29,28,28,-0.0,4.8436,-0.0,5.0531,-4.1699,4.4594,-3.4594,5.0531,-3.6927,5.4594,10,17,13,28,0,0,30
C3,383_850_1068_54,33,32,32,2.0,4.4839,1.0,4.6506,-1.4594,2.0588,-2.585,2.8431,-2.7814,2.0967,19,13,13,32,0,0,27
C3,385_371_1488_31,36,35,35,-0.0,4.7004,-0.0,4.911,-3.0,4.2299,-4.7791,4.4947,-7.4333,6.4151,16,19,16,35,0,0,29
C3,386_31_47_57,29,28,28,-0.0,4.0588,-0.0,4.2737,-3.585,3.3219,-3.1699,3.4594,-4.3588,5.9032,11,17,15,28,0,0,30
C3,388_776_47_40,27,26,26,-0.0,4.2219,1.0,4.6645,-3.7004,3.8431,-3.6067,3.2219,-3.9676,4.626,12,14,16,26,0,0,29
C3,389_1411_48_18,31,30,30,-0.0,4.6067,-0.0,4.6883,-4.0588,4.0588,-3.9698,2.7255,-4.4624,5.6169,15,15,15,30,0,0,30
C3,38_435_1407_16,26,25,25,-0.0,4.7933,1.585,5.0588,-4.335,3.8231,-2.6808,2.7369,-4.1081,3.9051,13,12,11,25,0,0,28
C3,390_910_1173_40,31,30,30,-0.0,4.7606,-0.0,4.5639,-4.0875,3.2389,-4.1219,3.0,-5.1683,4.0423,17,13,16,30,0,0,30
C3,391_511_264_40,36,35,35,-0.0,5.1316,-0.0,4.6402,-4.75,3.6645,-4.6402,4.6402,-5.4755,3.6882,18,17,17,35,0,0,22
C3,392_380_381_12,30,29,29,1.0,5.0952,1.9219,4.9579,-3.0096,2.6877,-3.0013,2.1317,-2.8889,3.1629,15,14,18,29,0,0,28
C3,393_703_1124_40,25,24,24,1.585,4.5537,-0.0,4.3496,-2.4739,2.7642,-2.3496,4.1867,-5.1553,2.3219,13,11,10,24,0,0,26
C3,394_1301_910_24,30,29,29,-0.0,4.7736,-0.0,4.3158,-3.3347,2.3685,-3.5466,3.9977,-3.2347,2.4149,15,14,12,29,0,0,30
C3,395_381_264_24,26,25,25,-0.0,4.5016,1.0,5.029,-4.1699,3.6645,-2.6757,1.7155,-3.5914,3.8504,11,14,12,25,0,0,29
C3,396_1309_1174_24,26,25,25,-0.0,4.0588,-0.0,4.3964,-3.9698,3.875,-3.4183,3.4594,-5.3881,6.6959,12,13,11,25,0,0,28
C3,397_1173_864_40,33,32,32,-0.0,4.8888,1.585,4.4406,-3.7004,2.8019,-1.6301,2.1156,-3.0895,2.633,14,18,14,32,0,0,27
C3,399_381_910_16,29,28,28,1.585,5.5389,1.0,4.7606,-2.4406,2.875,-3.3685,3.3685,-4.4023,3.4872,15,13,11,28,0,0,30
C3,39_855_856_10,53,52,52,-0.0,4.8008,-0.0,4.3868,-3.9977,3.8074,-4.3868,4.2479,-6.0553,5.3302,28,23,28,52,0,0,29
C3,3_653_1240_24,29,28,28,-0.0,4.9477,-0.0,4.6248,-4.2534,3.7004,-4.1699,4.0875,-2.0,3.7549,12,15,17,28,0,0,28
C3,401_703_381_16,29,28,28,1.0,5.0952,-0.0,4.4697,-4.0952,2.7733,-4.2776,3.2776,-5.1629,4.5129,15,13,17,28,0,0,27
C3,402_1115_39_21,26,25,25,-0.0,4.9007,-0.0,4.8971,-2.7255,3.5466,-3.5327,3.9512,-5.8262,4.6702,13,12,12,25,0,0,28
C3,403_1309_381_1,32,31,31,1.0,5.1293,1.585,4.8586,-3.8252,3.9932,-1.7253,2.0019,-5.528,5.3741,15,16,22,31,0,0,29
C3,404_1115_864_1,35,34,34,-0.0,4.72,1.0,4.954,-4.72,3.8747,-2.5577,2.7389,-4.6544,3.4624,19,15,18,34,0,0,29
C3,405_910_265_21,30,29,29,-0.0,5.1195,1.585,4.4381,-4.2971,4.2479,-2.0374,2.6927,-4.67,4.6421,14,15,20,29,0,0,27
C3,407_1527_344_21,35,34,34,-0.0,4.2219,-0.0,4.6961,-3.7004,4.2219,-4.1427,4.6961,-3.6483,4.2543,15,19,17,34,0,0,30
C3,408_1174_775_38,27,26,26,-0.0,4.0,-0.0,3.8747,-4.0,2.8074,-3.4594,3.8747,-3.3219,4.2439,11,15,12,26,0,0,28
C3,409_1115_264_37,35,34,34,2.0,5.09,-0.0,4.2439,-1.9477,2.7681,-3.1219,4.1066,-4.566,5.4936,14,19,12,34,0,0,29
C3,40_967_968_18,35,34,34,-0.0,4.1219,1.0,4.649,-2.3219,3.6402,-2.9386,2.649,-3.6572,6.3047,14,20,16,34,0,0,30
C3,410_615_1173_9,30,29,29,-0.0,4.4817,-0.0,4.5884,-4.0049,4.0615,-2.7255,4.0219,-3.2219,3.8598,13,15,12,29,0,0,28
C3,411_265_415_9,32,31,31,-0.0,4.2219,1.585,4.8522,-4.1427,3.8431,-2.1699,3.2672,-3.0881,3.359,14,17,22,31,0,0,29
C3,412_1173_1174_2,29,28,28,-0.0,4.585,-0.0,3.9987,-3.2776,4.2627,-3.6645,2.585,-4.7868,6.7736,13,15,14,28,0,0,27
C3,413_998_470_2,30,29,29,1.585,4.0875,1.585,4.9363,-2.2224,1.537,-2.2419,2.2582,-1.862,2.4648,14,15,13,29,0,0,28
C3,414_264_265_53,28,27,27,-0.0,3.7736,-0.0,4.781,-3.7736,3.7736,-2.3219,4.4039,-4.3297,5.4177,11,16,13,27,0,0,26
C3,415_1173_1115_53,36,35,35,-0.0,4.1219,-0.0,4.7359,-3.5466,3.6645,-3.585,2.3742,-4.2392,5.3571,17,18,13,35,0,0,28
C3,416_963_1125_18,30,29,29,1.0,4.4697,-0.0,6.1292,-3.2433,3.335,-4.4306,4.2072,-6.5515,4.2176,16,13,14,29,0,0,29
C3,417_998_264_17,31,30,30,-0.0,4.1715,-0.0,4.8647,-4.1427,4.1427,-2.9477,4.3219,-6.2696,4.9069,17,13,19,30,0,0,28
C3,418_1309_1125_21,31,30,30,1.585,4.3637,1.0,4.8137,-1.3785,2.1052,-3.2137,2.2288,-2.0919,4.2937,14,16,12,30,0,0,27
C3,419_1115_265_21,33,32,32,-0.0,4.705,-0.0,4.7736,-2.8074,3.8431,-4.0,3.9698,-4.2107,4.8626,16,16,13,32,0,0,25
C3,420_581_582_40,30,29,29,1.0,4.4183,2.0,4.4233,-2.0,2.1699,-2.4233,2.0842,-2.125,2.5309,11,17,11,29,0,0,30
C3,421_998_499_40,30,29,29,1.585,4.3219,1.0,4.3845,-2.737,2.2971,-2.5025,2.5216,-3.7102,3.5964,16,13,8,29,0,0,30
C3,422_1309_265_4,30,29,29,-0.0,4.6235,-0.0,5.1228,-4.1219,2.585,-4.1699,2.8522,-3.988,5.2695,16,13,16,29,0,0,26
C3,423_581_1174_4,33,32,32,-0.0,3.8431,-0.0,4.1066,-3.0,2.8074,-2.1699,2.3219,-3.585,4.0,14,17,15,32,0,0,28
C3,424_351_1036_49,26,25,25,2.0,4.4537,-0.0,4.2293,-2.2627,2.1427,-3.8074,3.7004,-3.8183,4.6407,11,14,9,25,0,0,29
C3,425_998_265_31,33,32,32,1.585,5.015,-0.0,5.684,-2.415,2.7121,-4.6439,4.7606,-5.6882,6.4889,15,17,12,32,0,0,26
C3,426_32_1309_49,36,35,35,-0.0,3.9226,-0.0,5.1324,-3.0,3.0,-3.4594,3.1219,-5.5025,6.2668,13,21,17,35,0,0,28
C3,428_1304_1501_49,34,33,33,-0.0,4.6439,-0.0,4.4537,-4.0588,3.5466,-2.7736,2.2181,-3.8917,5.5466,15,18,17,33,0,0,28
C3,429_351_1174_27,25,24,24,-0.0,4.2219,-0.0,4.6692,-4.2219,3.0,-2.585,2.8074,-3.0564,3.9219,10,12,13,24,0,0,30
C3,42_793_855_6,28,27,27,-0.0,4.3362,1.0,4.4233,-4.0875,3.9698,-2.4594,3.2219,-3.8053,6.0444,15,12,18,27,0,0,30
C3,430_499_351_7,31,30,30,-0.0,3.9987,-0.0,4.1416,-3.0,3.9987,-3.0,3.7004,-4.7004,5.1699,17,13,17,30,0,0,29
C3,432_678_1013_7,43,42,42,1.0,4.6757,-0.0,4.7123,-3.3239,3.3926,-4.6014,4.1659,-3.7623,4.4404,24,18,14,42,0,0,30
C3,434_1018_904_13,37,36,36,-0.0,4.3788,-0.0,4.7566,-4.0875,3.9698,-4.7566,4.6235,-5.6804,7.3416,21,15,17,36,0,0,27
C3,435_351_270_13,35,34,34,-0.0,4.4366,-0.0,4.9934,-3.0,3.2219,-3.2479,2.7836,-3.6267,6.0553,14,20,12,34,0,0,30
C3,436_664_1055_38,39,38,38,-0.0,4.9123,-0.0,4.3923,-4.9123,4.1219,-4.0,3.5899,-6.1219,7.1397,18,20,20,38,0,0,30
C3,438_608_354_7,26,25,25,-0.0,3.9069,-0.0,4.1867,-2.6402,2.3219,-2.8431,4.1867,-3.7255,2.2974,14,11,10,25,0,0,30
C3,43_967_968_21,36,35,35,-0.0,3.9698,-0.0,4.7359,-2.7255,3.4183,-3.585,3.4594,-5.7814,5.2917,15,20,14,35,0,0,30
C3,440_1199_143_7,26,25,25,1.0,4.5016,1.585,4.7933,-2.7736,3.1699,-2.737,2.7721,-3.7198,5.9069,12,13,13,25,0,0,29
C3,441_350_351_24,37,36,36,-0.0,4.4366,-0.0,5.1241,-3.0588,4.2971,-3.1699,2.9477,-4.6095,6.2971,15,21,19,36,0,0,30
C3,442_274_275_31,27,26,26,2.0,4.2776,1.585,4.2776,-2.0875,1.8207,-2.1368,2.1416,-3.9676,2.9224,13,13,8,26,0,0,28
C3,443_354_904_31,28,27,27,-0.0,4.2089,-0.0,4.4183,-3.3219,2.2516,-3.4594,3.0,-3.5458,4.2516,14,13,14,27,0,0,27
C3,444_608_1055_45,41,40,40,-0.0,4.1427,-0.0,4.6316,-3.875,3.9069,-4.6316,4.0374,-3.6902,5.854,19,20,14,40,0,0,30
C3,445_1117_1199_13,27,26,26,2.0,4.4537,1.0,4.2479,-2.4537,1.9214,-1.8074,3.2479,-3.4415,3.0374,14,12,14,26,0,0,27
C3,446_642_643_13,37,36,36,-0.0,4.5639,-0.0,4.5661,-3.1659,4.3685,-4.3219,3.6645,-4.3594,4.7701,20,16,18,36,0,0,30
C3,447_1055_904_11,26,25,25,-0.0,3.9069,-0.0,4.2874,-2.0,3.9069,-3.75,3.7028,-4.2878,7.4285,10,14,15,25,0,0,28
C3,448_608_609_13,28,27,27,-0.0,4.1757,1.585,4.9917,-3.9698,4.1757,-2.7653,2.7653,-3.8629,4.4167,14,13,10,27,0,0,28
C3,449_1117_1055_53,34,33,33,-0.0,4.2219,-0.0,3.9698,-3.9477,3.9492,-2.585,3.7736,-7.2253,3.263,16,15,13,33,0,0,30
C3,44_653_793_52,33,32,32,1.0,4.2776,1.585,4.4366,-2.29,2.0,-2.0795,1.8126,-2.749,2.2076,16,16,21,32,0,0,29
C3,450_1055_1076_53,37,36,36,-0.0,4.3788,-0.0,4.5026,-4.3788,3.4594,-3.1219,2.8074,-4.5834,5.7069,18,17,27,36,0,0,28
C3,451_1117_608_29,35,34,34,-0.0,3.9492,-0.0,4.9442,-3.1699,3.9492,-3.875,3.6645,-5.1699,6.6824,14,20,20,34,0,0,29
C3,452_1117_1076_33,33,32,32,-0.0,4.7606,-0.0,4.0875,-2.4387,2.585,-3.8074,3.8924,-5.8332,4.0875,15,17,15,32,0,0,30
C3,453_455_1199_40,29,28,28,-0.0,4.0842,-0.0,4.5466,-3.875,3.875,-3.4594,3.0,-5.4594,7.1599,12,16,16,28,0,0,28
C3,454_115_524_28,29,28,28,1.0,4.7653,-0.0,5.1507,-2.0795,2.6645,-2.8074,4.1507,-3.1147,3.1293,15,13,16,28,0,0,30
C3,455_1296_1500_28,28,27,27,-0.0,4.6808,1.0,4.802,-2.1757,2.3426,-2.585,2.4594,-3.9189,2.5439,16,11,16,27,0,0,29
C3,456_140_1432_28,40,39,39,-0.0,4.875,2.0,5.3039,-3.875,4.2737,-2.0114,2.719,-4.5814,3.585,19,20,26,39,0,0,29
C3,457_1155_1218_28,33,32,32,1.0,4.7711,-0.0,4.1416,-3.1862,3.3158,-3.8074,3.9069,-5.8654,6.1232,14,18,16,32,0,0,30
C3,458_455_768_28,27,26,26,-0.0,3.9842,-0.0,4.6808,-3.9069,3.9069,-2.8074,3.9477,-5.4919,4.9069,11,15,10,26,0,0,30
C3,459_455_634_55,50,49,49,-0.0,4.789,-0.0,4.0875,-3.7736,4.789,-3.6645,3.7345,-5.526,7.374,23,26,33,49,0,0,28
C3,45_967_968_39,34,33,33,-0.0,4.335,-0.0,4.3923,-3.7004,4.335,-3.585,3.2219,-3.966,6.3923,11,22,10,33,0,0,30
C3,460_115_1076_55,47,46,46,-0.0,5.1684,-0.0,5.068,-4.0875,3.8074,-4.2516,4.5466,-6.6279,4.6266,26,20,19,46,0,0,29
C3,461_1086_1349_0,28,27,27,-0.0,4.7562,-0.0,4.4594,-3.9069,4.7562,-3.1699,4.1699,-5.4464,6.4182,11,16,11,27,0,0,29
C3,462_768_114_28,40,39,39,-0.0,4.6718,-0.0,3.8431,-4.1219,4.3927,-3.1699,3.7004,-4.8159,4.6067,16,23,19,39,0,0,30
C3,463_1092_392_28,36,35,35,-0.0,4.4594,-0.0,4.6251,-3.3219,2.585,-3.0588,3.1066,-5.807,3.4995,16,18,12,35,0,0,30
C3,464_755_497_28,40,39,39,-0.0,4.7606,-0.0,4.6073,-3.2202,4.0,-3.0588,3.3637,-4.9747,5.585,17,22,24,39,0,0,29
C3,465_140_524_28,33,32,32,-0.0,4.6375,1.0,4.5109,-2.8431,3.0,-2.4839,2.3219,-4.7691,5.4839,16,16,18,32,0,0,28
C3,466_1155_1199_9,31,30,30,-0.0,4.3219,-0.0,4.1757,-3.6645,4.1699,-3.7028,4.0875,-3.628,6.4919,15,15,15,30,0,0,29
C3,468_497_634_30,64,63,63,-0.0,5.1219,-0.0,4.875,-4.2479,3.3219,-4.0588,4.4594,-5.0676,5.6267,28,34,35,63,0,0,30
C3,469_455_140_35,29,28,28,1.0,4.8897,-0.0,4.8398,-3.5007,2.9069,-4.3845,3.3249,-5.2377,6.0768,13,14,9,28,0,0,28
C3,46_671_672_34,29,28,28,1.0,5.0444,1.0,5.1195,-2.3219,2.3016,-2.7976,2.1919,-3.5638,3.3016,14,14,15,28,0,0,30
C3,470_1156_524_59,25,24,24,1.0,4.9153,2.3219,4.7359,-2.5016,2.1699,-2.0589,2.414,-3.1275,2.4516,15,9,12,24,0,0,27
C3,471_114_115_38,32,31,31,-0.0,4.8078,-0.0,4.736,-3.6645,2.8074,-4.2364,3.8074,-5.3663,5.3663,14,16,12,31,0,0,29
C3,472_1019_198_37,34,33,33,-0.0,4.3685,-0.0,4.802,-3.3685,3.8431,-3.9698,3.585,-3.4993,4.75,15,18,19,33,0,0,28
C3,473_1155_1125_35,36,35,35,-0.0,4.5744,-0.0,4.5561,-4.2219,3.7004,-4.4402,4.2299,-5.3376,4.2902,16,19,15,35,0,0,27
C3,474_115_1019_35,36,35,35,-0.0,4.6439,-0.0,4.9278,-3.9698,4.6439,-3.8074,2.6059,-6.2917,6.9734,16,18,15,35,0,0,30
C3,475_1155_634_7,35,34,34,-0.0,4.5,-0.0,4.1699,-4.1219,4.1639,-3.1699,4.0374,-4.4594,7.0094,15,19,18,34,0,0,30
C3,476_1019_1125_24,31,30,30,-0.0,5.1241,1.0,4.9003,-3.9058,4.0588,-3.0,3.9003,-5.2336,6.3807,16,14,18,30,0,0,30
C3,477_34_1132_37,33,32,32,-0.0,4.6235,-0.0,4.2578,-3.8366,4.615,-4.2578,4.2578,-3.7033,5.8036,13,19,17,32,0,0,29
C3,478_1125_115_37,29,28,28,-0.0,4.2508,-0.0,4.0588,-3.6402,3.585,-3.0,2.0,-4.2094,5.4594,13,14,18,28,0,0,28
C3,479_1155_1156_37,29,28,28,-0.0,4.7736,-0.0,4.4989,-4.4576,4.6235,-3.875,4.0588,-6.5327,7.0418,15,13,11,28,0,0,30
C3,480_1019_114_15,28,27,27,-0.0,4.3923,-0.0,4.7293,-4.2219,3.8074,-3.585,3.0958,-4.9773,3.7004,16,10,12,27,0,0,30
C3,481_1132_1296_37,33,32,32,-0.0,5.4446,-0.0,4.9803,-2.4969,3.75,-4.3219,4.3219,-5.1359,5.7345,15,17,10,32,0,0,30
C3,482_634_156_37,43,42,42,-0.0,4.3496,-0.0,4.2479,-3.3927,3.1219,-3.7736,3.875,-5.2001,4.6438,22,17,17,42,0,0,23
C3,483_1019_755_9,25,24,24,-0.0,4.4546,-0.0,4.5639,-3.4546,3.585,-4.1699,3.7736,-4.5069,4.0179,11,13,10,24,0,0,30
C3,484_1515_1516_32,34,33,33,-0.0,4.6235,-0.0,4.6808,-3.3219,2.7255,-2.585,3.9512,-4.1032,3.7255,17,16,15,33,0,0,30
C3,485_1132_535_32,30,29,29,-0.0,4.6808,-0.0,4.0049,-3.9069,4.2137,-3.9977,3.9069,-5.46,8.2113,14,15,11,29,0,0,29
C3,486_1296_609_32,30,29,29,-0.0,5.0588,-0.0,4.7317,-2.7606,3.9477,-3.6835,2.5218,-3.9401,3.4627,15,14,17,29,0,0,29
C3,487_1132_84_58,30,29,29,-0.0,4.2299,-0.0,4.4594,-3.9977,3.9069,-4.4594,4.4594,-5.4858,6.7142,14,15,17,29,0,0,30
C3,489_34_1296_49,46,45,45,-0.0,4.6316,-0.0,5.912,-4.2137,3.7004,-2.875,4.1524,-4.6773,3.3785,23,20,16,45,0,0,29
C3,48_855_967_43,31,30,30,-0.0,4.5136,-0.0,3.9987,-2.7255,2.8074,-3.1699,3.8074,-5.2812,3.4594,13,16,14,30,0,0,29
C3,490_1132_634_49,27,26,26,-0.0,3.7004,-0.0,4.5109,-3.4594,2.0,-4.2635,4.5109,-5.7739,4.3091,14,11,9,26,0,0,30
C3,492_588_589_10,31,30,30,-0.0,4.6402,-0.0,4.0842,-4.0,3.4594,-4.0842,3.9069,-5.5384,4.5308,16,14,15,30,0,0,29
C3,494_1111_876_48,32,31,31,-0.0,5.0952,1.585,4.5639,-5.0952,3.0952,-1.1405,2.4857,-4.6358,4.1685,15,16,24,31,0,0,28
C3,495_1433_756_48,29,28,28,-0.0,4.8558,-0.0,4.3927,-3.5466,3.7255,-2.3219,3.9292,-3.148,3.3008,12,16,17,28,0,0,28
C3,497_755_756_32,32,31,31,-0.0,4.5595,-0.0,4.6235,-4.5595,4.5595,-2.6235,3.2971,-3.7402,6.1316,13,18,22,31,0,0,30
C3,498_749_559_14,27,26,26,-0.0,4.4183,1.0,4.7791,-4.4183,3.5466,-3.0,2.4516,-6.4832,5.3927,12,14,16,26,0,0,29
C3,499_972_587_29,34,33,33,-0.0,4.4548,2.3219,4.7359,-2.8074,2.1329,-1.7369,1.537,-3.094,2.8716,15,18,22,33,0,0,27
C3,4_968_475_24,32,31,31,-0.0,4.8366,1.0,4.694,-4.8326,3.8522,-2.5016,2.1699,-5.4343,5.7169,14,17,15,31,0,0,30
C3,501_849_563_54,28,27,27,-0.0,4.5661,1.0,4.4697,-4.0374,4.0,-1.7736,2.585,-4.9346,3.5017,13,14,18,27,0,0,28
C3,502_372_888_44,29,28,28,-0.0,4.8397,-0.0,4.0588,-3.2627,4.2627,-3.1887,4.0588,-6.4325,6.1219,13,15,12,28,0,0,28
C3,503_1252_1124_14,35,34,34,-0.0,4.2219,-0.0,3.8522,-3.3219,4.0237,-3.4183,2.8074,-3.5327,5.2516,13,20,19,34,0,0,28
C3,504_457_480_14,37,36,36,-0.0,4.8397,-0.0,4.7004,-4.7601,3.3219,-3.0875,4.0958,-5.1833,5.167,17,19,18,36,0,0,30
C3,505_1210_849_30,41,40,40,1.0,4.335,-0.0,4.4366,-2.1699,1.8745,-2.585,3.1699,-3.9671,3.4322,19,21,15,40,0,0,30
C3,507_662_1327_10,33,32,32,-0.0,4.5661,-0.0,4.7711,-3.3219,2.585,-4.085,3.6645,-4.585,4.135,15,17,13,32,0,0,30
C3,508_970_1224_53,34,33,33,-0.0,4.5639,-0.0,4.1427,-4.0374,2.585,-2.1427,2.3219,-3.2107,4.1699,17,14,22,33,0,0,28
C3,509_324_325_26,27,26,26,-0.0,4.6014,1.585,4.7791,-4.3737,4.5639,-2.7791,2.1886,-3.1867,5.3008,14,12,17,26,0,0,30
C3,50_831_652_49,32,31,31,1.0,4.5625,-0.0,4.2516,-2.8847,2.585,-4.2516,2.0,-3.8074,4.3374,15,15,13,31,0,0,26
C3,510_174_175_26,28,27,27,2.0,4.6817,2.0,4.3239,-2.6817,1.6781,-1.8924,2.1416,-4.1779,2.578,14,13,14,27,0,0,30
C3,511_293_970_14,26,25,25,1.0,4.2479,1.0,4.2627,-3.2479,2.585,-1.6777,1.8431,-2.9453,2.8745,12,13,14,25,0,0,28
C3,512_1284_970_14,28,27,27,-0.0,4.7549,-0.0,3.8431,-3.0,3.3219,-3.4594,2.8074,-3.4036,5.0474,11,16,17,27,0,0,29
C3,513_48_124_38,29,28,28,1.585,4.3685,-0.0,4.7606,-1.9557,2.3685,-4.056,4.056,-4.056,3.7225,13,15,13,28,0,0,30
C3,514_379_163_44,38,37,37,-0.0,4.4623,-0.0,4.9354,-4.4623,3.0374,-3.2776,3.9698,-5.5327,3.5495,17,20,19,37,0,0,25
C3,515_963_324_17,26,25,25,-0.0,4.6808,1.0,4.7538,-4.0588,2.7255,-2.637,2.1699,-3.8542,2.5442,12,13,11,25,0,0,29
C3,516_1284_293_44,41,40,40,-0.0,4.866,-0.0,4.4366,-3.7216,2.875,-3.7736,3.7004,-3.4109,5.5809,17,23,22,40,0,0,25
C3,517_48_49_44,30,29,29,-0.0,4.9838,-0.0,5.4216,-3.9698,2.4183,-3.4594,4.3496,-4.9698,5.4179,14,15,10,29,0,0,30
C3,518_124_1327_44,27,26,26,-0.0,4.9838,2.0,4.9823,-4.7791,4.6718,-2.4537,2.5176,-5.0015,5.1888,14,12,13,26,0,0,28
C3,519_1094_270_21,38,37,37,-0.0,4.4817,-0.0,3.9698,-4.3868,3.6645,-2.585,3.585,-5.7352,4.0795,17,19,18,37,0,0,30
C3,51_793_937_49,35,34,34,1.0,4.5016,2.0,4.4183,-2.9702,2.1699,-2.0615,2.0935,-2.8003,3.1521,13,21,19,34,0,0,26
C3,520_324_293_44,33,32,32,1.0,4.7033,2.0,4.5327,-2.0277,2.9292,-2.2776,2.3964,-2.3923,3.4021,16,16,19,32,0,0,28
C3,521_578_137_14,32,31,31,-0.0,4.7004,-0.0,4.3685,-3.9698,4.5639,-4.1427,4.2776,-6.6169,6.2018,15,16,9,31,0,0,29
C3,522_615_998_2,26,25,25,1.585,4.9698,-0.0,4.3868,-2.9698,2.1619,-3.1219,4.2479,-4.9011,4.6231,13,12,11,25,0,0,29
C3,523_368_369_2,27,26,26,-0.0,4.5484,-0.0,4.858,-4.1427,4.0114,-3.9058,3.6235,-4.3734,4.7509,12,14,13,26,0,0,30
C3,524_226_1265_20,36,35,35,1.0,4.8125,-0.0,4.4594,-3.3923,3.8125,-3.5466,4.2971,-4.2971,5.2428,18,17,17,35,0,0,30
C3,525_1327_1284_20,32,31,31,1.0,3.8431,-0.0,4.3685,-1.8074,1.8431,-3.3219,4.2089,-3.4015,2.737,15,15,6,31,0,0,29
C3,526_124_633_20,28,27,27,-0.0,4.4697,1.0,4.4839,-3.7736,3.0,-3.0,2.1066,-3.2923,4.1154,13,14,13,27,0,0,28
C3,527_293_1327_7,34,33,33,-0.0,4.5639,-0.0,4.3219,-3.4594,3.4594,-2.8074,3.0,-2.8745,5.3961,16,17,11,33,0,0,30
C3,528_742_1382_49,39,38,38,-0.0,4.7359,-0.0,5.2899,-4.7359,4.1219,-4.3168,4.6511,-7.9124,6.8448,21,17,17,38,0,0,28
C3,529_1175_924_9,27,26,26,2.0,4.3923,1.585,4.7549,-2.2776,2.3219,-2.1179,2.3472,-4.6248,3.3599,14,12,16,26,0,0,30
C3,52_1433_1434_49,29,28,28,-0.0,4.2868,-0.0,5.0453,-4.0374,3.0,-5.0453,3.875,-4.5128,6.5311,14,13,14,28,0,0,30
C3,530_1327_1224_49,32,31,31,-0.0,4.2089,-0.0,4.1427,-2.8074,3.7004,-2.585,2.76,-3.5325,3.9635,14,17,14,31,0,0,30
C3,531_935_2_43,26,25,25,-0.0,3.9058,2.0,4.7947,-3.75,3.6402,-2.7947,1.9292,-2.834,4.2439,9,16,13,25,0,0,30
C3,532_124_354_9,30,29,29,-0.0,4.4502,-0.0,4.2219,-2.7886,2.6352,-3.9977,3.9987,-3.0543,3.541,14,14,18,29,0,0,27
C3,533_1224_124_57,29,28,28,-0.0,4.4594,1.0,3.8431,-3.0,3.0,-2.7004,2.8431,-4.9928,2.5261,15,13,9,28,0,0,28
C3,536_146_446_44,39,38,38,1.0,5.2463,-0.0,4.4151,-2.9244,4.2463,-4.3685,3.7736,-4.9193,5.0201,22,15,16,38,0,0,22
C3,537_49_344_14,27,26,26,-0.0,4.4839,-0.0,5.3457,-3.9219,2.0,-2.585,3.6402,-4.0803,3.4839,13,13,14,26,0,0,28
C3,538_1029_913_58,35,34,34,-0.0,4.0219,-0.0,4.5561,-3.7736,4.0219,-4.2364,4.2433,-5.5652,5.2364,15,19,19,34,0,0,27
C3,539_562_563_19,26,25,25,-0.0,3.585,-0.0,3.9698,-3.585,3.4594,-3.585,3.4594,-4.0116,3.8031,12,11,11,25,0,0,30
C3,53_652_671_33,27,26,26,-0.0,4.8402,1.0,4.0219,-2.0,3.2553,-2.585,1.6767,-1.9069,2.9852,12,13,16,26,0,0,27
C3,541_193_1063_46,38,37,37,2.0,4.5625,2.0,4.5719,-2.3219,1.926,-1.7736,2.0958,-3.0395,2.7736,21,16,20,37,0,0,29
C3,542_354_355_42,30,29,29,-0.0,4.3923,-0.0,4.6402,-3.875,3.6402,-3.2776,2.3219,-4.1969,4.4882,14,15,13,29,0,0,27
C3,544_849_354_7,30,29,29,-0.0,4.2479,1.0,4.2203,-3.875,3.875,-2.7004,2.1699,-5.6247,5.0,13,16,18,29,0,0,28
C3,545_911_923_31,30,29,29,-0.0,4.1867,-0.0,4.5639,-3.7004,3.8522,-3.0588,3.3685,-4.7836,4.8522,15,13,16,29,0,0,28
C3,546_355_192_42,27,26,26,-0.0,4.9531,2.0,4.7123,-2.3219,4.4151,-2.7123,2.4546,-3.466,4.5689,14,12,11,26,0,0,28
C3,547_192_193_48,32,31,31,1.585,4.0875,2.0,4.807,-1.875,2.0588,-2.2264,2.3266,-2.2031,3.0504,16,15,12,31,0,0,27
C3,548_355_911_16,31,30,30,-0.0,4.7004,-0.0,4.4059,-3.7004,3.9512,-3.7736,4.0875,-5.5469,4.3074,16,14,16,30,0,0,27
C3,549_306_245_16,28,27,27,-0.0,4.6439,-0.0,4.1699,-4.1219,3.5466,-3.8074,2.9477,-2.9391,3.5466,16,11,12,27,0,0,28
C3,54_937_793_12,25,24,24,1.0,4.7354,2.0,4.8626,-2.875,2.3426,-2.1371,1.8431,-2.1771,3.1371,12,12,17,24,0,0,30
C3,550_923_193_16,31,30,30,1.585,4.6169,-0.0,4.8125,-2.637,2.2949,-2.3219,2.7255,-2.9885,2.1975,14,16,16,30,0,0,29
C3,551_93_1333_30,31,30,30,-0.0,4.2971,1.0,4.3496,-3.8074,2.8074,-2.8074,3.0875,-3.4594,3.2668,13,17,14,30,0,0,28
C3,553_584_585_9,34,33,33,1.0,4.83,-0.0,5.3614,-3.0526,3.245,-4.5016,3.6645,-2.6798,3.2302,16,17,20,33,0,0,29
C3,554_306_307_9,26,25,25,-0.0,4.6235,-0.0,4.5661,-2.3219,2.9477,-4.1219,2.585,-4.7958,4.4105,12,13,11,25,0,0,26
C3,555_233_1504_57,31,30,30,-0.0,4.2219,-0.0,4.3496,-3.875,3.4594,-4.3496,4.0588,-6.3252,5.0444,15,15,13,30,0,0,30
C3,556_193_86_56,28,27,27,1.0,4.3923,-0.0,4.335,-2.3219,3.1699,-4.1427,3.5466,-5.1316,4.9907,12,15,13,27,0,0,30
C3,557_923_32_56,37,36,36,-0.0,4.1562,1.0,4.7244,-3.8074,3.0958,-2.4594,2.7244,-3.5297,3.7962,18,18,19,36,0,0,30
C3,559_1524_1525_14,40,39,39,-0.0,4.4306,-0.0,3.9226,-4.3219,4.3219,-3.7736,3.8074,-6.6662,4.9959,19,18,19,39,0,0,26
C3,55_672_652_12,30,29,29,-0.0,4.72,1.0,4.6961,-4.72,4.72,-3.6808,3.6961,-7.2578,6.0492,14,15,17,29,0,0,29
C3,560_1259_962_14,31,30,30,-0.0,4.0875,-0.0,3.9987,-4.0875,2.8074,-3.9069,3.3219,-6.6439,5.1293,15,15,18,30,0,0,28
C3,561_172_173_58,32,31,31,1.0,4.6439,-0.0,4.8074,-3.3496,3.2219,-3.585,3.3219,-4.2821,3.0,15,16,19,31,0,0,28
C3,562_1228_483_58,26,25,25,1.585,5.215,-0.0,4.5199,-2.0842,3.215,-4.2516,4.1427,-5.609,4.9405,13,12,13,25,0,0,27
C3,563_480_273_53,29,28,28,-0.0,4.8897,2.2516,4.4594,-4.5931,3.3219,-1.7111,1.8044,-3.3842,3.1967,14,14,16,28,0,0,30
C3,564_923_1259_43,37,36,36,1.0,5.127,-0.0,4.3964,-1.9477,2.7004,-3.0,3.3219,-3.902,5.4183,12,23,14,36,0,0,28
C3,565_930_912_45,31,30,30,-0.0,4.7185,-0.0,4.72,-3.4183,3.9842,-4.0842,4.0707,-5.3852,2.7087,16,13,13,30,0,0,29
C3,566_908_803_45,34,33,33,1.0,4.6248,-0.0,4.4537,-2.4594,2.9477,-4.2776,4.4537,-5.7814,5.6224,16,16,13,33,0,0,29
C3,567_854_99_32,29,28,28,-0.0,4.2219,-0.0,4.8711,-3.4594,3.875,-4.0588,3.8711,-4.1375,7.9338,18,10,12,28,0,0,30
C3,568_172_582_32,31,30,30,2.0,4.6316,-0.0,4.5016,-2.6235,2.0,-3.0875,3.5016,-4.746,4.0538,15,15,14,30,0,0,25
C3,569_849_433_42,36,35,35,1.0,4.4839,-0.0,4.3685,-1.8745,2.8989,-3.7004,4.3685,-3.7121,4.1699,16,19,12,35,0,0,30
C3,56_671_831_12,27,26,26,-0.0,4.3362,-0.0,4.9838,-3.585,2.9219,-3.1699,4.9838,-4.9135,4.4216,13,12,15,26,0,0,27
C3,570_849_911_10,32,31,31,-0.0,4.0875,1.0,4.2737,-3.585,3.9698,-1.4594,1.8074,-4.3339,5.1293,14,15,18,31,0,0,30
C3,571_278_1395_10,30,29,29,-0.0,4.0842,1.0,4.6067,-4.0842,3.1699,-2.6927,2.4366,-4.9261,3.0939,13,16,17,29,0,0,28
C3,572_172_911_10,33,32,32,-0.0,3.8522,-0.0,4.1699,-3.8074,3.585,-3.4594,4.1699,-4.3923,3.0444,14,18,22,32,0,0,28
C3,573_1029_756_38,29,28,28,1.0,4.5016,2.0,4.5561,-2.6402,3.5016,-2.2219,1.6928,-2.5142,4.1395,15,13,15,28,0,0,29
C3,574_763_605_14,26,25,25,1.585,4.6014,2.0,4.6961,-2.2627,2.337,-2.6961,1.8074,-3.2627,2.4366,15,10,11,25,0,0,27
C3,575_82_214_24,28,27,27,-0.0,4.6251,-0.0,4.0875,-4.2479,3.9987,-3.75,3.75,-4.0719,5.1833,13,14,10,27,0,0,29
C3,576_1235_1236_35,26,25,25,1.585,4.7464,-0.0,4.6645,-2.4739,1.8211,-4.0875,3.7345,-4.7345,4.2203,13,12,9,25,0,0,24
C3,577_213_40_42,36,35,35,1.0,4.8921,-0.0,4.4502,-3.1066,2.9698,-3.6645,4.0,-4.523,5.7772,16,19,12,35,0,0,28
C3,578_1216_129_42,35,34,34,-0.0,4.9375,-0.0,5.0,-3.9321,4.5931,-3.2307,4.5466,-3.6339,4.5931,15,19,18,34,0,0,27
C3,579_1146_607_42,34,33,33,-0.0,4.5236,-0.0,4.7019,-4.0875,4.2479,-4.7019,4.1219,-7.6147,7.6147,16,17,16,33,0,0,30
C3,57_1238_855_18,33,32,32,-0.0,4.4722,-0.0,4.0875,-3.4183,3.8747,-3.9698,3.7004,-6.1293,4.9069,17,14,14,32,0,0,28
C3,580_763_214_47,27,26,26,-0.0,4.0,-0.0,4.0707,-2.0,3.8431,-3.1699,4.0,-5.0707,4.2097,12,11,12,26,0,0,30
C3,582_566_1421_29,26,25,25,-0.0,4.6645,1.0,4.7711,-4.5132,2.7255,-3.7264,2.4492,-4.5835,2.4036,14,11,14,25,0,0,30
C3,583_1029_763_47,30,29,29,-0.0,4.1659,-0.0,4.1562,-2.0,2.3219,-3.9069,3.875,-5.2668,4.7509,15,14,12,29,0,0,30
C3,584_214_1235_29,25,24,24,-0.0,4.2181,2.0,4.6807,-3.1699,3.585,-1.6402,2.6807,-3.433,3.7255,11,13,16,24,0,0,28
C3,585_484_485_45,27,26,26,-0.0,4.4594,-0.0,4.6808,-4.4594,4.1219,-3.75,2.585,-5.0,4.6495,14,12,14,26,0,0,30
C3,586_604_517_29,28,27,27,-0.0,4.6403,2.0,5.2227,-2.3219,3.8366,-1.9972,2.5001,-4.0667,4.8893,13,14,16,27,0,0,26
C3,588_607_1029_26,29,28,28,-0.0,4.6439,-0.0,4.5639,-3.8074,4.6439,-3.2516,4.5639,-4.6724,7.8955,9,18,18,28,0,0,30
C3,589_566_214_26,29,28,28,-0.0,4.6073,-0.0,4.6645,-3.6073,4.2776,-2.0958,2.4594,-5.9498,5.6808,12,16,17,28,0,0,30
C3,58_54_55_13,32,31,31,-0.0,4.7549,-0.0,4.6753,-4.5016,4.7549,-4.2018,4.1699,-8.0757,7.2137,17,14,18,31,0,0,30
C3,590_420_1369_26,27,26,26,-0.0,4.2219,1.0,4.8513,-3.5466,4.2219,-3.0374,2.3785,-3.5466,3.4738,13,12,14,26,0,0,29
C3,591_307_607_14,32,31,31,-0.0,4.9375,-0.0,5.2018,-2.8074,3.871,-3.8522,3.585,-5.9773,7.0409,17,14,15,31,0,0,27
C3,593_566_1017_14,35,34,34,1.0,4.6151,1.0,4.2089,-3.335,2.2931,-2.6645,2.875,-3.7737,4.9576,16,16,18,34,0,0,28
C3,594_485_517_1,26,25,25,-0.0,4.3219,-0.0,4.3685,-3.4594,3.1699,-2.3219,3.1219,-3.1298,2.9033,14,11,12,25,0,0,30
C3,595_213_607_14,30,29,29,-0.0,4.5639,-0.0,3.9492,-4.0,3.875,-3.2776,3.0,-4.2854,6.8626,11,17,14,29,0,0,28
C3,597_485_129_14,28,27,27,-0.0,4.8074,-0.0,4.7359,-4.1427,4.1659,-3.7004,2.3219,-4.3219,5.3585,14,13,11,27,0,0,30
C3,598_213_307_1,32,31,31,-0.0,3.6402,-0.0,4.4566,-3.4594,3.3219,-4.4566,3.0,-3.6814,5.2219,16,15,15,31,0,0,28
C3,599_23_425_8,32,31,31,-0.0,4.4366,-0.0,4.5466,-3.8074,2.8074,-4.2776,4.0588,-5.6863,4.3601,16,15,12,31,0,0,27
C3,59_652_671_46,30,29,29,1.0,5.4837,1.0,4.7304,-2.4183,3.1618,-2.0,2.7736,-1.848,2.0964,14,14,19,29,0,0,28
C3,5_440_1020_1,35,34,34,-0.0,5.3088,1.0,4.8008,-4.2281,4.8311,-2.5492,1.6402,-5.5049,6.5933,15,19,20,34,0,0,30
C3,600_1490_326_8,37,36,36,1.0,4.802,-0.0,4.3964,-3.789,3.7069,-4.0049,3.9698,-3.7736,4.9076,14,22,14,36,0,0,30
C3,601_129_117_34,37,36,36,-0.0,4.6235,-0.0,4.9649,-4.1427,4.3219,-3.3219,3.4594,-5.0,5.5661,19,16,19,36,0,0,27
C3,602_213_485_28,34,33,33,-0.0,4.2627,-0.0,4.6294,-3.2627,3.8074,-4.5016,3.4594,-5.2627,5.737,16,16,21,33,0,0,28
C3,603_116_630_43,29,28,28,-0.0,4.0219,-0.0,4.2479,-3.585,3.3219,-3.0,3.9069,-3.926,5.3219,15,13,16,28,0,0,30
C3,604_607_116_14,28,27,27,-0.0,4.2479,-0.0,4.7304,-3.4183,3.4594,-3.7004,3.7004,-4.9484,5.487,11,16,12,27,0,0,28
C3,605_485_607_43,25,24,24,-0.0,4.0888,-0.0,4.875,-3.1699,3.9492,-3.3219,3.9069,-6.6294,6.5328,11,13,12,24,0,0,30
C3,606_116_129_19,28,27,27,-0.0,4.0114,-0.0,4.1219,-3.1699,3.8747,-2.8074,4.1219,-6.3407,4.1699,13,14,16,27,0,0,30
C3,607_166_863_19,30,29,29,-0.0,4.4839,-0.0,4.0,-3.7004,4.2219,-3.7736,3.8078,-4.0131,5.3439,10,17,13,29,0,0,28
C3,608_326_302_14,29,28,28,-0.0,4.2849,-0.0,4.5327,-3.8074,3.7004,-4.2971,4.0374,-3.4877,5.0033,12,16,20,28,0,0,30
C3,609_1459_1460_36,27,26,26,-0.0,4.1645,-0.0,4.0114,-3.0,2.5795,-3.4594,3.585,-4.9069,3.8869,12,13,8,26,0,0,28
C3,60_652_653_0,36,35,35,-0.0,4.3923,-0.0,4.6753,-4.0,2.415,-3.3219,4.6753,-3.8439,3.433,15,20,16,35,0,0,28
C3,610_116_117_36,29,28,28,-0.0,3.585,-0.0,5.0719,-2.8074,3.2776,-3.3219,4.1066,-4.0492,6.1699,12,16,9,28,0,0,27
C3,612_540_938_35,29,28,28,2.0,4.9264,-0.0,5.015,-2.4671,1.9717,-3.585,2.2018,-3.3298,2.5484,13,15,15,28,0,0,28
C3,613_863_326_11,30,29,29,-0.0,4.5016,-0.0,4.5931,-3.3219,3.5016,-3.7842,4.2971,-7.4728,5.2873,15,14,14,29,0,0,29
C3,614_972_380_30,32,31,31,1.585,4.6202,2.0,5.2224,-2.6927,2.7669,-2.875,1.4151,-3.6691,3.6844,15,16,19,31,0,0,25
C3,615_117_326_25,28,27,27,-0.0,4.0875,-0.0,4.3035,-3.9698,3.9698,-3.2018,4.0716,-4.7497,4.1076,14,13,15,27,0,0,30
C3,616_863_116_47,32,31,31,-0.0,3.875,-0.0,4.5016,-3.7004,3.7004,-4.5016,3.7004,-4.4055,5.138,14,15,14,31,0,0,30
C3,617_938_630_25,29,28,28,-0.0,4.3845,-0.0,5.316,-3.875,4.3845,-4.3923,3.7311,-5.9905,5.2776,13,15,13,28,0,0,28
C3,618_863_864_25,27,26,26,-0.0,4.2627,-0.0,4.0716,-2.3074,2.3219,-2.585,3.7736,-5.8802,3.7629,11,15,11,26,0,0,29
C3,619_117_972_18,34,33,33,-0.0,4.4594,1.585,4.9267,-4.4594,3.9069,-2.8516,2.3923,-3.305,4.8074,17,16,21,33,0,0,27
C3,61_671_855_0,30,29,29,-0.0,4.5639,-0.0,4.1219,-2.4992,3.5199,-4.1219,3.5466,-3.8745,5.4677,13,15,10,29,0,0,30
C3,620_863_1063_18,27,26,26,1.585,4.3496,-0.0,4.7158,-1.5216,1.9752,-2.8074,2.7255,-3.5216,3.5216,12,13,12,26,0,0,28
C3,621_999_1362_23,26,25,25,2.3219,4.7903,1.585,4.615,-1.7903,2.1797,-2.585,2.2089,-3.0536,3.2975,11,14,13,25,0,0,30
C3,622_1000_1476_51,29,28,28,1.0,5.2719,-0.0,4.8851,-2.5069,3.3923,-3.5216,3.9219,-3.0995,5.9811,12,16,18,28,0,0,30
C3,624_307_1285_13,27,26,26,-0.0,4.0,-0.0,4.7004,-4.0,4.0,-3.0,4.3923,-3.4074,4.8074,11,15,21,26,0,0,30
C3,625_999_1000_34,29,28,28,-0.0,4.6235,-0.0,4.6875,-4.1219,2.9698,-2.585,2.2419,-5.3606,3.263,15,13,15,28,0,0,28
C3,627_1120_603_33,30,29,29,1.0,4.6248,1.0,4.4182,-2.4183,2.6248,-2.2439,2.4866,-3.2554,2.8115,15,14,10,29,0,0,29
C3,628_217_453_33,26,25,25,-0.0,4.3737,-0.0,4.5639,-4.3737,4.3737,-4.5639,4.2219,-7.2277,7.96,11,14,14,25,0,0,30
C3,629_768_1285_59,25,24,24,-0.0,3.9069,-0.0,4.0875,-3.585,3.3219,-4.0875,3.3219,-5.0474,4.9069,12,12,13,24,0,0,30
C3,62_774_21_0,35,34,34,-0.0,3.3219,-0.0,4.4233,-3.3219,2.9219,-2.7028,3.8074,-3.7028,3.415,17,15,13,34,0,0,27
C3,630_1284_1285_24,33,32,32,-0.0,3.9226,-0.0,4.2737,-3.585,3.9226,-2.8074,3.0,-3.4854,4.8074,15,16,20,32,0,0,30
C3,631_85_278_5,28,27,27,2.0,4.3685,1.0,4.3496,-1.875,2.0466,-3.3496,2.1699,-4.0449,2.962,12,15,15,27,0,0,25
C3,632_453_999_5,25,24,24,-0.0,4.1219,-0.0,4.0,-2.3219,3.9226,-3.7004,3.7736,-4.7713,4.215,12,12,9,24,0,0,28
C3,633_217_1094_5,39,38,38,-0.0,4.3923,-0.0,4.6402,-4.0588,3.9698,-4.6402,4.2479,-4.9934,5.9698,20,18,21,38,0,0,26
C3,634_578_1000_38,34,33,33,-0.0,5.0609,-0.0,4.8592,-3.0609,3.8431,-3.9477,3.9477,-5.3828,4.5903,18,14,14,33,0,0,27
C3,635_999_1124_38,28,27,27,-0.0,4.3219,-0.0,4.2251,-3.8074,3.4594,-3.1699,2.8074,-3.3776,3.9823,13,14,11,27,0,0,28
C3,636_453_278_39,26,25,25,-0.0,4.5327,-0.0,4.4366,-4.5327,3.0,-4.4366,3.2516,-4.34,5.7792,12,13,16,25,0,0,28
C3,637_630_217_18,29,28,28,-0.0,5.0006,-0.0,4.4537,-3.8522,4.2018,-4.2937,4.0179,-4.9108,8.0768,13,15,14,28,0,0,27
C3,638_453_379_18,34,33,33,-0.0,4.5069,-0.0,4.789,-3.9069,3.4594,-4.0,2.9477,-4.9977,5.6622,13,19,15,33,0,0,30
C3,639_316_317_29,26,25,25,-0.0,4.3158,-0.0,4.5639,-4.0842,4.0588,-2.8074,4.2635,-6.037,6.0588,14,11,12,25,0,0,29
C3,63_774_672_0,32,31,31,-0.0,4.0,-0.0,4.2776,-2.3219,3.1699,-4.2776,3.7004,-4.7004,6.7549,14,16,8,31,0,0,28
C3,640_1000_85_11,29,28,28,-0.0,4.8791,1.585,3.9058,-4.3496,3.9069,-1.1405,2.2582,-4.3496,3.7923,14,14,16,28,0,0,29
C3,641_269_545_40,30,29,29,-0.0,4.6817,-0.0,5.3591,-3.6645,4.5047,-5.3591,4.3219,-5.0434,6.1238,14,15,13,29,0,0,30
C3,642_1005_22_57,30,29,29,-0.0,4.7345,-0.0,4.1219,-3.0,4.2299,-3.9069,4.1219,-6.3518,7.9799,14,15,12,29,0,0,28
C3,643_913_970_38,29,28,28,-0.0,4.7363,-0.0,4.2479,-3.7736,4.3868,-2.9069,3.9226,-5.9226,5.0,9,19,16,28,0,0,28
C3,645_875_1011_49,25,24,24,-0.0,4.4791,-0.0,4.5,-3.9149,4.1757,-3.6645,3.6645,-3.8353,6.2495,11,13,8,24,0,0,28
C3,646_763_913_25,32,31,31,-0.0,4.0797,-0.0,4.4366,-3.7736,3.585,-3.7004,3.4366,-6.6452,7.0224,15,16,18,31,0,0,28
C3,648_1225_1226_47,27,26,26,-0.0,4.5427,-0.0,3.9987,-3.5,3.5899,-3.9219,2.3219,-3.1699,3.9578,11,15,13,26,0,0,17
C3,64_191_440_5,34,33,33,-0.0,4.1066,-0.0,4.3104,-3.1066,3.9069,-3.1699,2.8747,-4.3219,7.0768,16,17,19,33,0,0,30
C3,650_647_796_42,26,25,25,-0.0,4.0875,-0.0,3.8747,-3.8074,3.7004,-3.4594,3.8747,-6.5078,6.7004,12,13,12,25,0,0,28
C3,651_632_727_42,29,28,28,-0.0,4.1219,2.0,4.6692,-3.625,1.8431,-2.2776,2.4176,-2.3031,1.9186,16,12,15,28,0,0,30
C3,653_23_438_43,27,26,26,-0.0,4.2203,-0.0,4.3923,-3.4594,4.2203,-3.0,4.1416,-3.5366,4.9575,13,12,16,26,0,0,30
C3,655_543_1029_46,31,30,30,-0.0,4.3868,-0.0,3.8431,-3.585,4.2971,-3.3219,3.3219,-4.8074,5.882,12,18,17,30,0,0,28
C3,656_435_753_38,28,27,27,-0.0,4.6757,-0.0,4.0958,-3.7736,3.7004,-3.0,3.0958,-4.724,4.3219,14,13,14,27,0,0,27
C3,658_919_30_46,29,28,28,-0.0,4.2971,-0.0,5.642,-4.2971,3.8747,-3.9977,3.9477,-8.1721,7.0449,13,15,11,28,0,0,29
C3,659_408_686_46,42,41,41,-0.0,4.5359,-0.0,3.9987,-2.8074,3.9069,-3.585,3.6645,-3.8869,5.1699,15,24,18,41,0,0,30
C3,661_763_924_35,25,24,24,-0.0,4.7864,-0.0,4.2776,-4.7864,3.9069,-2.3219,3.9069,-4.9564,4.4919,12,12,10,24,0,0,29
C3,662_1274_1370_17,26,25,25,-0.0,4.585,-0.0,4.858,-4.1699,4.585,-4.3496,4.858,-5.9835,8.9346,11,14,14,25,0,0,30
C3,663_919_763_19,28,27,27,-0.0,4.0588,-0.0,4.2516,-4.0588,3.3219,-2.8074,3.3219,-5.1405,4.3923,12,14,17,27,0,0,30
C3,664_924_686_17,32,31,31,-0.0,4.0875,-0.0,4.2627,-4.0875,3.5466,-2.8074,3.8431,-4.3453,6.3539,15,16,16,31,0,0,28
C3,665_1297_100_17,32,31,31,-0.0,5.2832,-0.0,4.6235,-4.2971,3.7736,-4.0615,4.6235,-6.1826,6.9435,16,15,12,31,0,0,26
C3,666_763_764_37,26,25,25,-0.0,4.0875,-0.0,4.0114,-2.7255,3.2776,-3.6645,4.0114,-3.9086,5.8626,10,13,11,25,0,0,30
C3,667_342_263_10,27,26,26,-0.0,4.0875,-0.0,4.2433,-3.875,4.0875,-3.4594,4.2433,-5.4071,7.0875,10,16,14,26,0,0,30
C3,668_764_644_37,29,28,28,-0.0,4.802,1.0,5.4221,-4.2219,2.8074,-2.875,3.4221,-2.8723,3.875,13,15,16,28,0,0,30
C3,670_924_764_21,30,29,29,-0.0,4.1699,-0.0,4.2479,-2.8074,4.1699,-2.7255,4.2479,-5.8329,6.8954,13,15,19,29,0,0,29
C3,672_640_641_31,34,33,33,-0.0,4.2433,2.0,5.2485,-2.3219,2.3219,-2.0219,3.2485,-2.6497,2.3219,17,15,21,33,0,0,25
C3,675_492_781_53,44,43,43,-0.0,5.0864,-0.0,4.635,-4.4839,4.8817,-4.635,3.7004,-7.5754,5.1724,20,22,25,43,0,0,30
C3,676_6_334_42,31,30,30,-0.0,4.7736,-0.0,4.5931,-2.9219,2.4516,-3.8074,3.9069,-4.1549,4.3923,12,18,10,30,0,0,27
C3,678_781_153_27,28,27,27,-0.0,4.2479,-0.0,4.4594,-4.2479,3.5466,-2.3219,3.9058,-5.3074,5.6841,15,12,15,27,0,0,29
C3,679_451_6_34,28,27,27,1.0,4.5661,1.585,4.6645,-2.9811,3.4871,-3.0795,2.8078,-5.2005,3.2201,13,14,18,27,0,0,27
C3,67_439_440_57,26,25,25,-0.0,4.4537,1.0,3.8431,-2.3219,4.0,-2.3219,2.4183,-2.4624,5.7255,9,15,18,25,0,0,29
C3,681_644_781_59,29,28,28,1.0,4.6235,-0.0,4.2089,-2.5466,2.7028,-3.9069,3.8522,-4.3219,5.2257,14,14,14,28,0,0,30
C3,682_848_6_16,35,34,34,-0.0,4.3685,-0.0,3.8431,-3.9477,2.7255,-3.0,3.8431,-6.875,4.6645,20,13,19,34,0,0,25
C3,683_384_267_16,29,28,28,-0.0,4.3685,-0.0,4.0391,-3.1699,4.0588,-4.0391,3.5466,-4.3202,6.7843,12,15,16,28,0,0,28
C3,684_451_385_51,29,28,28,-0.0,4.4839,-0.0,4.6073,-3.1699,3.8522,-3.8078,3.585,-5.9018,5.5396,13,13,12,28,0,0,28
C3,687_911_6_51,29,28,28,-0.0,4.1867,-0.0,4.2516,-2.5503,2.3219,-3.7004,2.9987,-3.9987,5.079,16,12,11,28,0,0,27
C3,688_385_540_49,31,30,30,-0.0,4.3496,-0.0,5.0719,-3.5466,4.3496,-3.0,3.1699,-4.4202,5.6472,14,16,17,30,0,0,29
C3,689_6_7_48,25,24,24,-0.0,4.1219,-0.0,4.3738,-3.3219,3.1219,-2.0,3.7004,-4.8163,3.7698,14,10,15,24,0,0,25
C3,68_1257_1258_30,41,40,40,-0.0,4.822,-0.0,5.6569,-4.822,4.1699,-4.9579,4.1427,-6.2887,7.6646,19,21,25,40,0,0,30
C3,690_152_287_3,35,34,34,-0.0,4.5216,-0.0,4.2089,-4.5216,4.5216,-2.7255,2.7255,-4.5216,4.8436,16,18,19,34,0,0,26
C3,693_6_380_29,27,26,26,1.0,4.7606,1.585,4.3104,-2.6449,3.1757,-2.0,1.7655,-3.8449,4.8074,11,15,15,26,0,0,28
C3,694_325_524_14,28,27,27,-0.0,5.6051,-0.0,5.3719,-4.3923,4.3923,-3.1427,3.1699,-6.0565,4.8745,13,14,16,27,0,0,26
C3,695_573_574_16,29,28,28,-0.0,4.5236,-0.0,4.3362,-2.585,2.8431,-4.0588,3.8074,-6.244,4.9963,13,15,13,28,0,0,29
C3,696_221_748_0,31,30,30,1.0,4.6439,-0.0,4.7188,-2.4183,2.9698,-4.3219,3.2776,-4.433,4.7434,13,17,10,30,0,0,28
C3,697_510_433_56,37,36,36,-0.0,4.1066,-0.0,4.3685,-4.0,4.1066,-4.3685,3.7888,-7.7849,7.4594,13,23,16,36,0,0,30
C3,698_523_1198_56,30,29,29,2.0,4.1757,-0.0,4.4947,-1.8522,1.8747,-3.1699,3.3219,-3.3219,3.9909,14,13,14,29,0,0,30
C3,699_316_39_27,26,25,25,1.585,4.2299,-0.0,4.5466,-1.9079,2.3219,-3.3219,2.3219,-3.737,3.4469,10,14,11,25,0,0,26
C3,69_703_440_56,25,24,24,-0.0,4.5661,-0.0,3.8747,-2.0,1.875,-3.1887,2.9477,-4.3995,4.1364,11,13,12,24,0,0,28
C3,6_512_967_18,37,36,36,-0.0,4.2479,-0.0,4.8252,-4.2479,4.2479,-4.0,4.2018,-6.5078,5.2772,18,18,17,36,0,0,29
C3,700_696_153_14,25,24,24,-0.0,4.1427,-0.0,4.3219,-2.3219,3.5466,-4.3219,3.8522,-4.6595,5.1293,11,13,12,24,0,0,29
C3,701_433_384_14,33,32,32,-0.0,4.2776,-0.0,4.2971,-3.4594,4.2776,-3.9698,4.2971,-7.2672,6.585,16,14,10,32,0,0,30
C3,702_152_153_39,29,28,28,-0.0,4.585,-0.0,4.1699,-4.1699,2.7255,-3.0,4.1699,-6.0033,4.0224,15,12,13,28,0,0,30
C3,703_18_19_30,33,32,32,-0.0,4.9007,1.0,4.4233,-3.9007,3.1699,-3.0588,3.4233,-2.7484,4.585,15,17,22,32,0,0,26
C3,705_384_573_14,26,25,25,-0.0,3.7004,-0.0,4.4586,-3.6645,3.6645,-2.585,2.585,-3.585,3.6439,11,14,11,25,0,0,29
C3,706_279_311_14,40,39,39,1.0,4.4406,-0.0,4.8402,-2.4594,1.7004,-4.8402,3.8074,-4.3104,5.3393,19,18,14,39,0,0,30
C3,707_962_225_31,30,29,29,-0.0,3.8431,-0.0,3.9069,-2.3219,3.8431,-3.9069,3.4594,-4.6818,5.0444,17,11,14,29,0,0,30
C3,708_979_384_37,26,25,25,-0.0,4.585,-0.0,4.1867,-3.8074,3.1699,-3.7736,4.0588,-5.9183,5.2736,12,13,12,25,0,0,26
C3,709_748_7_14,33,32,32,-0.0,4.6067,-0.0,4.3219,-4.6067,4.0374,-3.585,2.7255,-3.3219,4.7004,12,20,16,32,0,0,29
C3,70_322_323_56,41,40,40,-0.0,5.2725,-0.0,4.1429,-5.1586,5.1586,-3.9069,4.0875,-6.0157,6.5751,20,20,22,40,0,0,30
C3,710_574_1124_14,26,25,25,-0.0,4.2627,-0.0,4.8635,-3.9069,3.4594,-3.585,3.4594,-3.7776,4.1375,11,13,17,25,0,0,30
C3,711_523_152_6,30,29,29,-0.0,3.8747,-0.0,4.0,-2.7255,3.1699,-4.0,3.9069,-4.8216,4.585,16,13,9,29,0,0,25
C3,712_1541_1542_39,29,28,28,-0.0,3.7004,-0.0,4.4366,-3.4594,3.7004,-2.7255,3.8074,-4.7004,5.5521,13,15,16,28,0,0,29
C3,713_225_287_49,28,27,27,-0.0,4.0875,-0.0,3.9977,-2.8074,3.8522,-3.0,3.585,-4.1219,3.3667,14,13,15,27,0,0,30
C3,714_504_824_47,26,25,25,-0.0,4.3685,1.0,4.3923,-3.5899,4.1699,-2.9069,3.0374,-3.5899,3.9068,10,15,19,25,0,0,30
C3,716_574_279_34,36,35,35,-0.0,4.5069,-0.0,4.4183,-4.5069,3.2776,-4.3685,4.4183,-7.1683,4.2776,15,20,13,35,0,0,30
C3,717_19_523_34,27,26,26,-0.0,4.0588,-0.0,4.6235,-3.9477,3.585,-3.1699,3.585,-4.3483,4.3505,12,14,19,26,0,0,30
C3,718_278_279_58,28,27,27,-0.0,4.2479,-0.0,4.3685,-2.8074,2.3219,-4.2219,3.8074,-6.0553,5.1051,13,14,13,27,0,0,28
C3,719_503_504_9,25,24,24,-0.0,4.5466,-0.0,4.5176,-4.3923,3.5,-3.0875,3.1757,-3.2912,3.3099,13,11,12,24,0,0,30
C3,71_597_598_56,33,32,32,-0.0,4.9579,1.0,4.9007,-3.1427,4.2971,-1.7655,2.5788,-4.7198,2.7847,19,13,17,32,0,0,28
C3,720_426_427_9,30,29,29,1.0,4.3927,-0.0,4.5184,-3.3927,2.0,-3.1887,4.2433,-5.6949,4.9623,14,15,13,29,0,0,28
C3,721_748_287_34,34,33,33,-0.0,4.4537,-0.0,4.5364,-3.1699,2.585,-3.3219,4.5364,-5.5086,4.3923,18,15,14,33,0,0,30
C3,722_574_415_34,30,29,29,-0.0,4.6835,-0.0,4.9127,-3.1699,2.8431,-4.1699,3.585,-4.5038,4.369,12,17,14,29,0,0,30
C3,723_279_748_9,27,26,26,-0.0,4.1699,-0.0,4.6248,-2.8074,4.1699,-3.875,3.9069,-5.4919,3.1699,13,13,9,26,0,0,30
C3,724_287_573_31,31,30,30,-0.0,4.5236,-0.0,4.8888,-3.9069,4.5236,-4.8888,4.3496,-5.8455,9.4124,16,14,13,30,0,0,24
C3,727_415_380_34,27,26,26,-0.0,4.5931,1.0,4.3927,-4.5176,2.9097,-2.1699,2.8431,-6.7952,4.085,12,14,16,26,0,0,30
C3,728_504_573_34,28,27,27,-0.0,4.5639,-0.0,4.0875,-4.5639,3.8431,-4.0875,3.5466,-4.9069,4.5178,16,11,19,27,0,0,28
C3,729_86_748_31,31,30,30,-0.0,3.7004,1.0,4.2849,-3.1699,3.7004,-2.2018,2.2849,-5.0768,4.4374,13,15,18,30,0,0,30
C3,72_54_672_0,36,35,35,-0.0,4.3685,-0.0,4.2479,-3.75,2.7255,-2.585,3.8431,-3.8435,4.29,17,17,14,35,0,0,30
C3,730_504_623_17,32,31,31,-0.0,4.4183,-0.0,4.3219,-4.4183,4.2018,-4.0588,4.0588,-6.3807,7.3585,15,14,13,31,0,0,30
C3,735_225_458_34,29,28,28,-0.0,4.6251,-0.0,4.9586,-4.6251,3.3219,-4.2018,4.1524,-3.415,3.9069,11,17,14,28,0,0,30
C3,737_1347_1502_32,26,25,25,2.0,4.6402,2.0,4.8402,-2.4594,2.3183,-2.0114,2.8402,-3.5183,3.1621,10,15,12,25,0,0,28
C3,738_713_573_17,25,24,24,-0.0,4.4594,-0.0,4.0,-3.875,3.4594,-3.6645,3.4594,-5.1397,4.0875,12,12,16,24,0,0,25
C3,73_299_1249_20,39,38,38,-0.0,4.5639,-0.0,4.1416,-4.0875,4.5639,-3.875,4.1416,-4.2211,4.9789,17,21,21,38,0,0,27
C3,740_393_916_8,31,30,30,1.0,4.2479,1.0,4.2971,-2.0,1.8074,-2.8074,3.2971,-3.6818,3.1699,14,16,13,30,0,0,30
C3,741_164_336_8,29,28,28,1.0,4.5306,-0.0,4.4839,-3.5306,3.3104,-3.9977,4.4839,-5.1186,4.5465,13,15,18,28,0,0,30
C3,742_713_393_33,30,29,29,1.0,3.8431,-0.0,4.2219,-2.8074,2.3219,-2.8074,4.0588,-4.1407,4.3923,13,16,13,29,0,0,30
C3,743_158_159_48,33,32,32,-0.0,3.8431,-0.0,4.0716,-3.7947,3.7004,-3.6645,3.7736,-7.5682,5.8742,16,15,19,32,0,0,30
C3,744_457_458_53,41,40,40,-0.0,4.7077,-0.0,4.3239,-4.0875,4.1699,-2.4183,4.2219,-5.3374,4.1699,20,19,15,40,0,0,30
C3,746_916_1001_56,27,26,26,-0.0,3.8431,-0.0,4.0875,-3.585,3.0,-3.0,2.2582,-3.4715,4.0,11,15,8,26,0,0,30
C3,748_157_426_7,26,25,25,1.0,4.9232,-0.0,4.7711,-3.9232,2.2202,-4.7711,4.1562,-6.2451,6.7466,11,14,9,25,0,0,30
C3,749_239_997_58,27,26,26,-0.0,4.2433,1.585,4.4586,-2.585,3.0,-1.7155,1.5049,-1.585,4.0,12,14,16,26,0,0,28
C3,74_831_54_18,32,31,31,-0.0,4.0374,-0.0,4.3419,-4.0374,4.0374,-3.6402,3.3419,-5.0573,5.5,14,17,20,31,0,0,26
C3,750_224_225_24,30,29,29,-0.0,4.1066,-0.0,4.0,-3.9698,3.3219,-3.585,3.8431,-5.4285,5.1066,13,16,13,29,0,0,27
C3,751_1347_916_47,28,27,27,-0.0,3.7004,-0.0,3.8747,-3.1699,2.585,-2.8074,2.8074,-3.5852,2.3447,13,13,16,27,0,0,29
C3,752_1097_623_7,28,27,27,-0.0,4.4817,-0.0,4.1427,-4.2018,3.0,-3.9069,3.8842,-4.4743,4.7737,12,15,11,27,0,0,30
C3,753_1318_555_30,36,35,35,-0.0,4.6819,1.0,4.7359,-2.585,4.0898,-3.2479,2.9069,-5.4919,3.7585,17,18,24,35,0,0,30
C3,754_393_721_58,26,25,25,-0.0,4.6235,1.0,4.4182,-3.9698,3.75,-2.9346,3.0615,-3.765,4.75,11,14,17,25,0,0,29
C3,756_555_639_37,35,34,34,-0.0,4.2219,-0.0,3.9321,-2.7004,4.0898,-3.585,3.7004,-5.78,4.3923,17,17,16,34,0,0,28
C3,757_762_183_37,32,31,31,1.0,4.8514,2.0,5.1213,-3.4586,2.1223,-2.3566,2.2479,-3.5697,2.4921,17,14,14,31,0,0,29
C3,759_411_867_52,37,36,36,-0.0,4.5427,-0.0,5.1293,-4.2971,4.5427,-2.8074,3.5466,-6.4685,6.7293,17,19,22,36,0,0,29
C3,75_207_830_54,30,29,29,-0.0,4.7736,1.0,4.6316,-2.9477,3.0,-3.3158,3.6316,-3.473,4.57,14,15,14,29,0,0,30
C3,761_555_476_52,30,29,29,-0.0,4.3362,-0.0,4.4633,-2.7736,3.8074,-3.9321,2.8074,-4.0974,7.7395,10,19,14,29,0,0,30
C3,763_51_336_0,29,28,28,1.585,4.6235,-0.0,4.3496,-2.0,3.0386,-3.8522,3.7736,-5.0362,6.7886,10,17,11,28,0,0,30
C3,764_476_824_0,28,27,27,-0.0,4.7069,-0.0,4.0588,-2.8074,4.1027,-3.875,3.0,-4.4919,7.4649,9,18,15,27,0,0,28
C3,765_476_174_24,30,29,29,1.0,4.1066,-0.0,4.8184,-2.6169,2.4183,-3.1219,2.8184,-4.2668,4.7402,13,16,6,29,0,0,30
C3,767_179_338_60,25,24,24,-0.0,4.6901,-0.0,4.5016,-4.335,4.6901,-3.5778,3.5,-3.8212,7.4847,14,10,18,24,0,0,28
C3,769_555_410_30,31,30,30,1.0,4.4406,-0.0,4.0875,-2.4406,2.0,-3.0958,3.9706,-5.8775,4.6053,15,14,9,30,0,0,30
C3,76_439_54_51,32,31,31,-0.0,4.4611,-0.0,4.2219,-3.1219,4.4611,-3.2776,4.2219,-3.7549,6.6961,16,14,14,31,0,0,24
C3,770_338_410_24,29,28,28,2.0,4.2479,1.585,4.6808,-2.0958,2.2479,-2.6808,3.0661,-3.4382,2.737,14,14,11,28,0,0,29
C3,771_152_623_47,31,30,30,-0.0,4.3219,-0.0,3.9987,-3.7004,2.8074,-3.6645,3.9987,-4.4137,4.0,15,14,13,30,0,0,30
C3,772_338_174_25,27,26,26,1.0,4.0615,2.0,4.2018,-2.9698,3.0615,-1.6781,2.2018,-3.1397,3.0615,12,14,16,26,0,0,30
C3,773_1347_152_58,28,27,27,-0.0,3.875,-0.0,3.9226,-3.1699,3.875,-2.7255,3.0,-3.8704,6.6005,9,16,14,27,0,0,28
C3,774_961_962_58,30,29,29,-0.0,4.5176,-0.0,4.1659,-4.0,4.5176,-2.7255,3.8074,-6.8344,7.243,13,15,16,29,0,0,30
C3,775_282_1041_22,36,35,35,-0.0,3.9226,-0.0,4.2737,-3.1699,3.75,-2.585,3.4183,-3.4183,4.013,16,17,18,35,0,0,27
C3,777_824_338_22,33,32,32,-0.0,4.1699,-0.0,5.3942,-3.9219,3.5466,-3.4594,4.3942,-4.9219,4.4594,18,14,14,32,0,0,28
C3,778_282_18_9,28,27,27,-0.0,3.5466,1.0,4.0237,-2.7255,3.4594,-2.9069,3.0237,-3.8096,5.006,12,15,13,27,0,0,24
C3,779_1014_448_14,40,39,39,-0.0,4.6645,-0.0,4.7736,-3.75,3.875,-4.7736,2.3219,-4.6645,7.3966,15,23,18,39,0,0,24
C3,77_631_54_18,44,43,43,-0.0,4.5561,1.0,4.9932,-3.9698,4.2776,-2.75,1.5891,-5.4322,4.5994,21,22,32,43,0,0,27
C3,780_190_191_47,35,34,34,-0.0,4.1219,-0.0,4.1757,-3.8074,4.1219,-2.7004,3.1757,-3.915,4.8719,16,18,18,34,0,0,29
C3,781_962_282_47,38,37,37,-0.0,3.9226,-0.0,4.4183,-3.4594,3.4594,-3.4183,4.0875,-5.3363,3.3961,19,16,21,37,0,0,29
C3,782_18_410_11,34,33,33,-0.0,4.0,-0.0,4.5466,-3.0,3.5466,-2.4406,3.4406,-3.585,3.0,19,14,10,33,0,0,30
C3,783_18_830_37,32,31,31,-0.0,4.0898,-0.0,4.7359,-2.1699,3.0898,-3.3219,4.0,-6.0221,3.6439,18,13,16,31,0,0,30
C3,784_282_741_12,32,31,31,-0.0,3.7736,-0.0,4.72,-2.6645,3.1219,-2.72,3.0898,-2.9384,4.0,12,19,17,31,0,0,29
C3,785_927_928_37,37,36,36,1.0,4.2971,-0.0,4.6067,-2.2971,2.1699,-3.1699,3.5899,-3.9512,3.4199,18,18,14,36,0,0,27
C3,786_1422_1028_12,44,43,43,-0.0,4.5016,-0.0,4.3685,-4.5016,4.3239,-3.9321,3.8074,-5.263,6.2224,17,25,19,43,0,0,30
C3,787_226_18_49,37,36,36,-0.0,3.9492,1.0,4.5016,-2.585,2.9492,-1.8745,2.875,-4.6824,2.7599,23,13,18,36,0,0,28
C3,788_830_273_12,31,30,30,1.0,4.5327,-0.0,4.7359,-2.3219,1.9477,-4.1427,4.0,-3.3219,3.7801,14,16,16,30,0,0,30
C3,789_281_282_36,37,36,36,-0.0,4.789,-0.0,5.0751,-3.5132,3.3927,-5.0751,3.1699,-4.3923,4.8078,16,20,20,36,0,0,25
C3,78_229_230_18,27,26,26,-0.0,4.5216,-0.0,4.4502,-4.5016,3.8522,-4.2971,3.875,-3.4874,4.6054,12,14,7,26,0,0,30
C3,790_962_927_12,32,31,31,-0.0,4.858,-0.0,4.8795,-3.7004,4.2971,-4.1757,2.3219,-5.5181,4.3737,14,17,16,31,0,0,26
C3,791_744_1165_39,28,27,27,-0.0,4.5821,-0.0,4.335,-3.3219,4.2479,-3.3219,4.1066,-3.5952,5.0707,10,17,16,27,0,0,30
C3,792_805_806_12,38,37,37,1.0,4.72,-0.0,4.9649,-2.9616,2.9616,-2.9649,4.3788,-3.7938,3.5804,16,20,20,37,0,0,29
C3,793_771_281_12,26,25,25,-0.0,4.7414,2.2516,4.9054,-2.3219,4.6235,-2.0704,2.098,-3.5078,3.9861,11,14,14,25,0,0,28
C3,795_1330_874_11,26,25,25,-0.0,4.0707,1.585,4.0588,-4.0707,4.0707,-2.3219,1.9292,-4.5182,5.8436,12,13,21,25,0,0,26
C3,796_744_281_46,25,24,24,-0.0,4.0875,1.0,4.4556,-3.1699,3.1699,-2.5466,1.4854,-3.3626,3.0,12,12,13,24,0,0,28
C3,798_700_1250_59,26,25,25,1.0,4.3239,-0.0,4.4947,-2.3239,3.3239,-2.8074,2.7255,-5.0155,4.2169,13,12,9,25,0,0,29
C3,799_898_899_22,33,32,32,-0.0,4.5736,-0.0,5.1069,-3.6645,3.4039,-4.6073,4.5327,-5.0109,8.0111,14,18,16,32,0,0,29
C3,79_229_230_57,28,27,27,-0.0,4.6073,-0.0,4.5561,-3.7736,3.6169,-3.9069,4.1867,-4.6826,5.3585,13,14,9,27,0,0,30
C3,7_723_191_18,35,34,34,-0.0,4.6067,-0.0,4.7188,-3.3219,4.0958,-3.3219,3.3219,-4.1699,6.3104,16,16,16,34,0,0,29
C3,800_591_592_22,43,42,42,1.0,4.7335,1.5,4.6402,-3.6808,2.29,-2.4977,1.8329,-4.9488,4.6676,23,19,30,42,0,0,30
C3,802_744_700_54,33,32,32,-0.0,4.75,-0.0,4.3923,-4.75,4.2219,-3.8431,3.0,-5.637,7.3919,15,17,15,32,0,0,27
C3,803_699_306_48,31,30,30,-0.0,4.3219,1.0,4.7359,-2.737,3.5069,-2.7359,2.0875,-3.5105,3.5453,15,15,17,30,0,0,28
C3,805_592_39_34,26,25,25,-0.0,4.6579,-0.0,4.7966,-2.2516,2.0708,-3.1699,3.3219,-5.5736,3.9297,14,11,10,25,0,0,30
C3,807_592_699_50,25,24,24,1.0,4.3927,1.0,4.335,-3.3927,2.5466,-3.0,2.9069,-4.3897,4.2287,11,13,13,24,0,0,29
C3,808_699_700_50,27,26,26,-0.0,3.9069,-0.0,4.8074,-3.875,3.9069,-4.0875,3.1699,-4.0768,7.9944,13,13,12,26,0,0,28
C3,80_759_229_57,31,30,30,1.0,4.7069,-0.0,5.0656,-2.2868,3.0716,-4.6439,4.4366,-6.4295,4.7648,14,15,15,30,0,0,30
C3,811_32_133_43,29,28,28,-0.0,4.3964,-0.0,4.3464,-2.8074,3.1699,-3.0,3.4594,-3.9469,3.6589,12,15,15,28,0,0,30
C3,812_19_318_58,29,28,28,1.0,4.3685,-0.0,4.4183,-3.0875,3.3685,-4.4183,4.4183,-4.7641,6.9535,13,14,12,28,0,0,28
C3,814_19_133_50,29,28,28,-0.0,4.3685,-0.0,3.9226,-3.1699,3.9069,-3.3788,3.6645,-5.3339,5.9069,12,16,19,28,0,0,30
C3,815_298_299_35,28,27,27,-0.0,4.0875,-0.0,5.4161,-2.0,2.3219,-4.0231,3.0,-4.7655,5.2278,13,14,11,27,0,0,24
C3,816_161_231_54,42,41,41,-0.0,4.4966,-0.0,4.9185,-3.7004,3.9321,-2.7319,4.9185,-5.0254,5.1952,20,21,18,41,0,0,30
C3,817_525_788_54,44,43,43,-0.0,5.0288,1.0,4.8443,-3.585,3.7004,-3.8443,2.8125,-3.7776,4.4964,22,21,22,43,0,0,30
C3,819_1170_1171_27,28,27,27,-0.0,4.6875,-0.0,4.3637,-4.6808,4.1219,-4.3637,4.2971,-5.8588,7.5814,13,14,17,27,0,0,28
C3,81_230_1135_57,25,24,24,-0.0,3.7004,-0.0,5.4443,-3.1699,3.3219,-2.3219,5.4443,-5.7662,5.3219,12,12,16,24,0,0,30
C3,820_161_497_42,31,30,30,-0.0,4.5016,-0.0,4.9003,-4.5016,4.4697,-3.3153,2.585,-6.4019,7.1675,14,16,15,30,0,0,30
C3,821_1374_1237_7,28,27,27,-0.0,4.789,-0.0,4.5639,-2.789,2.4144,-3.5724,4.5016,-4.7018,4.013,15,12,12,27,0,0,28
C3,822_497_368_7,33,32,32,-0.0,4.4366,-0.0,4.5466,-4.0,4.1699,-4.4871,4.5466,-5.3982,5.4643,14,18,17,32,0,0,29
C3,823_745_232_22,25,24,24,2.0,4.7069,2.0,4.335,-2.2373,1.821,-2.335,1.8431,-3.9742,2.6438,11,13,12,24,0,0,28
C3,824_161_232_22,29,28,28,-0.0,4.5821,1.0,4.8125,-3.7004,2.8074,-2.585,2.0704,-3.5629,4.1293,14,14,13,28,0,0,30
C3,825_457_927_12,36,35,35,1.0,4.8793,1.0,5.1937,-3.5639,2.6808,-1.737,2.263,-3.9242,2.902,19,16,18,35,0,0,30
C3,826_232_368_12,33,32,32,-0.0,4.6251,2.0,5.1144,-4.4947,2.6589,-2.7369,2.7482,-3.14,3.5698,16,15,16,32,0,0,29
C3,827_33_1377_49,25,24,24,-0.0,4.5466,-0.0,4.0716,-3.0,4.3963,-4.0,4.0,-6.5466,7.9429,12,12,14,24,0,0,29
C3,828_584_788_11,31,30,30,1.0,5.0191,-0.0,5.0096,-2.4524,2.6583,-4.875,4.2219,-4.8069,4.0005,16,14,17,30,0,0,30
C3,829_33_34_12,42,41,41,-0.0,4.9001,-0.0,4.6718,-3.1886,3.2834,-4.0875,4.4839,-5.6148,5.466,20,21,16,41,0,0,28
C3,82_829_830_3,32,31,31,-0.0,4.7864,-0.0,3.7004,-3.4594,3.75,-3.1699,3.1699,-6.2919,4.8074,14,16,18,31,0,0,30
C3,830_368_1039_12,39,38,38,-0.0,5.1329,1.585,4.7736,-4.9069,4.2776,-1.9789,2.6645,-5.4919,4.3008,18,19,29,38,0,0,30
C3,831_232_584_29,28,27,27,1.0,4.5016,-0.0,4.4546,-2.585,2.5016,-2.8074,2.5466,-4.7685,2.9635,13,14,10,27,0,0,30
C3,832_56_57_40,34,33,33,-0.0,4.6808,-0.0,5.2213,-4.6808,4.6757,-2.9321,3.4183,-5.3903,7.6078,15,18,18,33,0,0,29
C3,833_244_1183_40,45,44,44,-0.0,5.1337,-0.0,4.7606,-4.4537,4.4537,-4.4532,4.3239,-5.7464,5.5915,24,18,21,44,0,0,28
C3,834_231_232_7,65,64,64,1.0,4.7359,-0.0,5.4576,-2.6645,3.0218,-4.3737,4.3737,-7.0326,7.3954,28,36,26,64,0,0,29
C3,835_456_374_37,35,34,34,-0.0,4.1427,1.0,4.7729,-2.585,4.1427,-2.4183,3.4183,-4.1147,1.9818,21,12,15,34,0,0,28
C3,836_788_426_12,44,43,43,-0.0,5.3685,-0.0,4.9934,-4.72,2.7004,-4.9934,4.6535,-6.8521,6.5112,22,20,19,43,0,0,30
C3,838_317_618_27,27,26,26,1.0,4.5236,-0.0,4.5236,-3.5236,2.4594,-3.4594,3.585,-4.8283,4.5558,14,12,15,26,0,0,26
C3,839_646_1544_27,31,30,30,-0.0,4.7736,-0.0,4.3104,-4.2479,3.8074,-4.2499,2.585,-5.1634,4.8448,13,17,15,30,0,0,30
C3,83_229_597_20,33,32,32,-0.0,5.4513,-0.0,5.1593,-5.4513,4.0374,-4.1066,3.8074,-4.4938,4.1686,17,15,17,32,0,0,30
C3,840_510_641_31,36,35,35,-0.0,4.4903,-0.0,4.5788,-4.3158,4.4903,-4.0995,3.7004,-6.5327,5.1403,20,15,17,35,0,0,28
C3,841_696_482_12,34,33,33,-0.0,4.5466,1.0,4.7736,-1.8745,3.9226,-3.3496,3.0707,-3.802,2.855,17,16,14,33,0,0,28
C3,842_266_1277_6,27,26,26,2.0,5.015,1.0,4.5327,-2.2076,2.015,-2.1807,3.5327,-3.4158,3.8949,15,10,10,26,0,0,30
C3,843_266_700_6,26,25,25,2.0,4.5466,-0.0,4.5466,-1.4594,2.2479,-4.2219,2.8074,-3.7814,3.9858,11,14,9,25,0,0,30
C3,844_978_854_54,31,30,30,-0.0,4.4532,1.0,5.1472,-2.5216,4.4532,-3.1472,2.8074,-3.7121,4.9752,14,15,21,30,0,0,30
C3,845_570_771_14,25,24,24,-0.0,4.1659,-0.0,3.8431,-3.0,2.7255,-3.0,3.1219,-3.7069,3.9069,13,11,13,24,0,0,28
C3,846_270_198_14,41,40,40,-0.0,5.2095,-0.0,4.0875,-3.1219,4.3594,-3.1699,3.1699,-5.724,4.6017,19,19,24,40,0,0,29
C3,847_266_267_14,33,32,32,1.0,4.72,-0.0,4.5109,-2.29,3.2018,-2.3219,2.5109,-4.612,4.0589,13,18,13,32,0,0,30
C3,848_33_336_44,28,27,27,1.0,4.9477,-0.0,4.3496,-2.4594,2.8431,-4.335,3.585,-4.2778,5.0021,14,13,13,27,0,0,28
C3,849_791_1190_16,47,46,46,-0.0,5.2322,-0.0,4.8751,-4.1867,3.585,-4.7069,2.3219,-4.8074,3.6773,23,23,26,46,0,0,29
C3,84_229_829_20,28,27,27,-0.0,3.9698,-0.0,4.0958,-3.7004,3.4594,-3.875,3.875,-4.5436,7.2933,10,17,15,27,0,0,30
C3,850_266_192_15,27,26,26,1.0,4.4586,1.0,4.8436,-2.3158,3.1699,-2.8802,3.4402,-5.5177,4.1305,13,13,16,26,0,0,30
C3,851_1022_1546_12,37,36,36,1.0,4.9423,-0.0,3.9492,-2.7004,2.7004,-3.4594,3.9492,-4.6521,4.7255,17,19,16,36,0,0,30
C3,852_547_336_43,29,28,28,-0.0,4.2018,1.0,5.4613,-3.9698,3.9698,-2.0,2.654,-4.3124,4.6343,16,12,13,28,0,0,30
C3,853_641_912_1,29,28,28,-0.0,4.2776,-0.0,4.4594,-3.8366,3.4594,-4.4039,3.9477,-7.7843,7.3344,12,15,12,28,0,0,29
C3,855_261_162_57,31,30,30,-0.0,4.6439,-0.0,4.3685,-3.0,2.7255,-3.75,4.3685,-5.6171,5.2202,15,15,16,30,0,0,28
C3,856_547_1122_27,27,26,26,-0.0,4.7736,-0.0,4.7359,-3.585,3.5216,-4.7359,4.7359,-4.875,4.7557,13,12,9,26,0,0,28
C3,857_641_723_58,29,28,28,-0.0,4.2971,-0.0,3.8431,-4.2971,2.585,-2.3219,3.8431,-3.7414,3.6439,12,15,12,28,0,0,25
C3,858_452_417_58,41,40,40,-0.0,4.3462,1.0,4.7889,-2.585,4.1427,-3.4992,3.7889,-3.8831,5.5548,16,24,23,40,0,0,30
C3,859_659_1469_23,27,26,26,-0.0,4.3737,-0.0,4.4366,-4.0842,4.3737,-4.1219,3.7004,-4.7004,5.9586,15,11,16,26,0,0,26
C3,85_1135_229_35,27,26,26,-0.0,4.3923,-0.0,4.9188,-3.3219,3.8074,-3.585,3.8074,-3.4939,5.8074,10,16,12,26,0,0,27
C3,860_912_191_31,34,33,33,1.0,4.5236,-0.0,4.5016,-2.585,2.585,-4.0875,4.0875,-6.6724,5.8375,14,19,11,33,0,0,29
C3,861_745_641_22,26,25,25,-0.0,4.2627,2.0,3.8747,-3.4594,3.4183,-1.585,1.6645,-3.1964,3.2484,11,14,18,25,0,0,28
C3,862_1461_1462_27,33,32,32,1.0,4.7791,1.0,4.8252,-3.3219,2.7736,-3.0707,2.3219,-4.4015,4.539,16,16,18,32,0,0,28
C3,863_547_503_31,28,27,27,-0.0,4.4594,-0.0,4.8416,-4.2971,3.0958,-3.8431,2.3219,-5.3487,2.9585,15,11,12,27,0,0,30
C3,865_547_452_35,42,41,41,-0.0,4.3927,-0.0,4.5719,-4.0875,3.3219,-2.4739,3.969,-6.106,3.8366,24,17,26,41,0,0,30
C3,867_411_771_47,31,30,30,2.0,4.8888,1.0,4.9698,-2.4947,2.8888,-2.1219,2.3849,-4.8632,3.6224,15,15,20,30,0,0,28
C3,868_1240_812_47,26,25,25,-0.0,4.0875,-0.0,4.72,-3.8074,3.0,-3.9292,3.9292,-3.5205,5.72,13,12,13,25,0,0,28
C3,869_299_997_54,30,29,29,-0.0,4.4039,-0.0,4.3462,-4.1427,4.0,-4.335,3.4594,-5.9477,4.7408,14,14,12,29,0,0,27
C3,86_829_759_20,28,27,27,-0.0,4.7414,-0.0,4.3923,-4.4039,4.5821,-3.0,3.8074,-3.8074,6.5821,11,16,19,27,0,0,30
C3,870_452_812_47,41,40,40,-0.0,3.9069,-0.0,4.4183,-3.585,3.7004,-3.585,3.585,-5.4919,4.9069,21,19,20,40,0,0,27
C3,871_3_162_58,32,31,31,-0.0,4.0588,2.3219,4.7255,-3.8074,4.0588,-1.926,1.6623,-3.6919,4.8078,16,15,23,31,0,0,30
C3,872_771_149_33,26,25,25,1.0,4.4586,-0.0,4.2089,-2.9069,2.7004,-2.585,3.0,-3.975,4.7004,14,11,11,25,0,0,28
C3,873_226_1097_36,44,43,43,1.0,4.7069,-0.0,4.5132,-3.2479,3.7069,-3.1699,2.9219,-4.585,6.8768,16,26,17,43,0,0,30
C3,874_1265_1122_49,32,31,31,-0.0,4.6718,1.0,4.781,-4.0588,4.6718,-2.75,2.0,-4.0206,5.9199,16,15,16,31,0,0,27
C3,875_65_452_12,37,36,36,-0.0,4.9232,1.585,4.4839,-4.3685,4.9232,-2.2219,2.3208,-4.1986,5.3867,19,16,17,36,0,0,26
C3,876_376_377_56,32,31,31,-0.0,4.2971,-0.0,4.2018,-2.7121,3.8747,-3.1699,2.7255,-3.8945,5.7458,14,17,19,31,0,0,30
C3,877_221_162_14,25,24,24,1.0,4.9817,-0.0,4.3927,-3.0,3.2219,-2.585,3.585,-4.6668,3.4444,13,11,6,24,0,0,29
C3,878_797_960_55,29,28,28,-0.0,3.3219,1.0,3.8747,-3.3219,3.0,-2.585,2.8747,-3.2224,4.0,12,15,14,28,0,0,30
C3,879_89_246_55,27,26,26,-0.0,4.6316,1.0,4.5128,-3.8431,3.4183,-2.585,2.8078,-3.6053,3.4655,13,13,15,26,0,0,28
C3,87_229_759_25,29,28,28,-0.0,4.7736,-0.0,4.5466,-4.1699,3.3219,-3.4594,4.1699,-6.6486,5.3219,13,15,11,28,0,0,27
C3,881_377_191_55,29,28,28,-0.0,4.1429,-0.0,4.5016,-3.7004,3.0958,-3.8074,3.8074,-3.9987,4.7549,12,16,14,28,0,0,30
C3,882_376_463_55,34,33,33,-0.0,4.1562,-0.0,5.3584,-3.3219,2.0,-2.8074,3.4594,-3.8365,3.3219,18,15,15,33,0,0,28
C3,883_452_33_55,43,42,42,-0.0,3.9698,-0.0,4.3464,-3.9698,3.9698,-2.9477,3.1699,-4.67,4.0,21,19,18,42,0,0,26
C3,884_874_875_14,33,32,32,1.0,4.8156,1.0,4.5719,-1.9698,2.6645,-2.8078,2.2219,-2.904,4.3655,15,17,14,32,0,0,26
C3,885_221_745_6,28,27,27,1.0,4.0374,1.0,5.5248,-2.7216,2.7871,-2.8366,3.3496,-5.3716,3.8842,14,13,13,27,0,0,29
C3,886_1081_246_30,44,43,43,-0.0,4.0875,1.0,5.1196,-3.9363,2.8431,-2.5466,3.0374,-4.012,3.1342,22,21,27,43,0,0,25
C3,887_1470_1166_30,32,31,31,-0.0,4.6281,2.0,4.686,-4.1699,3.585,-1.5466,2.686,-3.9373,4.5577,16,15,16,31,0,0,28
C3,888_156_371_10,29,28,28,-0.0,4.7606,-0.0,4.6439,-3.7216,4.0374,-2.8074,2.6439,-4.0,3.6231,12,16,14,28,0,0,27
C3,889_376_318_10,32,31,31,-0.0,4.0,1.0,3.9226,-2.585,2.9987,-1.9367,2.7004,-3.6378,4.3961,14,17,14,31,0,0,30
C3,890_261_791_52,27,26,26,-0.0,4.3219,-0.0,4.5016,-3.2776,4.2627,-4.4839,4.0374,-6.4001,8.2325,10,16,14,26,0,0,30
C3,891_657_658_32,27,26,26,-0.0,4.3685,1.585,5.1836,-2.585,3.3347,-1.8745,2.8446,-2.8446,3.6962,12,14,15,26,0,0,24
C3,892_324_376_20,30,29,29,-0.0,4.0208,1.0,5.0118,-3.3219,3.7004,-2.1699,2.3499,-3.0589,5.8704,14,15,15,29,0,0,30
C3,893_302_562_36,30,29,29,-0.0,4.2479,-0.0,4.2737,-2.7255,4.0716,-3.7736,4.2627,-6.2627,3.9631,14,15,18,29,0,0,29
C3,895_510_191_1,35,34,34,-0.0,4.9977,-0.0,5.2899,-3.9477,4.7185,-4.4406,3.3219,-5.3685,5.9058,16,18,14,34,0,0,30
C3,896_233_270_16,34,33,33,-0.0,4.6439,-0.0,4.2971,-2.5025,3.2971,-2.9219,4.0588,-5.6724,6.219,19,14,22,33,0,0,30
C3,897_1415_1289_13,27,26,26,1.585,4.6235,-0.0,4.6439,-1.6781,3.0386,-3.585,4.4366,-4.9671,3.335,12,14,9,26,0,0,27
C3,898_98_539_9,31,30,30,-0.0,4.1699,-0.0,4.2516,-3.8074,3.4594,-4.2516,4.2508,-5.0582,4.5025,15,15,14,30,0,0,27
C3,899_98_294_13,36,35,35,-0.0,4.3923,-0.0,4.0875,-4.3923,4.2627,-4.0875,4.0875,-7.2627,7.2627,21,11,16,35,0,0,30
C3,89_759_829_23,27,26,26,-0.0,4.0875,-0.0,4.4594,-3.0,3.7004,-3.8431,3.3219,-4.3923,4.5801,11,15,12,26,0,0,30
C3,8_1384_1385_18,27,26,26,-0.0,4.5047,-0.0,4.8436,-3.875,3.9069,-3.7004,3.6645,-4.3463,3.9045,13,13,14,26,0,0,30
C3,900_858_1169_41,32,31,31,1.0,4.789,-0.0,4.8252,-3.2479,2.5577,-3.4594,2.4992,-5.6958,5.0444,14,16,16,31,0,0,30
C3,901_943_944_41,29,28,28,-0.0,4.4183,-0.0,4.3637,-4.2868,3.7736,-4.3637,4.1416,-4.0978,4.2081,16,12,11,28,0,0,30
C3,902_98_696_41,32,31,31,-0.0,4.6251,-0.0,4.0898,-3.0,3.8074,-3.7004,3.0898,-5.0286,5.5078,13,17,13,31,0,0,29
C3,904_98_1079_18,33,32,32,-0.0,4.3868,-0.0,4.3372,-3.875,4.3868,-2.5466,4.3372,-8.2122,5.5466,11,21,14,32,0,0,30
C3,905_127_610_30,37,36,36,-0.0,4.3496,-0.0,4.3496,-4.0842,3.5899,-4.1699,3.3219,-5.2288,4.3344,19,17,23,36,0,0,28
C3,906_98_99_58,29,28,28,-0.0,4.2219,-0.0,5.0833,-4.1427,3.4594,-4.0588,2.7255,-3.6688,6.8662,11,17,11,28,0,0,30
C3,907_22_23_57,26,25,25,-0.0,4.4306,-0.0,4.2479,-4.4306,3.8074,-3.6402,4.2479,-4.2479,4.13,13,12,9,25,0,0,30
C3,908_22_1079_14,42,41,41,-0.0,4.422,-0.0,4.0958,-4.0468,3.9226,-2.6402,3.0,-5.415,5.4259,19,22,27,41,0,0,28
C3,909_969_172_2,27,26,26,-0.0,4.1867,-0.0,3.8747,-2.8074,3.3219,-3.4594,3.0,-5.1293,5.6147,10,16,12,26,0,0,28
C3,90_1135_1238_39,26,25,25,-0.0,4.0875,-0.0,4.6883,-2.3219,2.3219,-4.3637,4.6883,-5.9487,5.3637,14,11,11,25,0,0,28
C3,910_93_22_44,30,29,29,-0.0,4.789,-0.0,4.8074,-3.5016,3.9069,-3.4594,3.3219,-5.0444,6.0768,14,15,13,29,0,0,25
C3,911_1079_172_2,35,34,34,-0.0,4.2433,-0.0,4.1427,-2.8074,4.2433,-4.1427,3.8074,-3.8892,4.4919,17,16,19,34,0,0,30
C3,912_587_22_30,34,33,33,-0.0,4.6235,-0.0,3.875,-3.585,4.2219,-3.6402,3.8074,-7.3923,5.7074,16,17,13,33,0,0,24
C3,914_161_162_7,25,24,24,1.585,4.4366,-0.0,4.1427,-2.3868,2.3219,-4.1427,4.1066,-4.8704,4.8959,12,12,11,24,0,0,30
C3,915_92_1116_40,28,27,27,1.585,4.6875,1.0,4.5132,-2.5216,2.6875,-3.0219,2.875,-5.3966,3.2124,13,14,11,27,0,0,28
C3,916_16_17_40,26,25,25,-0.0,4.4497,1.585,5.0784,-4.3197,4.3685,-2.4183,3.0784,-4.5124,4.0466,10,14,14,25,0,0,25
C3,918_543_34_46,29,28,28,2.0,4.8791,-0.0,3.8431,-2.3575,2.3737,-2.7255,2.8074,-4.1076,4.8681,13,12,11,28,0,0,28
C3,91_914_763_20,26,25,25,-0.0,4.3496,2.3219,4.615,-4.3496,4.2971,-1.9752,2.0,-3.8311,6.2722,11,14,20,25,0,0,30
C3,920_501_502_22,37,36,36,-0.0,4.2971,-0.0,4.6753,-4.1427,3.8074,-3.8074,4.2202,-4.6645,4.9773,16,20,18,36,0,0,28
C3,921_860_861_46,38,37,37,-0.0,3.8431,-0.0,4.2971,-3.1699,2.585,-3.0,3.5216,-3.329,5.3219,18,17,15,37,0,0,23
C3,922_1497_382_0,36,35,35,-0.0,3.875,-0.0,5.0245,-3.875,3.8074,-4.4594,5.0245,-5.7026,3.8931,16,18,16,35,0,0,27
C3,923_943_92_18,33,32,32,-0.0,4.5176,-0.0,4.802,-3.0374,4.0374,-3.8074,3.1699,-3.3853,5.4331,14,17,14,32,0,0,28
C3,924_17_1042_0,33,32,32,-0.0,4.5108,-0.0,4.0875,-3.1699,2.4594,-3.7004,3.4594,-6.1599,4.8522,16,16,16,32,0,0,30
C3,925_318_875_32,32,31,31,1.0,4.5661,2.3219,4.7711,-3.0588,3.1699,-1.6012,2.1862,-4.7497,2.9069,19,12,16,31,0,0,30
C3,926_162_383_42,25,24,24,1.0,4.6402,-0.0,4.1427,-3.6402,2.3219,-2.8074,3.8431,-4.7829,4.3219,10,14,9,24,0,0,29
C3,927_502_943_45,38,37,37,-0.0,4.6639,-0.0,4.8074,-4.5973,4.1699,-4.4839,4.4782,-5.8588,5.5839,21,16,16,37,0,0,26
C3,928_1497_17_13,33,32,32,-0.0,4.1416,-0.0,4.086,-4.0875,4.1416,-2.3219,3.3219,-5.1699,3.1699,17,14,19,32,0,0,30
C3,929_409_1425_25,33,32,32,-0.0,4.6375,-0.0,5.0588,-4.3496,3.2776,-4.7736,5.0588,-5.7441,5.7868,18,14,11,32,0,0,30
C3,92_1037_1038_3,26,25,25,-0.0,4.7004,-0.0,4.5639,-4.7004,4.7004,-3.9477,4.4914,-5.7804,4.7502,10,15,16,25,0,0,27
C3,930_382_383_36,34,33,33,-0.0,4.2635,-0.0,4.9127,-3.9698,4.0875,-4.3496,4.4442,-3.6113,5.3009,16,17,18,33,0,0,28
C3,931_861_17_21,28,27,27,-0.0,4.2219,-0.0,3.9512,-4.1219,4.1699,-3.1699,3.3219,-4.9141,6.8954,10,17,18,27,0,0,29
C3,932_798_860_7,31,30,30,-0.0,3.8924,-0.0,4.4664,-2.8074,3.8431,-2.7255,2.7255,-4.4177,3.2776,14,16,19,30,0,0,26
C3,933_96_97_7,26,25,25,1.585,4.8626,1.585,5.3666,-2.737,2.8626,-1.737,3.7816,-3.1743,2.4535,13,12,14,25,0,0,28
C3,934_559_17_35,28,27,27,-0.0,4.1699,-0.0,4.1699,-3.8074,3.5281,-4.1699,3.8074,-6.2854,3.2061,13,13,14,27,0,0,30
C3,935_502_383_23,35,34,34,-0.0,4.6808,-0.0,4.5069,-3.875,4.4537,-4.3219,4.5069,-5.9606,8.7756,17,17,17,34,0,0,30
C3,937_409_97_27,27,26,26,1.585,4.7549,1.5,4.6073,-2.0,1.8072,-2.4366,2.4058,-4.4058,3.0692,12,14,7,26,0,0,27
C3,938_798_409_27,27,26,26,2.0,4.9221,-0.0,4.6713,-2.3923,2.9221,-3.0958,3.0,-5.3923,4.2583,13,11,15,26,0,0,25
C3,939_632_456_43,44,43,43,-0.0,5.0952,-0.0,4.5443,-4.4586,3.585,-4.2018,4.182,-4.0556,4.0449,24,19,23,43,0,0,28
C3,93_885_1431_13,42,41,41,-0.0,4.9932,-0.0,4.2219,-4.9932,4.5176,-4.2202,2.9226,-6.0984,5.5987,20,21,23,41,0,0,30
C3,940_711_676_17,32,31,31,-0.0,4.8514,1.585,5.4882,-3.9698,3.875,-3.0588,3.1351,-3.7369,4.612,17,14,13,31,0,0,30
C3,941_408_409_37,33,32,32,-0.0,4.8681,-0.0,3.9226,-3.6808,3.9069,-2.585,3.3219,-5.6208,5.2257,15,17,22,32,0,0,29
C3,942_1106_408_39,31,30,30,-0.0,3.9069,-0.0,4.3219,-3.3927,3.9069,-3.7004,4.0716,-5.3923,7.1599,15,14,12,30,0,0,28
C3,943_258_96_39,27,26,26,-0.0,4.3219,-0.0,5.6561,-3.7004,3.585,-4.5639,4.8436,-5.6916,5.1488,15,11,13,26,0,0,29
C3,944_1232_1233_27,46,45,45,-0.0,4.9477,-0.0,5.9843,-3.9477,4.6351,-4.5016,4.72,-5.3613,5.8801,19,26,27,45,0,0,29
C3,945_96_100_45,33,32,32,-0.0,4.789,-0.0,4.8795,-4.3737,4.0114,-4.0851,3.6402,-6.3527,5.0114,17,15,19,32,0,0,29
C3,946_1493_1494_45,48,47,47,1.0,5.6884,-0.0,4.7293,-2.2202,2.6718,-4.72,4.5671,-5.2338,6.3553,26,21,16,47,0,0,28
C3,947_438_798_21,30,29,29,-0.0,4.5016,-0.0,4.0716,-3.5466,4.1427,-3.4594,3.4594,-3.9501,6.8681,11,18,15,29,0,0,28
C3,948_653_632_20,39,38,38,-0.0,4.9584,-0.0,4.5466,-4.6073,4.5026,-4.0219,3.5466,-5.6532,4.355,19,18,12,38,0,0,28
C3,949_52_53_20,40,39,39,1.0,4.8522,-0.0,4.4839,-2.8074,3.4366,-4.2776,3.4697,-4.0744,6.1621,20,19,19,39,0,0,30
C3,94_550_1238_24,32,31,31,-0.0,5.1785,1.585,4.807,-4.1524,3.7736,-2.8687,3.1351,-3.9597,3.9338,14,17,17,31,0,0,30
C3,950_797_798_14,28,27,27,-0.0,4.694,-0.0,4.0208,-3.3219,3.9698,-3.1699,4.0208,-4.4614,5.6953,14,13,14,27,0,0,28
C3,952_823_676_19,35,34,34,-0.0,4.6151,1.0,4.7264,-2.5821,3.3219,-2.2971,2.8074,-3.032,3.6215,18,16,19,34,0,0,30
C3,954_285_492_1,39,38,38,1.0,5.3107,-0.0,4.9953,-3.0,3.0875,-3.585,2.8074,-4.585,5.1699,20,18,24,38,0,0,27
C3,956_550_1118_17,32,31,31,-0.0,4.5049,-0.0,5.0649,-4.5049,4.4183,-5.0649,4.3927,-6.2776,6.8626,16,15,20,31,0,0,30
C3,957_1530_823_60,34,33,33,1.0,4.8888,-0.0,4.911,-2.694,2.3721,-4.3496,4.3685,-7.0625,3.8924,19,14,15,33,0,0,28
C3,958_1260_1160_60,26,25,25,-0.0,3.585,1.0,4.694,-3.3219,3.3219,-2.8074,2.4183,-4.215,6.0224,11,14,14,25,0,0,26
C3,960_676_1118_32,31,30,30,-0.0,4.5188,-0.0,4.9719,-3.3219,4.5188,-2.4594,3.5466,-5.0504,4.2206,18,12,15,30,0,0,30
C3,961_150_151_48,27,26,26,-0.0,4.4594,1.0,4.5016,-3.4183,2.8074,-2.8074,2.3927,-3.5028,3.3827,13,13,17,26,0,0,28
C3,962_1118_267_48,32,31,31,-0.0,3.9292,-0.0,4.807,-3.585,3.4594,-3.875,3.7004,-5.1599,7.3116,15,14,12,31,0,0,28
C3,963_302_150_1,35,34,34,-0.0,4.1699,1.0,4.6067,-2.8074,3.9069,-3.0218,2.0716,-2.4854,4.7004,14,19,19,34,0,0,30
C3,965_1467_760_20,29,28,28,-0.0,4.2971,-0.0,4.5327,-4.2971,3.7736,-4.2219,4.0,-5.5273,6.5078,13,15,12,28,0,0,30
C3,966_150_743_1,31,30,30,1.585,4.2479,-0.0,4.2627,-2.0875,2.2479,-3.4594,4.2219,-4.1966,4.3634,13,16,11,30,0,0,30
C3,967_434_150_12,28,27,27,-0.0,4.0875,1.0,4.1503,-3.3219,3.9492,-2.7004,2.8074,-4.4215,4.0594,15,12,12,27,0,0,29
C3,969_443_444_49,30,29,29,-0.0,4.6073,2.0,4.5466,-3.4183,3.1699,-2.0,1.9616,-3.2956,3.1049,13,16,17,29,0,0,29
C3,96_391_392_58,38,37,37,-0.0,4.8514,1.0,4.7736,-3.875,4.4039,-3.1524,2.9698,-4.0449,6.2674,17,20,29,37,0,0,30
C3,970_492_1118_32,33,32,32,1.0,4.7004,1.0,4.3685,-3.4947,3.4947,-3.3685,2.9292,-5.2516,6.6202,16,16,13,32,0,0,28
C3,971_792_478_32,38,37,37,-0.0,4.0875,-0.0,4.6439,-3.7736,3.3219,-4.6439,4.4839,-8.2574,6.5736,16,20,20,37,0,0,28
C3,972_1118_760_57,26,25,25,-0.0,4.1219,-0.0,3.8431,-3.6402,4.0,-3.3219,3.585,-4.263,5.9293,13,12,15,25,0,0,30
C3,973_509_291_57,27,26,26,-0.0,4.5484,1.585,5.2926,-4.3685,3.3219,-2.4182,3.7076,-4.3685,3.0995,11,15,16,26,0,0,29
C3,974_539_492_13,48,47,47,-0.0,4.9267,-0.0,4.4366,-3.4183,3.9069,-4.4366,4.4366,-5.7495,6.2288,20,25,17,47,0,0,28
C3,975_1101_792_13,26,25,25,-0.0,3.7004,-0.0,3.8842,-3.3788,3.7004,-3.0272,3.8074,-4.2928,5.5304,12,13,18,25,0,0,28
C3,976_150_470_32,35,34,34,-0.0,5.0096,-0.0,4.7069,-3.5069,2.0588,-3.3219,4.1219,-4.6718,2.9434,17,16,14,34,0,0,26
C3,977_743_302_35,26,25,25,-0.0,4.3845,-0.0,3.9069,-2.8074,3.9292,-3.9069,3.4183,-4.6109,5.3195,13,11,11,25,0,0,29
C3,978_434_380_32,29,28,28,-0.0,4.8647,-0.0,3.8747,-2.8074,2.8074,-3.585,3.3219,-4.5772,5.1069,11,17,11,28,0,0,29
C3,979_803_760_58,26,25,25,-0.0,3.0,-0.0,4.0588,-2.585,3.0,-3.585,3.9292,-4.7736,4.9069,15,10,12,25,0,0,28
C3,97_915_1094_36,35,34,34,-0.0,4.3158,-0.0,4.0842,-4.3158,4.2181,-2.9477,3.9477,-3.9939,6.2253,20,14,23,34,0,0,28
C3,980_659_509_13,29,28,28,1.0,4.8008,-0.0,4.2181,-3.0,1.737,-3.7345,3.585,-4.0444,4.4919,12,16,10,28,0,0,25
C3,981_860_943_27,28,27,27,-0.0,3.8522,-0.0,4.6235,-2.8074,2.8074,-4.6235,4.6235,-4.106,4.2308,12,13,12,27,0,0,28
C3,982_394_395_19,25,24,24,1.585,4.6439,1.585,4.2868,-2.6439,3.0589,-2.7018,2.29,-4.2599,3.4739,12,12,10,24,0,0,27
C3,983_478_434_57,31,30,30,-0.0,3.8431,-0.0,3.9292,-3.1699,3.1699,-3.1699,3.1699,-3.3219,4.585,14,15,17,30,0,0,30
C3,984_792_803_19,27,26,26,-0.0,4.0237,-0.0,4.2834,-3.585,3.1699,-3.0,3.4594,-4.4594,5.9219,13,13,13,26,0,0,28
C3,985_1364_1365_19,30,29,29,-0.0,4.4306,1.585,4.3239,-2.3219,3.1219,-1.6781,1.9226,-2.633,3.6365,16,13,17,29,0,0,28
C3,986_434_394_35,38,37,37,-0.0,4.1416,-0.0,4.1683,-3.3219,4.1416,-4.0,4.1683,-6.7533,4.9896,19,17,16,37,0,0,30
C3,987_478_943_19,41,40,40,-0.0,4.789,-0.0,4.3496,-2.8074,2.789,-4.3496,3.3219,-3.9069,4.2241,23,17,14,40,0,0,30
C3,988_470_860_35,33,32,32,-0.0,4.4366,-0.0,4.3752,-2.6583,3.8431,-3.7004,4.0114,-6.3663,4.9069,16,16,15,32,0,0,28
C3,989_1316_1317_21,36,35,35,1.0,4.7532,-0.0,4.7845,-3.628,3.0588,-3.5778,3.7004,-4.8944,4.2594,18,17,16,35,0,0,30
C3,98_978_849_12,33,32,32,1.0,5.0952,1.585,5.1007,-3.2627,2.2516,-2.7788,2.6402,-3.9745,3.0078,16,16,18,32,0,0,30
C3,990_593_594_21,34,33,33,-0.0,4.5,1.585,4.9579,-3.0,4.3239,-2.6235,1.9533,-3.7353,5.3239,14,19,20,33,0,0,30
C3,991_803_394_21,30,29,29,-0.0,4.5138,-0.0,4.2219,-4.5138,4.5138,-3.5466,4.2219,-4.4067,4.3211,12,17,19,29,0,0,30
C3,993_1333_743_30,34,33,33,-0.0,4.2971,-0.0,3.8431,-2.3219,2.7121,-3.4594,3.4594,-4.3219,4.9069,19,14,10,33,0,0,30
C3,994_913_408_32,40,39,39,-0.0,3.6169,-0.0,4.2181,-3.4594,3.6169,-3.8074,3.0,-3.1699,7.2668,14,24,15,39,0,0,30
C3,995_456_875_37,25,24,24,1.585,4.6718,2.3219,4.5736,-3.0868,2.6449,-1.9386,1.4947,-3.4885,4.5835,10,14,18,24,0,0,28
C3,996_1193_257_18,27,26,26,-0.0,3.3219,-0.0,3.8431,-3.1699,3.3219,-3.585,3.1219,-4.0474,6.3923,11,14,12,26,0,0,30
C3,997_284_220_54,25,24,24,1.0,4.1867,1.0,4.1562,-2.4594,2.4685,-1.5025,2.1699,-2.7111,2.3983,15,9,11,24,0,0,27
C3,998_987_391_38,27,26,26,-0.0,4.8366,-0.0,4.3964,-3.585,3.0588,-4.0875,4.2479,-6.4179,4.9557,13,13,12,26,0,0,30
C3,99_1100_848_54,25,24,24,-0.0,4.3685,-0.0,4.1219,-3.5899,4.3685,-3.6645,3.585,-5.1699,4.1426,13,11,14,24,0,0,28
C3,9_191_1020_18,38,37,37,-0.0,5.0981,-0.0,5.6019,-4.7123,4.5016,-3.875,4.0,-7.3766,7.8156,18,18,16,37,0,0,29
